<?xml version="1.0"?>
<doc>
  <assembly>
    <name>Microsoft.AspNetCore.ResponseCompression</name>
  </assembly>
  <members>
    <member name="T:Microsoft.AspNetCore.ResponseCompression.BrotliCompressionProvider">
      <summary>Brotli compression provider.<para>brotli 压缩提供程序.</para></summary>
    </member>
    <member name="M:Microsoft.AspNetCore.ResponseCompression.BrotliCompressionProvider.#ctor(Microsoft.Extensions.Options.IOptions{Microsoft.AspNetCore.ResponseCompression.BrotliCompressionProviderOptions})">
      <summary>Creates a new instance of <see cref="T:Microsoft.AspNetCore.ResponseCompression.BrotliCompressionProvider" /> with options.<para>创建 的新实例 <see cref="t:microsoft.aspnetcore.responsecompression.brotlicompressionprovider" /> 有选项.</para></summary>
      <param name="options">The options for this instance.<para>此实例的选项.</para></param>
    </member>
    <member name="P:Microsoft.AspNetCore.ResponseCompression.BrotliCompressionProvider.EncodingName">
      <inheritdoc />
    </member>
    <member name="P:Microsoft.AspNetCore.ResponseCompression.BrotliCompressionProvider.SupportsFlush">
      <inheritdoc />
    </member>
    <member name="M:Microsoft.AspNetCore.ResponseCompression.BrotliCompressionProvider.CreateStream(System.IO.Stream)">
      <inheritdoc />
    </member>
    <member name="T:Microsoft.AspNetCore.ResponseCompression.BrotliCompressionProviderOptions">
      <summary>Options for the <see cref="T:Microsoft.AspNetCore.ResponseCompression.BrotliCompressionProvider" /><para>的选项 <see cref="t:microsoft.aspnetcore.responsecompression.brotlicompressionprovider" /></para></summary>
    </member>
    <member name="P:Microsoft.AspNetCore.ResponseCompression.BrotliCompressionProviderOptions.Level">
      <summary>What level of compression to use for the stream. The default is <see cref="F:System.IO.Compression.CompressionLevel.Fastest" />.<para>对流使用的压缩级别.默认值为 <see cref="F:System.IO.Compression.CompressionLevel.Fastest" />.</para></summary>
    </member>
    <member name="P:Microsoft.AspNetCore.ResponseCompression.BrotliCompressionProviderOptions.Microsoft#Extensions#Options#IOptions{Microsoft#AspNetCore#ResponseCompression#BrotliCompressionProviderOptions}#Value">
      <inheritdoc />
    </member>
    <member name="T:Microsoft.AspNetCore.ResponseCompression.CompressionProviderCollection">
      <summary>A Collection of ICompressionProvider's that also allows them to be instantiated from an <see cref="T:System.IServiceProvider" />.<para>icompressionprovider的集合,还允许它们从<see cref="T:System.IServiceProvider" />实例化.</para></summary>
    </member>
    <member name="M:Microsoft.AspNetCore.ResponseCompression.CompressionProviderCollection.Add``1">
      <summary>Adds a type representing an <see cref="T:Microsoft.AspNetCore.ResponseCompression.ICompressionProvider" />.<para>添加一个表示 <see cref="t:microsoft.aspnetcore.responsecompression.icompressionprovider" /> .</para></summary>
      <remarks>Provider instances will be created using an <see cref="T:System.IServiceProvider" />.<para>将使用 <see cref="T:System.IServiceProvider" /> 创建提供程序实例.</para></remarks>
    </member>
    <member name="M:Microsoft.AspNetCore.ResponseCompression.CompressionProviderCollection.Add(System.Type)">
      <summary>Adds a type representing an <see cref="T:Microsoft.AspNetCore.ResponseCompression.ICompressionProvider" />.<para>添加一个表示 <see cref="t:microsoft.aspnetcore.responsecompression.icompressionprovider" /> .</para></summary>
      <param name="providerType">Type representing an <see cref="T:Microsoft.AspNetCore.ResponseCompression.ICompressionProvider" />.<para>表示 <see cref="t:microsoft.aspnetcore.responsecompression.icompressionprovider" /> .</para></param>
      <remarks>Provider instances will be created using an <see cref="T:System.IServiceProvider" />.<para>将使用 <see cref="T:System.IServiceProvider" /> 创建提供程序实例.</para></remarks>
    </member>
    <member name="T:Microsoft.AspNetCore.ResponseCompression.CompressionProviderFactory">
      <summary>This is a placeholder for the CompressionProviderCollection that allows creating the given type via
            an <see cref="T:System.IServiceProvider" />.<para>这是 compressionprovidercollection 的占位符,它允许通过以下方式创建给定的类型 一个 <see cref="T:System.IServiceProvider" />.</para></summary>
    </member>
    <member name="T:Microsoft.AspNetCore.ResponseCompression.GzipCompressionProvider">
      <summary>GZIP compression provider.<para>gzip 压缩提供程序.</para></summary>
    </member>
    <member name="M:Microsoft.AspNetCore.ResponseCompression.GzipCompressionProvider.#ctor(Microsoft.Extensions.Options.IOptions{Microsoft.AspNetCore.ResponseCompression.GzipCompressionProviderOptions})">
      <summary>Creates a new instance of GzipCompressionProvider with options.<para>创建带有选项的 gzipcompressionprovider 的新实例.</para></summary>
      <param name="options">The options for this instance.<para>此实例的选项.</para></param>
    </member>
    <member name="P:Microsoft.AspNetCore.ResponseCompression.GzipCompressionProvider.EncodingName">
      <inheritdoc />
    </member>
    <member name="P:Microsoft.AspNetCore.ResponseCompression.GzipCompressionProvider.SupportsFlush">
      <inheritdoc />
    </member>
    <member name="M:Microsoft.AspNetCore.ResponseCompression.GzipCompressionProvider.CreateStream(System.IO.Stream)">
      <inheritdoc />
    </member>
    <member name="T:Microsoft.AspNetCore.ResponseCompression.GzipCompressionProviderOptions">
      <summary>Options for the GzipCompressionProvider<para>gzipcompressionprovider 的选项</para></summary>
    </member>
    <member name="P:Microsoft.AspNetCore.ResponseCompression.GzipCompressionProviderOptions.Level">
      <summary>What level of compression to use for the stream. The default is Fastest.<para>对流使用的压缩级别.默认值为"最快".</para></summary>
    </member>
    <member name="P:Microsoft.AspNetCore.ResponseCompression.GzipCompressionProviderOptions.Microsoft#Extensions#Options#IOptions{Microsoft#AspNetCore#ResponseCompression#GzipCompressionProviderOptions}#Value">
      <inheritdoc />
    </member>
    <member name="T:Microsoft.AspNetCore.ResponseCompression.ICompressionProvider">
      <summary>Provides a specific compression implementation to compress HTTP responses.<para>提供特定的压缩实现来压缩 http 响应.</para></summary>
    </member>
    <member name="P:Microsoft.AspNetCore.ResponseCompression.ICompressionProvider.EncodingName">
      <summary>The encoding name used in the 'Accept-Encoding' request header and 'Content-Encoding' response header.<para>"接受编码"请求标头和"内容编码"响应标头中使用的编码名称.</para></summary>
    </member>
    <member name="P:Microsoft.AspNetCore.ResponseCompression.ICompressionProvider.SupportsFlush">
      <summary>Indicates if the given provider supports Flush and FlushAsync. If not, compression may be disabled in some scenarios.<para>指示给定提供程序是否支持刷新和刷新异步.否则,在某些情况下可能会禁用压缩.</para></summary>
    </member>
    <member name="M:Microsoft.AspNetCore.ResponseCompression.ICompressionProvider.CreateStream(System.IO.Stream)">
      <summary>Create a new compression stream.<para>创建新的压缩流.</para></summary>
      <param name="outputStream">The stream where the compressed data have to be written.<para>必须写入压缩数据的流.</para></param>
      <returns>The compression stream.<para>压缩流.</para></returns>
    </member>
    <member name="T:Microsoft.AspNetCore.ResponseCompression.IResponseCompressionProvider">
      <summary>Used to examine requests and responses to see if compression should be enabled.<para>用于检查请求和响应以查看是否应启用压缩.</para></summary>
    </member>
    <member name="M:Microsoft.AspNetCore.ResponseCompression.IResponseCompressionProvider.GetCompressionProvider(Microsoft.AspNetCore.Http.HttpContext)">
      <summary>Examines the request and selects an acceptable compression provider, if any.<para>检查请求并选择可接受的压缩提供程序（如果有）.</para></summary>
      <param name="context">The <see cref="T:Microsoft.AspNetCore.Http.HttpContext" />.<para>这 <see cref="t:microsoft.aspnetcore.http.httpcontext" /> .</para></param>
      <returns>A compression provider or null if compression should not be used.<para>压缩提供程序或 null（如果不应使用压缩）.</para></returns>
    </member>
    <member name="M:Microsoft.AspNetCore.ResponseCompression.IResponseCompressionProvider.ShouldCompressResponse(Microsoft.AspNetCore.Http.HttpContext)">
      <summary>Examines the response on first write to see if compression should be used.<para>在首次写入时检查响应,以查看是否应使用压缩.</para></summary>
      <param name="context">The <see cref="T:Microsoft.AspNetCore.Http.HttpContext" />.<para>这 <see cref="t:microsoft.aspnetcore.http.httpcontext" /> .</para></param>
      <returns>
        <see langword="true" /> if the response should be compressed, otherwise <see langword="false" />.<para><see langword="true" /> 如果应压缩响应,否则为 <see langword="false" />.</para></returns>
    </member>
    <member name="M:Microsoft.AspNetCore.ResponseCompression.IResponseCompressionProvider.CheckRequestAcceptsCompression(Microsoft.AspNetCore.Http.HttpContext)">
      <summary>Examines the request to see if compression should be used for response.<para>检查请求以查看是否应将压缩用于响应.</para></summary>
      <param name="context">The <see cref="T:Microsoft.AspNetCore.Http.HttpContext" />.<para>这 <see cref="t:microsoft.aspnetcore.http.httpcontext" /> .</para></param>
      <returns>
        <see langword="true" /> if the request accepts compression, otherwise <see langword="false" />.<para><see langword="true" /> 如果请求接受压缩,否则 <see langword="false" />.</para></returns>
    </member>
    <member name="T:Microsoft.AspNetCore.ResponseCompression.ResponseCompressionBody">
      <summary>Stream wrapper that create specific compression stream only if necessary.<para>仅在必要时创建特定压缩流的流包装器.</para></summary>
    </member>
    <member name="M:Microsoft.AspNetCore.ResponseCompression.ResponseCompressionBody.InitializeCompressionHeaders">
      <summary>Checks if the response should be compressed and sets the response headers.<para>检查是否应压缩响应并设置响应标头.</para></summary>
      <returns>The compression provider to use if compression is enabled, otherwise null.<para>启用压缩时要使用的压缩提供程序,否则为 null.</para></returns>
    </member>
    <member name="T:Microsoft.AspNetCore.ResponseCompression.ResponseCompressionDefaults">
      <summary>Defaults for the ResponseCompressionMiddleware<para>响应压缩中间件的默认值</para></summary>
    </member>
    <member name="F:Microsoft.AspNetCore.ResponseCompression.ResponseCompressionDefaults.MimeTypes">
      <summary>Default MIME types to compress responses for.<para>要压缩响应的默认 mime 类型.</para></summary>
    </member>
    <member name="T:Microsoft.AspNetCore.ResponseCompression.ResponseCompressionMiddleware">
      <summary>Enable HTTP response compression.<para>启用 http 响应压缩.</para></summary>
    </member>
    <member name="M:Microsoft.AspNetCore.ResponseCompression.ResponseCompressionMiddleware.#ctor(Microsoft.AspNetCore.Http.RequestDelegate,Microsoft.AspNetCore.ResponseCompression.IResponseCompressionProvider)">
      <summary>Initialize the Response Compression middleware.<para>初始化响应压缩中间件.</para></summary>
      <param name="next">The delegate representing the remaining middleware in the request pipeline.<para>代表请求管道中其余中间件的委托.</para></param>
      <param name="provider">The <see cref="T:Microsoft.AspNetCore.ResponseCompression.IResponseCompressionProvider" />.<para><see cref="t:microsoft.aspnetcore.responsecompression.iresponsecompressionprovider" /> .</para></param>
    </member>
    <member name="M:Microsoft.AspNetCore.ResponseCompression.ResponseCompressionMiddleware.Invoke(Microsoft.AspNetCore.Http.HttpContext)">
      <summary>Invoke the middleware.<para>调用中间件.</para></summary>
      <param name="context">The <see cref="T:Microsoft.AspNetCore.Http.HttpContext" />.<para>这 <see cref="t:microsoft.aspnetcore.http.httpcontext" /> .</para></param>
      <returns>A task that represents the execution of this middleware.<para>表示此中间件执行的任务.</para></returns>
    </member>
    <member name="T:Microsoft.AspNetCore.ResponseCompression.ResponseCompressionOptions">
      <summary>Options for the HTTP response compression middleware.<para>http 响应压缩中间件的选项.</para></summary>
    </member>
    <member name="P:Microsoft.AspNetCore.ResponseCompression.ResponseCompressionOptions.MimeTypes">
      <summary>Response Content-Type MIME types to compress.<para>要压缩的响应内容类型 mime 类型.</para></summary>
    </member>
    <member name="P:Microsoft.AspNetCore.ResponseCompression.ResponseCompressionOptions.ExcludedMimeTypes">
      <summary>Response Content-Type MIME types to not compress.<para>响应内容类型 mime 类型不压缩.</para></summary>
    </member>
    <member name="P:Microsoft.AspNetCore.ResponseCompression.ResponseCompressionOptions.EnableForHttps">
      <summary>Indicates if responses over HTTPS connections should be compressed. The default is 'false'.
            Enabling compression on HTTPS requests for remotely manipulable content may expose security problems.<para>指示是否应压缩通过 https 连接的响应.默认值为"假". 对可远程操作内容的 https 请求启用压缩可能会暴露安全问题.</para></summary>
      <remarks>This can be overridden per request using <see cref="T:Microsoft.AspNetCore.Http.Features.IHttpsCompressionFeature" />.<para>可以使用每个请求覆盖此内容 <see cref="t:microsoft.aspnetcore.http.features.ihttpscompressionfeature" /> .</para></remarks>
    </member>
    <member name="P:Microsoft.AspNetCore.ResponseCompression.ResponseCompressionOptions.Providers">
      <summary>The <see cref="T:Microsoft.AspNetCore.ResponseCompression.ICompressionProvider" /> types to use for responses.
            Providers are prioritized based on the order they are added.<para>这 <see cref="t:microsoft.aspnetcore.responsecompression.icompressionprovider" /> 用于响应的类型. 提供程序根据添加顺序确定优先级.</para></summary>
    </member>
    <member name="T:Microsoft.AspNetCore.ResponseCompression.ResponseCompressionProvider">
      <inheritdoc />
    </member>
    <member name="M:Microsoft.AspNetCore.ResponseCompression.ResponseCompressionProvider.#ctor(System.IServiceProvider,Microsoft.Extensions.Options.IOptions{Microsoft.AspNetCore.ResponseCompression.ResponseCompressionOptions})">
      <summary>If no compression providers are specified then GZip is used by default.<para>如果未指定压缩提供程序,则默认使用 gzip.</para></summary>
      <param name="services">Services to use when instantiating compression providers.<para>实例化压缩提供程序时要使用的服务.</para></param>
      <param name="options">The options for this instance.<para>此实例的选项.</para></param>
    </member>
    <member name="M:Microsoft.AspNetCore.ResponseCompression.ResponseCompressionProvider.GetCompressionProvider(Microsoft.AspNetCore.Http.HttpContext)">
      <inheritdoc />
    </member>
    <member name="M:Microsoft.AspNetCore.ResponseCompression.ResponseCompressionProvider.ShouldCompressResponse(Microsoft.AspNetCore.Http.HttpContext)">
      <inheritdoc />
    </member>
    <member name="M:Microsoft.AspNetCore.ResponseCompression.ResponseCompressionProvider.CheckRequestAcceptsCompression(Microsoft.AspNetCore.Http.HttpContext)">
      <inheritdoc />
    </member>
    <member name="T:Microsoft.AspNetCore.Builder.ResponseCompressionBuilderExtensions">
      <summary>Extension methods for the ResponseCompression middleware.<para>响应压缩中间件的扩展方法.</para></summary>
    </member>
    <member name="M:Microsoft.AspNetCore.Builder.ResponseCompressionBuilderExtensions.UseResponseCompression(Microsoft.AspNetCore.Builder.IApplicationBuilder)">
      <summary>Adds middleware for dynamically compressing HTTP Responses.<para>添加了用于动态压缩 http 响应的中间件.</para></summary>
      <param name="builder">The <see cref="T:Microsoft.AspNetCore.Builder.IApplicationBuilder" /> instance this method extends.<para>这 <see cref="t:microsoft.aspnetcore.builder.iapplicationbuilder" /> 实例此方法扩展.</para></param>
    </member>
    <member name="T:Microsoft.AspNetCore.Builder.ResponseCompressionServicesExtensions">
      <summary>Extension methods for the ResponseCompression middleware.<para>响应压缩中间件的扩展方法.</para></summary>
    </member>
    <member name="M:Microsoft.AspNetCore.Builder.ResponseCompressionServicesExtensions.AddResponseCompression(Microsoft.Extensions.DependencyInjection.IServiceCollection)">
      <summary>Add response compression services.<para>添加响应压缩服务.</para></summary>
      <param name="services">The <see cref="T:Microsoft.Extensions.DependencyInjection.IServiceCollection" /> for adding services.<para>用于添加服务的 <see cref="T:Microsoft.Extensions.DependencyInjection.IServiceCollection" />.</para></param>
      <returns>The <see cref="T:Microsoft.Extensions.DependencyInjection.IServiceCollection" />.<para>的 <see cref="T:Microsoft.Extensions.DependencyInjection.IServiceCollection" />.</para></returns>
    </member>
    <member name="M:Microsoft.AspNetCore.Builder.ResponseCompressionServicesExtensions.AddResponseCompression(Microsoft.Extensions.DependencyInjection.IServiceCollection,System.Action{Microsoft.AspNetCore.ResponseCompression.ResponseCompressionOptions})">
      <summary>Add response compression services and configure the related options.<para>添加响应压缩服务并配置相关选项.</para></summary>
      <param name="services">The <see cref="T:Microsoft.Extensions.DependencyInjection.IServiceCollection" /> for adding services.<para>用于添加服务的 <see cref="T:Microsoft.Extensions.DependencyInjection.IServiceCollection" />.</para></param>
      <param name="configureOptions">A delegate to configure the <see cref="T:Microsoft.AspNetCore.ResponseCompression.ResponseCompressionOptions" />.<para>用于配置 <see cref="t:microsoft.aspnetcore.responsecompression.responsecompressionoptions" /> .</para></param>
      <returns>The <see cref="T:Microsoft.Extensions.DependencyInjection.IServiceCollection" />.<para>的 <see cref="T:Microsoft.Extensions.DependencyInjection.IServiceCollection" />.</para></returns>
    </member>
    <member name="T:System.Threading.Tasks.TaskToApm">
      <summary>Provides support for efficiently using Tasks to implement the APM (Begin/End) pattern.<para>为高效使用任务实现 apm（开始/结束）模式提供支持.</para></summary>
    </member>
    <member name="M:System.Threading.Tasks.TaskToApm.Begin(System.Threading.Tasks.Task,System.AsyncCallback,System.Object)">
      <summary>Marshals the Task as an IAsyncResult, using the supplied callback and state
            to implement the APM pattern.<para>使用提供的回调和状态将任务封送为 iasyncresult 以实现 apm 模式.</para></summary>
      <param name="task">The Task to be marshaled.<para>要封送的任务.</para></param>
      <param name="callback">The callback to be invoked upon completion.<para>完成后要调用的回调.</para></param>
      <param name="state">The state to be stored in the IAsyncResult.<para>要存储在 iasyncresult 中的状态.</para></param>
      <returns>An IAsyncResult to represent the task's asynchronous operation.<para>一个 iasyncresult 来表示任务的异步操作.</para></returns>
    </member>
    <member name="M:System.Threading.Tasks.TaskToApm.End(System.IAsyncResult)">
      <summary>Processes an IAsyncResult returned by Begin.<para>处理 begin 返回的 iasyncresult.</para></summary>
      <param name="asyncResult">The IAsyncResult to unwrap.<para>要解包的 iasyncresult .</para></param>
    </member>
    <member name="M:System.Threading.Tasks.TaskToApm.End``1(System.IAsyncResult)">
      <summary>Processes an IAsyncResult returned by Begin.<para>处理 begin 返回的 iasyncresult.</para></summary>
      <param name="asyncResult">The IAsyncResult to unwrap.<para>要解包的 iasyncresult .</para></param>
    </member>
    <member name="T:System.Threading.Tasks.TaskToApm.TaskAsyncResult">
      <summary>Provides a simple IAsyncResult that wraps a Task.<para>提供包装任务的简单 iasyncresult.</para></summary>
      <remarks>We could use the Task as the IAsyncResult if the Task's AsyncState is the same as the object state,
            but that's very rare, in particular in a situation where someone cares about allocation, and always
            using TaskAsyncResult simplifies things and enables additional optimizations.<para>如果任务的异步状态与对象状态相同,我们可以将任务用作 iasyncresult, 但这非常罕见,特别是在有人关心分配的情况下,而且总是 使用 taskasyncresult 可以简化操作并启用其他优化.</para></remarks>
    </member>
    <member name="F:System.Threading.Tasks.TaskToApm.TaskAsyncResult._task">
      <summary>The wrapped Task.<para>包装后的任务.</para></summary>
    </member>
    <member name="F:System.Threading.Tasks.TaskToApm.TaskAsyncResult._callback">
      <summary>Callback to invoke when the wrapped task completes.<para>包装后的任务完成时要调用的回调.</para></summary>
    </member>
    <member name="M:System.Threading.Tasks.TaskToApm.TaskAsyncResult.#ctor(System.Threading.Tasks.Task,System.Object,System.AsyncCallback)">
      <summary>Initializes the IAsyncResult with the Task to wrap and the associated object state.<para>使用要包装的任务和关联的对象状态初始化 iasyncresult .</para></summary>
      <param name="task">The Task to wrap.<para>要包装的任务.</para></param>
      <param name="state">The new AsyncState value.<para>新的异步状态值.</para></param>
      <param name="callback">Callback to invoke when the wrapped task completes.<para>包装任务完成时要调用的回调.</para></param>
    </member>
    <member name="M:System.Threading.Tasks.TaskToApm.TaskAsyncResult.InvokeCallback">
      <summary>Invokes the callback.<para>调用回调.</para></summary>
    </member>
    <member name="P:System.Threading.Tasks.TaskToApm.TaskAsyncResult.AsyncState">
      <summary>Gets a user-defined object that qualifies or contains information about an asynchronous operation.<para>获取限定或包含有关异步操作的信息的用户定义对象.</para></summary>
    </member>
    <member name="P:System.Threading.Tasks.TaskToApm.TaskAsyncResult.CompletedSynchronously">
      <summary>Gets a value that indicates whether the asynchronous operation completed synchronously.<para>获取一个值,该值指示异步操作是否同步完成.</para></summary>
      <remarks>This is set lazily based on whether the <see cref="F:System.Threading.Tasks.TaskToApm.TaskAsyncResult._task" /> has completed by the time this object is created.<para>这是根据是否 <see cref="f:system.threading.tasks.tasktoapm.taskasyncresult._task" /> 在创建此对象时已完成.</para></remarks>
    </member>
    <member name="P:System.Threading.Tasks.TaskToApm.TaskAsyncResult.IsCompleted">
      <summary>Gets a value that indicates whether the asynchronous operation has completed.<para>获取一个值,该值指示异步操作是否已完成.</para></summary>
    </member>
    <member name="P:System.Threading.Tasks.TaskToApm.TaskAsyncResult.AsyncWaitHandle">
      <summary>Gets a <see cref="T:System.Threading.WaitHandle" /> that is used to wait for an asynchronous operation to complete.<para>获取用于等待异步操作完成的 <see cref="T:System.Threading.WaitHandle" />.</para></summary>
    </member>
  </members>
</doc>