<?xml version="1.0"?>
<doc>
  <assembly>
    <name>Microsoft.AspNetCore.Routing.Abstractions</name>
  </assembly>
  <members>
    <member name="T:Microsoft.AspNetCore.Routing.IOutboundParameterTransformer">
      <summary>Defines the contract that a class must implement to transform route values while building
            a URI.<para>定义类在生成时转换路由值时必须实现的协定 一个 uri.</para></summary>
    </member>
    <member name="M:Microsoft.AspNetCore.Routing.IOutboundParameterTransformer.TransformOutbound(System.Object)">
      <summary>Transforms the specified route value to a string for inclusion in a URI.<para>将指定的路由值转换为要包含在 uri 中的字符串.</para></summary>
      <param name="value">The route value to transform.<para>要转换的路由值.</para></param>
      <returns>The transformed value.<para>转换后的值.</para></returns>
    </member>
    <member name="T:Microsoft.AspNetCore.Routing.IParameterPolicy">
      <summary>A marker interface for types that are associated with route parameters.<para>与路由参数关联的类型的标记接口.</para></summary>
    </member>
    <member name="T:Microsoft.AspNetCore.Routing.IRouteConstraint">
      <summary>Defines the contract that a class must implement in order to check whether a URL parameter
            value is valid for a constraint.<para>定义类必须实现的协定,以便检查 url 参数是否 值对约束有效.</para></summary>
    </member>
    <member name="M:Microsoft.AspNetCore.Routing.IRouteConstraint.Match(Microsoft.AspNetCore.Http.HttpContext,Microsoft.AspNetCore.Routing.IRouter,System.String,Microsoft.AspNetCore.Routing.RouteValueDictionary,Microsoft.AspNetCore.Routing.RouteDirection)">
      <summary>Determines whether the URL parameter contains a valid value for this constraint.<para>确定 url 参数是否包含此约束的有效值.</para></summary>
      <param name="httpContext">An object that encapsulates information about the HTTP request.<para>封装有关 http 请求的信息的对象.</para></param>
      <param name="route">The router that this constraint belongs to.<para>此约束所属的路由器.</para></param>
      <param name="routeKey">The name of the parameter that is being checked.<para>正在检查的参数的名称.</para></param>
      <param name="values">A dictionary that contains the parameters for the URL.<para>包含 url 参数的字典.</para></param>
      <param name="routeDirection">An object that indicates whether the constraint check is being performed
            when an incoming request is being handled or when a URL is being generated.<para>一个对象,指示是否正在执行约束检查 处理传入请求或生成 url 时.</para></param>
      <returns>
        <c>true</c> if the URL parameter contains a valid value; otherwise, <c>false</c>.<para><c>true</c> 如果 url 参数包含有效值;否则,<c>false</c>.</para></returns>
    </member>
    <member name="T:Microsoft.AspNetCore.Routing.IRouteHandler">
      <summary>Defines a contract for a handler of a route.<para>定义路由处理程序的协定.</para></summary>
    </member>
    <member name="M:Microsoft.AspNetCore.Routing.IRouteHandler.GetRequestHandler(Microsoft.AspNetCore.Http.HttpContext,Microsoft.AspNetCore.Routing.RouteData)">
      <summary>Gets a <see cref="T:Microsoft.AspNetCore.Http.RequestDelegate" /> to handle the request, based on the provided
            <paramref name="routeData" />.<para>获取一个 <see cref="t:microsoft.aspnetcore.http.requestdelegate" /> 处理请求,根据提供的 <paramref name="routeData" />.</para></summary>
      <param name="httpContext">The <see cref="T:Microsoft.AspNetCore.Http.HttpContext" /> associated with the current request.<para>这 <see cref="t:microsoft.aspnetcore.http.httpcontext" /> 与当前请求关联.</para></param>
      <param name="routeData">The <see cref="T:Microsoft.AspNetCore.Routing.RouteData" /> associated with the current routing match.<para><see cref="t:microsoft.aspnetcore.routing.routedata" /> 与当前路由匹配项关联.</para></param>
      <returns>A <see cref="T:Microsoft.AspNetCore.Http.RequestDelegate" />, or <c>null</c> if the handler cannot handle this request.<para>一个 <see cref="t:microsoft.aspnetcore.http.requestdelegate" /> ,或 <c>null</c>（如果处理程序无法处理此请求）.</para></returns>
    </member>
    <member name="T:Microsoft.AspNetCore.Routing.IRouter">
      <summary>Interface for implementing a router.<para>用于实现路由器的接口.</para></summary>
    </member>
    <member name="M:Microsoft.AspNetCore.Routing.IRouter.RouteAsync(Microsoft.AspNetCore.Routing.RouteContext)">
      <summary>Asynchronously routes based on the current <paramref name="context" />.<para>基于当前 <paramref name="context" /> 异步路由.</para></summary>
      <param name="context">A <see cref="T:Microsoft.AspNetCore.Routing.RouteContext" /> instance.<para>一个 <see cref="t:microsoft.aspnetcore.routing.routecontext" /> 实例.</para></param>
    </member>
    <member name="M:Microsoft.AspNetCore.Routing.IRouter.GetVirtualPath(Microsoft.AspNetCore.Routing.VirtualPathContext)">
      <summary>Returns the URL that is associated with the route details provided in <paramref name="context" /><para>返回与 <paramref name="context" /> 中提供的路由详细信息关联的 url</para></summary>
      <param name="context">A <see cref="T:Microsoft.AspNetCore.Routing.VirtualPathContext" /> instance.<para>一个 <see cref="t:microsoft.aspnetcore.routing.virtualpathcontext" /> 实例.</para></param>
      <returns>A <see cref="T:Microsoft.AspNetCore.Routing.VirtualPathData" /> object. Can be null.<para>一个 <see cref="t:microsoft.aspnetcore.routing.virtualpathdata" /> 对象.可以为空.</para></returns>
    </member>
    <member name="T:Microsoft.AspNetCore.Routing.IRoutingFeature">
      <summary>A feature interface for routing functionality.<para>路由功能的功能接口.</para></summary>
    </member>
    <member name="P:Microsoft.AspNetCore.Routing.IRoutingFeature.RouteData">
      <summary>Gets or sets the <see cref="T:Microsoft.AspNetCore.Routing.RouteData" /> associated with the current request.<para>获取或设置 <see cref="t:microsoft.aspnetcore.routing.routedata" /> 与当前请求关联.</para></summary>
    </member>
    <member name="T:Microsoft.AspNetCore.Routing.LinkGenerator">
      <summary>Defines a contract to generate absolute and related URIs based on endpoint routing.<para>定义一个协定,以基于终结点路由生成绝对和相关 uri.</para></summary>
      <remarks>
        <para>
            Generating URIs in endpoint routing occurs in two phases. First, an address is bound to a list of
            endpoints that match the address. Secondly, each endpoint's <c>RoutePattern</c> is evaluated, until
            a route pattern that matches the supplied values is found. The resulting output is combined with
            the other URI parts supplied to the link generator and returned.
            </para>
        <para>
            The methods provided by the <see cref="T:Microsoft.AspNetCore.Routing.LinkGenerator" /> type are general infrastructure, and support
            the standard link generator functionality for any type of address. The most convenient way to use
            <see cref="T:Microsoft.AspNetCore.Routing.LinkGenerator" /> is through extension methods that perform operations for a specific
            address type.
            </para>
        <para>
          <para> 在终结点路由中生成 uri 分两个阶段进行.首先,地址绑定到 与地址匹配的终结点.其次,评估每个端点的 <c>routepattern</c>,直到 找到与提供的值匹配的路由模式.生成的输出与 其他 uri 部分提供给链接生成器并返回. </para>
          <para> 提供的方法 <see cref="t:microsoft.aspnetcore.routing.linkgenerator" /> 类型是常规基础结构和支持 适用于任何类型地址的标准链接生成器功能.最方便的使用方式 <see cref="t:microsoft.aspnetcore.routing.linkgenerator" /> 是通过对特定执行操作的扩展方法 地址类型. </para>
        </para>
      </remarks>
    </member>
    <member name="M:Microsoft.AspNetCore.Routing.LinkGenerator.GetPathByAddress``1(Microsoft.AspNetCore.Http.HttpContext,``0,Microsoft.AspNetCore.Routing.RouteValueDictionary,Microsoft.AspNetCore.Routing.RouteValueDictionary,System.Nullable{Microsoft.AspNetCore.Http.PathString},Microsoft.AspNetCore.Http.FragmentString,Microsoft.AspNetCore.Routing.LinkOptions)">
      <summary>Generates a URI with an absolute path based on the provided values and <see cref="T:Microsoft.AspNetCore.Http.HttpContext" />.<para>根据提供的值生成具有绝对路径的 uri,并且 <see cref="t:microsoft.aspnetcore.http.httpcontext" /> .</para></summary>
      <typeparam name="TAddress">The address type.<para>地址类型.</para></typeparam>
      <param name="httpContext">The <see cref="T:Microsoft.AspNetCore.Http.HttpContext" /> associated with the current request.<para>这 <see cref="t:microsoft.aspnetcore.http.httpcontext" /> 与当前请求关联.</para></param>
      <param name="address">The address value. Used to resolve endpoints.<para>地址值.用于解析终结点.</para></param>
      <param name="values">The route values. Used to expand parameters in the route template.<para>路由值.用于展开路由模板中的参数.</para></param>
      <param name="ambientValues">The values associated with the current request. Optional.<para>与当前请求关联的值.自选.</para></param>
      <param name="pathBase">An optional URI path base. Prepended to the path in the resulting URI. If not provided, the value of <see cref="P:Microsoft.AspNetCore.Http.HttpRequest.PathBase" /> will be used.<para>可选的 uri 路径库.附加到生成的 uri 中的路径.如果未提供,则值 <see cref="p:microsoft.aspnetcore.http.httprequest.pathbase" /> 将被使用.</para></param>
      <param name="fragment">An optional URI fragment. Appended to the resulting URI.<para>可选的 uri 片段.追加到生成的 uri.</para></param>
      <param name="options">An optional <see cref="T:Microsoft.AspNetCore.Routing.LinkOptions" />. Settings on provided object override the settings with matching
            names from <c>RouteOptions</c>.<para>可选 <see cref="t:microsoft.aspnetcore.routing.linkoptions" /> .所提供对象的设置会覆盖具有匹配项的设置 来自 <c>RouteOptions</c> 的名称.</para></param>
      <returns>A URI with an absolute path, or <c>null</c>.<para>具有绝对路径的 uri,或 <c>null</c>.</para></returns>
    </member>
    <member name="M:Microsoft.AspNetCore.Routing.LinkGenerator.GetPathByAddress``1(``0,Microsoft.AspNetCore.Routing.RouteValueDictionary,Microsoft.AspNetCore.Http.PathString,Microsoft.AspNetCore.Http.FragmentString,Microsoft.AspNetCore.Routing.LinkOptions)">
      <summary>Generates a URI with an absolute path based on the provided values.<para>根据提供的值生成具有绝对路径的 uri.</para></summary>
      <typeparam name="TAddress">The address type.<para>地址类型.</para></typeparam>
      <param name="address">The address value. Used to resolve endpoints.<para>地址值.用于解析终结点.</para></param>
      <param name="values">The route values. Used to expand parameters in the route template.<para>路由值.用于展开路由模板中的参数.</para></param>
      <param name="pathBase">An optional URI path base. Prepended to the path in the resulting URI.<para>可选的 uri 路径库.附加到生成的 uri 中的路径.</para></param>
      <param name="fragment">An optional URI fragment. Appended to the resulting URI.<para>可选的 uri 片段.追加到生成的 uri.</para></param>
      <param name="options">An optional <see cref="T:Microsoft.AspNetCore.Routing.LinkOptions" />. Settings on provided object override the settings with matching
            names from <c>RouteOptions</c>.<para>可选 <see cref="t:microsoft.aspnetcore.routing.linkoptions" /> .所提供对象的设置会覆盖具有匹配项的设置 来自 <c>RouteOptions</c> 的名称.</para></param>
      <returns>A URI with an absolute path, or <c>null</c>.<para>具有绝对路径的 uri,或 <c>null</c>.</para></returns>
    </member>
    <member name="M:Microsoft.AspNetCore.Routing.LinkGenerator.GetUriByAddress``1(Microsoft.AspNetCore.Http.HttpContext,``0,Microsoft.AspNetCore.Routing.RouteValueDictionary,Microsoft.AspNetCore.Routing.RouteValueDictionary,System.String,System.Nullable{Microsoft.AspNetCore.Http.HostString},System.Nullable{Microsoft.AspNetCore.Http.PathString},Microsoft.AspNetCore.Http.FragmentString,Microsoft.AspNetCore.Routing.LinkOptions)">
      <summary>Generates an absolute URI based on the provided values and <see cref="T:Microsoft.AspNetCore.Http.HttpContext" />.<para>根据提供的值生成绝对 uri,并且 <see cref="t:microsoft.aspnetcore.http.httpcontext" /> .</para></summary>
      <typeparam name="TAddress">The address type.<para>地址类型.</para></typeparam>
      <param name="httpContext">The <see cref="T:Microsoft.AspNetCore.Http.HttpContext" /> associated with the current request.<para>这 <see cref="t:microsoft.aspnetcore.http.httpcontext" /> 与当前请求关联.</para></param>
      <param name="address">The address value. Used to resolve endpoints.<para>地址值.用于解析终结点.</para></param>
      <param name="values">The route values. Used to expand parameters in the route template.<para>路由值.用于展开路由模板中的参数.</para></param>
      <param name="ambientValues">The values associated with the current request. Optional.<para>与当前请求关联的值.自选.</para></param>
      <param name="scheme">The URI scheme, applied to the resulting URI. Optional. If not provided, the value of <see cref="P:Microsoft.AspNetCore.Http.HttpRequest.Scheme" /> will be used.<para>uri 方案,应用于生成的 uri.自选.如果未提供,则值 <see cref="p:microsoft.aspnetcore.http.httprequest.scheme" /> 将被使用.</para></param>
      <param name="host">The URI host/authority, applied to the resulting URI. Optional. If not provided, the value <see cref="P:Microsoft.AspNetCore.Http.HttpRequest.Host" /> will be used.
            See the remarks section for details about the security implications of the <paramref name="host" />.<para>uri 主机/颁发机构,应用于生成的 uri.自选.如果未提供,则值 <see cref="p:microsoft.aspnetcore.http.httprequest.host" /> 将被使用. 有关 <paramref name="host" /> 的安全隐患的详细信息,请参阅备注部分.</para></param>
      <param name="pathBase">An optional URI path base. Prepended to the path in the resulting URI. If not provided, the value of <see cref="P:Microsoft.AspNetCore.Http.HttpRequest.PathBase" /> will be used.<para>可选的 uri 路径库.附加到生成的 uri 中的路径.如果未提供,则值 <see cref="p:microsoft.aspnetcore.http.httprequest.pathbase" /> 将被使用.</para></param>
      <param name="fragment">An optional URI fragment. Appended to the resulting URI.<para>可选的 uri 片段.追加到生成的 uri.</para></param>
      <param name="options">An optional <see cref="T:Microsoft.AspNetCore.Routing.LinkOptions" />. Settings on provided object override the settings with matching
            names from <c>RouteOptions</c>.<para>可选 <see cref="t:microsoft.aspnetcore.routing.linkoptions" /> .所提供对象的设置会覆盖具有匹配项的设置 来自 <c>RouteOptions</c> 的名称.</para></param>
      <returns>A URI with an absolute path, or <c>null</c>.<para>具有绝对路径的 uri,或 <c>null</c>.</para></returns>
      <remarks>
        <para>
            The value of <paramref name="host" /> should be a trusted value. Relying on the value of the current request
            can allow untrusted input to influence the resulting URI unless the <c>Host</c> header has been validated.
            See the deployment documentation for instructions on how to properly validate the <c>Host</c> header in
            your deployment environment.
            </para>
        <para>
          <para> 的价值 $<paramref name="host" /> 应为受信任的值.依赖当前请求的值 可以允许不受信任的输入影响生成的 uri,除非已验证 <c>host</c> 标头. 有关如何正确验证 <c>host</c> 标头的说明,请参阅部署文档 您的部署环境. </para>
        </para>
      </remarks>
    </member>
    <member name="M:Microsoft.AspNetCore.Routing.LinkGenerator.GetUriByAddress``1(``0,Microsoft.AspNetCore.Routing.RouteValueDictionary,System.String,Microsoft.AspNetCore.Http.HostString,Microsoft.AspNetCore.Http.PathString,Microsoft.AspNetCore.Http.FragmentString,Microsoft.AspNetCore.Routing.LinkOptions)">
      <summary>Generates an absolute URI based on the provided values.<para>根据提供的值生成绝对 uri.</para></summary>
      <typeparam name="TAddress">The address type.<para>地址类型.</para></typeparam>
      <param name="address">The address value. Used to resolve endpoints.<para>地址值.用于解析终结点.</para></param>
      <param name="values">The route values. Used to expand parameters in the route template.<para>路由值.用于展开路由模板中的参数.</para></param>
      <param name="scheme">The URI scheme, applied to the resulting URI.<para>uri 方案,应用于生成的 uri.</para></param>
      <param name="host">The URI host/authority, applied to the resulting URI.
            See the remarks section for details about the security implications of the <paramref name="host" />.<para>uri 主机/颁发机构,应用于生成的 uri. 有关 <paramref name="host" /> 的安全隐患的详细信息,请参阅备注部分.</para></param>
      <param name="pathBase">An optional URI path base. Prepended to the path in the resulting URI.<para>可选的 uri 路径库.附加到生成的 uri 中的路径.</para></param>
      <param name="fragment">An optional URI fragment. Appended to the resulting URI.<para>可选的 uri 片段.追加到生成的 uri.</para></param>
      <param name="options">An optional <see cref="T:Microsoft.AspNetCore.Routing.LinkOptions" />. Settings on provided object override the settings with matching
            names from <c>RouteOptions</c>.<para>可选 <see cref="t:microsoft.aspnetcore.routing.linkoptions" /> .所提供对象的设置会覆盖具有匹配项的设置 来自 <c>RouteOptions</c> 的名称.</para></param>
      <returns>An absolute URI, or <c>null</c>.<para>绝对 uri,或 <c>null</c>.</para></returns>
      <remarks>
        <para>
            The value of <paramref name="host" /> should be a trusted value. Relying on the value of the current request
            can allow untrusted input to influence the resulting URI unless the <c>Host</c> header has been validated.
            See the deployment documentation for instructions on how to properly validate the <c>Host</c> header in
            your deployment environment.
            </para>
        <para>
          <para> 的价值 $<paramref name="host" /> 应为受信任的值.依赖当前请求的值 可以允许不受信任的输入影响生成的 uri,除非已验证 <c>host</c> 标头. 有关如何正确验证 <c>host</c> 标头的说明,请参阅部署文档 您的部署环境. </para>
        </para>
      </remarks>
    </member>
    <member name="T:Microsoft.AspNetCore.Routing.LinkOptions">
      <summary>Configures options for generated URLs.<para>为生成的 url 配置选项.</para></summary>
    </member>
    <member name="P:Microsoft.AspNetCore.Routing.LinkOptions.LowercaseUrls">
      <summary>Gets or sets a value indicating whether all generated paths URLs are lowercase.
            Use <see cref="P:Microsoft.AspNetCore.Routing.LinkOptions.LowercaseQueryStrings" /> to configure the behavior for query strings.<para>获取或设置一个值,该值指示是否所有生成的路径 url 都是小写的. 用 <see cref="p:microsoft.aspnetcore.routing.linkoptions.lowercasequerystrings" /> 以配置查询字符串的行为.</para></summary>
    </member>
    <member name="P:Microsoft.AspNetCore.Routing.LinkOptions.LowercaseQueryStrings">
      <summary>Gets or sets a value indicating whether a generated query strings are lowercase.
            This property will be false unless <see cref="P:Microsoft.AspNetCore.Routing.LinkOptions.LowercaseUrls" /> is also <c>true</c>.<para>获取或设置一个值,该值指示生成的查询字符串是否为小写. 此属性将为 false,除非 <see cref="p:microsoft.aspnetcore.routing.linkoptions.lowercaseurls" /> 也是 <c>true</c>.</para></summary>
    </member>
    <member name="P:Microsoft.AspNetCore.Routing.LinkOptions.AppendTrailingSlash">
      <summary>Gets or sets a value indicating whether a trailing slash should be appended to the generated URLs.<para>获取或设置一个值,该值指示是否应将尾部斜杠追加到生成的 url.</para></summary>
    </member>
    <member name="T:Microsoft.AspNetCore.Routing.RouteContext">
      <summary>A context object for <see cref="M:Microsoft.AspNetCore.Routing.IRouter.RouteAsync(Microsoft.AspNetCore.Routing.RouteContext)" />.<para>的上下文对象 <see cref="m:microsoft.aspnetcore.routing.irouter.routeasync（microsoft.aspnetcore.routing.routecontext）" /> .</para></summary>
    </member>
    <member name="M:Microsoft.AspNetCore.Routing.RouteContext.#ctor(Microsoft.AspNetCore.Http.HttpContext)">
      <summary>Creates a new instance of <see cref="T:Microsoft.AspNetCore.Routing.RouteContext" /> for the provided <paramref name="httpContext" />.<para>创建 的新实例 <see cref="t:microsoft.aspnetcore.routing.routecontext" /> 对于提供的 <paramref name="httpContext" />.</para></summary>
      <param name="httpContext">The <see cref="T:Microsoft.AspNetCore.Http.HttpContext" /> associated with the current request.<para>这 <see cref="t:microsoft.aspnetcore.http.httpcontext" /> 与当前请求关联.</para></param>
    </member>
    <member name="P:Microsoft.AspNetCore.Routing.RouteContext.Handler">
      <summary>Gets or sets the handler for the request. An <see cref="T:Microsoft.AspNetCore.Routing.IRouter" /> should set <see cref="P:Microsoft.AspNetCore.Routing.RouteContext.Handler" />
            when it matches.<para>获取或设置请求的处理程序.一 <see cref="t:microsoft.aspnetcore.routing.irouter" /> 应设置 <see cref="p:microsoft.aspnetcore.routing.routecontext.handler" /> 当它匹配时.</para></summary>
    </member>
    <member name="P:Microsoft.AspNetCore.Routing.RouteContext.HttpContext">
      <summary>Gets the <see cref="T:Microsoft.AspNetCore.Http.HttpContext" /> associated with the current request.<para>获取 <see cref="t:microsoft.aspnetcore.http.httpcontext" /> 与当前请求关联.</para></summary>
    </member>
    <member name="P:Microsoft.AspNetCore.Routing.RouteContext.RouteData">
      <summary>Gets or sets the <see cref="T:Microsoft.AspNetCore.Routing.RouteData" /> associated with the current context.<para>获取或设置 <see cref="t:microsoft.aspnetcore.routing.routedata" /> 与当前上下文相关联.</para></summary>
    </member>
    <member name="T:Microsoft.AspNetCore.Routing.RouteData">
      <summary>Information about the current routing path.<para>有关当前路由路径的信息.</para></summary>
    </member>
    <member name="M:Microsoft.AspNetCore.Routing.RouteData.#ctor">
      <summary>Creates a new instance of <see cref="T:Microsoft.AspNetCore.Routing.RouteData" /> instance.<para>创建 的新实例 <see cref="t:microsoft.aspnetcore.routing.routedata" /> 实例.</para></summary>
    </member>
    <member name="M:Microsoft.AspNetCore.Routing.RouteData.#ctor(Microsoft.AspNetCore.Routing.RouteData)">
      <summary>Creates a new instance of <see cref="T:Microsoft.AspNetCore.Routing.RouteData" /> instance with values copied from <paramref name="other" />.<para>创建 的新实例 <see cref="t:microsoft.aspnetcore.routing.routedata" /> 具有从 <paramref name="other" /> 复制的值的实例.</para></summary>
      <param name="other">The other <see cref="T:Microsoft.AspNetCore.Routing.RouteData" /> instance to copy.<para>另一个 <see cref="t:microsoft.aspnetcore.routing.routedata" /> 要复制的实例.</para></param>
    </member>
    <member name="M:Microsoft.AspNetCore.Routing.RouteData.#ctor(Microsoft.AspNetCore.Routing.RouteValueDictionary)">
      <summary>Creates a new instance of <see cref="T:Microsoft.AspNetCore.Routing.RouteData" /> instance with the specified values.<para>创建 的新实例 <see cref="t:microsoft.aspnetcore.routing.routedata" /> 具有指定值的实例.</para></summary>
      <param name="values">The <see cref="T:Microsoft.AspNetCore.Routing.RouteValueDictionary" /> values.<para>这 <see cref="t:microsoft.aspnetcore.routing.routevaluedictionary" /> 值.</para></param>
    </member>
    <member name="P:Microsoft.AspNetCore.Routing.RouteData.DataTokens">
      <summary>Gets the data tokens produced by routes on the current routing path.<para>获取当前路由路径上的路由生成的数据令牌.</para></summary>
    </member>
    <member name="P:Microsoft.AspNetCore.Routing.RouteData.Routers">
      <summary>Gets the list of <see cref="T:Microsoft.AspNetCore.Routing.IRouter" /> instances on the current routing path.<para>获取列表 <see cref="t:microsoft.aspnetcore.routing.irouter" /> 当前路由路径上的实例.</para></summary>
    </member>
    <member name="P:Microsoft.AspNetCore.Routing.RouteData.Values">
      <summary>Gets the values produced by routes on the current routing path.<para>获取当前路由路径上的路由生成的值.</para></summary>
    </member>
    <member name="M:Microsoft.AspNetCore.Routing.RouteData.PushState(Microsoft.AspNetCore.Routing.IRouter,Microsoft.AspNetCore.Routing.RouteValueDictionary,Microsoft.AspNetCore.Routing.RouteValueDictionary)">
      <summary>
        <para>
            Creates a snapshot of the current state of the <see cref="T:Microsoft.AspNetCore.Routing.RouteData" /> before appending
            <paramref name="router" /> to <see cref="P:Microsoft.AspNetCore.Routing.RouteData.Routers" />, merging <paramref name="values" /> into
            <see cref="P:Microsoft.AspNetCore.Routing.RouteData.Values" />, and merging <paramref name="dataTokens" /> into <see cref="P:Microsoft.AspNetCore.Routing.RouteData.DataTokens" />.
            </para>
        <para>
            Call <see cref="M:Microsoft.AspNetCore.Routing.RouteData.RouteDataSnapshot.Restore" /> to restore the state of this <see cref="T:Microsoft.AspNetCore.Routing.RouteData" />
            to the state at the time of calling
            <see cref="M:Microsoft.AspNetCore.Routing.RouteData.PushState(Microsoft.AspNetCore.Routing.IRouter,Microsoft.AspNetCore.Routing.RouteValueDictionary,Microsoft.AspNetCore.Routing.RouteValueDictionary)" />.
            </para>
        <para>
          <para> 创建当前状态的快照 <see cref="t:microsoft.aspnetcore.routing.routedata" /> 追加之前 $<paramref name="router" /> 自 <see cref="p:microsoft.aspnetcore.routing.routedata.routers" /> 合并 $<paramref name="values" /> 到 <see cref="p:microsoft.aspnetcore.routing.routedata.values" /> 和合并 $<paramref name="datatokens" /> 到 <see cref="p:microsoft.aspnetcore.routing.routedata.datatokens" /> . </para>
          <para> 叫 <see cref="m:microsoft.aspnetcore.routing.routedata.routedatasnapshot.restore" /> 还原此状态 <see cref="t:microsoft.aspnetcore.routing.routedata" /> 到呼叫时的状态 <see cref="m:microsoft.aspnetcore.routing.routedata.pushstate（microsoft.aspnetcore.routing.irouter,microsoft.aspnetcore.routing.routevaluedictionary,microsoft.aspnetcore.routing.routevaluedictionary）" /> . </para>
        </para>
      </summary>
      <param name="router">An <see cref="T:Microsoft.AspNetCore.Routing.IRouter" /> to append to <see cref="P:Microsoft.AspNetCore.Routing.RouteData.Routers" />. If <c>null</c>, then <see cref="P:Microsoft.AspNetCore.Routing.RouteData.Routers" />
            will not be changed.<para>一 <see cref="t:microsoft.aspnetcore.routing.irouter" /> 要追加到 <see cref="p:microsoft.aspnetcore.routing.routedata.routers" /> .如果 <c>null</c>,则 <see cref="p:microsoft.aspnetcore.routing.routedata.routers" /> 不会更改.</para></param>
      <param name="values">A <see cref="T:Microsoft.AspNetCore.Routing.RouteValueDictionary" /> to merge into <see cref="P:Microsoft.AspNetCore.Routing.RouteData.Values" />. If <c>null</c>, then
            <see cref="P:Microsoft.AspNetCore.Routing.RouteData.Values" /> will not be changed.<para>a <see cref="t:microsoft.aspnetcore.routing.routevaluedictionary" /> 合并到 <see cref="p:microsoft.aspnetcore.routing.routedata.values" /> .如果 <c>null</c>,则 <see cref="p:microsoft.aspnetcore.routing.routedata.values" /> 不会更改.</para></param>
      <param name="dataTokens">A <see cref="T:Microsoft.AspNetCore.Routing.RouteValueDictionary" /> to merge into <see cref="P:Microsoft.AspNetCore.Routing.RouteData.DataTokens" />. If <c>null</c>, then
            <see cref="P:Microsoft.AspNetCore.Routing.RouteData.DataTokens" /> will not be changed.<para>a <see cref="t:microsoft.aspnetcore.routing.routevaluedictionary" /> 合并到 <see cref="p:microsoft.aspnetcore.routing.routedata.datatokens" /> .如果 <c>null</c>,则 <see cref="p:microsoft.aspnetcore.routing.routedata.datatokens" /> 不会更改.</para></param>
      <returns>A <see cref="T:Microsoft.AspNetCore.Routing.RouteData.RouteDataSnapshot" /> that captures the current state.<para>一个 <see cref="t:microsoft.aspnetcore.routing.routedata.routedatasnapshot" /> 捕获当前状态.</para></returns>
    </member>
    <member name="T:Microsoft.AspNetCore.Routing.RouteData.RouteDataSnapshot">
      <summary>A snapshot of the state of a <see cref="T:Microsoft.AspNetCore.Routing.RouteData" /> instance.<para>状态的快照 <see cref="t:microsoft.aspnetcore.routing.routedata" /> 实例.</para></summary>
    </member>
    <member name="M:Microsoft.AspNetCore.Routing.RouteData.RouteDataSnapshot.#ctor(Microsoft.AspNetCore.Routing.RouteData,Microsoft.AspNetCore.Routing.RouteValueDictionary,System.Collections.Generic.IList{Microsoft.AspNetCore.Routing.IRouter},Microsoft.AspNetCore.Routing.RouteValueDictionary)">
      <summary>Creates a new instance of <see cref="T:Microsoft.AspNetCore.Routing.RouteData.RouteDataSnapshot" /> for <paramref name="routeData" />.<para>创建 的新实例 <see cref="t:microsoft.aspnetcore.routing.routedata.routedatasnapshot" /> 对于 <paramref name="routeData" />.</para></summary>
      <param name="routeData">The <see cref="T:Microsoft.AspNetCore.Routing.RouteData" />.<para>这 <see cref="t:microsoft.aspnetcore.routing.routedata" /> .</para></param>
      <param name="dataTokens">The data tokens.<para>数据令牌.</para></param>
      <param name="routers">The routers.<para>路由器.</para></param>
      <param name="values">The route values.<para>路由值.</para></param>
    </member>
    <member name="M:Microsoft.AspNetCore.Routing.RouteData.RouteDataSnapshot.Restore">
      <summary>Restores the <see cref="T:Microsoft.AspNetCore.Routing.RouteData" /> to the captured state.<para>恢复 <see cref="t:microsoft.aspnetcore.routing.routedata" /> 到捕获状态.</para></summary>
    </member>
    <member name="T:Microsoft.AspNetCore.Routing.RouteDirection">
      <summary>Indicates whether ASP.NET routing is processing a URL from an HTTP request or generating a URL.<para>指示路由 asp.net 是处理来自 http 请求的 url 还是生成 url.</para></summary>
    </member>
    <member name="F:Microsoft.AspNetCore.Routing.RouteDirection.IncomingRequest">
      <summary>A URL from a client is being processed.<para>正在处理来自客户端的 url.</para></summary>
    </member>
    <member name="F:Microsoft.AspNetCore.Routing.RouteDirection.UrlGeneration">
      <summary>A URL is being created based on the route definition.<para>正在根据路由定义创建 url.</para></summary>
    </member>
    <member name="T:Microsoft.AspNetCore.Routing.RoutingHttpContextExtensions">
      <summary>Extension methods for <see cref="T:Microsoft.AspNetCore.Http.HttpContext" /> related to routing.<para>的扩展方法 <see cref="t:microsoft.aspnetcore.http.httpcontext" /> 与路由相关.</para></summary>
    </member>
    <member name="M:Microsoft.AspNetCore.Routing.RoutingHttpContextExtensions.GetRouteData(Microsoft.AspNetCore.Http.HttpContext)">
      <summary>Gets the <see cref="T:Microsoft.AspNetCore.Routing.RouteData" /> associated with the provided <paramref name="httpContext" />.<para>获取 <see cref="t:microsoft.aspnetcore.routing.routedata" /> 与提供的 <paramref name="httpContext" /> 相关联.</para></summary>
      <param name="httpContext">The <see cref="T:Microsoft.AspNetCore.Http.HttpContext" /> associated with the current request.<para>这 <see cref="t:microsoft.aspnetcore.http.httpcontext" /> 与当前请求关联.</para></param>
      <returns>The <see cref="T:Microsoft.AspNetCore.Routing.RouteData" />.<para>这 <see cref="t:microsoft.aspnetcore.routing.routedata" /> .</para></returns>
    </member>
    <member name="M:Microsoft.AspNetCore.Routing.RoutingHttpContextExtensions.GetRouteValue(Microsoft.AspNetCore.Http.HttpContext,System.String)">
      <summary>Gets a route value from <see cref="P:Microsoft.AspNetCore.Routing.RouteData.Values" /> associated with the provided
            <paramref name="httpContext" />.<para>从中获取路由值 <see cref="p:microsoft.aspnetcore.routing.routedata.values" /> 与提供的关联 <paramref name="httpContext" />.</para></summary>
      <param name="httpContext">The <see cref="T:Microsoft.AspNetCore.Http.HttpContext" /> associated with the current request.<para>这 <see cref="t:microsoft.aspnetcore.http.httpcontext" /> 与当前请求关联.</para></param>
      <param name="key">The key of the route value.<para>路由值的键.</para></param>
      <returns>The corresponding route value, or null.<para>相应的路由值,或 null.</para></returns>
    </member>
    <member name="T:Microsoft.AspNetCore.Routing.VirtualPathContext">
      <summary>A context for virtual path generation operations.<para>虚拟路径生成操作的上下文.</para></summary>
    </member>
    <member name="M:Microsoft.AspNetCore.Routing.VirtualPathContext.#ctor(Microsoft.AspNetCore.Http.HttpContext,Microsoft.AspNetCore.Routing.RouteValueDictionary,Microsoft.AspNetCore.Routing.RouteValueDictionary)">
      <summary>Creates a new instance of <see cref="T:Microsoft.AspNetCore.Routing.VirtualPathContext" />.<para>创建 的新实例 <see cref="t:microsoft.aspnetcore.routing.virtualpathcontext" /> .</para></summary>
      <param name="httpContext">The <see cref="T:Microsoft.AspNetCore.Http.HttpContext" /> associated with the current request.<para>这 <see cref="t:microsoft.aspnetcore.http.httpcontext" /> 与当前请求关联.</para></param>
      <param name="ambientValues">The set of route values associated with the current request.<para>与当前请求关联的路由值集.</para></param>
      <param name="values">The set of new values provided for virtual path generation.<para>为虚拟路径生成提供的新值集.</para></param>
    </member>
    <member name="M:Microsoft.AspNetCore.Routing.VirtualPathContext.#ctor(Microsoft.AspNetCore.Http.HttpContext,Microsoft.AspNetCore.Routing.RouteValueDictionary,Microsoft.AspNetCore.Routing.RouteValueDictionary,System.String)">
      <summary>Creates a new instance of <see cref="T:Microsoft.AspNetCore.Routing.VirtualPathContext" />.<para>创建 的新实例 <see cref="t:microsoft.aspnetcore.routing.virtualpathcontext" /> .</para></summary>
      <param name="httpContext">The <see cref="T:Microsoft.AspNetCore.Http.HttpContext" /> associated with the current request.<para>这 <see cref="t:microsoft.aspnetcore.http.httpcontext" /> 与当前请求关联.</para></param>
      <param name="ambientValues">The set of route values associated with the current request.<para>与当前请求关联的路由值集.</para></param>
      <param name="values">The set of new values provided for virtual path generation.<para>为虚拟路径生成提供的新值集.</para></param>
      <param name="routeName">The name of the route to use for virtual path generation.<para>用于虚拟路径生成的路由的名称.</para></param>
    </member>
    <member name="P:Microsoft.AspNetCore.Routing.VirtualPathContext.AmbientValues">
      <summary>Gets the set of route values associated with the current request.<para>获取与当前请求关联的路由值集.</para></summary>
    </member>
    <member name="P:Microsoft.AspNetCore.Routing.VirtualPathContext.HttpContext">
      <summary>Gets the <see cref="T:Microsoft.AspNetCore.Http.HttpContext" /> associated with the current request.<para>获取 <see cref="t:microsoft.aspnetcore.http.httpcontext" /> 与当前请求关联.</para></summary>
    </member>
    <member name="P:Microsoft.AspNetCore.Routing.VirtualPathContext.RouteName">
      <summary>Gets the name of the route to use for virtual path generation.<para>获取用于虚拟路径生成的路由的名称.</para></summary>
    </member>
    <member name="P:Microsoft.AspNetCore.Routing.VirtualPathContext.Values">
      <summary>Gets or sets the set of new values provided for virtual path generation.<para>获取或设置为虚拟路径生成提供的新值集.</para></summary>
    </member>
    <member name="T:Microsoft.AspNetCore.Routing.VirtualPathData">
      <summary>Represents information about the route and virtual path that are the result of
            generating a URL with the ASP.NET routing middleware.<para>表示有关路由和虚拟路径的信息,这些信息是 使用 asp.net 路由中间件生成 url.</para></summary>
    </member>
    <member name="M:Microsoft.AspNetCore.Routing.VirtualPathData.#ctor(Microsoft.AspNetCore.Routing.IRouter,System.String)">
      <summary>Initializes a new instance of the <see cref="T:Microsoft.AspNetCore.Routing.VirtualPathData" /> class.<para>初始化 <see cref="t:microsoft.aspnetcore.routing.virtualpathdata" /> .class.</para></summary>
      <param name="router">The object that is used to generate the URL.<para>用于生成 url 的对象.</para></param>
      <param name="virtualPath">The generated URL.<para>生成的网址.</para></param>
    </member>
    <member name="M:Microsoft.AspNetCore.Routing.VirtualPathData.#ctor(Microsoft.AspNetCore.Routing.IRouter,System.String,Microsoft.AspNetCore.Routing.RouteValueDictionary)">
      <summary>Initializes a new instance of the <see cref="T:Microsoft.AspNetCore.Routing.VirtualPathData" /> class.<para>初始化 <see cref="t:microsoft.aspnetcore.routing.virtualpathdata" /> .class.</para></summary>
      <param name="router">The object that is used to generate the URL.<para>用于生成 url 的对象.</para></param>
      <param name="virtualPath">The generated URL.<para>生成的网址.</para></param>
      <param name="dataTokens">The collection of custom values.<para>自定义值的集合.</para></param>
    </member>
    <member name="P:Microsoft.AspNetCore.Routing.VirtualPathData.DataTokens">
      <summary>Gets the collection of custom values for the <see cref="P:Microsoft.AspNetCore.Routing.VirtualPathData.Router" />.<para>获取 <see cref="p:microsoft.aspnetcore.routing.virtualpathdata.router" /> .</para></summary>
    </member>
    <member name="P:Microsoft.AspNetCore.Routing.VirtualPathData.Router">
      <summary>Gets or sets the <see cref="T:Microsoft.AspNetCore.Routing.IRouter" /> that was used to generate the URL.<para>获取或设置 <see cref="t:microsoft.aspnetcore.routing.irouter" /> 用于生成 url.</para></summary>
    </member>
    <member name="P:Microsoft.AspNetCore.Routing.VirtualPathData.VirtualPath">
      <summary>Gets or sets the URL that was generated from the <see cref="P:Microsoft.AspNetCore.Routing.VirtualPathData.Router" />.<para>获取或设置从 <see cref="p:microsoft.aspnetcore.routing.virtualpathdata.router" /> .</para></summary>
    </member>
    <member name="M:Microsoft.Extensions.Internal.PropertyHelper.#ctor(System.Reflection.PropertyInfo)">
      <summary>Initializes a fast <see cref="T:Microsoft.Extensions.Internal.PropertyHelper" />.
            This constructor does not cache the helper. For caching, use <see cref="M:Microsoft.Extensions.Internal.PropertyHelper.GetProperties(System.Type)" />.<para>初始化快速 <see cref="T:Microsoft.Extensions.Internal.PropertyHelper" />. 此构造函数不缓存帮助程序.对于缓存,请使用 <see cref="M:Microsoft.Extensions.Internal.PropertyHelper.GetProperties(System.Type)" />.</para></summary>
    </member>
    <member name="P:Microsoft.Extensions.Internal.PropertyHelper.Property">
      <summary>Gets the backing <see cref="T:System.Reflection.PropertyInfo" />.<para>获取后备 <see cref="T:System.Reflection.PropertyInfo" />.</para></summary>
    </member>
    <member name="P:Microsoft.Extensions.Internal.PropertyHelper.Name">
      <summary>Gets (or sets in derived types) the property name.<para>获取（或在派生类型中设置）属性名称.</para></summary>
    </member>
    <member name="P:Microsoft.Extensions.Internal.PropertyHelper.ValueGetter">
      <summary>Gets the property value getter.<para>获取属性值 getter.</para></summary>
    </member>
    <member name="P:Microsoft.Extensions.Internal.PropertyHelper.ValueSetter">
      <summary>Gets the property value setter.<para>获取属性值设置器.</para></summary>
    </member>
    <member name="M:Microsoft.Extensions.Internal.PropertyHelper.GetValue(System.Object)">
      <summary>Returns the property value for the specified <paramref name="instance" />.<para>返回指定 <paramref name="instance" /> 的属性值.</para></summary>
      <param name="instance">The object whose property value will be returned.<para>将返回其属性值的对象.</para></param>
      <returns>The property value.<para>属性值.</para></returns>
    </member>
    <member name="M:Microsoft.Extensions.Internal.PropertyHelper.SetValue(System.Object,System.Object)">
      <summary>Sets the property value for the specified <paramref name="instance" />.<para>设置指定的 <paramref name="instance" /> 的属性值.</para></summary>
      <param name="instance">The object whose property value will be set.<para>将设置其属性值的对象.</para></param>
      <param name="value">The property value.<para>属性值.</para></param>
    </member>
    <member name="M:Microsoft.Extensions.Internal.PropertyHelper.GetProperties(System.Type)">
      <summary>Creates and caches fast property helpers that expose getters for every public get property on the
            specified type.<para>创建并缓存快速属性帮助程序,这些帮助程序为服务器上的每个公共获取属性公开 getter 指定的类型.</para></summary>
      <param name="type">The type to extract property accessors for.<para>要为其提取属性访问器的类型.</para></param>
      <returns>A cached array of all public properties of the specified type.<para>指定类型的所有公共属性的缓存数组.</para></returns>
    </member>
    <member name="M:Microsoft.Extensions.Internal.PropertyHelper.GetVisibleProperties(System.Type)">
      <summary>
        <para>
            Creates and caches fast property helpers that expose getters for every non-hidden get property
            on the specified type.
            </para>
        <para>
          <see cref="M:GetVisibleProperties" /> excludes properties defined on base types that have been
            hidden by definitions using the <c>new</c> keyword.
            </para>
        <para>
          <para> 创建并缓存快速属性帮助程序,为每个非隐藏的 get 属性公开 getter 在指定的类型上. </para>
          <para> <see cref="m:getvisibleproperties" /> 排除在已 由使用 <c>new</c> 关键字的定义隐藏. </para>
        </para>
      </summary>
      <param name="type">The type to extract property accessors for.<para>要为其提取属性访问器的类型.</para></param>
      <returns>A cached array of all public properties of the specified type.<para>指定类型的所有公共属性的缓存数组.</para></returns>
    </member>
    <member name="M:Microsoft.Extensions.Internal.PropertyHelper.MakeFastPropertyGetter(System.Reflection.PropertyInfo)">
      <summary>Creates a single fast property getter. The result is not cached.<para>创建单个快速属性获取器.结果未缓存.</para></summary>
      <param name="propertyInfo">propertyInfo to extract the getter for.<para>属性要提取吸气剂的信息.</para></param>
      <returns>a fast getter.<para>一个快速的获得者.</para></returns>
      <remarks>This method is more memory efficient than a dynamically compiled lambda, and about the
            same speed.<para>此方法比动态编译的 lambda 更节省内存,并且关于 相同的速度.</para></remarks>
    </member>
    <member name="M:Microsoft.Extensions.Internal.PropertyHelper.MakeNullSafeFastPropertyGetter(System.Reflection.PropertyInfo)">
      <summary>Creates a single fast property getter which is safe for a null input object. The result is not cached.<para>创建单个快速属性 getter,该属性对于空输入对象是安全的.结果未缓存.</para></summary>
      <param name="propertyInfo">propertyInfo to extract the getter for.<para>属性要提取吸气剂的信息.</para></param>
      <returns>a fast getter.<para>一个快速的获得者.</para></returns>
      <remarks>This method is more memory efficient than a dynamically compiled lambda, and about the
            same speed.<para>此方法比动态编译的 lambda 更节省内存,并且关于 相同的速度.</para></remarks>
    </member>
    <member name="M:Microsoft.Extensions.Internal.PropertyHelper.MakeFastPropertySetter(System.Reflection.PropertyInfo)">
      <summary>Creates a single fast property setter for reference types. The result is not cached.<para>为引用类型创建单个快速属性资源库.结果未缓存.</para></summary>
      <param name="propertyInfo">propertyInfo to extract the setter for.<para>属性要提取其二传手的信息.</para></param>
      <returns>a fast getter.<para>一个快速的获得者.</para></returns>
      <remarks>This method is more memory efficient than a dynamically compiled lambda, and about the
            same speed. This only works for reference types.<para>此方法比动态编译的 lambda 更节省内存,并且关于 相同的速度.这仅适用于引用类型.</para></remarks>
    </member>
    <member name="M:Microsoft.Extensions.Internal.PropertyHelper.ObjectToDictionary(System.Object)">
      <summary>Given an object, adds each instance property with a public get method as a key and its
             associated value to a dictionary.
            
             If the object is already an <see cref="T:System.Collections.Generic.IDictionary`2" /> instance, then a copy
             is returned.<para>给定一个对象,将每个实例属性与公共 get 方法添加为键,其 与字典关联的值. 如果对象已经是 <see cref="T:System.Collections.Generic.IDictionary`2" /> 实例,则复制 被返回.</para></summary>
      <remarks>The implementation of PropertyHelper will cache the property accessors per-type. This is
             faster when the same type is used multiple times with ObjectToDictionary.<para>属性帮助程序的实现将按类型缓存属性访问器.这是 当同一类型与 objecttodictionary 多次一起使用时速度更快.</para></remarks>
    </member>
    <member name="M:Microsoft.Extensions.Internal.PropertyHelper.GetVisibleProperties(System.Type,System.Collections.Concurrent.ConcurrentDictionary{System.Type,Microsoft.Extensions.Internal.PropertyHelper[]},System.Collections.Concurrent.ConcurrentDictionary{System.Type,Microsoft.Extensions.Internal.PropertyHelper[]})">
      <summary>
        <para>
            Creates and caches fast property helpers that expose getters for every non-hidden get property
            on the specified type.
            </para>
        <para>
          <see cref="M:GetVisibleProperties" /> excludes properties defined on base types that have been
            hidden by definitions using the <c>new</c> keyword.
            </para>
        <para>
          <para> 创建并缓存快速属性帮助程序,为每个非隐藏的 get 属性公开 getter 在指定的类型上. </para>
          <para> <see cref="m:getvisibleproperties" /> 排除在已 由使用 <c>new</c> 关键字的定义隐藏. </para>
        </para>
      </summary>
      <param name="type">The type to extract property accessors for.<para>要为其提取属性访问器的类型.</para></param>
      <param name="allPropertiesCache">The cache to store results in. Use <see cref="F:Microsoft.Extensions.Internal.PropertyHelper.PropertiesCache" /> to use the default cache. Use <see langword="null" /> to avoid caching.<para>要存储结果的缓存.使用 <see cref="F:Microsoft.Extensions.Internal.PropertyHelper.PropertiesCache" /> 使用默认缓存.使用 <see langword="null" /> 以避免缓存.</para></param>
      <param name="visiblePropertiesCache">The cache to store results in. Use <see cref="F:Microsoft.Extensions.Internal.PropertyHelper.VisiblePropertiesCache" /> if the calling type does not have its own independent cache. Use <see langword="null" /> to avoid caching.<para>要存储结果的缓存.如果调用类型没有自己的独立缓存,请使用 <see cref="F:Microsoft.Extensions.Internal.PropertyHelper.VisiblePropertiesCache" />.使用 <see langword="null" /> 以避免缓存.</para></param>
      <returns>A cached array of all public properties of the specified type.<para>指定类型的所有公共属性的缓存数组.</para></returns>
    </member>
    <member name="M:Microsoft.Extensions.Internal.PropertyHelper.GetProperties(System.Type,System.Collections.Concurrent.ConcurrentDictionary{System.Type,Microsoft.Extensions.Internal.PropertyHelper[]})">
      <summary>Creates and caches fast property helpers that expose getters for every public get property on the
            specified type.<para>创建并缓存快速属性帮助程序,这些帮助程序为服务器上的每个公共获取属性公开 getter 指定的类型.</para></summary>
      <param name="type">The type to extract property accessors for.<para>要为其提取属性访问器的类型.</para></param>
      <param name="cache">The cache to store results in. Use <see cref="F:Microsoft.Extensions.Internal.PropertyHelper.PropertiesCache" /> to use the default cache. Use <see langword="null" /> to avoid caching.<para>要存储结果的缓存.使用 <see cref="F:Microsoft.Extensions.Internal.PropertyHelper.PropertiesCache" /> 使用默认缓存.使用 <see langword="null" /> 以避免缓存.</para></param>
      <returns>A cached array of all public properties of the specified type.<para>指定类型的所有公共属性的缓存数组.</para></returns>
    </member>
    <member name="M:Microsoft.Extensions.Internal.PropertyHelper.MetadataUpdateHandler.ClearCache(System.Type[])">
      <summary>Invoked as part of <see cref="T:System.Reflection.Metadata.MetadataUpdateHandlerAttribute" /> contract for hot reload.<para>作为 <see cref="t:system.reflection.metadata.metadataupdatehandlerattribute" /> 热重载合同.</para></summary>
    </member>
  </members>
</doc>