<?xml version="1.0"?>
<doc>
  <assembly>
    <name>Microsoft.Extensions.Configuration.Abstractions</name>
  </assembly>
  <members>
    <member name="T:Microsoft.Extensions.Configuration.ConfigurationDebugViewContext">
      <summary>Provides the data about current item of the configuration.<para>提供有关配置的当前项的数据.</para></summary>
    </member>
    <member name="P:Microsoft.Extensions.Configuration.ConfigurationDebugViewContext.Path">
      <summary>Gets the path of the current item.<para>获取当前项的路径.</para></summary>
    </member>
    <member name="P:Microsoft.Extensions.Configuration.ConfigurationDebugViewContext.Key">
      <summary>Gets the key of the current item.<para>获取当前项的键.</para></summary>
    </member>
    <member name="P:Microsoft.Extensions.Configuration.ConfigurationDebugViewContext.Value">
      <summary>Gets the value of the current item.<para>获取当前项的值.</para></summary>
    </member>
    <member name="P:Microsoft.Extensions.Configuration.ConfigurationDebugViewContext.ConfigurationProvider">
      <summary>Gets the <see cref="T:Microsoft.Extensions.Configuration.IConfigurationProvider" /> that was used to get the value of the current item.<para>获取用于获取当前项的值的 <see cref="T:Microsoft.Extensions.Configuration.IConfigurationProvider" />.</para></summary>
    </member>
    <member name="T:Microsoft.Extensions.Configuration.ConfigurationExtensions">
      <summary>Extension methods for configuration classes./&gt;.<para>配置类的扩展方法./&gt;.</para></summary>
    </member>
    <member name="M:Microsoft.Extensions.Configuration.ConfigurationExtensions.Add``1(Microsoft.Extensions.Configuration.IConfigurationBuilder,System.Action{``0})">
      <summary>Adds a new configuration source.<para>添加新的配置源.</para></summary>
      <param name="builder">The builder to add to.<para>要添加到的生成器.</para></param>
      <param name="configureSource">Configures the source secrets.<para>配置源密钥.</para></param>
      <returns>The <see cref="T:Microsoft.Extensions.Configuration.IConfigurationBuilder" />.<para>的 <see cref="T:Microsoft.Extensions.Configuration.IConfigurationBuilder" />.</para></returns>
    </member>
    <member name="M:Microsoft.Extensions.Configuration.ConfigurationExtensions.GetConnectionString(Microsoft.Extensions.Configuration.IConfiguration,System.String)">
      <summary>Shorthand for GetSection("ConnectionStrings")[name].<para>getsection（"connectionstrings"）[name] 的简写.</para></summary>
      <param name="configuration">The configuration to enumerate.<para>要枚举的配置.</para></param>
      <param name="name">The connection string key.<para>连接字符串密钥.</para></param>
      <returns>The connection string.<para>连接字符串.</para></returns>
    </member>
    <member name="M:Microsoft.Extensions.Configuration.ConfigurationExtensions.AsEnumerable(Microsoft.Extensions.Configuration.IConfiguration)">
      <summary>Get the enumeration of key value pairs within the <see cref="T:Microsoft.Extensions.Configuration.IConfiguration" /><para>获取 <see cref="T:Microsoft.Extensions.Configuration.IConfiguration" /> 中的键值对的枚举</para></summary>
      <param name="configuration">The configuration to enumerate.<para>要枚举的配置.</para></param>
      <returns>An enumeration of key value pairs.<para>键值对的枚举.</para></returns>
    </member>
    <member name="M:Microsoft.Extensions.Configuration.ConfigurationExtensions.AsEnumerable(Microsoft.Extensions.Configuration.IConfiguration,System.Boolean)">
      <summary>Get the enumeration of key value pairs within the <see cref="T:Microsoft.Extensions.Configuration.IConfiguration" /><para>获取 <see cref="T:Microsoft.Extensions.Configuration.IConfiguration" /> 中的键值对的枚举</para></summary>
      <param name="configuration">The configuration to enumerate.<para>要枚举的配置.</para></param>
      <param name="makePathsRelative">If true, the child keys returned will have the current configuration's Path trimmed from the front.<para>如果为 true,则返回的子键将从前面修剪当前配置的路径.</para></param>
      <returns>An enumeration of key value pairs.<para>键值对的枚举.</para></returns>
    </member>
    <member name="M:Microsoft.Extensions.Configuration.ConfigurationExtensions.Exists(Microsoft.Extensions.Configuration.IConfigurationSection)">
      <summary>Determines whether the section has a <see cref="P:Microsoft.Extensions.Configuration.IConfigurationSection.Value" /> or has children<para>确定该节是具有 <see cref="P:Microsoft.Extensions.Configuration.IConfigurationSection.Value" /> 还是具有子项</para></summary>
      <param name="section">The section to enumerate.<para>要枚举的部分.</para></param>
      <returns>
        <see langword="true" /> if the section has values or children; otherwise, <see langword="false" />.<para><see langword="true" /> 如果该部分具有值或子项;否则,<see langword="false" />.</para></returns>
    </member>
    <member name="M:Microsoft.Extensions.Configuration.ConfigurationExtensions.GetRequiredSection(Microsoft.Extensions.Configuration.IConfiguration,System.String)">
      <summary>Gets a configuration sub-section with the specified key.<para>获取具有指定键的配置子节.</para></summary>
      <param name="configuration">The configuration to enumerate.<para>要枚举的配置.</para></param>
      <param name="key">The key of the configuration section.<para>配置部分的键.</para></param>
      <returns>The <see cref="T:Microsoft.Extensions.Configuration.IConfigurationSection" />.<para>的 <see cref="T:Microsoft.Extensions.Configuration.IConfigurationSection" />.</para></returns>
      <remarks>If no matching sub-section is found with the specified key, an exception is raised.<para>如果未找到与指定键匹配的子节,则会引发异常.</para></remarks>
      <exception cref="T:System.InvalidOperationException">There is no section with key <paramref name="key" />.<para>没有带有键 <paramref name="key" /> 的部分.</para></exception>
    </member>
    <member name="T:Microsoft.Extensions.Configuration.ConfigurationPath">
      <summary>Utility methods and constants for manipulating Configuration paths<para>用于操作配置路径的实用程序方法和常量</para></summary>
    </member>
    <member name="F:Microsoft.Extensions.Configuration.ConfigurationPath.KeyDelimiter">
      <summary>The delimiter ":" used to separate individual keys in a path.<para>用于分隔路径中各个键的分隔符 ":".</para></summary>
    </member>
    <member name="M:Microsoft.Extensions.Configuration.ConfigurationPath.Combine(System.String[])">
      <summary>Combines path segments into one path.<para>将路径段合并为一条路径.</para></summary>
      <param name="pathSegments">The path segments to combine.<para>要合并的路径段.</para></param>
      <returns>The combined path.<para>组合路径.</para></returns>
    </member>
    <member name="M:Microsoft.Extensions.Configuration.ConfigurationPath.Combine(System.Collections.Generic.IEnumerable{System.String})">
      <summary>Combines path segments into one path.<para>将路径段合并为一条路径.</para></summary>
      <param name="pathSegments">The path segments to combine.<para>要合并的路径段.</para></param>
      <returns>The combined path.<para>组合路径.</para></returns>
    </member>
    <member name="M:Microsoft.Extensions.Configuration.ConfigurationPath.GetSectionKey(System.String)">
      <summary>Extracts the last path segment from the path.<para>从路径中提取最后一个路径段.</para></summary>
      <param name="path">The path.<para>路径.</para></param>
      <returns>The last path segment of the path.<para>路径的最后一个路径段.</para></returns>
    </member>
    <member name="M:Microsoft.Extensions.Configuration.ConfigurationPath.GetParentPath(System.String)">
      <summary>Extracts the path corresponding to the parent node for a given path.<para>提取与给定路径的父节点对应的路径.</para></summary>
      <param name="path">The path.<para>路径.</para></param>
      <returns>The original path minus the last individual segment found in it. Null if the original path corresponds to a top level node.<para>原始路径减去在其中找到的最后一个单独段.如果原始路径对应于顶级节点,则为 null.</para></returns>
    </member>
    <member name="T:Microsoft.Extensions.Configuration.ConfigurationRootExtensions">
      <summary>Extension methods for <see cref="T:Microsoft.Extensions.Configuration.IConfigurationRoot" />.<para><see cref="T:Microsoft.Extensions.Configuration.IConfigurationRoot" /> 的扩展方法.</para></summary>
    </member>
    <member name="M:Microsoft.Extensions.Configuration.ConfigurationRootExtensions.GetDebugView(Microsoft.Extensions.Configuration.IConfigurationRoot)">
      <summary>Generates a human-readable view of the configuration showing where each value came from.<para>生成人类可读的配置视图,显示每个值的来源.</para></summary>
      <returns>The debug view.<para>调试视图.</para></returns>
    </member>
    <member name="M:Microsoft.Extensions.Configuration.ConfigurationRootExtensions.GetDebugView(Microsoft.Extensions.Configuration.IConfigurationRoot,System.Func{Microsoft.Extensions.Configuration.ConfigurationDebugViewContext,System.String})">
      <summary>Generates a human-readable view of the configuration showing where each value came from.<para>生成人类可读的配置视图,显示每个值的来源.</para></summary>
      <param name="root">Configuration root<para>配置根</para></param>
      <param name="processValue">Function for processing the value e.g. hiding secrets
            Parameters:
              ConfigurationDebugViewContext: Context of the current configuration item
              returns: A string value is used to assign as the Value of the configuration section<para>用于处理值（例如隐藏机密）的函数 参数: 配置调试视图上下文:当前配置项的上下文 返回:字符串值用于分配为配置部分的值</para></param>
      <returns>The debug view.<para>调试视图.</para></returns>
    </member>
    <member name="T:Microsoft.Extensions.Configuration.IConfiguration">
      <summary>Represents a set of key/value application configuration properties.<para>表示一组键/值应用程序配置属性.</para></summary>
    </member>
    <member name="P:Microsoft.Extensions.Configuration.IConfiguration.Item(System.String)">
      <summary>Gets or sets a configuration value.<para>获取或设置配置值.</para></summary>
      <param name="key">The configuration key.<para>配置键.</para></param>
      <returns>The configuration value.<para>配置值.</para></returns>
    </member>
    <member name="M:Microsoft.Extensions.Configuration.IConfiguration.GetSection(System.String)">
      <summary>Gets a configuration sub-section with the specified key.<para>获取具有指定键的配置子节.</para></summary>
      <param name="key">The key of the configuration section.<para>配置部分的键.</para></param>
      <returns>The <see cref="T:Microsoft.Extensions.Configuration.IConfigurationSection" />.<para>的 <see cref="T:Microsoft.Extensions.Configuration.IConfigurationSection" />.</para></returns>
      <remarks>This method will never return <c>null</c>. If no matching sub-section is found with the specified key,
                an empty <see cref="T:Microsoft.Extensions.Configuration.IConfigurationSection" /> will be returned.<para>此方法永远不会返回 <c>null</c>.如果未找到与指定键匹配的子节, 将返回一个空的 <see cref="T:Microsoft.Extensions.Configuration.IConfigurationSection" />.</para></remarks>
    </member>
    <member name="M:Microsoft.Extensions.Configuration.IConfiguration.GetChildren">
      <summary>Gets the immediate descendant configuration sub-sections.<para>获取直接后代配置子节.</para></summary>
      <returns>The configuration sub-sections.<para>配置子部分.</para></returns>
    </member>
    <member name="M:Microsoft.Extensions.Configuration.IConfiguration.GetReloadToken">
      <summary>Returns a <see cref="T:Microsoft.Extensions.Primitives.IChangeToken" /> that can be used to observe when this configuration is reloaded.<para>返回一个 <see cref="T:Microsoft.Extensions.Primitives.IChangeToken" />,可用于观察何时重新加载此配置.</para></summary>
      <returns>A <see cref="T:Microsoft.Extensions.Primitives.IChangeToken" />.<para>a <see cref="T:Microsoft.Extensions.Primitives.IChangeToken" />.</para></returns>
    </member>
    <member name="T:Microsoft.Extensions.Configuration.IConfigurationBuilder">
      <summary>Represents a type used to build application configuration.<para>表示用于生成应用程序配置的类型.</para></summary>
    </member>
    <member name="P:Microsoft.Extensions.Configuration.IConfigurationBuilder.Properties">
      <summary>Gets a key/value collection that can be used to share data between the <see cref="T:Microsoft.Extensions.Configuration.IConfigurationBuilder" />
            and the registered <see cref="T:Microsoft.Extensions.Configuration.IConfigurationSource" />s.<para>获取可用于在 <see cref="T:Microsoft.Extensions.Configuration.IConfigurationBuilder" /> 之间共享数据的键/值集合 和注册的 <see cref="T:Microsoft.Extensions.Configuration.IConfigurationSource" />.</para></summary>
    </member>
    <member name="P:Microsoft.Extensions.Configuration.IConfigurationBuilder.Sources">
      <summary>Gets the sources used to obtain configuration values<para>获取用于获取配置值的源</para></summary>
    </member>
    <member name="M:Microsoft.Extensions.Configuration.IConfigurationBuilder.Add(Microsoft.Extensions.Configuration.IConfigurationSource)">
      <summary>Adds a new configuration source.<para>添加新的配置源.</para></summary>
      <param name="source">The configuration source to add.<para>要添加的配置源.</para></param>
      <returns>The same <see cref="T:Microsoft.Extensions.Configuration.IConfigurationBuilder" />.<para>相同的<see cref="T:Microsoft.Extensions.Configuration.IConfigurationBuilder" />.</para></returns>
    </member>
    <member name="M:Microsoft.Extensions.Configuration.IConfigurationBuilder.Build">
      <summary>Builds an <see cref="T:Microsoft.Extensions.Configuration.IConfiguration" /> with keys and values from the set of sources registered in
            <see cref="P:Microsoft.Extensions.Configuration.IConfigurationBuilder.Sources" />.<para>使用在 中注册的源集中的键和值生成 <see cref="T:Microsoft.Extensions.Configuration.IConfiguration" /> <see cref="P:Microsoft.Extensions.Configuration.IConfigurationBuilder.Sources" />.</para></summary>
      <returns>An <see cref="T:Microsoft.Extensions.Configuration.IConfigurationRoot" /> with keys and values from the registered sources.<para>一个 <see cref="T:Microsoft.Extensions.Configuration.IConfigurationRoot" />,其中包含来自已注册源的键和值.</para></returns>
    </member>
    <member name="T:Microsoft.Extensions.Configuration.IConfigurationProvider">
      <summary>Provides configuration key/values for an application.<para>为应用程序提供配置键/值.</para></summary>
    </member>
    <member name="M:Microsoft.Extensions.Configuration.IConfigurationProvider.TryGet(System.String,System.String@)">
      <summary>Tries to get a configuration value for the specified key.<para>尝试获取指定键的配置值.</para></summary>
      <param name="key">The key.<para>关键.</para></param>
      <param name="value">The value.<para>值.</para></param>
      <returns>
        <c>True</c> if a value for the specified key was found, otherwise <c>false</c>.<para><c>True</c>,如果找到指定键的值,否则 <c>false</c>.</para></returns>
    </member>
    <member name="M:Microsoft.Extensions.Configuration.IConfigurationProvider.Set(System.String,System.String)">
      <summary>Sets a configuration value for the specified key.<para>设置指定键的配置值.</para></summary>
      <param name="key">The key.<para>关键.</para></param>
      <param name="value">The value.<para>值.</para></param>
    </member>
    <member name="M:Microsoft.Extensions.Configuration.IConfigurationProvider.GetReloadToken">
      <summary>Returns a change token if this provider supports change tracking, null otherwise.<para>如果此提供程序支持更改跟踪,则返回更改令牌,否则返回 null.</para></summary>
      <returns>The change token.<para>更改令牌.</para></returns>
    </member>
    <member name="M:Microsoft.Extensions.Configuration.IConfigurationProvider.Load">
      <summary>Loads configuration values from the source represented by this <see cref="T:Microsoft.Extensions.Configuration.IConfigurationProvider" />.<para>从此 <see cref="T:Microsoft.Extensions.Configuration.IConfigurationProvider" /> 表示的源加载配置值.</para></summary>
    </member>
    <member name="M:Microsoft.Extensions.Configuration.IConfigurationProvider.GetChildKeys(System.Collections.Generic.IEnumerable{System.String},System.String)">
      <summary>Returns the immediate descendant configuration keys for a given parent path based on this
            <see cref="T:Microsoft.Extensions.Configuration.IConfigurationProvider" />s data and the set of keys returned by all the preceding
            <see cref="T:Microsoft.Extensions.Configuration.IConfigurationProvider" />s.<para>基于此返回给定父路径的直接后代配置键 <see cref="T:Microsoft.Extensions.Configuration.IConfigurationProvider" /> 的数据和前面所有返回的键集 <see cref="T:Microsoft.Extensions.Configuration.IConfigurationProvider" />s.</para></summary>
      <param name="earlierKeys">The child keys returned by the preceding providers for the same parent path.<para>上述提供程序为同一父路径返回的子键.</para></param>
      <param name="parentPath">The parent path.<para>父路径.</para></param>
      <returns>The child keys.<para>子项.</para></returns>
    </member>
    <member name="T:Microsoft.Extensions.Configuration.IConfigurationRoot">
      <summary>Represents the root of an <see cref="T:Microsoft.Extensions.Configuration.IConfiguration" /> hierarchy.<para>表示 <see cref="T:Microsoft.Extensions.Configuration.IConfiguration" /> 层次结构的根.</para></summary>
    </member>
    <member name="M:Microsoft.Extensions.Configuration.IConfigurationRoot.Reload">
      <summary>Force the configuration values to be reloaded from the underlying <see cref="T:Microsoft.Extensions.Configuration.IConfigurationProvider" />s.<para>强制从基础 <see cref="T:Microsoft.Extensions.Configuration.IConfigurationProvider" /> 重新加载配置值.</para></summary>
    </member>
    <member name="P:Microsoft.Extensions.Configuration.IConfigurationRoot.Providers">
      <summary>The <see cref="T:Microsoft.Extensions.Configuration.IConfigurationProvider" />s for this configuration.<para>此配置的 <see cref="T:Microsoft.Extensions.Configuration.IConfigurationProvider" />.</para></summary>
    </member>
    <member name="T:Microsoft.Extensions.Configuration.IConfigurationSection">
      <summary>Represents a section of application configuration values.<para>表示应用程序配置值的一部分.</para></summary>
    </member>
    <member name="P:Microsoft.Extensions.Configuration.IConfigurationSection.Key">
      <summary>Gets the key this section occupies in its parent.<para>获取此部分在其父项中占用的键.</para></summary>
    </member>
    <member name="P:Microsoft.Extensions.Configuration.IConfigurationSection.Path">
      <summary>Gets the full path to this section within the <see cref="T:Microsoft.Extensions.Configuration.IConfiguration" />.<para>获取 <see cref="T:Microsoft.Extensions.Configuration.IConfiguration" /> 中此部分的完整路径.</para></summary>
    </member>
    <member name="P:Microsoft.Extensions.Configuration.IConfigurationSection.Value">
      <summary>Gets or sets the section value.<para>获取或设置节值.</para></summary>
    </member>
    <member name="T:Microsoft.Extensions.Configuration.IConfigurationSource">
      <summary>Represents a source of configuration key/values for an application.<para>表示应用程序的配置键/值的来源.</para></summary>
    </member>
    <member name="M:Microsoft.Extensions.Configuration.IConfigurationSource.Build(Microsoft.Extensions.Configuration.IConfigurationBuilder)">
      <summary>Builds the <see cref="T:Microsoft.Extensions.Configuration.IConfigurationProvider" /> for this source.<para>为此源生成 <see cref="T:Microsoft.Extensions.Configuration.IConfigurationProvider" />.</para></summary>
      <param name="builder">The <see cref="T:Microsoft.Extensions.Configuration.IConfigurationBuilder" />.<para>的 <see cref="T:Microsoft.Extensions.Configuration.IConfigurationBuilder" />.</para></param>
      <returns>An <see cref="T:Microsoft.Extensions.Configuration.IConfigurationProvider" /><para>一个 <see cref="T:Microsoft.Extensions.Configuration.IConfigurationProvider" /></para></returns>
    </member>
    <member name="M:System.ThrowHelper.ThrowIfNull(System.Object,System.String)">
      <summary>Throws an <see cref="T:System.ArgumentNullException" /> if <paramref name="argument" /> is null.<para>抛出一个 <see cref="t:system.argumentnullexception" /> 如果 <paramref name="argument" /> 为空.</para></summary>
      <param name="argument">The reference type argument to validate as non-null.<para>要验证为非 null 的引用类型参数.</para></param>
      <param name="paramName">The name of the parameter with which <paramref name="argument" /> corresponds.<para><paramref name="argument" /> 对应的参数的名称.</para></param>
    </member>
    <member name="P:System.SR.InvalidSectionName">
      <summary>Section '{0}' not found in configuration.<para>在配置中找不到"{0}"部分.</para></summary>
    </member>
  </members>
</doc>