<?xml version="1.0"?>
<doc>
  <assembly>
    <name>Microsoft.AspNetCore.Cryptography.KeyDerivation</name>
  </assembly>
  <members>
    <member name="T:Microsoft.AspNetCore.Cryptography.KeyDerivation.KeyDerivation">
      <summary>Provides algorithms for performing key derivation.<para>提供用于执行密钥派生的算法.</para></summary>
    </member>
    <member name="M:Microsoft.AspNetCore.Cryptography.KeyDerivation.KeyDerivation.Pbkdf2(System.String,System.Byte[],Microsoft.AspNetCore.Cryptography.KeyDerivation.KeyDerivationPrf,System.Int32,System.Int32)">
      <summary>Performs key derivation using the PBKDF2 algorithm.<para>使用 pbkdf2 算法执行密钥派生.</para></summary>
      <param name="password">The password from which to derive the key.<para>从中派生密钥的密码.</para></param>
      <param name="salt">The salt to be used during the key derivation process.<para>密钥派生过程中要使用的盐.</para></param>
      <param name="prf">The pseudo-random function to be used in the key derivation process.<para>密钥派生过程中要使用的伪随机函数.</para></param>
      <param name="iterationCount">The number of iterations of the pseudo-random function to apply
            during the key derivation process.<para>要应用的伪随机函数的迭代次数 在密钥派生过程中.</para></param>
      <param name="numBytesRequested">The desired length (in bytes) of the derived key.<para>派生密钥的所需长度（以字节为单位）.</para></param>
      <returns>The derived key.<para>派生密钥.</para></returns>
      <remarks>The PBKDF2 algorithm is specified in RFC 2898.<para>pbkdf2 算法在 rfc 2898 中指定.</para></remarks>
    </member>
    <member name="T:Microsoft.AspNetCore.Cryptography.KeyDerivation.KeyDerivationPrf">
      <summary>Specifies the PRF which should be used for the key derivation algorithm.<para>指定应用于密钥派生算法的 prf.</para></summary>
    </member>
    <member name="F:Microsoft.AspNetCore.Cryptography.KeyDerivation.KeyDerivationPrf.HMACSHA1">
      <summary>The HMAC algorithm (RFC 2104) using the SHA-1 hash function (FIPS 180-4).<para>使用 sha-2104 哈希函数 （fips 1-180） 的 hmac 算法 （rfc 4）.</para></summary>
    </member>
    <member name="F:Microsoft.AspNetCore.Cryptography.KeyDerivation.KeyDerivationPrf.HMACSHA256">
      <summary>The HMAC algorithm (RFC 2104) using the SHA-256 hash function (FIPS 180-4).<para>使用 sha-2104 哈希函数 （fips 256-180） 的 hmac 算法 （rfc 4）.</para></summary>
    </member>
    <member name="F:Microsoft.AspNetCore.Cryptography.KeyDerivation.KeyDerivationPrf.HMACSHA512">
      <summary>The HMAC algorithm (RFC 2104) using the SHA-512 hash function (FIPS 180-4).<para>使用 sha-2104 哈希函数 （fips 512-180） 的 hmac 算法 （rfc 4）.</para></summary>
    </member>
    <member name="T:Microsoft.AspNetCore.Cryptography.KeyDerivation.PBKDF2.IPbkdf2Provider">
      <summary>Internal interface used for abstracting away the PBKDF2 implementation since the implementation is OS-specific.<para>用于抽象出pbkdf2实现的内部接口,因为该实现是特定于操作系统的.</para></summary>
    </member>
    <member name="T:Microsoft.AspNetCore.Cryptography.KeyDerivation.PBKDF2.ManagedPbkdf2Provider">
      <summary>A PBKDF2 provider which utilizes the managed hash algorithm classes as PRFs.
            This isn't the preferred provider since the implementation is slow, but it is provided as a fallback.<para>一个 pbkdf2 提供程序,它利用托管哈希算法类作为 prf. 这不是首选提供程序,因为实现速度很慢,但它是作为回退提供的.</para></summary>
    </member>
    <member name="T:Microsoft.AspNetCore.Cryptography.KeyDerivation.PBKDF2.NetCorePbkdf2Provider">
      <summary>Implements Pbkdf2 using <see cref="T:System.Security.Cryptography.Rfc2898DeriveBytes" />.<para>使用 <see cref="T:System.Security.Cryptography.Rfc2898DeriveBytes" /> 实现 pbkdf2.</para></summary>
    </member>
    <member name="T:Microsoft.AspNetCore.Cryptography.KeyDerivation.PBKDF2.Pbkdf2Util">
      <summary>Internal base class used for abstracting away the PBKDF2 implementation since the implementation is OS-specific.<para>用于抽象出 pbkdf2 实现的内部基类,因为该实现是特定于操作系统的.</para></summary>
    </member>
    <member name="T:Microsoft.AspNetCore.Cryptography.KeyDerivation.PBKDF2.Win7Pbkdf2Provider">
      <summary>A PBKDF2 provider which utilizes the Win7 API BCryptDeriveKeyPBKDF2.<para>一个pbkdf2提供程序,它利用win7 api bcryptderivekeypbkdf2.</para></summary>
    </member>
    <member name="T:Microsoft.AspNetCore.Cryptography.KeyDerivation.PBKDF2.Win8Pbkdf2Provider">
      <summary>A PBKDF2 provider which utilizes the Win8 API BCryptKeyDerivation.<para>一个pbkdf2提供程序,它利用win8 api bcryptkeyderivation.</para></summary>
    </member>
  </members>
</doc>