<?xml version="1.0"?>
<doc>
  <assembly>
    <name>Microsoft.Extensions.Logging.EventLog</name>
  </assembly>
  <members>
    <member name="T:Microsoft.Extensions.Logging.EventLoggerFactoryExtensions">
      <summary>Extension methods for the <see cref="T:Microsoft.Extensions.Logging.ILoggerFactory" /> class.<para><see cref="T:Microsoft.Extensions.Logging.ILoggerFactory" /> 类的扩展方法.</para></summary>
    </member>
    <member name="M:Microsoft.Extensions.Logging.EventLoggerFactoryExtensions.AddEventLog(Microsoft.Extensions.Logging.ILoggingBuilder)">
      <summary>Adds an event logger named 'EventLog' to the factory.<para>将名为"事件日志"的事件记录器添加到工厂.</para></summary>
      <param name="builder">The extension method argument.<para>扩展方法参数.</para></param>
      <returns>The <see cref="T:Microsoft.Extensions.Logging.ILoggingBuilder" /> so that additional calls can be chained.<para><see cref="T:Microsoft.Extensions.Logging.ILoggingBuilder" />,以便可以链接其他调用.</para></returns>
    </member>
    <member name="M:Microsoft.Extensions.Logging.EventLoggerFactoryExtensions.AddEventLog(Microsoft.Extensions.Logging.ILoggingBuilder,Microsoft.Extensions.Logging.EventLog.EventLogSettings)">
      <summary>Adds an event logger. Use <paramref name="settings" /> to enable logging for specific <see cref="T:Microsoft.Extensions.Logging.LogLevel" />s.<para>添加事件记录器.使用 <paramref name="settings" /> 为特定 <see cref="T:Microsoft.Extensions.Logging.LogLevel" /> 启用日志记录.</para></summary>
      <param name="builder">The extension method argument.<para>扩展方法参数.</para></param>
      <param name="settings">The <see cref="T:Microsoft.Extensions.Logging.EventLog.EventLogSettings" />.<para><see cref="T:Microsoft.Extensions.Logging.EventLog.EventLogSettings" />.</para></param>
      <returns>The <see cref="T:Microsoft.Extensions.Logging.ILoggingBuilder" /> so that additional calls can be chained.<para><see cref="T:Microsoft.Extensions.Logging.ILoggingBuilder" />,以便可以链接其他调用.</para></returns>
    </member>
    <member name="M:Microsoft.Extensions.Logging.EventLoggerFactoryExtensions.AddEventLog(Microsoft.Extensions.Logging.ILoggingBuilder,System.Action{Microsoft.Extensions.Logging.EventLog.EventLogSettings})">
      <summary>Adds an event logger. Use <paramref name="configure" /> to enable logging for specific <see cref="T:Microsoft.Extensions.Logging.LogLevel" />s.<para>添加事件记录器.使用 <paramref name="configure" /> 为特定 <see cref="T:Microsoft.Extensions.Logging.LogLevel" /> 启用日志记录.</para></summary>
      <param name="builder">The extension method argument.<para>扩展方法参数.</para></param>
      <param name="configure">A delegate to configure the <see cref="T:Microsoft.Extensions.Logging.EventLog.EventLogSettings" />.<para>用于配置 <see cref="T:Microsoft.Extensions.Logging.EventLog.EventLogSettings" /> 的委托.</para></param>
      <returns>The <see cref="T:Microsoft.Extensions.Logging.ILoggingBuilder" /> so that additional calls can be chained.<para><see cref="T:Microsoft.Extensions.Logging.ILoggingBuilder" />,以便可以链接其他调用.</para></returns>
    </member>
    <member name="T:Microsoft.Extensions.Logging.EventLog.EventLogLogger">
      <summary>A logger that writes messages to Windows Event Log.<para>将消息写入 windows 事件日志的记录器.</para></summary>
    </member>
    <member name="M:Microsoft.Extensions.Logging.EventLog.EventLogLogger.#ctor(System.String,Microsoft.Extensions.Logging.EventLog.EventLogSettings,Microsoft.Extensions.Logging.IExternalScopeProvider)">
      <summary>Initializes a new instance of the <see cref="T:Microsoft.Extensions.Logging.EventLog.EventLogLogger" /> class.<para>初始化 <see cref="T:Microsoft.Extensions.Logging.EventLog.EventLogLogger" /> 类的新实例.</para></summary>
      <param name="name">The name of the logger.<para>记录器的名称.</para></param>
      <param name="settings">The <see cref="T:Microsoft.Extensions.Logging.EventLog.EventLogSettings" />.<para><see cref="T:Microsoft.Extensions.Logging.EventLog.EventLogSettings" />.</para></param>
      <param name="externalScopeProvider">The <see cref="T:Microsoft.Extensions.Logging.IExternalScopeProvider" />.<para><see cref="T:Microsoft.Extensions.Logging.IExternalScopeProvider" />.</para></param>
    </member>
    <member name="M:Microsoft.Extensions.Logging.EventLog.EventLogLogger.BeginScope``1(``0)">
      <inheritdoc />
    </member>
    <member name="M:Microsoft.Extensions.Logging.EventLog.EventLogLogger.IsEnabled(Microsoft.Extensions.Logging.LogLevel)">
      <inheritdoc />
    </member>
    <member name="M:Microsoft.Extensions.Logging.EventLog.EventLogLogger.Log``1(Microsoft.Extensions.Logging.LogLevel,Microsoft.Extensions.Logging.EventId,``0,System.Exception,System.Func{``0,System.Exception,System.String})">
      <inheritdoc />
    </member>
    <member name="T:Microsoft.Extensions.Logging.EventLog.EventLogLoggerProvider">
      <summary>The provider for the <see cref="T:Microsoft.Extensions.Logging.EventLog.EventLogLogger" />.<para><see cref="T:Microsoft.Extensions.Logging.EventLog.EventLogLogger" /> 的提供程序.</para></summary>
    </member>
    <member name="M:Microsoft.Extensions.Logging.EventLog.EventLogLoggerProvider.#ctor">
      <summary>Initializes a new instance of the <see cref="T:Microsoft.Extensions.Logging.EventLog.EventLogLoggerProvider" /> class.<para>初始化 <see cref="T:Microsoft.Extensions.Logging.EventLog.EventLogLoggerProvider" /> 类的新实例.</para></summary>
    </member>
    <member name="M:Microsoft.Extensions.Logging.EventLog.EventLogLoggerProvider.#ctor(Microsoft.Extensions.Logging.EventLog.EventLogSettings)">
      <summary>Initializes a new instance of the <see cref="T:Microsoft.Extensions.Logging.EventLog.EventLogLoggerProvider" /> class.<para>初始化 <see cref="T:Microsoft.Extensions.Logging.EventLog.EventLogLoggerProvider" /> 类的新实例.</para></summary>
      <param name="settings">The <see cref="T:Microsoft.Extensions.Logging.EventLog.EventLogSettings" />.<para>的 <see cref="T:Microsoft.Extensions.Logging.EventLog.EventLogSettings" />.</para></param>
    </member>
    <member name="M:Microsoft.Extensions.Logging.EventLog.EventLogLoggerProvider.#ctor(Microsoft.Extensions.Options.IOptions{Microsoft.Extensions.Logging.EventLog.EventLogSettings})">
      <summary>Initializes a new instance of the <see cref="T:Microsoft.Extensions.Logging.EventLog.EventLogLoggerProvider" /> class.<para>初始化 <see cref="T:Microsoft.Extensions.Logging.EventLog.EventLogLoggerProvider" /> 类的新实例.</para></summary>
      <param name="options">The <see cref="T:Microsoft.Extensions.Options.IOptions`1" />.<para>的 <see cref="T:Microsoft.Extensions.Options.IOptions`1" />.</para></param>
    </member>
    <member name="M:Microsoft.Extensions.Logging.EventLog.EventLogLoggerProvider.CreateLogger(System.String)">
      <inheritdoc />
    </member>
    <member name="M:Microsoft.Extensions.Logging.EventLog.EventLogLoggerProvider.Dispose">
      <inheritdoc />
    </member>
    <member name="M:Microsoft.Extensions.Logging.EventLog.EventLogLoggerProvider.SetScopeProvider(Microsoft.Extensions.Logging.IExternalScopeProvider)">
      <inheritdoc />
    </member>
    <member name="T:Microsoft.Extensions.Logging.EventLog.EventLogSettings">
      <summary>Settings for <see cref="T:Microsoft.Extensions.Logging.EventLog.EventLogLogger" />.<para><see cref="T:Microsoft.Extensions.Logging.EventLog.EventLogLogger" /> 的设置.</para></summary>
    </member>
    <member name="P:Microsoft.Extensions.Logging.EventLog.EventLogSettings.LogName">
      <summary>Name of the event log. If <c>null</c> or not specified, "Application" is the default.<para>事件日志的名称.如果未指定 <c>null</c>,则"应用程序"为默认值.</para></summary>
    </member>
    <member name="P:Microsoft.Extensions.Logging.EventLog.EventLogSettings.SourceName">
      <summary>Name of the event log source. If <c>null</c> or not specified, ".NET Runtime" is the default.<para>事件日志源的名称.如果未指定 <c>null</c>,则默认为".net 运行时".</para></summary>
    </member>
    <member name="P:Microsoft.Extensions.Logging.EventLog.EventLogSettings.MachineName">
      <summary>Name of the machine having the event log. If <c>null</c> or not specified, local machine is the default.<para>具有事件日志的计算机的名称.如果未指定 <c>null</c>,则本地计算机为默认值.</para></summary>
    </member>
    <member name="P:Microsoft.Extensions.Logging.EventLog.EventLogSettings.Filter">
      <summary>The function used to filter events based on the log level.<para>用于根据日志级别筛选事件的函数.</para></summary>
    </member>
    <member name="T:Microsoft.Extensions.Logging.NullExternalScopeProvider">
      <summary>Scope provider that does nothing.<para>不执行任何操作的范围提供程序.</para></summary>
    </member>
    <member name="P:Microsoft.Extensions.Logging.NullExternalScopeProvider.Instance">
      <summary>Returns a cached instance of <see cref="T:Microsoft.Extensions.Logging.NullExternalScopeProvider" />.<para>返回 <see cref="T:Microsoft.Extensions.Logging.NullExternalScopeProvider" /> 的缓存实例.</para></summary>
    </member>
    <member name="M:Microsoft.Extensions.Logging.NullExternalScopeProvider.Microsoft#Extensions#Logging#IExternalScopeProvider#ForEachScope``1(System.Action{System.Object,``0},``0)">
      <inheritdoc />
    </member>
    <member name="M:Microsoft.Extensions.Logging.NullExternalScopeProvider.Microsoft#Extensions#Logging#IExternalScopeProvider#Push(System.Object)">
      <inheritdoc />
    </member>
    <member name="T:Microsoft.Extensions.Logging.NullScope">
      <summary>An empty scope without any logic<para>没有任何逻辑的空范围</para></summary>
    </member>
    <member name="M:Microsoft.Extensions.Logging.NullScope.Dispose">
      <inheritdoc />
    </member>
    <member name="M:System.ThrowHelper.ThrowIfNull(System.Object,System.String)">
      <summary>Throws an <see cref="T:System.ArgumentNullException" /> if <paramref name="argument" /> is null.<para>抛出一个 <see cref="t:system.argumentnullexception" /> 如果 <paramref name="argument" /> 为空.</para></summary>
      <param name="argument">The reference type argument to validate as non-null.<para>要验证为非 null 的引用类型参数.</para></param>
      <param name="paramName">The name of the parameter with which <paramref name="argument" /> corresponds.<para><paramref name="argument" /> 对应的参数的名称.</para></param>
    </member>
  </members>
</doc>