<?xml version="1.0"?>
<doc>
  <assembly>
    <name>Microsoft.AspNetCore.CookiePolicy</name>
  </assembly>
  <members>
    <member name="T:Microsoft.AspNetCore.CookiePolicy.AppendCookieContext">
      <summary>Context for <see cref="P:Microsoft.AspNetCore.Builder.CookiePolicyOptions.OnAppendCookie" /> that allows changes to the cookie prior to being appended.<para>上下文 <see cref="p:microsoft.aspnetcore.builder.cookiepolicyoptions.onappendcookie" /> 这允许在附加之前对 cookie 进行更改.</para></summary>
    </member>
    <member name="M:Microsoft.AspNetCore.CookiePolicy.AppendCookieContext.#ctor(Microsoft.AspNetCore.Http.HttpContext,Microsoft.AspNetCore.Http.CookieOptions,System.String,System.String)">
      <summary>Initializes a new instance of <see cref="T:Microsoft.AspNetCore.CookiePolicy.AppendCookieContext" />.<para>初始化 的新实例 <see cref="t:microsoft.aspnetcore.cookiepolicy.appendcookiecontext" /> .</para></summary>
      <param name="context">The request <see cref="T:Microsoft.AspNetCore.Http.HttpContext" />.<para>请求 <see cref="t:microsoft.aspnetcore.http.httpcontext" /> .</para></param>
      <param name="options">The <see cref="T:Microsoft.AspNetCore.Http.CookieOptions" /> passed to the cookie policy.<para><see cref="t:microsoft.aspnetcore.http.cookieoptions" /> 传递给 cookie 策略.</para></param>
      <param name="name">The cookie name.<para>饼干名称.</para></param>
      <param name="value">The cookie value.<para>饼干值.</para></param>
    </member>
    <member name="P:Microsoft.AspNetCore.CookiePolicy.AppendCookieContext.Context">
      <summary>Gets the <see cref="T:Microsoft.AspNetCore.Http.HttpContext" />.<para>获取 <see cref="t:microsoft.aspnetcore.http.httpcontext" /> .</para></summary>
    </member>
    <member name="P:Microsoft.AspNetCore.CookiePolicy.AppendCookieContext.CookieOptions">
      <summary>Gets the <see cref="T:Microsoft.AspNetCore.Http.CookieOptions" />.<para>获取 <see cref="t:microsoft.aspnetcore.http.cookieoptions" /> .</para></summary>
    </member>
    <member name="P:Microsoft.AspNetCore.CookiePolicy.AppendCookieContext.CookieName">
      <summary>Gets or sets the cookie name.<para>获取或设置 cookie 名称.</para></summary>
    </member>
    <member name="P:Microsoft.AspNetCore.CookiePolicy.AppendCookieContext.CookieValue">
      <summary>Gets or sets the cookie value.<para>获取或设置 cookie 值.</para></summary>
    </member>
    <member name="P:Microsoft.AspNetCore.CookiePolicy.AppendCookieContext.IsConsentNeeded">
      <summary>Gets a value that determines if cookie consent is required before setting this cookie.<para>获取一个值,该值确定在设置此 cookie 之前是否需要 cookie 同意.</para></summary>
    </member>
    <member name="P:Microsoft.AspNetCore.CookiePolicy.AppendCookieContext.HasConsent">
      <summary>Gets a value that determines if cookie consent was provided.<para>获取一个值,该值确定是否提供了 cookie 同意.</para></summary>
    </member>
    <member name="P:Microsoft.AspNetCore.CookiePolicy.AppendCookieContext.IssueCookie">
      <summary>Gets or sets a value that determines if the cookie can be appended. If set to <see langword="false" />,
            the cookie is not appended.<para>获取或设置一个值,该值确定是否可以追加 cookie.如果设置为 <see langword="false" />, 不附加饼干.</para></summary>
    </member>
    <member name="T:Microsoft.AspNetCore.CookiePolicy.CookiePolicyMiddleware">
      <summary>Initializes a new instance of <see cref="T:Microsoft.AspNetCore.CookiePolicy.CookiePolicyMiddleware" />.<para>初始化 的新实例 <see cref="t:microsoft.aspnetcore.cookiepolicy.cookiepolicymiddleware" /> .</para></summary>
    </member>
    <member name="M:Microsoft.AspNetCore.CookiePolicy.CookiePolicyMiddleware.#ctor(Microsoft.AspNetCore.Http.RequestDelegate,Microsoft.Extensions.Options.IOptions{Microsoft.AspNetCore.Builder.CookiePolicyOptions},Microsoft.Extensions.Logging.ILoggerFactory)">
      <summary>Initializes a new instance of <see cref="T:Microsoft.AspNetCore.CookiePolicy.CookiePolicyMiddleware" />.<para>初始化 的新实例 <see cref="t:microsoft.aspnetcore.cookiepolicy.cookiepolicymiddleware" /> .</para></summary>
      <param name="next">A reference to the next item in the application pipeline.<para>对应用程序管道中下一项的引用.</para></param>
      <param name="options">Accessor to <see cref="T:Microsoft.AspNetCore.Builder.CookiePolicyOptions" />.<para>访问器 <see cref="t:microsoft.aspnetcore.builder.cookiepolicyoptions" /> .</para></param>
      <param name="factory">The <see cref="T:Microsoft.Extensions.Logging.ILoggerFactory" />.<para><see cref="T:Microsoft.Extensions.Logging.ILoggerFactory" />.</para></param>
    </member>
    <member name="M:Microsoft.AspNetCore.CookiePolicy.CookiePolicyMiddleware.#ctor(Microsoft.AspNetCore.Http.RequestDelegate,Microsoft.Extensions.Options.IOptions{Microsoft.AspNetCore.Builder.CookiePolicyOptions})">
      <summary>Initializes a new instance of <see cref="T:Microsoft.AspNetCore.CookiePolicy.CookiePolicyMiddleware" />.<para>初始化 的新实例 <see cref="t:microsoft.aspnetcore.cookiepolicy.cookiepolicymiddleware" /> .</para></summary>
      <param name="next">A reference to the next item in the application pipeline.<para>对应用程序管道中下一项的引用.</para></param>
      <param name="options">Accessor to <see cref="T:Microsoft.AspNetCore.Builder.CookiePolicyOptions" />.<para>访问器 <see cref="t:microsoft.aspnetcore.builder.cookiepolicyoptions" /> .</para></param>
    </member>
    <member name="P:Microsoft.AspNetCore.CookiePolicy.CookiePolicyMiddleware.Options">
      <summary>Gets or sets the <see cref="T:Microsoft.AspNetCore.Builder.CookiePolicyOptions" />.<para>获取或设置 <see cref="t:microsoft.aspnetcore.builder.cookiepolicyoptions" /> .</para></summary>
    </member>
    <member name="M:Microsoft.AspNetCore.CookiePolicy.CookiePolicyMiddleware.Invoke(Microsoft.AspNetCore.Http.HttpContext)">
      <summary>Invokes the middleware.<para>调用中间件.</para></summary>
      <param name="context">The <see cref="T:Microsoft.AspNetCore.Http.HttpContext" />.<para>这 <see cref="t:microsoft.aspnetcore.http.httpcontext" /> .</para></param>
    </member>
    <member name="T:Microsoft.AspNetCore.CookiePolicy.DeleteCookieContext">
      <summary>Context for <see cref="P:Microsoft.AspNetCore.Builder.CookiePolicyOptions.OnDeleteCookie" /> that allows changes to the cookie prior to being deleted.<para>上下文 <see cref="p:microsoft.aspnetcore.builder.cookiepolicyoptions.ondeletecookie" /> 这允许在删除之前对 cookie 进行更改.</para></summary>
    </member>
    <member name="M:Microsoft.AspNetCore.CookiePolicy.DeleteCookieContext.#ctor(Microsoft.AspNetCore.Http.HttpContext,Microsoft.AspNetCore.Http.CookieOptions,System.String)">
      <summary>Initializes a new instance of <see cref="T:Microsoft.AspNetCore.CookiePolicy.DeleteCookieContext" />.<para>初始化 的新实例 <see cref="t:microsoft.aspnetcore.cookiepolicy.deletecookiecontext" /> .</para></summary>
      <param name="context">The request <see cref="T:Microsoft.AspNetCore.Http.HttpContext" />.<para>请求 <see cref="t:microsoft.aspnetcore.http.httpcontext" /> .</para></param>
      <param name="options">The <see cref="T:Microsoft.AspNetCore.Http.CookieOptions" /> passed to the cookie policy.<para><see cref="t:microsoft.aspnetcore.http.cookieoptions" /> 传递给 cookie 策略.</para></param>
      <param name="name">The cookie name to be deleted.<para>要删除的 cookie 名称.</para></param>
    </member>
    <member name="P:Microsoft.AspNetCore.CookiePolicy.DeleteCookieContext.Context">
      <summary>Gets the <see cref="T:Microsoft.AspNetCore.Http.HttpContext" />.<para>获取 <see cref="t:microsoft.aspnetcore.http.httpcontext" /> .</para></summary>
    </member>
    <member name="P:Microsoft.AspNetCore.CookiePolicy.DeleteCookieContext.CookieOptions">
      <summary>Gets the <see cref="T:Microsoft.AspNetCore.Http.CookieOptions" />.<para>获取 <see cref="t:microsoft.aspnetcore.http.cookieoptions" /> .</para></summary>
    </member>
    <member name="P:Microsoft.AspNetCore.CookiePolicy.DeleteCookieContext.CookieName">
      <summary>Gets or sets the cookie name.<para>获取或设置 cookie 名称.</para></summary>
    </member>
    <member name="P:Microsoft.AspNetCore.CookiePolicy.DeleteCookieContext.IsConsentNeeded">
      <summary>Gets a value that determines if cookie consent is required before setting this cookie.<para>获取一个值,该值确定在设置此 cookie 之前是否需要 cookie 同意.</para></summary>
    </member>
    <member name="P:Microsoft.AspNetCore.CookiePolicy.DeleteCookieContext.HasConsent">
      <summary>Gets a value that determines if cookie consent was provided.<para>获取一个值,该值确定是否提供了 cookie 同意.</para></summary>
    </member>
    <member name="P:Microsoft.AspNetCore.CookiePolicy.DeleteCookieContext.IssueCookie">
      <summary>Gets or sets a value that determines if the cookie can be deleted. If set to <see langword="false" />,
            cookie deletion is suppressed.<para>获取或设置一个值,该值确定是否可以删除 cookie.如果设置为 <see langword="false" />, 禁止删除 cookie.</para></summary>
    </member>
    <member name="T:Microsoft.AspNetCore.CookiePolicy.HttpOnlyPolicy">
      <summary>Describes the HttpOnly behavior for cookies.<para>描述 cookie 的 httponly 行为.</para></summary>
    </member>
    <member name="F:Microsoft.AspNetCore.CookiePolicy.HttpOnlyPolicy.None">
      <summary>The cookie does not have a configured HttpOnly behavior. This cookie can be accessed by
            JavaScript <c>document.cookie</c> API.<para>cookie 没有配置的 httponly 行为.此 cookie 可通过以下方式访问 javascript <c>document.cookie</c> api.</para></summary>
    </member>
    <member name="F:Microsoft.AspNetCore.CookiePolicy.HttpOnlyPolicy.Always">
      <summary>The cookie is configured with a HttpOnly attribute. This cookie inaccessible to the
            JavaScript <c>document.cookie</c> API.<para>cookie 配置了 httponly 属性.此 cookie 无法访问 javascript <c>document.cookie</c> api.</para></summary>
    </member>
    <member name="T:Microsoft.AspNetCore.Builder.CookiePolicyAppBuilderExtensions">
      <summary>Extension methods to add cookie policy capabilities to an HTTP application pipeline.<para>用于将 cookie 策略功能添加到 http 应用程序管道的扩展方法.</para></summary>
    </member>
    <member name="M:Microsoft.AspNetCore.Builder.CookiePolicyAppBuilderExtensions.UseCookiePolicy(Microsoft.AspNetCore.Builder.IApplicationBuilder)">
      <summary>Adds the <see cref="T:Microsoft.AspNetCore.CookiePolicy.CookiePolicyMiddleware" /> handler to the specified <see cref="T:Microsoft.AspNetCore.Builder.IApplicationBuilder" />, which enables cookie policy capabilities.<para>添加 <see cref="t:microsoft.aspnetcore.cookiepolicy.cookiepolicymiddleware" /> 处理程序到指定的 <see cref="t:microsoft.aspnetcore.builder.iapplicationbuilder" /> ,这将启用 cookie 策略功能.</para></summary>
      <param name="app">The <see cref="T:Microsoft.AspNetCore.Builder.IApplicationBuilder" /> to add the handler to.<para>这 <see cref="t:microsoft.aspnetcore.builder.iapplicationbuilder" /> 以将处理程序添加到.</para></param>
      <returns>A reference to this instance after the operation has completed.<para>操作完成后对此实例的引用.</para></returns>
    </member>
    <member name="M:Microsoft.AspNetCore.Builder.CookiePolicyAppBuilderExtensions.UseCookiePolicy(Microsoft.AspNetCore.Builder.IApplicationBuilder,Microsoft.AspNetCore.Builder.CookiePolicyOptions)">
      <summary>Adds the <see cref="T:Microsoft.AspNetCore.CookiePolicy.CookiePolicyMiddleware" /> handler to the specified <see cref="T:Microsoft.AspNetCore.Builder.IApplicationBuilder" />, which enables cookie policy capabilities.<para>添加 <see cref="t:microsoft.aspnetcore.cookiepolicy.cookiepolicymiddleware" /> 处理程序到指定的 <see cref="t:microsoft.aspnetcore.builder.iapplicationbuilder" /> ,这将启用 cookie 策略功能.</para></summary>
      <param name="app">The <see cref="T:Microsoft.AspNetCore.Builder.IApplicationBuilder" /> to add the handler to.<para>这 <see cref="t:microsoft.aspnetcore.builder.iapplicationbuilder" /> 以将处理程序添加到.</para></param>
      <param name="options">A <see cref="T:Microsoft.AspNetCore.Builder.CookiePolicyOptions" /> that specifies options for the handler.<para>a <see cref="t:microsoft.aspnetcore.builder.cookiepolicyoptions" /> 指定处理程序的选项.</para></param>
      <returns>A reference to this instance after the operation has completed.<para>操作完成后对此实例的引用.</para></returns>
    </member>
    <member name="T:Microsoft.AspNetCore.Builder.CookiePolicyOptions">
      <summary>Provides programmatic configuration for the <see cref="T:Microsoft.AspNetCore.CookiePolicy.CookiePolicyMiddleware" />.<para>提供编程配置 <see cref="t:microsoft.aspnetcore.cookiepolicy.cookiepolicymiddleware" /> .</para></summary>
    </member>
    <member name="P:Microsoft.AspNetCore.Builder.CookiePolicyOptions.MinimumSameSitePolicy">
      <summary>Affects the cookie's same site attribute.<para>影响 cookie 的同一网站属性.</para></summary>
    </member>
    <member name="P:Microsoft.AspNetCore.Builder.CookiePolicyOptions.HttpOnly">
      <summary>Affects whether cookies must be HttpOnly.<para>影响 cookie 是否必须为 httponly.</para></summary>
    </member>
    <member name="P:Microsoft.AspNetCore.Builder.CookiePolicyOptions.Secure">
      <summary>Affects whether cookies must be Secure.<para>影响 cookie 是否必须安全.</para></summary>
    </member>
    <member name="P:Microsoft.AspNetCore.Builder.CookiePolicyOptions.ConsentCookie">
      <summary>Gets or sets the <see cref="T:Microsoft.AspNetCore.Http.CookieBuilder" /> that is used to track if the user consented to the
            cookie use policy.<para>获取或设置 <see cref="t:microsoft.aspnetcore.http.cookiebuilder" /> 用于跟踪用户是否同意 饼干使用政策.</para></summary>
    </member>
    <member name="P:Microsoft.AspNetCore.Builder.CookiePolicyOptions.ConsentCookieValue">
      <summary>Gets or sets the value for the cookie used to track if the user consented to the
            cookie use policy.<para>获取或设置用于跟踪用户是否同意 饼干使用政策.</para></summary>
      <value>Defaults to <c>yes</c>.</value>
    </member>
    <member name="P:Microsoft.AspNetCore.Builder.CookiePolicyOptions.CheckConsentNeeded">
      <summary>Checks if consent policies should be evaluated on this request. The default is false.<para>检查是否应针对此请求评估同意策略.默认值为 false.</para></summary>
    </member>
    <member name="P:Microsoft.AspNetCore.Builder.CookiePolicyOptions.OnAppendCookie">
      <summary>Called when a cookie is appended.<para>在追加 cookie 时调用.</para></summary>
    </member>
    <member name="P:Microsoft.AspNetCore.Builder.CookiePolicyOptions.OnDeleteCookie">
      <summary>Called when a cookie is deleted.<para>删除 cookie 时调用.</para></summary>
    </member>
    <member name="T:Microsoft.Extensions.DependencyInjection.CookiePolicyServiceCollectionExtensions">
      <summary>Extension methods for the cookie policy middleware.<para>cookie 策略中间件的扩展方法.</para></summary>
    </member>
    <member name="M:Microsoft.Extensions.DependencyInjection.CookiePolicyServiceCollectionExtensions.AddCookiePolicy(Microsoft.Extensions.DependencyInjection.IServiceCollection,System.Action{Microsoft.AspNetCore.Builder.CookiePolicyOptions})">
      <summary>Adds services and options for the cookie policy middleware.<para>为 cookie 策略中间件添加服务和选项.</para></summary>
      <param name="services">The <see cref="T:Microsoft.Extensions.DependencyInjection.IServiceCollection" /> for adding services.<para>用于添加服务的 <see cref="T:Microsoft.Extensions.DependencyInjection.IServiceCollection" />.</para></param>
      <param name="configureOptions">A delegate to configure the <see cref="T:Microsoft.AspNetCore.Builder.CookiePolicyOptions" />.<para>用于配置 <see cref="t:microsoft.aspnetcore.builder.cookiepolicyoptions" /> .</para></param>
      <returns>
        <para>
        </para>
      </returns>
    </member>
    <member name="M:Microsoft.Extensions.DependencyInjection.CookiePolicyServiceCollectionExtensions.AddCookiePolicy``1(Microsoft.Extensions.DependencyInjection.IServiceCollection,System.Action{Microsoft.AspNetCore.Builder.CookiePolicyOptions,``0})">
      <summary>Adds services and options for the cookie policy middleware.<para>为 cookie 策略中间件添加服务和选项.</para></summary>
      <param name="services">The <see cref="T:Microsoft.Extensions.DependencyInjection.IServiceCollection" /> for adding services.<para>用于添加服务的 <see cref="T:Microsoft.Extensions.DependencyInjection.IServiceCollection" />.</para></param>
      <param name="configureOptions">A delegate to configure the <see cref="T:Microsoft.AspNetCore.Builder.CookiePolicyOptions" />.<para>用于配置 <see cref="t:microsoft.aspnetcore.builder.cookiepolicyoptions" /> .</para></param>
      <returns>
        <para>
        </para>
      </returns>
    </member>
  </members>
</doc>