<?xml version="1.0"?>
<doc>
  <assembly>
    <name>Microsoft.AspNetCore.Server.HttpSys</name>
  </assembly>
  <members>
    <member name="T:Microsoft.AspNetCore.Server.HttpSys.AuthenticationManager">
      <summary>Exposes the Http.Sys authentication configurations.<para>公开 http.sys 身份验证配置.</para></summary>
    </member>
    <member name="P:Microsoft.AspNetCore.Server.HttpSys.AuthenticationManager.Schemes">
      <summary>When attaching to an existing queue this setting must match the one used to create the queue.<para>附加到现有队列时,此设置必须与用于创建队列的设置匹配.</para></summary>
    </member>
    <member name="P:Microsoft.AspNetCore.Server.HttpSys.AuthenticationManager.AllowAnonymous">
      <summary>Indicates if anonymous requests will be surfaced to the application or challenged by the server.
            The default value is true.<para>指示匿名请求是向应用程序显示还是由服务器质询. 默认值为 true.</para></summary>
    </member>
    <member name="P:Microsoft.AspNetCore.Server.HttpSys.AuthenticationManager.AutomaticAuthentication">
      <summary>If true the server should set HttpContext.User. If false the server will only provide an
            identity when explicitly requested by the AuthenticationScheme. The default is true.<para>如果为 true,则服务器应设置 httpcontext.user.如果为 false,则服务器将仅提供 身份验证方案显式请求时的标识.默认值为 true.</para></summary>
    </member>
    <member name="P:Microsoft.AspNetCore.Server.HttpSys.AuthenticationManager.AuthenticationDisplayName">
      <summary>Sets the display name shown to users on login pages. The default is null.<para>设置在登录页面上向用户显示的显示名称.默认值为 null.</para></summary>
    </member>
    <member name="T:Microsoft.AspNetCore.Server.HttpSys.AuthenticationSchemes">
      <summary>Specifies protocols for authentication.<para>指定用于身份验证的协议.</para></summary>
    </member>
    <member name="F:Microsoft.AspNetCore.Server.HttpSys.AuthenticationSchemes.None">
      <summary>No authentication is enabled. This should only be used when HttpSysOptions.Authentication.AllowAnonymous is enabled (see <see cref="P:Microsoft.AspNetCore.Server.HttpSys.AuthenticationManager.AllowAnonymous" />).<para>未启用身份验证.仅当启用 httpsysoptions.authentication.allowanonymous 时,才应使用此方法（请参阅 <see cref="p:microsoft.aspnetcore.server.httpsys.authenticationmanager.allowanonymous" /> ).</para></summary>
    </member>
    <member name="F:Microsoft.AspNetCore.Server.HttpSys.AuthenticationSchemes.Basic">
      <summary>Specifies basic authentication.<para>指定基本身份验证.</para></summary>
    </member>
    <member name="F:Microsoft.AspNetCore.Server.HttpSys.AuthenticationSchemes.NTLM">
      <summary>Specifies NTLM authentication.<para>指定 ntlm 身份验证.</para></summary>
    </member>
    <member name="F:Microsoft.AspNetCore.Server.HttpSys.AuthenticationSchemes.Negotiate">
      <summary>Negotiates with the client to determine the authentication scheme. If both client and server support Kerberos, it is used;
            otherwise, NTLM is used.<para>与客户协商以确定身份验证方案.如果客户端和服务器都支持 kerberos,则使用它; 否则,将使用 ntlm.</para></summary>
    </member>
    <member name="F:Microsoft.AspNetCore.Server.HttpSys.AuthenticationSchemes.Kerberos">
      <summary>Specifies Kerberos authentication.<para>指定 kerberos 身份验证.</para></summary>
    </member>
    <member name="T:Microsoft.AspNetCore.Server.HttpSys.ClientCertificateMethod">
      <summary>Describes the client certificate negotiation method for HTTPS connections.<para>描述 https 连接的客户端证书协商方法.</para></summary>
    </member>
    <member name="F:Microsoft.AspNetCore.Server.HttpSys.ClientCertificateMethod.NoCertificate">
      <summary>A client certificate will not be populated on the request.<para>不会在请求中填充客户端证书.</para></summary>
    </member>
    <member name="F:Microsoft.AspNetCore.Server.HttpSys.ClientCertificateMethod.AllowCertificate">
      <summary>A client certificate will be populated if already present at the start of a request.<para>如果在请求开始时已存在客户端证书,则将填充客户端证书.</para></summary>
    </member>
    <member name="F:Microsoft.AspNetCore.Server.HttpSys.ClientCertificateMethod.AllowRenegotation">
      <summary>The TLS session can be renegotiated to request a client certificate.<para>可以重新协商 tls 会话以请求客户端证书.</para></summary>
    </member>
    <member name="T:Microsoft.AspNetCore.Server.HttpSys.DelegationRule">
      <summary>Rule that maintains a handle to the Request Queue and UrlPrefix to
            delegate to.<para>维护请求队列句柄和 urlprefix 的规则 委派给.</para></summary>
    </member>
    <member name="P:Microsoft.AspNetCore.Server.HttpSys.DelegationRule.QueueName">
      <summary>The name of the Http.Sys request queue<para>http.sys 请求队列的名称</para></summary>
    </member>
    <member name="P:Microsoft.AspNetCore.Server.HttpSys.DelegationRule.UrlPrefix">
      <summary>The URL of the Http.Sys Url Prefix<para>http.sys 网址前缀的网址</para></summary>
    </member>
    <member name="M:Microsoft.AspNetCore.Server.HttpSys.DelegationRule.Dispose">
      <inheritdoc />
    </member>
    <member name="M:Microsoft.AspNetCore.Server.HttpSys.Helpers.GetChunkHeader(System.Int32)">
      <summary>A private utility routine to convert an integer to a chunk header,
            which is an ASCII hex number followed by a CRLF.The header is returned
            as a byte array.
            Generates a right-aligned hex string and returns the start offset.<para>将整数转换为块标头的私有实用程序例程, 这是一个 ascii 十六进制数,后跟一个 crlf.返回标头 作为字节数组. 生成右对齐的十六进制字符串并返回起始偏移量.</para></summary>
      <param name="size">Chunk size to be encoded<para>要编码的区块大小</para></param>
      <returns>A byte array with the header in int.<para>标头为 int 的字节数组.</para></returns>
    </member>
    <member name="T:Microsoft.AspNetCore.Server.HttpSys.Http503VerbosityLevel">
      <summary>Enum declaring the allowed values for the verbosity level when http.sys reject requests due to throttling.<para>枚举在 http.sys 因限制而拒绝请求时声明详细级别允许的值.</para></summary>
    </member>
    <member name="F:Microsoft.AspNetCore.Server.HttpSys.Http503VerbosityLevel.Basic">
      <summary>A 503 response is not sent; the connection is reset. This is the default HTTP Server API behavior.<para>不发送 503 响应;连接已重置.这是默认的 http 服务器 api 行为.</para></summary>
    </member>
    <member name="F:Microsoft.AspNetCore.Server.HttpSys.Http503VerbosityLevel.Limited">
      <summary>The HTTP Server API sends a 503 response with a "Service Unavailable" reason phrase.<para>http 服务器 api 发送带有"服务不可用"原因短语的 503 响应.</para></summary>
    </member>
    <member name="F:Microsoft.AspNetCore.Server.HttpSys.Http503VerbosityLevel.Full">
      <summary>The HTTP Server API sends a 503 response with a detailed reason phrase.<para>http 服务器 api 发送包含详细原因短语的 503 响应.</para></summary>
    </member>
    <member name="T:Microsoft.AspNetCore.Server.HttpSys.HttpSysDefaults">
      <summary>Constants for HttpSys.<para>httpsys的常量.</para></summary>
    </member>
    <member name="F:Microsoft.AspNetCore.Server.HttpSys.HttpSysDefaults.AuthenticationScheme">
      <summary>The name of the authentication scheme used.<para>使用的身份验证方案的名称.</para></summary>
    </member>
    <member name="T:Microsoft.AspNetCore.Server.HttpSys.HttpSysException">
      <summary>Exception thrown by HttpSys when an error occurs<para>发生错误时 httpsys 引发的异常</para></summary>
    </member>
    <member name="P:Microsoft.AspNetCore.Server.HttpSys.HttpSysException.ErrorCode">
      <inheritdoc />
    </member>
    <member name="T:Microsoft.AspNetCore.Server.HttpSys.HttpSysListener">
      <summary>An HTTP server wrapping the Http.Sys APIs that accepts requests.<para>一个 http 服务器,它包装了接受请求的 http.sys api.</para></summary>
    </member>
    <member name="M:Microsoft.AspNetCore.Server.HttpSys.HttpSysListener.Start">
      <summary>Start accepting incoming requests.<para>开始接受传入的请求.</para></summary>
    </member>
    <member name="M:Microsoft.AspNetCore.Server.HttpSys.HttpSysListener.Dispose">
      <summary>Stop the server and clean up.<para>停止服务器并清理.</para></summary>
    </member>
    <member name="M:Microsoft.AspNetCore.Server.HttpSys.HttpSysListener.AcceptAsync(Microsoft.AspNetCore.Server.HttpSys.AsyncAcceptContext)">
      <summary>Accept a request from the incoming request queue.<para>接受来自传入请求队列的请求.</para></summary>
    </member>
    <member name="T:Microsoft.AspNetCore.Server.HttpSys.HttpSysOptions">
      <summary>Contains the options used by HttpSys.<para>包含 httpsys 使用的选项.</para></summary>
    </member>
    <member name="M:Microsoft.AspNetCore.Server.HttpSys.HttpSysOptions.#ctor">
      <summary>Initializes a new <see cref="T:Microsoft.AspNetCore.Server.HttpSys.HttpSysOptions" />.<para>初始化一个新的 <see cref="t:microsoft.aspnetcore.server.httpsys.httpsysoptions" /> .</para></summary>
    </member>
    <member name="P:Microsoft.AspNetCore.Server.HttpSys.HttpSysOptions.RequestQueueName">
      <summary>The name of the Http.Sys request queue<para>http.sys 请求队列的名称</para></summary>
    </member>
    <member name="P:Microsoft.AspNetCore.Server.HttpSys.HttpSysOptions.RequestQueueMode">
      <summary>Indicates if this server instance is responsible for creating and configuring the request queue,
            of if it should attach to an existing queue. The default is to create.<para>指示此服务器实例是否负责创建和配置请求队列, 是否应附加到现有队列.默认值为创建.</para></summary>
    </member>
    <member name="P:Microsoft.AspNetCore.Server.HttpSys.HttpSysOptions.ClientCertificateMethod">
      <summary>Indicates how client certificates should be populated. The default is to allow a certificate without renegotiation.
            This does not change the netsh 'clientcertnegotiation' binding option which will need to be enabled for
            ClientCertificateMethod.AllowCertificate to resolve a certificate.<para>指示应如何填充客户端证书.默认设置是允许证书而不重新协商. 这不会更改需要启用的 netsh"客户端协商"绑定选项 clientcertificatemethod.allowcertificate 以解析证书.</para></summary>
    </member>
    <member name="P:Microsoft.AspNetCore.Server.HttpSys.HttpSysOptions.MaxAccepts">
      <summary>Gets or sets the number of concurrent workers draining requests from the Http.sys queue.<para>获取或设置从 http.sys 队列中排出请求的并发工作进程数.</para></summary>
      <remarks>Defaults to 5 times the number of processors as returned by <see cref="P:System.Environment.ProcessorCount" />.<para>默认为 <see cref="P:System.Environment.ProcessorCount" /> 返回的处理器数的 5 倍.</para></remarks>
    </member>
    <member name="P:Microsoft.AspNetCore.Server.HttpSys.HttpSysOptions.EnableResponseCaching">
      <summary>Attempts kernel mode caching for responses with eligible headers. The response may not include
            Set-Cookie, Vary, or Pragma headers. It must include a Cache-Control header with Public and
            either a Shared-Max-Age or Max-Age value, or an Expires header.<para>尝试对具有合格标头的响应进行内核模式缓存.响应可能不包括 设置cookie、vary或 ragma 标头.它必须包含一个带有公共和 "共享最大期限"或"最大期限"值,或"过期"标头.</para></summary>
    </member>
    <member name="P:Microsoft.AspNetCore.Server.HttpSys.HttpSysOptions.UrlPrefixes">
      <summary>The url prefixes to register with Http.Sys. These may be modified at any time prior to disposing
            the listener.
            When attached to an existing queue the prefixes are only used to compute PathBase for requests.<para>用于向 http.sys 注册的 url 前缀.这些可以在处置前随时修改 侦听器. 附加到现有队列时,前缀仅用于计算请求的路径库.</para></summary>
    </member>
    <member name="P:Microsoft.AspNetCore.Server.HttpSys.HttpSysOptions.Authentication">
      <summary>Http.Sys authentication settings. These may be modified at any time prior to disposing
            the listener.<para>http.sys 身份验证设置.这些可以在处置前随时修改 侦听器.</para></summary>
    </member>
    <member name="P:Microsoft.AspNetCore.Server.HttpSys.HttpSysOptions.Timeouts">
      <summary>Exposes the Http.Sys timeout configurations.  These may also be configured in the registry.
            These may be modified at any time prior to disposing the listener.
            These settings do not apply when attaching to an existing queue.<para>公开 http.sys 超时配置.这些也可以在注册表中配置. 在处置侦听器之前,可以随时修改这些内容. 附加到现有队列时,这些设置不适用.</para></summary>
    </member>
    <member name="P:Microsoft.AspNetCore.Server.HttpSys.HttpSysOptions.ThrowWriteExceptions">
      <summary>Gets or Sets if response body writes that fail due to client disconnects should throw exceptions or
            complete normally. The default is false.<para>获取或设置响应正文写入是否由于客户端断开连接而失败应引发异常或 正常完成.默认值为 false.</para></summary>
    </member>
    <member name="P:Microsoft.AspNetCore.Server.HttpSys.HttpSysOptions.EnableKernelResponseBuffering">
      <summary>Enable buffering of response data in the Kernel.
            It should be used by an application doing synchronous I/O or by an application doing asynchronous I/O with
            no more than one outstanding write at a time, and can significantly improve throughput over high-latency connections.
            Applications that use asynchronous I/O and that may have more than one send outstanding at a time should not use this flag.
            Enabling this can results in higher CPU and memory usage by Http.Sys.<para>在内核中启用响应数据的缓冲. 它应该由执行同步 i/o 的应用程序或执行异步 i/o 的应用程序使用 一次不超过一个未完成的写入,并且可以显著提高高延迟连接的吞吐量. 使用异步 i/o 且一次可能有多个未完成的发送的应用程序不应使用此标志. 启用此功能可能会导致 http.sys 的 cpu 和内存使用率更高.</para></summary>
    </member>
    <member name="P:Microsoft.AspNetCore.Server.HttpSys.HttpSysOptions.MaxConnections">
      <summary>Gets or sets the maximum number of concurrent connections to accept, -1 for infinite, or null to
            use the machine wide setting from the registry. The default value is null.
            This settings does not apply when attaching to an existing queue.<para>获取或设置要接受的最大并发连接数,-1 表示无限,或 null 到 使用注册表中的计算机范围设置.默认值为 null. 附加到现有队列时,此设置不适用.</para></summary>
    </member>
    <member name="P:Microsoft.AspNetCore.Server.HttpSys.HttpSysOptions.RequestQueueLimit">
      <summary>Gets or sets the maximum number of requests that will be queued up in Http.Sys.
            This settings does not apply when attaching to an existing queue.<para>获取或设置将在 http.sys 中排队的最大请求数. 附加到现有队列时,此设置不适用.</para></summary>
    </member>
    <member name="P:Microsoft.AspNetCore.Server.HttpSys.HttpSysOptions.MaxRequestBodySize">
      <summary>Gets or sets the maximum allowed size of any request body in bytes.
            When set to null, the maximum request body size is unlimited.
            This limit has no effect on upgraded connections which are always unlimited.
            This can be overridden per-request via <see cref="T:Microsoft.AspNetCore.Http.Features.IHttpMaxRequestBodySizeFeature" />.<para>获取或设置任何请求正文的最大允许大小（以字节为单位）. 设置为 null 时,最大请求正文大小不受限制. 此限制对始终无限制的升级连接没有影响. 这可以通过以下方式按请求覆盖 <see cref="t:microsoft.aspnetcore.http.features.ihttpmaxrequestbodysizefeature" /> .</para></summary>
      <remarks>Defaults to 30,000,000 bytes, which is approximately 28.6MB.<para>默认为 30,000,000 字节,大约为 28.6mb.</para></remarks>
    </member>
    <member name="P:Microsoft.AspNetCore.Server.HttpSys.HttpSysOptions.AllowSynchronousIO">
      <summary>Gets or sets a value that controls whether synchronous IO is allowed for the HttpContext.Request.Body and HttpContext.Response.Body.
            The default is `false`.<para>获取或设置一个值,该值控制是否允许 httpcontext.request.body 和 httpcontext.response.body 使用同步 io. 默认值为"假".</para></summary>
    </member>
    <member name="P:Microsoft.AspNetCore.Server.HttpSys.HttpSysOptions.Http503Verbosity">
      <summary>Gets or sets a value that controls how http.sys reacts when rejecting requests due to throttling conditions - like when the request
            queue limit is reached. The default in http.sys is "Basic" which means http.sys is just resetting the TCP connection. IIS uses Limited
            as its default behavior which will result in sending back a 503 - Service Unavailable back to the client.
            This settings does not apply when attaching to an existing queue.<para>获取或设置一个值,该值控制 http.sys 在由于限制条件而拒绝请求时的反应 - 例如当请求时 已达到队列限制.http.sys 中的默认值是"基本",这意味着 http.sys 只是重置 tcp 连接.iis 使用受限 作为其默认行为,这将导致将 503 - 服务不可用发送回客户端. 附加到现有队列时,此设置不适用.</para></summary>
    </member>
    <member name="P:Microsoft.AspNetCore.Server.HttpSys.HttpSysOptions.UnsafePreferInlineScheduling">
      <summary>Inline request processing instead of dispatching to the threadpool.<para>内联请求处理,而不是调度到线程池.</para></summary>
      <remarks>Enabling this setting will run application code on the IO thread to reduce request processing latency.
            However, this will limit parallel request processing to <see cref="P:Microsoft.AspNetCore.Server.HttpSys.HttpSysOptions.MaxAccepts" />. This setting can make
            overall throughput worse if requests take long to process.<para>启用此设置将在 io 线程上运行应用程序代码,以减少请求处理延迟. 但是,这会将并行请求处理限制为 <see cref="p:microsoft.aspnetcore.server.httpsys.httpsysoptions.maxaccepts" /> .此设置可以使 如果请求需要很长时间来处理,则总体吞吐量会变差.</para></remarks>
    </member>
    <member name="P:Microsoft.AspNetCore.Server.HttpSys.HttpSysOptions.UseLatin1RequestHeaders">
      <summary>Configures request headers to use <see cref="P:System.Text.Encoding.Latin1" /> encoding.<para>将请求标头配置为使用 <see cref="P:System.Text.Encoding.Latin1" /> 编码.</para></summary>
      <remarks>Defaults to `false`, in which case <see cref="P:System.Text.Encoding.UTF8" /> will be used. /&gt;.<para>默认为"false",在这种情况下将使用 <see cref="P:System.Text.Encoding.UTF8" />./&gt;.</para></remarks>
    </member>
    <member name="T:Microsoft.AspNetCore.Server.HttpSys.IHttpSysRequestDelegationFeature">
      <summary>Interface for delegating requests to other Http.Sys request queues.<para>用于将请求委派给其他 http.sys 请求队列的接口.</para></summary>
    </member>
    <member name="P:Microsoft.AspNetCore.Server.HttpSys.IHttpSysRequestDelegationFeature.CanDelegate">
      <summary>Indicates if the server can delegate this request to another HttpSys request queue.<para>指示服务器是否可以将此请求委托给另一个 httpsys 请求队列.</para></summary>
    </member>
    <member name="M:Microsoft.AspNetCore.Server.HttpSys.IHttpSysRequestDelegationFeature.DelegateRequest(Microsoft.AspNetCore.Server.HttpSys.DelegationRule)">
      <summary>Attempt to delegate the request to another Http.Sys request queue. The request body
            must not be read nor the response started before this is invoked. Check <see cref="P:Microsoft.AspNetCore.Server.HttpSys.IHttpSysRequestDelegationFeature.CanDelegate" />
            before invoking.<para>尝试将请求委托给另一个 http.sys 请求队列.请求正文 不得读取,也不得在调用此内容之前启动响应.检查 <see cref="p:microsoft.aspnetcore.server.httpsys.ihttpsysrequestdelegationfeature.candelegate" /> 在调用之前.</para></summary>
      <param name="destination">The rule maintaining the handle to the destination queue.<para>维护目标队列句柄的规则.</para></param>
    </member>
    <member name="T:Microsoft.AspNetCore.Server.HttpSys.IHttpSysRequestInfoFeature">
      <summary>This exposes the Http.Sys HTTP_REQUEST_INFO extensibility point as opaque data for the caller to interperate.
            <see href="https://docs.microsoft.com/en-us/windows/win32/api/http/ns-http-http_request_v2" />,
            <see href="https://docs.microsoft.com/en-us/windows/win32/api/http/ns-http-http_request_info" /><para>这会将 http.sys http_request_info扩展点公开为不透明数据,供调用方进行交互. <see href="https://docs.microsoft.com/en-us/windows/win32/api/http/ns-http-http_request_v2" />, <see href="https://docs.microsoft.com/en-us/windows/win32/api/http/ns-http-http_request_info" /></para></summary>
    </member>
    <member name="P:Microsoft.AspNetCore.Server.HttpSys.IHttpSysRequestInfoFeature.RequestInfo">
      <summary>A collection of the HTTP_REQUEST_INFO for the current request. The integer represents the identifying
            HTTP_REQUEST_INFO_TYPE enum value. The Memory is opaque bytes that need to be interperted in the format
            specified by the enum value.<para>当前请求的http_request_info集合.整数表示标识 http_request_info_type枚举值.内存是不透明的字节,需要以格式插入 由枚举值指定.</para></summary>
    </member>
    <member name="T:Microsoft.AspNetCore.Server.HttpSys.IServerDelegationFeature">
      <summary>This exposes the creation of delegation rules on request queues owned by the server.<para>这将公开在服务器拥有的请求队列上创建委派规则.</para></summary>
    </member>
    <member name="M:Microsoft.AspNetCore.Server.HttpSys.IServerDelegationFeature.CreateDelegationRule(System.String,System.String)">
      <summary>Create a delegation rule on request queue owned by the server.<para>在服务器拥有的请求队列上创建委派规则.</para></summary>
      <param name="queueName">The name of the Http.Sys request queue.<para>http.sys 请求队列的名称.</para></param>
      <param name="urlPrefix">The URL of the Http.Sys Url Prefix.<para>http.sys url 前缀的 url.</para></param>
      <returns>Creates a <see cref="T:Microsoft.AspNetCore.Server.HttpSys.DelegationRule" /> that can used to delegate individual requests.<para>创建一个 <see cref="t:microsoft.aspnetcore.server.httpsys.delegationrule" /> 可用于委派单个请求.</para></returns>
    </member>
    <member name="P:Microsoft.AspNetCore.Server.HttpSys.RequestQueue.Created">
      <summary>True if this instace created the queue instead of attaching to an existing one.<para>如果此 instace 创建了队列而不是附加到现有队列,则为 true.</para></summary>
    </member>
    <member name="T:Microsoft.AspNetCore.Server.HttpSys.SafeLibraryHandle">
      <summary>Represents a handle to a Windows module (DLL).<para>表示 windows 模块 （dll） 的句柄.</para></summary>
    </member>
    <member name="M:Microsoft.AspNetCore.Server.HttpSys.SafeLibraryHandle.DoesProcExist(System.String)">
      <summary>Returns a value stating whether the library exports a given proc.<para>返回一个值,该值指示库是否导出给定的进程.</para></summary>
    </member>
    <member name="M:Microsoft.AspNetCore.Server.HttpSys.SafeLibraryHandle.GetProcAddress``1(System.String,System.Boolean)">
      <summary>Gets a delegate pointing to a given export from this library.<para>获取指向此库中给定导出的委托.</para></summary>
    </member>
    <member name="M:Microsoft.AspNetCore.Server.HttpSys.SafeLibraryHandle.Open(System.String)">
      <summary>Opens a library. If 'filename' is not a fully-qualified path, the default search path is used.<para>打开库.如果"文件名"不是完全限定路径,则使用默认搜索路径.</para></summary>
    </member>
    <member name="T:Microsoft.AspNetCore.Server.HttpSys.TokenBindingUtil">
      <summary>Contains helpers for dealing with TLS token binding.<para>包含用于处理 tls 令牌绑定的帮助程序.</para></summary>
    </member>
    <member name="M:Microsoft.AspNetCore.Server.HttpSys.TokenBindingUtil.GetProvidedTokenIdFromBindingInfo(Microsoft.AspNetCore.HttpSys.Internal.HttpApiTypes.HTTP_REQUEST_TOKEN_BINDING_INFO*,System.Byte[]@)">
      <summary>Returns the 'provided' token binding identifier, optionally also returning the
            'referred' token binding identifier. Returns null on failure.<para>返回"提供的"令牌绑定标识符,还可以选择返回 "引用的"令牌绑定标识符.失败时返回 null.</para></summary>
    </member>
    <member name="M:Microsoft.AspNetCore.Server.HttpSys.RequestContext.Dispose">
      <summary>Flushes and completes the response.<para>刷新并完成响应.</para></summary>
    </member>
    <member name="M:Microsoft.AspNetCore.Server.HttpSys.RequestContext.Abort">
      <summary>Forcibly terminate and dispose the request, closing the connection if necessary.<para>强制终止并处置请求,必要时关闭连接.</para></summary>
    </member>
    <member name="P:Microsoft.AspNetCore.Server.HttpSys.Response.AuthenticationChallenges">
      <summary>The authentication challenges that will be added to the response if the status code is 401.
            This must be a subset of the AuthenticationSchemes enabled on the server.<para>如果状态代码为 401,则将添加到响应中的身份验证质询. 这必须是服务器上启用的身份验证方案的子集.</para></summary>
    </member>
    <member name="P:Microsoft.AspNetCore.Server.HttpSys.Response.CacheTtl">
      <summary>Enable kernel caching for the response with the given timeout. Http.Sys determines if the response
            can be cached.<para>为具有给定超时的响应启用内核缓存.http.sys 确定响应是否 可以缓存.</para></summary>
    </member>
    <member name="P:Microsoft.AspNetCore.Server.HttpSys.Response.HasStarted">
      <summary>Indicates if the response status, reason, and headers are prepared to send and can
            no longer be modified. This is caused by the first write or flush to the response body.<para>指示响应状态、原因和标头是否已准备好发送,并且可以 不再修改.这是由第一次写入或刷新到响应正文引起的.</para></summary>
    </member>
    <member name="T:Microsoft.AspNetCore.Server.HttpSys.RequestQueueMode">
      <summary>Used to indicate if this server instance should create a new Http.Sys request queue
            or attach to an existing one.<para>用于指示此服务器实例是否应创建新的 http.sys 请求队列 或附加到现有.</para></summary>
    </member>
    <member name="F:Microsoft.AspNetCore.Server.HttpSys.RequestQueueMode.Create">
      <summary>Create a new queue. This will fail if there's an existing queue with the same name.<para>创建新队列.如果存在同名的现有队列,此操作将失败.</para></summary>
    </member>
    <member name="F:Microsoft.AspNetCore.Server.HttpSys.RequestQueueMode.Attach">
      <summary>Attach to an existing queue with the name given. This will fail if the queue does not already exist.
            Most configuration options do not apply when attaching to an existing queue.<para>附加到具有给定名称的现有队列.如果队列尚不存在,此操作将失败. 大多数配置选项在附加到现有队列时不适用.</para></summary>
    </member>
    <member name="F:Microsoft.AspNetCore.Server.HttpSys.RequestQueueMode.CreateOrAttach">
      <summary>Create a queue with the given name if it does not already exist, otherwise attach to the existing queue.
            Most configuration options do not apply when attaching to an existing queue.<para>如果给定名称尚不存在,请创建具有给定名称的队列,否则将附加到现有队列. 大多数配置选项在附加到现有队列时不适用.</para></summary>
    </member>
    <member name="T:Microsoft.AspNetCore.Server.HttpSys.TimeoutManager">
      <summary>Exposes the Http.Sys timeout configurations.  These may also be configured in the registry.
            These settings do not apply when attaching to an existing queue.<para>公开 http.sys 超时配置.这些也可以在注册表中配置. 附加到现有队列时,这些设置不适用.</para></summary>
    </member>
    <member name="P:Microsoft.AspNetCore.Server.HttpSys.TimeoutManager.EntityBody">
      <summary>The time, in seconds, allowed for the request entity body to arrive.  The default timer is 2 minutes.
            
             The HTTP Server API turns on this timer when the request has an entity body. The timer expiration is
             initially set to the configured value. When the HTTP Server API receives additional data indications on the
             request, it resets the timer to give the connection another interval.
            
             Use TimeSpan.Zero to indicate that system defaults should be used.<para>允许请求实体正文到达的时间（以秒为单位）.默认计时器为 2 分钟. http 服务器 api 在请求具有实体正文时打开此计时器.计时器过期时间为 最初设置为配置的值.当 http 服务器 api 收到其他数据指示时,在 请求,它会重置计时器以给连接另一个间隔. 使用 timespan.zero 指示应使用系统默认值.</para></summary>
    </member>
    <member name="P:Microsoft.AspNetCore.Server.HttpSys.TimeoutManager.DrainEntityBody">
      <summary>The time, in seconds, allowed for the HTTP Server API to drain the entity body on a Keep-Alive connection.
             The default timer is 2 minutes.
            
             On a Keep-Alive connection, after the application has sent a response for a request and before the request
             entity body has completely arrived, the HTTP Server API starts draining the remainder of the entity body to
             reach another potentially pipelined request from the client. If the time to drain the remaining entity body
             exceeds the allowed period the connection is timed out.
            
             Use TimeSpan.Zero to indicate that system defaults should be used.<para>允许 http 服务器 api 耗尽保持活动连接上的实体正文的时间（以秒为单位）. 默认计时器为 2 分钟. 在保持活动连接上,在应用程序发送请求响应之后和请求之前 实体正文已完全到达,http 服务器 api 开始将实体正文的其余部分排空到 到达来自客户端的另一个可能流水线的请求.如果排空剩余实体的时间 超过允许的时间段,连接将超时. 使用 timespan.zero 指示应使用系统默认值.</para></summary>
    </member>
    <member name="P:Microsoft.AspNetCore.Server.HttpSys.TimeoutManager.RequestQueue">
      <summary>The time, in seconds, allowed for the request to remain in the request queue before the application picks
             it up.  The default timer is 2 minutes.
            
             Use TimeSpan.Zero to indicate that system defaults should be used.<para>在应用程序选取之前允许请求保留在请求队列中的时间（以秒为单位） 它起来了.默认计时器为 2 分钟. 使用 timespan.zero 指示应使用系统默认值.</para></summary>
    </member>
    <member name="P:Microsoft.AspNetCore.Server.HttpSys.TimeoutManager.IdleConnection">
      <summary>The time, in seconds, allowed for an idle connection.  The default timer is 2 minutes.
            
             This timeout is only enforced after the first request on the connection is routed to the application.
            
             Use TimeSpan.Zero to indicate that system defaults should be used.<para>允许空闲连接的时间（以秒为单位）.默认计时器为 2 分钟. 只有在将连接上的第一个请求路由到应用程序后,才会强制实施此超时. 使用 timespan.zero 指示应使用系统默认值.</para></summary>
    </member>
    <member name="P:Microsoft.AspNetCore.Server.HttpSys.TimeoutManager.HeaderWait">
      <summary>The time, in seconds, allowed for the HTTP Server API to parse the request header.  The default timer is
             2 minutes.
            
             This timeout is only enforced after the first request on the connection is routed to the application.
            
             Use TimeSpan.Zero to indicate that system defaults should be used.<para>http 服务器 api 解析请求标头的时间（以秒为单位）.默认计时器为 2分钟. 只有在将连接上的第一个请求路由到应用程序后,才会强制实施此超时. 使用 timespan.zero 指示应使用系统默认值.</para></summary>
    </member>
    <member name="P:Microsoft.AspNetCore.Server.HttpSys.TimeoutManager.MinSendBytesPerSecond">
      <summary>The minimum send rate, in bytes-per-second, for the response. The default response send rate is 150
             bytes-per-second.
            
             Use 0 to indicate that system defaults should be used.
            
             To disable this timer set it to UInt32.MaxValue<para>响应的最小发送速率（以字节/秒为单位）.默认响应发送速率为 150 每秒字节数. 使用 0 表示应使用系统默认值. 要禁用此计时器,请将其设置为 uint32.maxvalue</para></summary>
    </member>
    <member name="T:Microsoft.AspNetCore.Server.HttpSys.UrlPrefix">
      <summary>A set of URL parameters used to listen for incoming requests.<para>一组用于侦听传入请求的 url 参数.</para></summary>
    </member>
    <member name="M:Microsoft.AspNetCore.Server.HttpSys.UrlPrefix.Create(System.String,System.String,System.String,System.String)">
      <summary>http://msdn.microsoft.com/en-us/library/windows/desktop/aa364698(v=vs.85).aspx<para>http://msdn.microsoft.com/en-us/library/windows/desktop/aa364698（v=vs.85）.aspx</para></summary>
      <param name="scheme">http or https. Will be normalized to lower case.<para>http 或 https.将规范化为小写.</para></param>
      <param name="host">+, *, IPv4, [IPv6], or a dns name. Http.Sys does not permit punycode (xn--), use Unicode instead.<para>+、*、ipv4、[ipv6] 或 dns 名称.http.sys 不允许 punycode （xn--）,请改用 unicode.</para></param>
      <param name="port">If empty, the default port for the given scheme will be used (80 or 443).<para>如果为空,则将使用给定方案的默认端口（80 或 443）.</para></param>
      <param name="path">Should start and end with a '/', though a missing trailing slash will be added. This value must be un-escaped.<para>应以"/"开头和结尾,但将添加缺少的尾部斜杠.此值必须未转义.</para></param>
    </member>
    <member name="M:Microsoft.AspNetCore.Server.HttpSys.UrlPrefix.Create(System.String,System.String,System.Nullable{System.Int32},System.String)">
      <summary>http://msdn.microsoft.com/en-us/library/windows/desktop/aa364698(v=vs.85).aspx<para>http://msdn.microsoft.com/en-us/library/windows/desktop/aa364698（v=vs.85）.aspx</para></summary>
      <param name="scheme">http or https. Will be normalized to lower case.<para>http 或 https.将规范化为小写.</para></param>
      <param name="host">+, *, IPv4, [IPv6], or a dns name. Http.Sys does not permit punycode (xn--), use Unicode instead.<para>+、*、ipv4、[ipv6] 或 dns 名称.http.sys 不允许 punycode （xn--）,请改用 unicode.</para></param>
      <param name="portValue">If empty, the default port for the given scheme will be used (80 or 443).<para>如果为空,则将使用给定方案的默认端口（80 或 443）.</para></param>
      <param name="path">Should start and end with a '/', though a missing trailing slash will be added. This value must be un-escaped.<para>应以"/"开头和结尾,但将添加缺少的尾部斜杠.此值必须未转义.</para></param>
    </member>
    <member name="M:Microsoft.AspNetCore.Server.HttpSys.UrlPrefix.Create(System.String)">
      <summary>http://msdn.microsoft.com/en-us/library/windows/desktop/aa364698(v=vs.85).aspx<para>http://msdn.microsoft.com/en-us/library/windows/desktop/aa364698（v=vs.85）.aspx</para></summary>
      <param name="prefix">The string that the <see cref="T:Microsoft.AspNetCore.Server.HttpSys.UrlPrefix" /> will be created from.<para>该字符串 <see cref="t:microsoft.aspnetcore.server.httpsys.urlprefix" /> 将从中创建.</para></param>
    </member>
    <member name="P:Microsoft.AspNetCore.Server.HttpSys.UrlPrefix.IsHttps">
      <summary>Gets a value that determines if the prefix's scheme is HTTPS.<para>获取一个值,该值确定前缀的方案是否为 https.</para></summary>
    </member>
    <member name="P:Microsoft.AspNetCore.Server.HttpSys.UrlPrefix.Scheme">
      <summary>Gets the scheme used by the prefix.<para>获取前缀使用的方案.</para></summary>
    </member>
    <member name="P:Microsoft.AspNetCore.Server.HttpSys.UrlPrefix.Host">
      <summary>Gets the host domain name used by the prefix.<para>获取前缀使用的主机域名.</para></summary>
    </member>
    <member name="P:Microsoft.AspNetCore.Server.HttpSys.UrlPrefix.Port">
      <summary>Gets a string representation of the port used by the prefix.<para>获取前缀使用的端口的字符串表示形式.</para></summary>
    </member>
    <member name="P:Microsoft.AspNetCore.Server.HttpSys.UrlPrefix.PortValue">
      <summary>Gets an integer representation of the port used by the prefix.<para>获取前缀使用的端口的整数表示形式.</para></summary>
    </member>
    <member name="P:Microsoft.AspNetCore.Server.HttpSys.UrlPrefix.Path">
      <summary>Gets the path component of the prefix.<para>获取前缀的路径组件.</para></summary>
    </member>
    <member name="P:Microsoft.AspNetCore.Server.HttpSys.UrlPrefix.FullPrefix">
      <summary>Gets a string representation of the prefix<para>获取前缀的字符串表示形式</para></summary>
    </member>
    <member name="M:Microsoft.AspNetCore.Server.HttpSys.UrlPrefix.Equals(System.Object)">
      <inheritdoc />
    </member>
    <member name="M:Microsoft.AspNetCore.Server.HttpSys.UrlPrefix.GetHashCode">
      <inheritdoc />
    </member>
    <member name="M:Microsoft.AspNetCore.Server.HttpSys.UrlPrefix.ToString">
      <inheritdoc />
    </member>
    <member name="T:Microsoft.AspNetCore.Server.HttpSys.UrlPrefixCollection">
      <summary>A collection or URL prefixes<para>集合或 url 前缀</para></summary>
    </member>
    <member name="P:Microsoft.AspNetCore.Server.HttpSys.UrlPrefixCollection.Count">
      <inheritdoc />
    </member>
    <member name="P:Microsoft.AspNetCore.Server.HttpSys.UrlPrefixCollection.IsReadOnly">
      <summary>Gets a value that determines if this collection is readOnly.<para>获取一个值,该值确定此集合是否为只读.</para></summary>
    </member>
    <member name="M:Microsoft.AspNetCore.Server.HttpSys.UrlPrefixCollection.Add(System.String)">
      <summary>Creates a <see cref="T:Microsoft.AspNetCore.Server.HttpSys.UrlPrefix" /> from the given string, and adds it to this collection.<para>创建一个 <see cref="t:microsoft.aspnetcore.server.httpsys.urlprefix" /> 从给定的字符串中,并将其添加到此集合中.</para></summary>
      <param name="prefix">The string representing the <see cref="T:Microsoft.AspNetCore.Server.HttpSys.UrlPrefix" /> to add to this collection.<para>表示 <see cref="t:microsoft.aspnetcore.server.httpsys.urlprefix" /> 以添加到此集合.</para></param>
    </member>
    <member name="M:Microsoft.AspNetCore.Server.HttpSys.UrlPrefixCollection.Add(Microsoft.AspNetCore.Server.HttpSys.UrlPrefix)">
      <summary>Adds a <see cref="T:Microsoft.AspNetCore.Server.HttpSys.UrlPrefix" /> to this collection.<para>添加一个 <see cref="t:microsoft.aspnetcore.server.httpsys.urlprefix" /> 到这个集合.</para></summary>
      <param name="item">The prefix to add to this collection.<para>要添加到此集合的前缀.</para></param>
    </member>
    <member name="M:Microsoft.AspNetCore.Server.HttpSys.UrlPrefixCollection.Clear">
      <inheritdoc />
    </member>
    <member name="M:Microsoft.AspNetCore.Server.HttpSys.UrlPrefixCollection.Contains(Microsoft.AspNetCore.Server.HttpSys.UrlPrefix)">
      <inheritdoc />
    </member>
    <member name="M:Microsoft.AspNetCore.Server.HttpSys.UrlPrefixCollection.CopyTo(Microsoft.AspNetCore.Server.HttpSys.UrlPrefix[],System.Int32)">
      <inheritdoc />
    </member>
    <member name="M:Microsoft.AspNetCore.Server.HttpSys.UrlPrefixCollection.Remove(System.String)">
      <inheritdoc />
    </member>
    <member name="M:Microsoft.AspNetCore.Server.HttpSys.UrlPrefixCollection.Remove(Microsoft.AspNetCore.Server.HttpSys.UrlPrefix)">
      <inheritdoc />
    </member>
    <member name="M:Microsoft.AspNetCore.Server.HttpSys.UrlPrefixCollection.GetEnumerator">
      <summary>Returns an enumerator that iterates through this collection.<para>返回循环访问此集合的枚举器.</para></summary>
    </member>
    <member name="P:Microsoft.AspNetCore.Server.HttpSys.Resources.Exception_AccessDenied">
      <summary>The prefix '{0}' is not registered. Please run the following command as Administrator to register this prefix:
            netsh http add urlacl url={0} user={1}
            See "Preregister URL prefixes on the server" on https://go.microsoft.com/fwlink/?linkid=2127065 for more i ...<para>前缀"{0}"未注册.请以管理员身份运行以下命令以注册此前缀: netsh http add urlacl url={0} user={1} 请参阅 https://go.microsoft.com/fwlink/?linkid=2127065 上的"在服务器上预注册 url 前缀"以获取更多信息 i ...</para></summary>
    </member>
    <member name="M:Microsoft.AspNetCore.Server.HttpSys.Resources.FormatException_AccessDenied(System.Object,System.Object)">
      <summary>The prefix '{0}' is not registered. Please run the following command as Administrator to register this prefix:
            netsh http add urlacl url={0} user={1}
            See "Preregister URL prefixes on the server" on https://go.microsoft.com/fwlink/?linkid=2127065 for more i ...<para>前缀"{0}"未注册.请以管理员身份运行以下命令以注册此前缀: netsh http add urlacl url={0} user={1} 请参阅 https://go.microsoft.com/fwlink/?linkid=2127065 上的"在服务器上预注册 url 前缀"以获取更多信息 i ...</para></summary>
    </member>
    <member name="P:Microsoft.AspNetCore.Server.HttpSys.Resources.Exception_ArrayTooSmall">
      <summary>The destination array is too small.<para>目标阵列太小.</para></summary>
    </member>
    <member name="P:Microsoft.AspNetCore.Server.HttpSys.Resources.Exception_EndCalledMultipleTimes">
      <summary>End has already been called.<para>结束已经被调用了.</para></summary>
    </member>
    <member name="P:Microsoft.AspNetCore.Server.HttpSys.Resources.Exception_InvalidStatusCode">
      <summary>The status code '{0}' is not supported.<para>不支持状态代码"{0}".</para></summary>
    </member>
    <member name="M:Microsoft.AspNetCore.Server.HttpSys.Resources.FormatException_InvalidStatusCode(System.Object)">
      <summary>The status code '{0}' is not supported.<para>不支持状态代码"{0}".</para></summary>
    </member>
    <member name="P:Microsoft.AspNetCore.Server.HttpSys.Resources.Exception_NoSeek">
      <summary>The stream is not seekable.<para>流是不可寻的.</para></summary>
    </member>
    <member name="P:Microsoft.AspNetCore.Server.HttpSys.Resources.Exception_PrefixAlreadyRegistered">
      <summary>The prefix '{0}' is already registered.<para>前缀"{0}"已注册.</para></summary>
    </member>
    <member name="M:Microsoft.AspNetCore.Server.HttpSys.Resources.FormatException_PrefixAlreadyRegistered(System.Object)">
      <summary>The prefix '{0}' is already registered.<para>前缀"{0}"已注册.</para></summary>
    </member>
    <member name="P:Microsoft.AspNetCore.Server.HttpSys.Resources.Exception_ReadOnlyStream">
      <summary>This stream only supports read operations.<para>此流仅支持读取操作.</para></summary>
    </member>
    <member name="P:Microsoft.AspNetCore.Server.HttpSys.Resources.Exception_TooMuchWritten">
      <summary>More data written than specified in the Content-Length header.<para>写入的数据多于内容长度标头中指定的数据.</para></summary>
    </member>
    <member name="P:Microsoft.AspNetCore.Server.HttpSys.Resources.Exception_UnsupportedScheme">
      <summary>Only the http and https schemes are supported.<para>仅支持 http 和 https 方案.</para></summary>
    </member>
    <member name="P:Microsoft.AspNetCore.Server.HttpSys.Resources.Exception_WriteOnlyStream">
      <summary>This stream only supports write operations.<para>此流仅支持写入操作.</para></summary>
    </member>
    <member name="P:Microsoft.AspNetCore.Server.HttpSys.Resources.Exception_WrongIAsyncResult">
      <summary>The given IAsyncResult does not match this opperation.<para>给定的 iasyncresult 与此操作不匹配.</para></summary>
    </member>
    <member name="P:Microsoft.AspNetCore.Server.HttpSys.Resources.Warning_ExceptionInOnResponseCompletedAction">
      <summary>An exception occurred while running an action registered with {0}.<para>运行向{0}注册的操作时发生异常.</para></summary>
    </member>
    <member name="M:Microsoft.AspNetCore.Server.HttpSys.Resources.FormatWarning_ExceptionInOnResponseCompletedAction(System.Object)">
      <summary>An exception occurred while running an action registered with {0}.<para>运行向{0}注册的操作时发生异常.</para></summary>
    </member>
    <member name="M:Microsoft.AspNetCore.Server.Kestrel.Core.Internal.Infrastructure.StringUtilities.WidenFourAsciiBytesToUtf16AndCompareToChars(System.Char@,System.UInt32)">
      <summary>Given a DWORD which represents a buffer of 4 bytes, widens the buffer into 4 WORDs and
            compares them to the WORD buffer with machine endianness.<para>给定一个表示 4 个字节缓冲区的 dword,将缓冲区扩大为 4 个 word,然后 将它们与具有机器字节序的 word 缓冲区进行比较.</para></summary>
    </member>
    <member name="M:Microsoft.AspNetCore.Server.Kestrel.Core.Internal.Infrastructure.StringUtilities.WidenTwoAsciiBytesToUtf16AndCompareToChars(System.Char@,System.UInt16)">
      <summary>Given a WORD which represents a buffer of 2 bytes, widens the buffer into 2 WORDs and
            compares them to the WORD buffer with machine endianness.<para>给定一个表示 2 个字节缓冲区的 word,将缓冲区扩大为 2 个 word,然后 将它们与具有机器字节序的 word 缓冲区进行比较.</para></summary>
    </member>
    <member name="M:Microsoft.AspNetCore.Server.Kestrel.Core.Internal.Infrastructure.StringUtilities.AllBytesInUInt32AreAscii(System.UInt32)">
      <summary>Returns <see langword="true" /> iff all bytes in <paramref name="value" /> are ASCII.<para>返回 <see langword="true" /> iff <paramref name="value" /> 中的所有字节都是 ascii.</para></summary>
    </member>
    <member name="M:Microsoft.AspNetCore.Server.Kestrel.Core.Internal.Infrastructure.StringUtilities.AllBytesInUInt16AreAscii(System.UInt16)">
      <summary>Returns <see langword="true" /> iff all bytes in <paramref name="value" /> are ASCII.<para>返回 <see langword="true" /> iff <paramref name="value" /> 中的所有字节都是 ascii.</para></summary>
    </member>
    <member name="M:Microsoft.AspNetCore.Server.Kestrel.Core.Internal.Infrastructure.StringUtilities.ConcatAsHexSuffix(System.String,System.Char,System.UInt32)">
      <summary>A faster version of String.Concat(<paramref name="str" />, <paramref name="separator" />, <paramref name="number" />.ToString("X8"))<para>string.concat（<paramref name="str" />, <paramref name="separator" />, <paramref name="number" />.tostring（"x8"））</para></summary>
      <param name="str">
        <para>
        </para>
      </param>
      <param name="separator">
        <para>
        </para>
      </param>
      <param name="number">
        <para>
        </para>
      </param>
      <returns>
        <para>
        </para>
      </returns>
    </member>
    <member name="T:Microsoft.AspNetCore.Hosting.WebHostBuilderHttpSysExtensions">
      <summary>Provides extensions method to use Http.sys as the server for the web host.<para>提供扩展方法以使用 http.sys 作为 web 主机的服务器.</para></summary>
    </member>
    <member name="M:Microsoft.AspNetCore.Hosting.WebHostBuilderHttpSysExtensions.UseHttpSys(Microsoft.AspNetCore.Hosting.IWebHostBuilder)">
      <summary>Specify Http.sys as the server to be used by the web host.<para>指定 http.sys 作为 web 主机要使用的服务器.</para></summary>
      <param name="hostBuilder">The Microsoft.AspNetCore.Hosting.IWebHostBuilder to configure.<para>要配置的microsoft.aspnetcore.hosting.iwebhostbuilder.</para></param>
      <returns>A reference to the <see cref="T:Microsoft.AspNetCore.Hosting.IWebHostBuilder" /> parameter object.<para>对 <see cref="t:microsoft.aspnetcore.hosting.iwebhostbuilder" /> 参数对象.</para></returns>
    </member>
    <member name="M:Microsoft.AspNetCore.Hosting.WebHostBuilderHttpSysExtensions.UseHttpSys(Microsoft.AspNetCore.Hosting.IWebHostBuilder,System.Action{Microsoft.AspNetCore.Server.HttpSys.HttpSysOptions})">
      <summary>Specify Http.sys as the server to be used by the web host.<para>指定 http.sys 作为 web 主机要使用的服务器.</para></summary>
      <param name="hostBuilder">The Microsoft.AspNetCore.Hosting.IWebHostBuilder to configure.<para>要配置的microsoft.aspnetcore.hosting.iwebhostbuilder.</para></param>
      <param name="options">A callback to configure Http.sys options.<para>用于配置 http.sys 选项的回调.</para></param>
      <returns>A reference to the <see cref="T:Microsoft.AspNetCore.Hosting.IWebHostBuilder" /> parameter object.<para>对 <see cref="t:microsoft.aspnetcore.hosting.iwebhostbuilder" /> 参数对象.</para></returns>
    </member>
    <member name="T:Microsoft.AspNetCore.HttpSys.Internal.SocketAddress">
      <devdoc>
        <para>
                  This class is used when subclassing EndPoint, and provides indication
                  on how to format the memory buffers that winsock uses for network addresses.
               </para>
      </devdoc>
    </member>
    <member name="M:Microsoft.AspNetCore.HttpSys.Internal.SocketAddress.#ctor(System.Net.Sockets.AddressFamily,System.Int32)">
      <devdoc>
        <para>[To be supplied.]</para>
      </devdoc>
    </member>
    <member name="P:Microsoft.AspNetCore.HttpSys.Internal.SocketAddress.Item(System.Int32)">
      <devdoc>
        <para>[To be supplied.]</para>
      </devdoc>
    </member>
    <member name="M:Microsoft.AspNetCore.HttpSys.Internal.RawUrlHelper.GetPath(System.Span{System.Byte})">
      <summary>Find the segment of the URI byte array which represents the path.<para>查找表示路径的 uri 字节数组段.</para></summary>
    </member>
    <member name="M:Microsoft.AspNetCore.HttpSys.Internal.RawUrlHelper.FindHttpOrHttps(System.Span{System.Byte})">
      <summary>Compare the beginning portion of the raw URL byte array to https:// and http://<para>将原始 url 字节数组的开头部分与 https:// 和 http:// 进行比较</para></summary>
      <param name="raw">The byte array represents the raw URI<para>字节数组表示原始 uri</para></param>
      <returns>Length of the matched bytes, 0 if it is not matched.<para>匹配字节的长度,如果不匹配,则为 0.</para></returns>
    </member>
    <member name="M:Microsoft.AspNetCore.HttpSys.Internal.RequestUriBuilder.Unescape(System.Span{System.Byte})">
      <summary>Unescape a given path string in place. The given path string  may contain escaped char.<para>就地取消转义给定路径字符串.给定的路径字符串可能包含转义字符.</para></summary>
      <param name="rawPath">The raw path string to be unescaped<para>要取消转义的原始路径字符串</para></param>
      <returns>The unescaped path string<para>未转义的路径字符串</para></returns>
    </member>
    <member name="M:Microsoft.AspNetCore.HttpSys.Internal.RequestUriBuilder.DecodeCore(System.Int32@,System.Int32@,System.Int32,System.Span{System.Byte})">
      <summary>Unescape the percent-encodings<para>取消转义百分比编码</para></summary>
      <param name="reader">The iterator point to the first % char<para>迭代器指向第一个 % 字符</para></param>
      <param name="writer">The place to write to<para>写入缓冲区末尾的位置</para></param>
      <param name="end">The end of the buffer<para>字节数组</para></param>
      <param name="buffer">The byte array<para></para></param>
    </member>
    <member name="M:Microsoft.AspNetCore.HttpSys.Internal.RequestUriBuilder.UnescapePercentEncoding(System.Int32@,System.Int32,System.ReadOnlySpan{System.Byte})">
      <summary>Read the percent-encoding and try unescape it.
            
             The operation first peek at the character the <paramref name="scan" />
             iterator points at. If it is % the <paramref name="scan" /> is then
             moved on to scan the following to characters. If the two following
             characters are hexadecimal literals they will be unescaped and the
             value will be returned.
            
             If the first character is not % the <paramref name="scan" /> iterator
             will be removed beyond the location of % and -1 will be returned.
            
             If the following two characters can't be successfully unescaped the
             <paramref name="scan" /> iterator will be move behind the % and -1
             will be returned.<para>读取百分比编码并尝试取消转义. 操作首先偷看字符 <paramref name="scan" /> 迭代器指向.如果是 %,则 <paramref name="scan" /> 为 继续扫描以下内容到字符.如果以下两个 字符是十六进制文字,它们将被取消转义,并且 值将被返回. 如果第一个字符不是 %,则 <paramref name="scan" /> 迭代器 将删除超出 % 的位置,并且将返回 -1. 如果以下两个字符无法成功取消转义 <paramref name="scan" /> 迭代器将移动到 % 和 -1 后面 将被退回.</para></summary>
      <param name="scan">The value to read<para>要读取的值</para></param>
      <param name="end">The end of the buffer<para>缓冲区的末尾</para></param>
      <param name="buffer">The byte array<para>字节数组</para></param>
      <returns>The unescaped byte if success. Otherwise return -1.<para>如果成功,则为未转义的字节.否则返回 -1.</para></returns>
    </member>
    <member name="M:Microsoft.AspNetCore.HttpSys.Internal.RequestUriBuilder.ReadHex(System.Int32@,System.Int32,System.ReadOnlySpan{System.Byte})">
      <summary>Read the next char and convert it into hexadecimal value.
            
             The <paramref name="scan" /> iterator will be moved to the next
             byte no matter no matter whether the operation successes.<para>读取下一个字符并将其转换为十六进制值. <paramref name="scan" /> 迭代器将移动到下一个 字节无论操作是否成功.</para></summary>
      <param name="scan">The value to read<para>要读取的值</para></param>
      <param name="end">The end of the buffer<para>缓冲区的末尾</para></param>
      <param name="buffer">The byte array<para>字节数组</para></param>
      <returns>The hexadecimal value if successes, otherwise -1.<para>如果成功,则为十六进制值,否则为 -1.</para></returns>
    </member>
    <member name="T:System.Buffers.DiagnosticMemoryPool">
      <summary>Used to allocate and distribute re-usable blocks of memory.<para>用于分配和分发可重用的内存块.</para></summary>
    </member>
    <member name="F:System.Buffers.DiagnosticMemoryPool.AnySize">
      <summary>This default value passed in to Rent to use the default value for the pool.<para>此默认值传入 rent 以使用池的默认值.</para></summary>
    </member>
    <member name="T:System.Buffers.DiagnosticPoolBlock">
      <summary>Block tracking object used by the byte buffer memory pool. A slab is a large allocation which is divided into smaller blocks. The
            individual blocks are then treated as independent array segments.<para>字节缓冲内存池使用的块跟踪对象.板坯是一个大分配,分为较小的块.这 然后将单个块视为独立的数组段.</para></summary>
    </member>
    <member name="F:System.Buffers.DiagnosticPoolBlock._pool">
      <summary>Back-reference to the memory pool which this block was allocated from. It may only be returned to this pool.<para>对从中分配此块的内存池的反向引用.它只能返回到此池中.</para></summary>
    </member>
    <member name="M:System.Buffers.DiagnosticPoolBlock.#ctor(System.Buffers.DiagnosticMemoryPool,System.Buffers.IMemoryOwner{System.Byte})">
      <summary>This object cannot be instantiated outside of the static Create method<para>此对象不能在静态 create 方法外部实例化</para></summary>
    </member>
    <member name="T:System.Buffers.MemoryPoolBlock">
      <summary>Wraps an array allocated in the pinned object heap in a reusable block of managed memory<para>将固定对象堆中分配的数组包装在可重用的托管内存块中</para></summary>
    </member>
    <member name="P:System.Buffers.MemoryPoolBlock.Pool">
      <summary>Back-reference to the memory pool which this block was allocated from. It may only be returned to this pool.<para>对从中分配此块的内存池的反向引用.它只能返回到此池中.</para></summary>
    </member>
    <member name="T:System.Buffers.PinnedBlockMemoryPool">
      <summary>Used to allocate and distribute re-usable blocks of memory.<para>用于分配和分发可重用的内存块.</para></summary>
    </member>
    <member name="F:System.Buffers.PinnedBlockMemoryPool._blockSize">
      <summary>The size of a block. 4096 is chosen because most operating systems use 4k pages.<para>块的大小.选择 4096 是因为大多数操作系统使用 4k 页面.</para></summary>
    </member>
    <member name="P:System.Buffers.PinnedBlockMemoryPool.MaxBufferSize">
      <summary>Max allocation block size for pooled blocks,
            larger values can be leased but they will be disposed after use rather than returned to the pool.<para>池块的最大分配块大小, 较大的价值可以租用,但它们将在使用后处理,而不是返回池中.</para></summary>
    </member>
    <member name="P:System.Buffers.PinnedBlockMemoryPool.BlockSize">
      <summary>The size of a block. 4096 is chosen because most operating systems use 4k pages.<para>块的大小.选择 4096 是因为大多数操作系统使用 4k 页面.</para></summary>
    </member>
    <member name="F:System.Buffers.PinnedBlockMemoryPool._blocks">
      <summary>Thread-safe collection of blocks which are currently in the pool. A slab will pre-allocate all of the block tracking objects
            and add them to this collection. When memory is requested it is taken from here first, and when it is returned it is re-added.<para>当前在池中的块的线程安全集合.板将预先分配所有块跟踪对象 并将它们添加到此集合中.当请求内存时,首先从此处获取内存,当它返回时,将重新添加内存.</para></summary>
    </member>
    <member name="F:System.Buffers.PinnedBlockMemoryPool._isDisposed">
      <summary>This is part of implementing the IDisposable pattern.<para>这是实现 idisposable 模式的一部分.</para></summary>
    </member>
    <member name="F:System.Buffers.PinnedBlockMemoryPool.AnySize">
      <summary>This default value passed in to Rent to use the default value for the pool.<para>此默认值传入 rent 以使用池的默认值.</para></summary>
    </member>
    <member name="M:System.Buffers.PinnedBlockMemoryPool.Return(System.Buffers.MemoryPoolBlock)">
      <summary>Called to return a block to the pool. Once Return has been called the memory no longer belongs to the caller, and
            Very Bad Things will happen if the memory is read of modified subsequently. If a caller fails to call Return and the
            block tracking object is garbage collected, the block tracking object's finalizer will automatically re-create and return
            a new tracking object into the pool. This will only happen if there is a bug in the server, however it is necessary to avoid
            leaving "dead zones" in the slab due to lost block tracking objects.<para>调用以将块返回到池.调用 return 后,内存不再属于调用方,并且 如果随后读取修改的内存,将发生非常糟糕的事情.如果呼叫者未能呼叫 return 并且 块跟踪对象被垃圾回收,块跟踪对象的终结器会自动重新创建并返回 池中的新跟踪对象.仅当服务器中存在错误时,才会发生这种情况,但是有必要避免 由于丢失块跟踪对象,在平板中留下"死区".</para></summary>
      <param name="block">The block to return. It must have been acquired by calling Lease on the same memory pool instance.<para>要返回的块.它必须是通过在同一内存池实例上调用 lease 来获取的.</para></param>
    </member>
    <member name="T:System.Threading.Tasks.TaskToApm">
      <summary>Provides support for efficiently using Tasks to implement the APM (Begin/End) pattern.<para>为高效使用任务实现 apm（开始/结束）模式提供支持.</para></summary>
    </member>
    <member name="M:System.Threading.Tasks.TaskToApm.Begin(System.Threading.Tasks.Task,System.AsyncCallback,System.Object)">
      <summary>Marshals the Task as an IAsyncResult, using the supplied callback and state
            to implement the APM pattern.<para>使用提供的回调和状态将任务封送为 iasyncresult 以实现 apm 模式.</para></summary>
      <param name="task">The Task to be marshaled.<para>要封送的任务.</para></param>
      <param name="callback">The callback to be invoked upon completion.<para>完成后要调用的回调.</para></param>
      <param name="state">The state to be stored in the IAsyncResult.<para>要存储在 iasyncresult 中的状态.</para></param>
      <returns>An IAsyncResult to represent the task's asynchronous operation.<para>一个 iasyncresult 来表示任务的异步操作.</para></returns>
    </member>
    <member name="M:System.Threading.Tasks.TaskToApm.End(System.IAsyncResult)">
      <summary>Processes an IAsyncResult returned by Begin.<para>处理 begin 返回的 iasyncresult.</para></summary>
      <param name="asyncResult">The IAsyncResult to unwrap.<para>要解包的 iasyncresult .</para></param>
    </member>
    <member name="M:System.Threading.Tasks.TaskToApm.End``1(System.IAsyncResult)">
      <summary>Processes an IAsyncResult returned by Begin.<para>处理 begin 返回的 iasyncresult.</para></summary>
      <param name="asyncResult">The IAsyncResult to unwrap.<para>要解包的 iasyncresult .</para></param>
    </member>
    <member name="T:System.Threading.Tasks.TaskToApm.TaskAsyncResult">
      <summary>Provides a simple IAsyncResult that wraps a Task.<para>提供包装任务的简单 iasyncresult.</para></summary>
      <remarks>We could use the Task as the IAsyncResult if the Task's AsyncState is the same as the object state,
            but that's very rare, in particular in a situation where someone cares about allocation, and always
            using TaskAsyncResult simplifies things and enables additional optimizations.<para>如果任务的异步状态与对象状态相同,我们可以将任务用作 iasyncresult, 但这非常罕见,特别是在有人关心分配的情况下,而且总是 使用 taskasyncresult 可以简化操作并启用其他优化.</para></remarks>
    </member>
    <member name="F:System.Threading.Tasks.TaskToApm.TaskAsyncResult._task">
      <summary>The wrapped Task.<para>包装后的任务.</para></summary>
    </member>
    <member name="F:System.Threading.Tasks.TaskToApm.TaskAsyncResult._callback">
      <summary>Callback to invoke when the wrapped task completes.<para>包装后的任务完成时要调用的回调.</para></summary>
    </member>
    <member name="M:System.Threading.Tasks.TaskToApm.TaskAsyncResult.#ctor(System.Threading.Tasks.Task,System.Object,System.AsyncCallback)">
      <summary>Initializes the IAsyncResult with the Task to wrap and the associated object state.<para>使用要包装的任务和关联的对象状态初始化 iasyncresult .</para></summary>
      <param name="task">The Task to wrap.<para>要包装的任务.</para></param>
      <param name="state">The new AsyncState value.<para>新的异步状态值.</para></param>
      <param name="callback">Callback to invoke when the wrapped task completes.<para>包装任务完成时要调用的回调.</para></param>
    </member>
    <member name="M:System.Threading.Tasks.TaskToApm.TaskAsyncResult.InvokeCallback">
      <summary>Invokes the callback.<para>调用回调.</para></summary>
    </member>
    <member name="P:System.Threading.Tasks.TaskToApm.TaskAsyncResult.AsyncState">
      <summary>Gets a user-defined object that qualifies or contains information about an asynchronous operation.<para>获取限定或包含有关异步操作的信息的用户定义对象.</para></summary>
    </member>
    <member name="P:System.Threading.Tasks.TaskToApm.TaskAsyncResult.CompletedSynchronously">
      <summary>Gets a value that indicates whether the asynchronous operation completed synchronously.<para>获取一个值,该值指示异步操作是否同步完成.</para></summary>
      <remarks>This is set lazily based on whether the <see cref="F:System.Threading.Tasks.TaskToApm.TaskAsyncResult._task" /> has completed by the time this object is created.<para>这是根据是否 <see cref="f:system.threading.tasks.tasktoapm.taskasyncresult._task" /> 在创建此对象时已完成.</para></remarks>
    </member>
    <member name="P:System.Threading.Tasks.TaskToApm.TaskAsyncResult.IsCompleted">
      <summary>Gets a value that indicates whether the asynchronous operation has completed.<para>获取一个值,该值指示异步操作是否已完成.</para></summary>
    </member>
    <member name="P:System.Threading.Tasks.TaskToApm.TaskAsyncResult.AsyncWaitHandle">
      <summary>Gets a <see cref="T:System.Threading.WaitHandle" /> that is used to wait for an asynchronous operation to complete.<para>获取用于等待异步操作完成的 <see cref="T:System.Threading.WaitHandle" />.</para></summary>
    </member>
  </members>
</doc>