<?xml version="1.0"?>
<doc>
  <assembly>
    <name>Microsoft.Extensions.Localization.Abstractions</name>
  </assembly>
  <members>
    <member name="T:Microsoft.Extensions.Localization.IStringLocalizer">
      <summary>Represents a service that provides localized strings.<para>表示提供本地化字符串的服务.</para></summary>
    </member>
    <member name="P:Microsoft.Extensions.Localization.IStringLocalizer.Item(System.String)">
      <summary>Gets the string resource with the given name.<para>获取具有给定名称的字符串资源.</para></summary>
      <param name="name">The name of the string resource.<para>字符串资源的名称.</para></param>
      <returns>The string resource as a <see cref="T:Microsoft.Extensions.Localization.LocalizedString" />.<para>作为 <see cref="T:Microsoft.Extensions.Localization.LocalizedString" /> 的字符串资源.</para></returns>
    </member>
    <member name="P:Microsoft.Extensions.Localization.IStringLocalizer.Item(System.String,System.Object[])">
      <summary>Gets the string resource with the given name and formatted with the supplied arguments.<para>获取具有给定名称并使用提供的参数设置格式的字符串资源.</para></summary>
      <param name="name">The name of the string resource.<para>字符串资源的名称.</para></param>
      <param name="arguments">The values to format the string with.<para>用于格式化字符串的值.</para></param>
      <returns>The formatted string resource as a <see cref="T:Microsoft.Extensions.Localization.LocalizedString" />.<para>格式化为 <see cref="T:Microsoft.Extensions.Localization.LocalizedString" /> 的字符串资源.</para></returns>
    </member>
    <member name="M:Microsoft.Extensions.Localization.IStringLocalizer.GetAllStrings(System.Boolean)">
      <summary>Gets all string resources.<para>获取所有字符串资源.</para></summary>
      <param name="includeParentCultures">A <see cref="T:System.Boolean" /> indicating whether to include strings from parent cultures.<para>一个 <see cref="T:System.Boolean" />,指示是否包含父区域性的字符串.</para></param>
      <returns>The strings.<para>字符串.</para></returns>
    </member>
    <member name="T:Microsoft.Extensions.Localization.IStringLocalizerFactory">
      <summary>Represents a factory that creates <see cref="T:Microsoft.Extensions.Localization.IStringLocalizer" /> instances.<para>表示创建 <see cref="T:Microsoft.Extensions.Localization.IStringLocalizer" /> 实例的工厂.</para></summary>
    </member>
    <member name="M:Microsoft.Extensions.Localization.IStringLocalizerFactory.Create(System.Type)">
      <summary>Creates an <see cref="T:Microsoft.Extensions.Localization.IStringLocalizer" /> using the <see cref="T:System.Reflection.Assembly" /> and
            <see cref="P:System.Type.FullName" /> of the specified <see cref="T:System.Type" />.<para>使用 <see cref="t:system.reflection.assembly" /> 和 指定的 <see cref="T:System.Type" /> 的 <see cref="P:System.Type.FullName" />.</para></summary>
      <param name="resourceSource">The <see cref="T:System.Type" />.<para>的 <see cref="T:System.Type" />.</para></param>
      <returns>The <see cref="T:Microsoft.Extensions.Localization.IStringLocalizer" />.<para>的 <see cref="T:Microsoft.Extensions.Localization.IStringLocalizer" />.</para></returns>
    </member>
    <member name="M:Microsoft.Extensions.Localization.IStringLocalizerFactory.Create(System.String,System.String)">
      <summary>Creates an <see cref="T:Microsoft.Extensions.Localization.IStringLocalizer" />.<para>创建一个 <see cref="T:Microsoft.Extensions.Localization.IStringLocalizer" />.</para></summary>
      <param name="baseName">The base name of the resource to load strings from.<para>要从中加载字符串的资源的基本名称.</para></param>
      <param name="location">The location to load resources from.<para>要从中加载资源的位置.</para></param>
      <returns>The <see cref="T:Microsoft.Extensions.Localization.IStringLocalizer" />.<para>的 <see cref="T:Microsoft.Extensions.Localization.IStringLocalizer" />.</para></returns>
    </member>
    <member name="T:Microsoft.Extensions.Localization.IStringLocalizer`1">
      <summary>Represents an <see cref="T:Microsoft.Extensions.Localization.IStringLocalizer" /> that provides strings for <typeparamref name="T" />.<para>表示为 <typeparamref name="T" /> 提供字符串的 <see cref="T:Microsoft.Extensions.Localization.IStringLocalizer" />.</para></summary>
      <typeparam name="T">The <see cref="T:System.Type" /> to provide strings for.<para>要为其提供字符串的 <see cref="T:System.Type" />.</para></typeparam>
    </member>
    <member name="T:Microsoft.Extensions.Localization.LocalizedString">
      <summary>A locale specific string.<para>特定于区域设置的字符串.</para></summary>
    </member>
    <member name="M:Microsoft.Extensions.Localization.LocalizedString.#ctor(System.String,System.String)">
      <summary>Creates a new <see cref="T:Microsoft.Extensions.Localization.LocalizedString" />.<para>创建新的 <see cref="T:Microsoft.Extensions.Localization.LocalizedString" />.</para></summary>
      <param name="name">The name of the string in the resource it was loaded from.<para>从中加载它的资源中的字符串的名称.</para></param>
      <param name="value">The actual string.<para>实际字符串.</para></param>
    </member>
    <member name="M:Microsoft.Extensions.Localization.LocalizedString.#ctor(System.String,System.String,System.Boolean)">
      <summary>Creates a new <see cref="T:Microsoft.Extensions.Localization.LocalizedString" />.<para>创建新的 <see cref="T:Microsoft.Extensions.Localization.LocalizedString" />.</para></summary>
      <param name="name">The name of the string in the resource it was loaded from.<para>从中加载它的资源中的字符串的名称.</para></param>
      <param name="value">The actual string.<para>实际字符串.</para></param>
      <param name="resourceNotFound">Whether the string was not found in a resource. Set this to <c>true</c> to indicate an alternate string value was used.<para>是否在资源中找不到字符串.将此设置为 <c>true</c> 以指示使用了备用字符串值.</para></param>
    </member>
    <member name="M:Microsoft.Extensions.Localization.LocalizedString.#ctor(System.String,System.String,System.Boolean,System.String)">
      <summary>Creates a new <see cref="T:Microsoft.Extensions.Localization.LocalizedString" />.<para>创建新的 <see cref="T:Microsoft.Extensions.Localization.LocalizedString" />.</para></summary>
      <param name="name">The name of the string in the resource it was loaded from.<para>从中加载它的资源中的字符串的名称.</para></param>
      <param name="value">The actual string.<para>实际字符串.</para></param>
      <param name="resourceNotFound">Whether the string was not found in a resource. Set this to <c>true</c> to indicate an alternate string value was used.<para>是否在资源中找不到字符串.将此设置为 <c>true</c> 以指示使用了备用字符串值.</para></param>
      <param name="searchedLocation">The location which was searched for a localization value.<para>搜索本地化值的位置.</para></param>
    </member>
    <member name="M:Microsoft.Extensions.Localization.LocalizedString.op_Implicit(Microsoft.Extensions.Localization.LocalizedString)~System.String">
      <summary>Implicitly converts the <see cref="T:Microsoft.Extensions.Localization.LocalizedString" /> to a <see cref="T:System.String" />.<para>隐式将 <see cref="T:Microsoft.Extensions.Localization.LocalizedString" /> 转换为 <see cref="T:System.String" />.</para></summary>
      <param name="localizedString">The string to be implicitly converted.<para>要隐式转换的字符串.</para></param>
    </member>
    <member name="P:Microsoft.Extensions.Localization.LocalizedString.Name">
      <summary>The name of the string in the resource it was loaded from.<para>从中加载它的资源中的字符串的名称.</para></summary>
    </member>
    <member name="P:Microsoft.Extensions.Localization.LocalizedString.Value">
      <summary>The actual string.<para>实际字符串.</para></summary>
    </member>
    <member name="P:Microsoft.Extensions.Localization.LocalizedString.ResourceNotFound">
      <summary>Whether the string was not found in a resource. If <c>true</c>, an alternate string value was used.<para>是否在资源中找不到字符串.如果为 <c>true</c>,则使用备用字符串值.</para></summary>
    </member>
    <member name="P:Microsoft.Extensions.Localization.LocalizedString.SearchedLocation">
      <summary>The location which was searched for a localization value.<para>搜索本地化值的位置.</para></summary>
    </member>
    <member name="M:Microsoft.Extensions.Localization.LocalizedString.ToString">
      <summary>Returns the actual string.<para>返回实际字符串.</para></summary>
      <returns>The actual string.<para>实际字符串.</para></returns>
    </member>
    <member name="T:Microsoft.Extensions.Localization.StringLocalizerExtensions">
      <summary>Extension methods for operating on <see cref="T:Microsoft.Extensions.Localization.IStringLocalizer" /> instances.<para>用于在 <see cref="T:Microsoft.Extensions.Localization.IStringLocalizer" /> 实例上运行的扩展方法.</para></summary>
    </member>
    <member name="M:Microsoft.Extensions.Localization.StringLocalizerExtensions.GetString(Microsoft.Extensions.Localization.IStringLocalizer,System.String)">
      <summary>Gets the string resource with the given name.<para>获取具有给定名称的字符串资源.</para></summary>
      <param name="stringLocalizer">The <see cref="T:Microsoft.Extensions.Localization.IStringLocalizer" />.<para>的 <see cref="T:Microsoft.Extensions.Localization.IStringLocalizer" />.</para></param>
      <param name="name">The name of the string resource.<para>字符串资源的名称.</para></param>
      <returns>The string resource as a <see cref="T:Microsoft.Extensions.Localization.LocalizedString" />.<para>作为 <see cref="T:Microsoft.Extensions.Localization.LocalizedString" /> 的字符串资源.</para></returns>
    </member>
    <member name="M:Microsoft.Extensions.Localization.StringLocalizerExtensions.GetString(Microsoft.Extensions.Localization.IStringLocalizer,System.String,System.Object[])">
      <summary>Gets the string resource with the given name and formatted with the supplied arguments.<para>获取具有给定名称并使用提供的参数设置格式的字符串资源.</para></summary>
      <param name="stringLocalizer">The <see cref="T:Microsoft.Extensions.Localization.IStringLocalizer" />.<para>的 <see cref="T:Microsoft.Extensions.Localization.IStringLocalizer" />.</para></param>
      <param name="name">The name of the string resource.<para>字符串资源的名称.</para></param>
      <param name="arguments">The values to format the string with.<para>用于格式化字符串的值.</para></param>
      <returns>The formatted string resource as a <see cref="T:Microsoft.Extensions.Localization.LocalizedString" />.<para>格式化为 <see cref="T:Microsoft.Extensions.Localization.LocalizedString" /> 的字符串资源.</para></returns>
    </member>
    <member name="M:Microsoft.Extensions.Localization.StringLocalizerExtensions.GetAllStrings(Microsoft.Extensions.Localization.IStringLocalizer)">
      <summary>Gets all string resources including those for parent cultures.<para>获取所有字符串资源,包括父区域性的字符串资源.</para></summary>
      <param name="stringLocalizer">The <see cref="T:Microsoft.Extensions.Localization.IStringLocalizer" />.<para>的 <see cref="T:Microsoft.Extensions.Localization.IStringLocalizer" />.</para></param>
      <returns>The string resources.<para>字符串资源.</para></returns>
    </member>
    <member name="T:Microsoft.Extensions.Localization.StringLocalizer`1">
      <summary>Provides strings for <typeparamref name="TResourceSource" />.<para>provides strings for <typeparamref name="TResourceSource" />.</para></summary>
      <typeparam name="TResourceSource">The <see cref="T:System.Type" /> to provide strings for.<para>the <see cref="T:System.Type" /> to provide strings for.</para></typeparam>
    </member>
    <member name="M:Microsoft.Extensions.Localization.StringLocalizer`1.#ctor(Microsoft.Extensions.Localization.IStringLocalizerFactory)">
      <summary>Creates a new <see cref="T:Microsoft.Extensions.Localization.StringLocalizer`1" />.<para>creates a new <see cref="T:Microsoft.Extensions.Localization.StringLocalizer`1" />.</para></summary>
      <param name="factory">The <see cref="T:Microsoft.Extensions.Localization.IStringLocalizerFactory" /> to use.<para>the <see cref="T:Microsoft.Extensions.Localization.IStringLocalizerFactory" /> to use.</para></param>
    </member>
    <member name="P:Microsoft.Extensions.Localization.StringLocalizer`1.Item(System.String)">
      <inheritdoc />
    </member>
    <member name="P:Microsoft.Extensions.Localization.StringLocalizer`1.Item(System.String,System.Object[])">
      <inheritdoc />
    </member>
    <member name="M:Microsoft.Extensions.Localization.StringLocalizer`1.GetAllStrings(System.Boolean)">
      <inheritdoc />
    </member>
  </members>
</doc>