<?xml version="1.0"?>
<doc>
  <assembly>
    <name>Microsoft.AspNetCore.Server.IIS</name>
  </assembly>
  <members>
    <member name="T:Microsoft.AspNetCore.Server.IIS.BadHttpRequestException">
      <inheritdoc />
    </member>
    <member name="P:Microsoft.AspNetCore.Server.IIS.BadHttpRequestException.StatusCode">
      <inheritdoc />
    </member>
    <member name="M:Microsoft.AspNetCore.Server.IIS.Core.IISHttpContext.ReadAsync(System.Memory{System.Byte},System.Threading.CancellationToken)">
      <summary>Reads data from the Input pipe to the user.<para>从输入管道向用户读取数据.</para></summary>
      <param name="memory">
        <para>
        </para>
      </param>
      <param name="cancellationToken">
        <para>
        </para>
      </param>
      <returns>
        <para>
        </para>
      </returns>
    </member>
    <member name="M:Microsoft.AspNetCore.Server.IIS.Core.IISHttpContext.WriteAsync(System.ReadOnlyMemory{System.Byte},System.Threading.CancellationToken)">
      <summary>Writes data to the output pipe.<para>将数据写入输出管道.</para></summary>
      <param name="memory">
        <para>
        </para>
      </param>
      <param name="cancellationToken">
        <para>
        </para>
      </param>
      <returns>
        <para>
        </para>
      </returns>
    </member>
    <member name="M:Microsoft.AspNetCore.Server.IIS.Core.IISHttpContext.FlushAsync(System.Threading.CancellationToken)">
      <summary>Flushes the data in the output pipe<para>刷新输出管道中的数据</para></summary>
      <param name="cancellationToken">
        <para>
        </para>
      </param>
      <returns>
        <para>
        </para>
      </returns>
    </member>
    <member name="T:Microsoft.AspNetCore.Server.IIS.Core.IISServerAuthenticationHandler">
      <summary>The default authentication handler with IIS In-Process<para>具有 iis 进程内的默认身份验证处理程序</para></summary>
    </member>
    <member name="M:Microsoft.AspNetCore.Server.IIS.Core.IISServerAuthenticationHandler.AuthenticateAsync">
      <inheritdoc />
    </member>
    <member name="M:Microsoft.AspNetCore.Server.IIS.Core.IISServerAuthenticationHandler.ChallengeAsync(Microsoft.AspNetCore.Authentication.AuthenticationProperties)">
      <inheritdoc />
    </member>
    <member name="M:Microsoft.AspNetCore.Server.IIS.Core.IISServerAuthenticationHandler.ForbidAsync(Microsoft.AspNetCore.Authentication.AuthenticationProperties)">
      <inheritdoc />
    </member>
    <member name="M:Microsoft.AspNetCore.Server.IIS.Core.IISServerAuthenticationHandler.InitializeAsync(Microsoft.AspNetCore.Authentication.AuthenticationScheme,Microsoft.AspNetCore.Http.HttpContext)">
      <inheritdoc />
    </member>
    <member name="T:Microsoft.AspNetCore.Server.IIS.Core.IISServerAuthenticationHandlerInternal">
      <summary>The default authentication handler with IIS In-Process<para>具有 iis 进程内的默认身份验证处理程序</para></summary>
    </member>
    <member name="M:Microsoft.AspNetCore.Server.IIS.Core.IISServerAuthenticationHandlerInternal.AuthenticateAsync">
      <inheritdoc />
    </member>
    <member name="M:Microsoft.AspNetCore.Server.IIS.Core.IISServerAuthenticationHandlerInternal.ChallengeAsync(Microsoft.AspNetCore.Authentication.AuthenticationProperties)">
      <inheritdoc />
    </member>
    <member name="M:Microsoft.AspNetCore.Server.IIS.Core.IISServerAuthenticationHandlerInternal.ForbidAsync(Microsoft.AspNetCore.Authentication.AuthenticationProperties)">
      <inheritdoc />
    </member>
    <member name="M:Microsoft.AspNetCore.Server.IIS.Core.IISServerAuthenticationHandlerInternal.InitializeAsync(Microsoft.AspNetCore.Authentication.AuthenticationScheme,Microsoft.AspNetCore.Http.HttpContext)">
      <inheritdoc />
    </member>
    <member name="T:Microsoft.AspNetCore.Server.IIS.Core.ThrowingWasUpgradedWriteOnlyStream">
      <summary>A <see cref="T:System.IO.Stream" /> which throws on calls to write after the stream was upgraded<para>一个 <see cref="T:System.IO.Stream" />,在流升级后引发要写入的调用</para></summary>
      <remarks>Users should not need to instantiate this class.<para>用户不需要实例化此类.</para></remarks>
    </member>
    <member name="M:Microsoft.AspNetCore.Server.IIS.Core.ThrowingWasUpgradedWriteOnlyStream.Write(System.Byte[],System.Int32,System.Int32)">
      <inheritdoc />
    </member>
    <member name="M:Microsoft.AspNetCore.Server.IIS.Core.ThrowingWasUpgradedWriteOnlyStream.WriteAsync(System.Byte[],System.Int32,System.Int32,System.Threading.CancellationToken)">
      <inheritdoc />
    </member>
    <member name="M:Microsoft.AspNetCore.Server.IIS.Core.ThrowingWasUpgradedWriteOnlyStream.Flush">
      <inheritdoc />
    </member>
    <member name="M:Microsoft.AspNetCore.Server.IIS.Core.ThrowingWasUpgradedWriteOnlyStream.Seek(System.Int64,System.IO.SeekOrigin)">
      <inheritdoc />
    </member>
    <member name="M:Microsoft.AspNetCore.Server.IIS.Core.ThrowingWasUpgradedWriteOnlyStream.SetLength(System.Int64)">
      <inheritdoc />
    </member>
    <member name="T:Microsoft.AspNetCore.Server.IIS.Core.ThrowingWasUpgradedWriteOnlyStreamInternal">
      <summary>A <see cref="T:System.IO.Stream" /> which throws on calls to write after the stream was upgraded<para>一个 <see cref="T:System.IO.Stream" />,在流升级后引发要写入的调用</para></summary>
      <remarks>Users should not need to instantiate this class.<para>用户不需要实例化此类.</para></remarks>
    </member>
    <member name="M:Microsoft.AspNetCore.Server.IIS.Core.ThrowingWasUpgradedWriteOnlyStreamInternal.Write(System.Byte[],System.Int32,System.Int32)">
      <inheritdoc />
    </member>
    <member name="M:Microsoft.AspNetCore.Server.IIS.Core.ThrowingWasUpgradedWriteOnlyStreamInternal.WriteAsync(System.Byte[],System.Int32,System.Int32,System.Threading.CancellationToken)">
      <inheritdoc />
    </member>
    <member name="M:Microsoft.AspNetCore.Server.IIS.Core.ThrowingWasUpgradedWriteOnlyStreamInternal.Flush">
      <inheritdoc />
    </member>
    <member name="M:Microsoft.AspNetCore.Server.IIS.Core.ThrowingWasUpgradedWriteOnlyStreamInternal.Seek(System.Int64,System.IO.SeekOrigin)">
      <inheritdoc />
    </member>
    <member name="M:Microsoft.AspNetCore.Server.IIS.Core.ThrowingWasUpgradedWriteOnlyStreamInternal.SetLength(System.Int64)">
      <inheritdoc />
    </member>
    <member name="T:Microsoft.AspNetCore.Server.IIS.Core.WriteOnlyStream">
      <summary>A <see cref="T:System.IO.Stream" /> which only allows for writes.<para>一个 <see cref="T:System.IO.Stream" />,只允许写入.</para></summary>
    </member>
    <member name="P:Microsoft.AspNetCore.Server.IIS.Core.WriteOnlyStream.CanRead">
      <inheritdoc />
    </member>
    <member name="P:Microsoft.AspNetCore.Server.IIS.Core.WriteOnlyStream.CanWrite">
      <inheritdoc />
    </member>
    <member name="P:Microsoft.AspNetCore.Server.IIS.Core.WriteOnlyStream.ReadTimeout">
      <inheritdoc />
    </member>
    <member name="P:Microsoft.AspNetCore.Server.IIS.Core.WriteOnlyStream.CanSeek">
      <inheritdoc />
    </member>
    <member name="P:Microsoft.AspNetCore.Server.IIS.Core.WriteOnlyStream.Length">
      <inheritdoc />
    </member>
    <member name="P:Microsoft.AspNetCore.Server.IIS.Core.WriteOnlyStream.Position">
      <inheritdoc />
    </member>
    <member name="M:Microsoft.AspNetCore.Server.IIS.Core.WriteOnlyStream.Read(System.Byte[],System.Int32,System.Int32)">
      <inheritdoc />
    </member>
    <member name="M:Microsoft.AspNetCore.Server.IIS.Core.WriteOnlyStream.ReadAsync(System.Byte[],System.Int32,System.Int32,System.Threading.CancellationToken)">
      <inheritdoc />
    </member>
    <member name="M:Microsoft.AspNetCore.Server.IIS.Core.WriteOnlyStream.ReadAsync(System.Memory{System.Byte},System.Threading.CancellationToken)">
      <inheritdoc />
    </member>
    <member name="M:Microsoft.AspNetCore.Server.IIS.Core.WriteOnlyStream.Seek(System.Int64,System.IO.SeekOrigin)">
      <inheritdoc />
    </member>
    <member name="M:Microsoft.AspNetCore.Server.IIS.Core.WriteOnlyStream.SetLength(System.Int64)">
      <inheritdoc />
    </member>
    <member name="T:Microsoft.AspNetCore.Server.IIS.Core.WriteOnlyStreamInternal">
      <summary>A <see cref="T:System.IO.Stream" /> which only allows for writes.<para>一个 <see cref="T:System.IO.Stream" />,只允许写入.</para></summary>
    </member>
    <member name="P:Microsoft.AspNetCore.Server.IIS.Core.WriteOnlyStreamInternal.CanRead">
      <inheritdoc />
    </member>
    <member name="P:Microsoft.AspNetCore.Server.IIS.Core.WriteOnlyStreamInternal.CanWrite">
      <inheritdoc />
    </member>
    <member name="P:Microsoft.AspNetCore.Server.IIS.Core.WriteOnlyStreamInternal.ReadTimeout">
      <inheritdoc />
    </member>
    <member name="P:Microsoft.AspNetCore.Server.IIS.Core.WriteOnlyStreamInternal.CanSeek">
      <inheritdoc />
    </member>
    <member name="P:Microsoft.AspNetCore.Server.IIS.Core.WriteOnlyStreamInternal.Length">
      <inheritdoc />
    </member>
    <member name="P:Microsoft.AspNetCore.Server.IIS.Core.WriteOnlyStreamInternal.Position">
      <inheritdoc />
    </member>
    <member name="M:Microsoft.AspNetCore.Server.IIS.Core.WriteOnlyStreamInternal.Read(System.Byte[],System.Int32,System.Int32)">
      <inheritdoc />
    </member>
    <member name="M:Microsoft.AspNetCore.Server.IIS.Core.WriteOnlyStreamInternal.ReadAsync(System.Byte[],System.Int32,System.Int32,System.Threading.CancellationToken)">
      <inheritdoc />
    </member>
    <member name="M:Microsoft.AspNetCore.Server.IIS.Core.WriteOnlyStreamInternal.Seek(System.Int64,System.IO.SeekOrigin)">
      <inheritdoc />
    </member>
    <member name="M:Microsoft.AspNetCore.Server.IIS.Core.WriteOnlyStreamInternal.SetLength(System.Int64)">
      <inheritdoc />
    </member>
    <member name="T:Microsoft.AspNetCore.Server.IIS.HttpContextExtensions">
      <summary>Extensions to <see cref="T:Microsoft.AspNetCore.Http.HttpContext" /> that enable access to IIS features.<para>扩展 <see cref="t:microsoft.aspnetcore.http.httpcontext" /> 启用对 iis 功能的访问.</para></summary>
    </member>
    <member name="M:Microsoft.AspNetCore.Server.IIS.HttpContextExtensions.GetIISServerVariable(Microsoft.AspNetCore.Http.HttpContext,System.String)">
      <summary>Gets the value of a server variable for the current request.<para>获取当前请求的服务器变量的值.</para></summary>
      <param name="context">The http context for the request.<para>请求的 http 上下文.</para></param>
      <param name="variableName">The name of the variable.<para>变量的名称.</para></param>
      <returns>
        <c>null</c> if the server does not support the <see cref="T:Microsoft.AspNetCore.Http.Features.IServerVariablesFeature" /> feature.
            May return null or empty if the variable does not exist or is not set.<para><c>null</c> 如果服务器不支持 <see cref="t:microsoft.aspnetcore.http.features.iservervariablesfeature" /> 特征. 如果变量不存在或未设置,则可能返回 null 或空.</para></returns>
    </member>
    <member name="T:Microsoft.AspNetCore.Server.IIS.IISServerDefaults">
      <summary>String constants used to configure IIS In-Process.<para>用于配置 iis 进程内字符串常量.</para></summary>
    </member>
    <member name="F:Microsoft.AspNetCore.Server.IIS.IISServerDefaults.AuthenticationScheme">
      <summary>Default authentication scheme, which is "Windows".<para>默认身份验证方案,即"windows".</para></summary>
    </member>
    <member name="P:Microsoft.AspNetCore.Server.IIS.CoreStrings.ResponseStreamWasUpgraded">
      <summary>Cannot write to response body after connection has been upgraded.<para>升级连接后无法写入响应正文.</para></summary>
    </member>
    <member name="P:Microsoft.AspNetCore.Server.IIS.CoreStrings.UnhandledApplicationException">
      <summary>The response has been aborted due to an unhandled application exception.<para>由于未处理的应用程序异常,响应已中止.</para></summary>
    </member>
    <member name="P:Microsoft.AspNetCore.Server.IIS.CoreStrings.CannotUpgradeNonUpgradableRequest">
      <summary>Cannot upgrade a non-upgradable request. Check IHttpUpgradeFeature.IsUpgradableRequest to determine if a request can be upgraded.<para>无法升级不可升级的请求.检查 ihttpupgradefeature.isupgradablerequest 以确定是否可以升级请求.</para></summary>
    </member>
    <member name="P:Microsoft.AspNetCore.Server.IIS.CoreStrings.UpgradeCannotBeCalledMultipleTimes">
      <summary>IHttpUpgradeFeature.UpgradeAsync was already called and can only be called once per connection.<para>ihttpupgradefeature.upgradeasync 已被调用,每个连接只能调用一次.</para></summary>
    </member>
    <member name="P:Microsoft.AspNetCore.Server.IIS.CoreStrings.SynchronousReadsDisallowed">
      <summary>Synchronous operations are disallowed. Call ReadAsync or set AllowSynchronousIO to true instead.<para>不允许同步操作.调用 readasync 或将 allowsynchronousio 设置为 true.</para></summary>
    </member>
    <member name="P:Microsoft.AspNetCore.Server.IIS.CoreStrings.SynchronousWritesDisallowed">
      <summary>Synchronous operations are disallowed. Call WriteAsync or set AllowSynchronousIO to true instead.<para>不允许同步操作.调用 writeasync 或将 allowsynchronousio 设置为 true.</para></summary>
    </member>
    <member name="P:Microsoft.AspNetCore.Server.IIS.CoreStrings.WritingToResponseBodyAfterResponseCompleted">
      <summary>Cannot write to the response body, the response has completed.<para>无法写入响应正文,响应已完成.</para></summary>
    </member>
    <member name="P:Microsoft.AspNetCore.Server.IIS.CoreStrings.ConnectionAbortedByApplication">
      <summary>The connection was aborted by the application.<para>连接被应用程序中止.</para></summary>
    </member>
    <member name="P:Microsoft.AspNetCore.Server.IIS.CoreStrings.ConnectionOrStreamAbortedByCancellationToken">
      <summary>The connection or stream was aborted because a write operation was aborted with a CancellationToken.<para>连接或流已中止,因为写入操作已使用取消令牌中止.</para></summary>
    </member>
    <member name="P:Microsoft.AspNetCore.Server.IIS.CoreStrings.ParameterReadOnlyAfterResponseStarted">
      <summary>{name} cannot be set because the response has already started.<para>无法设置 {name},因为响应已启动.</para></summary>
    </member>
    <member name="M:Microsoft.AspNetCore.Server.IIS.CoreStrings.FormatParameterReadOnlyAfterResponseStarted(System.Object)">
      <summary>{name} cannot be set because the response has already started.<para>无法设置 {name},因为响应已启动.</para></summary>
    </member>
    <member name="P:Microsoft.AspNetCore.Server.IIS.CoreStrings.BadRequest_RequestBodyTooLarge">
      <summary>Request body too large.<para>请求正文太大.</para></summary>
    </member>
    <member name="P:Microsoft.AspNetCore.Server.IIS.CoreStrings.MaxRequestBodySizeCannotBeModifiedAfterRead">
      <summary>The maximum request body size cannot be modified after the app has already started reading from the request body.<para>在应用已开始从请求正文读取后,无法修改最大请求正文大小.</para></summary>
    </member>
    <member name="P:Microsoft.AspNetCore.Server.IIS.CoreStrings.MaxRequestBodySizeCannotBeModifiedForUpgradedRequests">
      <summary>The maximum request body size cannot be modified after the request has been upgraded.<para>升级请求后,无法修改最大请求正文大小.</para></summary>
    </member>
    <member name="P:Microsoft.AspNetCore.Server.IIS.CoreStrings.NonNegativeNumberOrNullRequired">
      <summary>Value must be null or a non-negative number.<para>值必须为 null 或非负数.</para></summary>
    </member>
    <member name="P:Microsoft.AspNetCore.Server.IIS.CoreStrings.BadRequest">
      <summary>Bad request.<para>错误请求.</para></summary>
    </member>
    <member name="P:Microsoft.AspNetCore.Server.IIS.CoreStrings.MaxRequestLimitWarning">
      <summary>Increasing the MaxRequestBodySize conflicts with the max value for IIS limit maxAllowedContentLength. HTTP requests that have a content length greater than maxAllowedContentLength will still be rejected by IIS. You can disable the limit by either removing  ...<para>增加 maxrequestbodysize 与 iis 限制 maxallowcontentlength 的最大值冲突.内容长度大于 maxallowcontentlength 的 http 请求仍将被 iis 拒绝.您可以通过删除 ...</para></summary>
    </member>
    <member name="P:Microsoft.AspNetCore.Server.IIS.CoreStrings.UpgradeWithWrongProtocolVersion">
      <summary>Upgrade requires HTTP/1.1.<para>升级需要 http/1.1.</para></summary>
    </member>
    <member name="T:Microsoft.AspNetCore.Server.Kestrel.Core.Internal.DuplexPipeStreamAdapter`1">
      <summary>A helper for wrapping a Stream decorator from an <see cref="T:System.IO.Pipelines.IDuplexPipe" />.<para>一个帮助程序,用于从 <see cref="T:System.IO.Pipelines.IDuplexPipe" /> 包装流装饰器.</para></summary>
      <typeparam name="TStream">
        <para>
        </para>
      </typeparam>
    </member>
    <member name="M:Microsoft.AspNetCore.Server.Kestrel.Core.Internal.MemoryPoolExtensions.GetMinimumSegmentSize(System.Buffers.MemoryPool{System.Byte})">
      <summary>Computes a minimum segment size<para>计算最小段大小</para></summary>
      <param name="pool">
        <para>
        </para>
      </param>
      <returns>
        <para>
        </para>
      </returns>
    </member>
    <member name="M:Microsoft.AspNetCore.Server.Kestrel.Core.Internal.Infrastructure.StringUtilities.WidenFourAsciiBytesToUtf16AndCompareToChars(System.Char@,System.UInt32)">
      <summary>Given a DWORD which represents a buffer of 4 bytes, widens the buffer into 4 WORDs and
            compares them to the WORD buffer with machine endianness.<para>给定一个表示 4 个字节缓冲区的 dword,将缓冲区扩大为 4 个 word,然后 将它们与具有机器字节序的 word 缓冲区进行比较.</para></summary>
    </member>
    <member name="M:Microsoft.AspNetCore.Server.Kestrel.Core.Internal.Infrastructure.StringUtilities.WidenTwoAsciiBytesToUtf16AndCompareToChars(System.Char@,System.UInt16)">
      <summary>Given a WORD which represents a buffer of 2 bytes, widens the buffer into 2 WORDs and
            compares them to the WORD buffer with machine endianness.<para>给定一个表示 2 个字节缓冲区的 word,将缓冲区扩大为 2 个 word,然后 将它们与具有机器字节序的 word 缓冲区进行比较.</para></summary>
    </member>
    <member name="M:Microsoft.AspNetCore.Server.Kestrel.Core.Internal.Infrastructure.StringUtilities.AllBytesInUInt32AreAscii(System.UInt32)">
      <summary>Returns <see langword="true" /> iff all bytes in <paramref name="value" /> are ASCII.<para>返回 <see langword="true" /> iff <paramref name="value" /> 中的所有字节都是 ascii.</para></summary>
    </member>
    <member name="M:Microsoft.AspNetCore.Server.Kestrel.Core.Internal.Infrastructure.StringUtilities.AllBytesInUInt16AreAscii(System.UInt16)">
      <summary>Returns <see langword="true" /> iff all bytes in <paramref name="value" /> are ASCII.<para>返回 <see langword="true" /> iff <paramref name="value" /> 中的所有字节都是 ascii.</para></summary>
    </member>
    <member name="M:Microsoft.AspNetCore.Server.Kestrel.Core.Internal.Infrastructure.StringUtilities.ConcatAsHexSuffix(System.String,System.Char,System.UInt32)">
      <summary>A faster version of String.Concat(<paramref name="str" />, <paramref name="separator" />, <paramref name="number" />.ToString("X8"))<para>string.concat（<paramref name="str" />, <paramref name="separator" />, <paramref name="number" />.tostring（"x8"））</para></summary>
      <param name="str">
        <para>
        </para>
      </param>
      <param name="separator">
        <para>
        </para>
      </param>
      <param name="number">
        <para>
        </para>
      </param>
      <returns>
        <para>
        </para>
      </returns>
    </member>
    <member name="T:Microsoft.AspNetCore.Builder.IISServerOptions">
      <summary>Provides configuration for IIS In-Process.<para>提供进程内 iis 的配置.</para></summary>
    </member>
    <member name="P:Microsoft.AspNetCore.Builder.IISServerOptions.AllowSynchronousIO">
      <summary>Gets or sets a value that controls whether synchronous IO is allowed for the <see cref="P:Microsoft.AspNetCore.Http.HttpContext.Request" /> and <see cref="P:Microsoft.AspNetCore.Http.HttpContext.Response" /><para>获取或设置一个值,该值控制是否允许同步 io 用于 <see cref="p:microsoft.aspnetcore.http.httpcontext.request" /> 和 <see cref="p:microsoft.aspnetcore.http.httpcontext.response" /></para></summary>
      <remarks>Defaults to false.<para>默认为 false.</para></remarks>
    </member>
    <member name="P:Microsoft.AspNetCore.Builder.IISServerOptions.AutomaticAuthentication">
      <summary>If true the server should set HttpContext.User. If false the server will only provide an
            identity when explicitly requested by the AuthenticationScheme.
            Note Windows Authentication must also be enabled in IIS for this to work.<para>如果为 true,则服务器应设置 httpcontext.user.如果为 false,则服务器将仅提供 身份验证方案显式请求时的标识. 注意:还必须在 iis 中启用 windows 身份验证才能正常工作.</para></summary>
    </member>
    <member name="P:Microsoft.AspNetCore.Builder.IISServerOptions.AuthenticationDisplayName">
      <summary>Sets the display name shown to users on login pages. The default is null.<para>设置在登录页面上向用户显示的显示名称.默认值为 null.</para></summary>
    </member>
    <member name="P:Microsoft.AspNetCore.Builder.IISServerOptions.MaxRequestBodyBufferSize">
      <summary>Gets or sets the maximum unconsumed incoming bytes the server will buffer for incoming request body.<para>获取或设置服务器将为传入请求正文缓冲的最大未使用的传入字节数.</para></summary>
      <value>
            Defaults to 1 MB.
            </value>
    </member>
    <member name="P:Microsoft.AspNetCore.Builder.IISServerOptions.ForwardWindowsAuthentication">
      <summary>Used to indicate if the authentication handler should be registered. This is only done if ANCM indicates
            IIS has a non-anonymous authentication enabled, or for back compat with ANCMs that did not provide this information.<para>用于指示是否应注册身份验证处理程序.仅当 ancm 指示时,才会执行此操作 iis 已启用非匿名身份验证,或者用于与未提供此信息的 ncm 进行反向兼容.</para></summary>
    </member>
    <member name="P:Microsoft.AspNetCore.Builder.IISServerOptions.MaxRequestBodySize">
      <summary>Gets or sets the maximum allowed size of any request body in bytes.
            When set to null, the maximum request length will not be restricted in ASP.NET Core.
            However, the IIS maxAllowedContentLength will still restrict content length requests (30,000,000 by default).
            This limit has no effect on upgraded connections which are always unlimited.
            This can be overridden per-request via <see cref="T:Microsoft.AspNetCore.Http.Features.IHttpMaxRequestBodySizeFeature" />.<para>获取或设置任何请求正文的最大允许大小（以字节为单位）. 设置为 null 时,核心中的最大请求长度将不受 asp.net 限制. 但是,iis maxallowcontentlength 仍将限制内容长度请求（默认为 30,000,000）. 此限制对始终无限制的升级连接没有影响. 这可以通过以下方式按请求覆盖 <see cref="t:microsoft.aspnetcore.http.features.ihttpmaxrequestbodysizefeature" /> .</para></summary>
      <remarks>Defaults to 30,000,000 bytes (~28.6 MB).<para>默认值为 30,000,000 字节 （~28.6 mb）.</para></remarks>
    </member>
    <member name="T:Microsoft.AspNetCore.Hosting.WebHostBuilderIISExtensions">
      <summary>Extension methods for the IIS In-Process.<para>iis 进程内进程的扩展方法.</para></summary>
    </member>
    <member name="M:Microsoft.AspNetCore.Hosting.WebHostBuilderIISExtensions.UseIIS(Microsoft.AspNetCore.Hosting.IWebHostBuilder)">
      <summary>Configures the port and base path the server should listen on when running behind AspNetCoreModule.
            The app will also be configured to capture startup errors.<para>配置服务器在 aspnetcoremodule 后面运行时应侦听的端口和基本路径. 该应用程序还将配置为捕获启动错误.</para></summary>
      <param name="hostBuilder">The <see cref="T:Microsoft.AspNetCore.Hosting.IWebHostBuilder" /> to configure.<para>这 <see cref="t:microsoft.aspnetcore.hosting.iwebhostbuilder" /> 进行配置.</para></param>
      <returns>The <see cref="T:Microsoft.AspNetCore.Hosting.IWebHostBuilder" />.<para>这 <see cref="t:microsoft.aspnetcore.hosting.iwebhostbuilder" /> .</para></returns>
    </member>
    <member name="T:Microsoft.AspNetCore.Hosting.Views.ErrorPageModel">
      <summary>Holds data to be displayed on the error page.<para>保存要在错误页面上显示的数据.</para></summary>
    </member>
    <member name="P:Microsoft.AspNetCore.Hosting.Views.ErrorPageModel.ErrorDetails">
      <summary>Detailed information about each exception in the stack.<para>有关堆栈中每个异常的详细信息.</para></summary>
    </member>
    <member name="T:Microsoft.AspNetCore.HttpSys.Internal.SocketAddress">
      <devdoc>
        <para>
                  This class is used when subclassing EndPoint, and provides indication
                  on how to format the memory buffers that winsock uses for network addresses.
               </para>
      </devdoc>
    </member>
    <member name="M:Microsoft.AspNetCore.HttpSys.Internal.SocketAddress.#ctor(System.Net.Sockets.AddressFamily,System.Int32)">
      <devdoc>
        <para>[To be supplied.]</para>
      </devdoc>
    </member>
    <member name="P:Microsoft.AspNetCore.HttpSys.Internal.SocketAddress.Item(System.Int32)">
      <devdoc>
        <para>[To be supplied.]</para>
      </devdoc>
    </member>
    <member name="M:Microsoft.AspNetCore.HttpSys.Internal.RawUrlHelper.GetPath(System.Span{System.Byte})">
      <summary>Find the segment of the URI byte array which represents the path.<para>查找表示路径的 uri 字节数组段.</para></summary>
    </member>
    <member name="M:Microsoft.AspNetCore.HttpSys.Internal.RawUrlHelper.FindHttpOrHttps(System.Span{System.Byte})">
      <summary>Compare the beginning portion of the raw URL byte array to https:// and http://<para>将原始 url 字节数组的开头部分与 https:// 和 http:// 进行比较</para></summary>
      <param name="raw">The byte array represents the raw URI<para>字节数组表示原始 uri</para></param>
      <returns>Length of the matched bytes, 0 if it is not matched.<para>匹配字节的长度,如果不匹配,则为 0.</para></returns>
    </member>
    <member name="M:Microsoft.AspNetCore.HttpSys.Internal.RequestUriBuilder.Unescape(System.Span{System.Byte})">
      <summary>Unescape a given path string in place. The given path string  may contain escaped char.<para>就地取消转义给定路径字符串.给定的路径字符串可能包含转义字符.</para></summary>
      <param name="rawPath">The raw path string to be unescaped<para>要取消转义的原始路径字符串</para></param>
      <returns>The unescaped path string<para>未转义的路径字符串</para></returns>
    </member>
    <member name="M:Microsoft.AspNetCore.HttpSys.Internal.RequestUriBuilder.DecodeCore(System.Int32@,System.Int32@,System.Int32,System.Span{System.Byte})">
      <summary>Unescape the percent-encodings<para>取消转义百分比编码</para></summary>
      <param name="reader">The iterator point to the first % char<para>迭代器指向第一个 % 字符</para></param>
      <param name="writer">The place to write to<para>写入缓冲区末尾的位置</para></param>
      <param name="end">The end of the buffer<para>字节数组</para></param>
      <param name="buffer">The byte array<para></para></param>
    </member>
    <member name="M:Microsoft.AspNetCore.HttpSys.Internal.RequestUriBuilder.UnescapePercentEncoding(System.Int32@,System.Int32,System.ReadOnlySpan{System.Byte})">
      <summary>Read the percent-encoding and try unescape it.
            
             The operation first peek at the character the <paramref name="scan" />
             iterator points at. If it is % the <paramref name="scan" /> is then
             moved on to scan the following to characters. If the two following
             characters are hexadecimal literals they will be unescaped and the
             value will be returned.
            
             If the first character is not % the <paramref name="scan" /> iterator
             will be removed beyond the location of % and -1 will be returned.
            
             If the following two characters can't be successfully unescaped the
             <paramref name="scan" /> iterator will be move behind the % and -1
             will be returned.<para>读取百分比编码并尝试取消转义. 操作首先偷看字符 <paramref name="scan" /> 迭代器指向.如果是 %,则 <paramref name="scan" /> 为 继续扫描以下内容到字符.如果以下两个 字符是十六进制文字,它们将被取消转义,并且 值将被返回. 如果第一个字符不是 %,则 <paramref name="scan" /> 迭代器 将删除超出 % 的位置,并且将返回 -1. 如果以下两个字符无法成功取消转义 <paramref name="scan" /> 迭代器将移动到 % 和 -1 后面 将被退回.</para></summary>
      <param name="scan">The value to read<para>要读取的值</para></param>
      <param name="end">The end of the buffer<para>缓冲区的末尾</para></param>
      <param name="buffer">The byte array<para>字节数组</para></param>
      <returns>The unescaped byte if success. Otherwise return -1.<para>如果成功,则为未转义的字节.否则返回 -1.</para></returns>
    </member>
    <member name="M:Microsoft.AspNetCore.HttpSys.Internal.RequestUriBuilder.ReadHex(System.Int32@,System.Int32,System.ReadOnlySpan{System.Byte})">
      <summary>Read the next char and convert it into hexadecimal value.
            
             The <paramref name="scan" /> iterator will be moved to the next
             byte no matter no matter whether the operation successes.<para>读取下一个字符并将其转换为十六进制值. <paramref name="scan" /> 迭代器将移动到下一个 字节无论操作是否成功.</para></summary>
      <param name="scan">The value to read<para>要读取的值</para></param>
      <param name="end">The end of the buffer<para>缓冲区的末尾</para></param>
      <param name="buffer">The byte array<para>字节数组</para></param>
      <returns>The hexadecimal value if successes, otherwise -1.<para>如果成功,则为十六进制值,否则为 -1.</para></returns>
    </member>
    <member name="M:Microsoft.Extensions.Internal.TypeNameHelper.GetTypeDisplayName(System.Type,System.Boolean,System.Boolean,System.Boolean,System.Char)">
      <summary>Pretty print a type name.<para>漂亮地打印一个类型名称.</para></summary>
      <param name="type">The <see cref="T:System.Type" />.<para>的 <see cref="T:System.Type" />.</para></param>
      <param name="fullName">
        <c>true</c> to print a fully qualified name.<para><c>true</c> 打印完全限定的名称.</para></param>
      <param name="includeGenericParameterNames">
        <c>true</c> to include generic parameter names.<para><c>true</c> 以包含泛型参数名称.</para></param>
      <param name="includeGenericParameters">
        <c>true</c> to include generic parameters.<para><c>true</c> 以包含泛型参数.</para></param>
      <param name="nestedTypeDelimiter">Character to use as a delimiter in nested type names<para>在嵌套类型名称中用作分隔符的字符</para></param>
      <returns>The pretty printed type name.<para>漂亮的打印类型名称.</para></returns>
    </member>
    <member name="T:Microsoft.Extensions.StackTrace.Sources.ExceptionDetails">
      <summary>Contains details for individual exception messages.<para>包含各个异常消息的详细信息.</para></summary>
    </member>
    <member name="P:Microsoft.Extensions.StackTrace.Sources.ExceptionDetails.Error">
      <summary>An individual exception<para>个别例外</para></summary>
    </member>
    <member name="P:Microsoft.Extensions.StackTrace.Sources.ExceptionDetails.StackFrames">
      <summary>The generated stack frames<para>生成的堆栈帧</para></summary>
    </member>
    <member name="P:Microsoft.Extensions.StackTrace.Sources.ExceptionDetails.ErrorMessage">
      <summary>Gets or sets the summary message.<para>获取或设置摘要消息.</para></summary>
    </member>
    <member name="T:Microsoft.Extensions.StackTrace.Sources.StackFrameSourceCodeInfo">
      <summary>Contains the source code where the exception occurred.<para>包含发生异常的源代码.</para></summary>
    </member>
    <member name="P:Microsoft.Extensions.StackTrace.Sources.StackFrameSourceCodeInfo.Function">
      <summary>Function containing instruction<para>包含指令的函数</para></summary>
    </member>
    <member name="P:Microsoft.Extensions.StackTrace.Sources.StackFrameSourceCodeInfo.File">
      <summary>File containing the instruction<para>包含指令的文件</para></summary>
    </member>
    <member name="P:Microsoft.Extensions.StackTrace.Sources.StackFrameSourceCodeInfo.Line">
      <summary>The line number of the instruction<para>指令的行号</para></summary>
    </member>
    <member name="P:Microsoft.Extensions.StackTrace.Sources.StackFrameSourceCodeInfo.PreContextLine">
      <summary>The line preceding the frame line<para>框架线前面的线</para></summary>
    </member>
    <member name="P:Microsoft.Extensions.StackTrace.Sources.StackFrameSourceCodeInfo.PreContextCode">
      <summary>Lines of code before the actual error line(s).<para>实际错误行之前的代码行.</para></summary>
    </member>
    <member name="P:Microsoft.Extensions.StackTrace.Sources.StackFrameSourceCodeInfo.ContextCode">
      <summary>Line(s) of code responsible for the error.<para>导致错误的代码行.</para></summary>
    </member>
    <member name="P:Microsoft.Extensions.StackTrace.Sources.StackFrameSourceCodeInfo.PostContextCode">
      <summary>Lines of code after the actual error line(s).<para>实际错误行之后的代码行.</para></summary>
    </member>
    <member name="P:Microsoft.Extensions.StackTrace.Sources.StackFrameSourceCodeInfo.ErrorDetails">
      <summary>Specific error details for this stack frame.<para>此堆栈帧的特定错误详细信息.</para></summary>
    </member>
    <member name="T:Microsoft.Extensions.RazorViews.BaseView">
      <summary>Infrastructure<para>基础设施</para></summary>
    </member>
    <member name="P:Microsoft.Extensions.RazorViews.BaseView.Context">
      <summary>The request context<para>请求上下文</para></summary>
    </member>
    <member name="P:Microsoft.Extensions.RazorViews.BaseView.Request">
      <summary>The request<para>请求</para></summary>
    </member>
    <member name="P:Microsoft.Extensions.RazorViews.BaseView.Response">
      <summary>The response<para>响应</para></summary>
    </member>
    <member name="P:Microsoft.Extensions.RazorViews.BaseView.Output">
      <summary>The output stream<para>输出流</para></summary>
    </member>
    <member name="P:Microsoft.Extensions.RazorViews.BaseView.HtmlEncoder">
      <summary>Html encoder used to encode content.<para>用于对内容进行编码的 html 编码器.</para></summary>
    </member>
    <member name="P:Microsoft.Extensions.RazorViews.BaseView.UrlEncoder">
      <summary>Url encoder used to encode content.<para>用于对内容进行编码的 url 编码器.</para></summary>
    </member>
    <member name="P:Microsoft.Extensions.RazorViews.BaseView.JavaScriptEncoder">
      <summary>JavaScript encoder used to encode content.<para>用于编码内容的 javascript 编码器.</para></summary>
    </member>
    <member name="M:Microsoft.Extensions.RazorViews.BaseView.ExecuteAsync(System.IO.Stream)">
      <summary>Execute an individual request<para>执行单个请求</para></summary>
      <param name="stream">The stream to write to<para>要写入的流</para></param>
    </member>
    <member name="M:Microsoft.Extensions.RazorViews.BaseView.ExecuteAsync(Microsoft.AspNetCore.Http.HttpContext)">
      <summary>Execute an individual request<para>执行单个请求</para></summary>
      <param name="context">
        <para>
        </para>
      </param>
    </member>
    <member name="M:Microsoft.Extensions.RazorViews.BaseView.ExecuteAsync">
      <summary>Execute an individual request<para>执行单个请求</para></summary>
    </member>
    <member name="M:Microsoft.Extensions.RazorViews.BaseView.WriteLiteral(System.Object)">
      <summary>Write the given value without HTML encoding directly to <see cref="P:Microsoft.Extensions.RazorViews.BaseView.Output" />.<para>将不带 html 编码的给定值直接写入 <see cref="P:Microsoft.Extensions.RazorViews.BaseView.Output" />.</para></summary>
      <param name="value">The <see cref="T:System.Object" /> to write.<para>要写入的 <see cref="T:System.Object" />.</para></param>
    </member>
    <member name="M:Microsoft.Extensions.RazorViews.BaseView.WriteLiteral(System.String)">
      <summary>Write the given value without HTML encoding directly to <see cref="P:Microsoft.Extensions.RazorViews.BaseView.Output" />.<para>将不带 html 编码的给定值直接写入 <see cref="P:Microsoft.Extensions.RazorViews.BaseView.Output" />.</para></summary>
      <param name="value">The <see cref="T:System.String" /> to write.<para>要写入的 <see cref="T:System.String" />.</para></param>
    </member>
    <member name="M:Microsoft.Extensions.RazorViews.BaseView.WriteAttribute(System.String,System.String,System.String,Microsoft.Extensions.RazorViews.AttributeValue[])">
      <summary>Writes the given attribute to the given writer<para>将给定属性写入给定编写器</para></summary>
      <param name="name">The name of the attribute to write<para>要写入的属性的名称</para></param>
      <param name="leader">The value of the prefix<para>前缀的值</para></param>
      <param name="trailer">The value of the suffix<para>后缀的值</para></param>
      <param name="values">The <see cref="T:Microsoft.Extensions.RazorViews.AttributeValue" />s to write.<para><see cref="t:microsoft.extensions.razorviews.attributevalue" /> s来写.</para></param>
    </member>
    <member name="M:Microsoft.Extensions.RazorViews.BaseView.Write(Microsoft.Extensions.RazorViews.HelperResult)">
      <summary>
        <see cref="M:Microsoft.Extensions.RazorViews.HelperResult.WriteTo(System.IO.TextWriter)" /> is invoked<para><see cref="M:Microsoft.Extensions.RazorViews.HelperResult.WriteTo(System.IO.TextWriter)" /> 被调用</para></summary>
      <param name="result">The <see cref="T:Microsoft.Extensions.RazorViews.HelperResult" /> to invoke<para>要调用</para></param>
    </member>
    <member name="M:Microsoft.Extensions.RazorViews.BaseView.Write(System.Object)">
      <summary>Writes the specified <paramref name="value" /> to <see cref="P:Microsoft.Extensions.RazorViews.BaseView.Output" />.<para>将指定的 <paramref name="value" /> 写入 <see cref="P:Microsoft.Extensions.RazorViews.BaseView.Output" />.</para></summary>
      <param name="value">The <see cref="T:System.Object" /> to write.<para>要写入的 <see cref="T:System.Object" />.</para></param>
      <remarks>
        <see cref="M:Microsoft.Extensions.RazorViews.HelperResult.WriteTo(System.IO.TextWriter)" /> is invoked for <see cref="T:Microsoft.Extensions.RazorViews.HelperResult" /> types.
            For all other types, the encoded result of <see cref="M:System.Object.ToString" /> is written to
            <see cref="P:Microsoft.Extensions.RazorViews.BaseView.Output" />.<para><see cref="M:Microsoft.Extensions.RazorViews.HelperResult.WriteTo(System.IO.TextWriter)" /> 是为 <see cref="T:Microsoft.Extensions.RazorViews.HelperResult" /> 类型调用的. 对于所有其他类型,<see cref="M:System.Object.ToString" /> 的编码结果将写入 <see cref="P:Microsoft.Extensions.RazorViews.BaseView.Output" />.</para></remarks>
    </member>
    <member name="M:Microsoft.Extensions.RazorViews.BaseView.Write(System.String)">
      <summary>Writes the specified <paramref name="value" /> with HTML encoding to <see cref="P:Microsoft.Extensions.RazorViews.BaseView.Output" />.<para>将带有 html 编码的指定 <paramref name="value" /> 写入 <see cref="P:Microsoft.Extensions.RazorViews.BaseView.Output" />.</para></summary>
      <param name="value">The <see cref="T:System.String" /> to write.<para>要写入的 <see cref="T:System.String" />.</para></param>
    </member>
    <member name="T:Microsoft.Extensions.RazorViews.HelperResult">
      <summary>Represents a deferred write operation in a <see cref="T:Microsoft.Extensions.RazorViews.BaseView" />.<para>表示 <see cref="T:Microsoft.Extensions.RazorViews.BaseView" /> 中的延迟写入操作.</para></summary>
    </member>
    <member name="M:Microsoft.Extensions.RazorViews.HelperResult.#ctor(System.Action{System.IO.TextWriter})">
      <summary>Creates a new instance of <see cref="T:Microsoft.Extensions.RazorViews.HelperResult" />.<para>创建 <see cref="T:Microsoft.Extensions.RazorViews.HelperResult" /> 的新实例.</para></summary>
      <param name="action">The delegate to invoke when <see cref="M:Microsoft.Extensions.RazorViews.HelperResult.WriteTo(System.IO.TextWriter)" /> is called.<para>调用 <see cref="M:Microsoft.Extensions.RazorViews.HelperResult.WriteTo(System.IO.TextWriter)" /> 时要调用的委托.</para></param>
    </member>
    <member name="M:Microsoft.Extensions.RazorViews.HelperResult.WriteTo(System.IO.TextWriter)">
      <summary>Method invoked to produce content from the <see cref="T:Microsoft.Extensions.RazorViews.HelperResult" />.<para>调用的方法以从 <see cref="T:Microsoft.Extensions.RazorViews.HelperResult" /> 生成内容.</para></summary>
      <param name="writer">The <see cref="T:System.IO.TextWriter" /> instance to write to.<para>要写入的 <see cref="T:System.IO.TextWriter" /> 实例.</para></param>
    </member>
    <member name="T:StartupHook">
      <summary>Startup hooks are pieces of code that will run before a users program main executes
            See: <see href="https://github.com/dotnet/core-setup/blob/master/Documentation/design-docs/host-startup-hook.md" />
            The type must be named StartupHook without any namespace, and should be internal.<para>启动钩子是在用户程序主执行之前运行的代码段 请参阅: <see href="https://github.com/dotnet/core-setup/blob/master/Documentation/design-docs/host-startup-hook.md" /> 该类型必须命名为 startuphook,没有任何命名空间,并且应该是内部的.</para></summary>
    </member>
    <member name="M:StartupHook.Initialize">
      <summary>Startup hooks are pieces of code that will run before a users program main executes
            See: <see href="https://github.com/dotnet/core-setup/blob/master/Documentation/design-docs/host-startup-hook.md" /><para>启动钩子是在用户程序主执行之前运行的代码段 请参阅: <see href="https://github.com/dotnet/core-setup/blob/master/Documentation/design-docs/host-startup-hook.md" /></para></summary>
    </member>
    <member name="T:System.Buffers.DiagnosticMemoryPool">
      <summary>Used to allocate and distribute re-usable blocks of memory.<para>用于分配和分发可重用的内存块.</para></summary>
    </member>
    <member name="F:System.Buffers.DiagnosticMemoryPool.AnySize">
      <summary>This default value passed in to Rent to use the default value for the pool.<para>此默认值传入 rent 以使用池的默认值.</para></summary>
    </member>
    <member name="T:System.Buffers.DiagnosticPoolBlock">
      <summary>Block tracking object used by the byte buffer memory pool. A slab is a large allocation which is divided into smaller blocks. The
            individual blocks are then treated as independent array segments.<para>字节缓冲内存池使用的块跟踪对象.板坯是一个大分配,分为较小的块.这 然后将单个块视为独立的数组段.</para></summary>
    </member>
    <member name="F:System.Buffers.DiagnosticPoolBlock._pool">
      <summary>Back-reference to the memory pool which this block was allocated from. It may only be returned to this pool.<para>对从中分配此块的内存池的反向引用.它只能返回到此池中.</para></summary>
    </member>
    <member name="M:System.Buffers.DiagnosticPoolBlock.#ctor(System.Buffers.DiagnosticMemoryPool,System.Buffers.IMemoryOwner{System.Byte})">
      <summary>This object cannot be instantiated outside of the static Create method<para>此对象不能在静态 create 方法外部实例化</para></summary>
    </member>
    <member name="T:System.Buffers.MemoryPoolBlock">
      <summary>Wraps an array allocated in the pinned object heap in a reusable block of managed memory<para>将固定对象堆中分配的数组包装在可重用的托管内存块中</para></summary>
    </member>
    <member name="P:System.Buffers.MemoryPoolBlock.Pool">
      <summary>Back-reference to the memory pool which this block was allocated from. It may only be returned to this pool.<para>对从中分配此块的内存池的反向引用.它只能返回到此池中.</para></summary>
    </member>
    <member name="T:System.Buffers.PinnedBlockMemoryPool">
      <summary>Used to allocate and distribute re-usable blocks of memory.<para>用于分配和分发可重用的内存块.</para></summary>
    </member>
    <member name="F:System.Buffers.PinnedBlockMemoryPool._blockSize">
      <summary>The size of a block. 4096 is chosen because most operating systems use 4k pages.<para>块的大小.选择 4096 是因为大多数操作系统使用 4k 页面.</para></summary>
    </member>
    <member name="P:System.Buffers.PinnedBlockMemoryPool.MaxBufferSize">
      <summary>Max allocation block size for pooled blocks,
            larger values can be leased but they will be disposed after use rather than returned to the pool.<para>池块的最大分配块大小, 较大的价值可以租用,但它们将在使用后处理,而不是返回池中.</para></summary>
    </member>
    <member name="P:System.Buffers.PinnedBlockMemoryPool.BlockSize">
      <summary>The size of a block. 4096 is chosen because most operating systems use 4k pages.<para>块的大小.选择 4096 是因为大多数操作系统使用 4k 页面.</para></summary>
    </member>
    <member name="F:System.Buffers.PinnedBlockMemoryPool._blocks">
      <summary>Thread-safe collection of blocks which are currently in the pool. A slab will pre-allocate all of the block tracking objects
            and add them to this collection. When memory is requested it is taken from here first, and when it is returned it is re-added.<para>当前在池中的块的线程安全集合.板将预先分配所有块跟踪对象 并将它们添加到此集合中.当请求内存时,首先从此处获取内存,当它返回时,将重新添加内存.</para></summary>
    </member>
    <member name="F:System.Buffers.PinnedBlockMemoryPool._isDisposed">
      <summary>This is part of implementing the IDisposable pattern.<para>这是实现 idisposable 模式的一部分.</para></summary>
    </member>
    <member name="F:System.Buffers.PinnedBlockMemoryPool.AnySize">
      <summary>This default value passed in to Rent to use the default value for the pool.<para>此默认值传入 rent 以使用池的默认值.</para></summary>
    </member>
    <member name="M:System.Buffers.PinnedBlockMemoryPool.Return(System.Buffers.MemoryPoolBlock)">
      <summary>Called to return a block to the pool. Once Return has been called the memory no longer belongs to the caller, and
            Very Bad Things will happen if the memory is read of modified subsequently. If a caller fails to call Return and the
            block tracking object is garbage collected, the block tracking object's finalizer will automatically re-create and return
            a new tracking object into the pool. This will only happen if there is a bug in the server, however it is necessary to avoid
            leaving "dead zones" in the slab due to lost block tracking objects.<para>调用以将块返回到池.调用 return 后,内存不再属于调用方,并且 如果随后读取修改的内存,将发生非常糟糕的事情.如果呼叫者未能呼叫 return 并且 块跟踪对象被垃圾回收,块跟踪对象的终结器会自动重新创建并返回 池中的新跟踪对象.仅当服务器中存在错误时,才会发生这种情况,但是有必要避免 由于丢失块跟踪对象,在平板中留下"死区".</para></summary>
      <param name="block">The block to return. It must have been acquired by calling Lease on the same memory pool instance.<para>要返回的块.它必须是通过在同一内存池实例上调用 lease 来获取的.</para></param>
    </member>
    <member name="M:System.Buffers.BufferExtensions.PositionOfAny``1(System.Buffers.ReadOnlySequence{``0}@,``0,``0)">
      <summary>Returns position of first occurrence of item in the <see cref="T:System.Buffers.ReadOnlySequence`1" /><para>返回 <see cref="T:System.Buffers.ReadOnlySequence`1" /> 中首次出现的项的位置</para></summary>
    </member>
    <member name="T:System.Buffers.BufferWriter`1">
      <summary>A fast access struct that wraps <see cref="T:System.Buffers.IBufferWriter`1" />.<para>包装 <see cref="T:System.Buffers.IBufferWriter`1" /> 的快速访问结构.</para></summary>
      <typeparam name="T">The type of element to be written.<para>要写入的元素的类型.</para></typeparam>
    </member>
    <member name="F:System.Buffers.BufferWriter`1._output">
      <summary>The underlying <see cref="T:System.Buffers.IBufferWriter`1" />.<para>基础 <see cref="T:System.Buffers.IBufferWriter`1" />.</para></summary>
    </member>
    <member name="F:System.Buffers.BufferWriter`1._span">
      <summary>The result of the last call to <see cref="M:System.Buffers.IBufferWriter`1.GetSpan(System.Int32)" />, less any bytes already "consumed" with <see cref="M:System.Buffers.BufferWriter`1.Advance(System.Int32)" />.
            Backing field for the <see cref="P:System.Buffers.BufferWriter`1.Span" /> property.<para>最后一次调用 <see cref="M:System.Buffers.IBufferWriter`1.GetSpan(System.Int32)" /> 的结果,减去已经"消耗"的任何字节 <see cref="m:system.buffers.bufferwriter`1.advance（system.int32）" /> . <see cref="P:System.Buffers.BufferWriter`1.Span" /> 属性的支持字段.</para></summary>
    </member>
    <member name="F:System.Buffers.BufferWriter`1._buffered">
      <summary>The number of uncommitted bytes (all the calls to <see cref="M:System.Buffers.BufferWriter`1.Advance(System.Int32)" /> since the last call to <see cref="M:System.Buffers.BufferWriter`1.Commit" />).<para>未提交的字节数（所有调用 <see cref="m:system.buffers.bufferwriter`1.advance（system.int32）" /> 自上次调用 <see cref="M:System.Buffers.BufferWriter`1.Commit" /> 以来）.</para></summary>
    </member>
    <member name="F:System.Buffers.BufferWriter`1._bytesCommitted">
      <summary>The total number of bytes written with this writer.
            Backing field for the <see cref="P:System.Buffers.BufferWriter`1.BytesCommitted" /> property.<para>使用此写入器写入的总字节数. <see cref="P:System.Buffers.BufferWriter`1.BytesCommitted" /> 属性的支持字段.</para></summary>
    </member>
    <member name="M:System.Buffers.BufferWriter`1.#ctor(`0)">
      <summary>Initializes a new instance of the <see cref="T:System.Buffers.BufferWriter`1" /> struct.<para>初始化 <see cref="T:System.Buffers.BufferWriter`1" /> 结构的新实例.</para></summary>
      <param name="output">The <see cref="T:System.Buffers.IBufferWriter`1" /> to be wrapped.<para>要包装的 <see cref="T:System.Buffers.IBufferWriter`1" />.</para></param>
    </member>
    <member name="P:System.Buffers.BufferWriter`1.Span">
      <summary>Gets the result of the last call to <see cref="M:System.Buffers.IBufferWriter`1.GetSpan(System.Int32)" />.<para>获取上次调用 <see cref="M:System.Buffers.IBufferWriter`1.GetSpan(System.Int32)" /> 的结果.</para></summary>
    </member>
    <member name="P:System.Buffers.BufferWriter`1.BytesCommitted">
      <summary>Gets the total number of bytes written with this writer.<para>获取使用此编写器写入的总字节数.</para></summary>
    </member>
    <member name="M:System.Buffers.BufferWriter`1.Commit">
      <summary>Calls <see cref="M:System.Buffers.IBufferWriter`1.Advance(System.Int32)" /> on the underlying writer
            with the number of uncommitted bytes.<para>调用 <see cref="m:system.buffers.ibufferwriter`1.advance（system.int32）" /> 在基础编写器上 与未提交的字节数.</para></summary>
    </member>
    <member name="M:System.Buffers.BufferWriter`1.Advance(System.Int32)">
      <summary>Used to indicate that part of the buffer has been written to.<para>用于指示已写入部分缓冲区.</para></summary>
      <param name="count">The number of bytes written to.<para>写入的字节数.</para></param>
    </member>
    <member name="M:System.Buffers.BufferWriter`1.Write(System.ReadOnlySpan{System.Byte})">
      <summary>Copies the caller's buffer into this writer and calls <see cref="M:System.Buffers.BufferWriter`1.Advance(System.Int32)" /> with the length of the source buffer.<para>将调用方的缓冲区复制到此编写器中并调用 <see cref="m:system.buffers.bufferwriter`1.advance（system.int32）" /> 与源缓冲区的长度.</para></summary>
      <param name="source">The buffer to copy in.<para>要复制到的缓冲区.</para></param>
    </member>
    <member name="M:System.Buffers.BufferWriter`1.Ensure(System.Int32)">
      <summary>Acquires a new buffer if necessary to ensure that some given number of bytes can be written to a single buffer.<para>如有必要,获取新的缓冲区,以确保可以将给定数量的字节写入单个缓冲区.</para></summary>
      <param name="count">The number of bytes that must be allocated in a single buffer.<para>必须在单个缓冲区中分配的字节数.</para></param>
    </member>
    <member name="M:System.Buffers.BufferWriter`1.EnsureMore(System.Int32)">
      <summary>Gets a fresh span to write to, with an optional minimum size.<para>获取要写入的新跨度,具有可选的最小大小.</para></summary>
      <param name="count">The minimum size for the next requested buffer.<para>下一个请求的缓冲区的最小大小.</para></param>
    </member>
    <member name="M:System.Buffers.BufferWriter`1.WriteMultiBuffer(System.ReadOnlySpan{System.Byte})">
      <summary>Copies the caller's buffer into this writer, potentially across multiple buffers from the underlying writer.<para>将调用方的缓冲区复制到此编写器中,可能跨基础编写器的多个缓冲区.</para></summary>
      <param name="source">The buffer to copy into this writer.<para>要复制到此编写器的缓冲区.</para></param>
    </member>
    <member name="T:System.Threading.Tasks.TaskToApm">
      <summary>Provides support for efficiently using Tasks to implement the APM (Begin/End) pattern.<para>为高效使用任务实现 apm（开始/结束）模式提供支持.</para></summary>
    </member>
    <member name="M:System.Threading.Tasks.TaskToApm.Begin(System.Threading.Tasks.Task,System.AsyncCallback,System.Object)">
      <summary>Marshals the Task as an IAsyncResult, using the supplied callback and state
            to implement the APM pattern.<para>使用提供的回调和状态将任务封送为 iasyncresult 以实现 apm 模式.</para></summary>
      <param name="task">The Task to be marshaled.<para>要封送的任务.</para></param>
      <param name="callback">The callback to be invoked upon completion.<para>完成后要调用的回调.</para></param>
      <param name="state">The state to be stored in the IAsyncResult.<para>要存储在 iasyncresult 中的状态.</para></param>
      <returns>An IAsyncResult to represent the task's asynchronous operation.<para>一个 iasyncresult 来表示任务的异步操作.</para></returns>
    </member>
    <member name="M:System.Threading.Tasks.TaskToApm.End(System.IAsyncResult)">
      <summary>Processes an IAsyncResult returned by Begin.<para>处理 begin 返回的 iasyncresult.</para></summary>
      <param name="asyncResult">The IAsyncResult to unwrap.<para>要解包的 iasyncresult .</para></param>
    </member>
    <member name="M:System.Threading.Tasks.TaskToApm.End``1(System.IAsyncResult)">
      <summary>Processes an IAsyncResult returned by Begin.<para>处理 begin 返回的 iasyncresult.</para></summary>
      <param name="asyncResult">The IAsyncResult to unwrap.<para>要解包的 iasyncresult .</para></param>
    </member>
    <member name="T:System.Threading.Tasks.TaskToApm.TaskAsyncResult">
      <summary>Provides a simple IAsyncResult that wraps a Task.<para>提供包装任务的简单 iasyncresult.</para></summary>
      <remarks>We could use the Task as the IAsyncResult if the Task's AsyncState is the same as the object state,
            but that's very rare, in particular in a situation where someone cares about allocation, and always
            using TaskAsyncResult simplifies things and enables additional optimizations.<para>如果任务的异步状态与对象状态相同,我们可以将任务用作 iasyncresult, 但这非常罕见,特别是在有人关心分配的情况下,而且总是 使用 taskasyncresult 可以简化操作并启用其他优化.</para></remarks>
    </member>
    <member name="F:System.Threading.Tasks.TaskToApm.TaskAsyncResult._task">
      <summary>The wrapped Task.<para>包装后的任务.</para></summary>
    </member>
    <member name="F:System.Threading.Tasks.TaskToApm.TaskAsyncResult._callback">
      <summary>Callback to invoke when the wrapped task completes.<para>包装后的任务完成时要调用的回调.</para></summary>
    </member>
    <member name="M:System.Threading.Tasks.TaskToApm.TaskAsyncResult.#ctor(System.Threading.Tasks.Task,System.Object,System.AsyncCallback)">
      <summary>Initializes the IAsyncResult with the Task to wrap and the associated object state.<para>使用要包装的任务和关联的对象状态初始化 iasyncresult .</para></summary>
      <param name="task">The Task to wrap.<para>要包装的任务.</para></param>
      <param name="state">The new AsyncState value.<para>新的异步状态值.</para></param>
      <param name="callback">Callback to invoke when the wrapped task completes.<para>包装任务完成时要调用的回调.</para></param>
    </member>
    <member name="M:System.Threading.Tasks.TaskToApm.TaskAsyncResult.InvokeCallback">
      <summary>Invokes the callback.<para>调用回调.</para></summary>
    </member>
    <member name="P:System.Threading.Tasks.TaskToApm.TaskAsyncResult.AsyncState">
      <summary>Gets a user-defined object that qualifies or contains information about an asynchronous operation.<para>获取限定或包含有关异步操作的信息的用户定义对象.</para></summary>
    </member>
    <member name="P:System.Threading.Tasks.TaskToApm.TaskAsyncResult.CompletedSynchronously">
      <summary>Gets a value that indicates whether the asynchronous operation completed synchronously.<para>获取一个值,该值指示异步操作是否同步完成.</para></summary>
      <remarks>This is set lazily based on whether the <see cref="F:System.Threading.Tasks.TaskToApm.TaskAsyncResult._task" /> has completed by the time this object is created.<para>这是根据是否 <see cref="f:system.threading.tasks.tasktoapm.taskasyncresult._task" /> 在创建此对象时已完成.</para></remarks>
    </member>
    <member name="P:System.Threading.Tasks.TaskToApm.TaskAsyncResult.IsCompleted">
      <summary>Gets a value that indicates whether the asynchronous operation has completed.<para>获取一个值,该值指示异步操作是否已完成.</para></summary>
    </member>
    <member name="P:System.Threading.Tasks.TaskToApm.TaskAsyncResult.AsyncWaitHandle">
      <summary>Gets a <see cref="T:System.Threading.WaitHandle" /> that is used to wait for an asynchronous operation to complete.<para>获取用于等待异步操作完成的 <see cref="T:System.Threading.WaitHandle" />.</para></summary>
    </member>
  </members>
</doc>