<?xml version="1.0"?>
<doc>
  <assembly>
    <name>Microsoft.Extensions.Configuration</name>
  </assembly>
  <members>
    <member name="T:Microsoft.Extensions.Configuration.ChainedBuilderExtensions">
      <summary>Extension methods for adding <see cref="T:Microsoft.Extensions.Configuration.IConfiguration" /> to an <see cref="T:Microsoft.Extensions.Configuration.IConfigurationBuilder" />.<para>用于将 <see cref="T:Microsoft.Extensions.Configuration.IConfiguration" /> 添加到 <see cref="T:Microsoft.Extensions.Configuration.IConfigurationBuilder" /> 的扩展方法.</para></summary>
    </member>
    <member name="M:Microsoft.Extensions.Configuration.ChainedBuilderExtensions.AddConfiguration(Microsoft.Extensions.Configuration.IConfigurationBuilder,Microsoft.Extensions.Configuration.IConfiguration)">
      <summary>Adds an existing configuration to <paramref name="configurationBuilder" />.<para>将现有配置添加到 <paramref name="configurationBuilder" />.</para></summary>
      <param name="configurationBuilder">The <see cref="T:Microsoft.Extensions.Configuration.IConfigurationBuilder" /> to add to.<para>要添加到的 <see cref="T:Microsoft.Extensions.Configuration.IConfigurationBuilder" />.</para></param>
      <param name="config">The <see cref="T:Microsoft.Extensions.Configuration.IConfiguration" /> to add.<para>要添加的 <see cref="T:Microsoft.Extensions.Configuration.IConfiguration" />.</para></param>
      <returns>The <see cref="T:Microsoft.Extensions.Configuration.IConfigurationBuilder" />.<para>的 <see cref="T:Microsoft.Extensions.Configuration.IConfigurationBuilder" />.</para></returns>
    </member>
    <member name="M:Microsoft.Extensions.Configuration.ChainedBuilderExtensions.AddConfiguration(Microsoft.Extensions.Configuration.IConfigurationBuilder,Microsoft.Extensions.Configuration.IConfiguration,System.Boolean)">
      <summary>Adds an existing configuration to <paramref name="configurationBuilder" />.<para>将现有配置添加到 <paramref name="configurationBuilder" />.</para></summary>
      <param name="configurationBuilder">The <see cref="T:Microsoft.Extensions.Configuration.IConfigurationBuilder" /> to add to.<para>要添加到的 <see cref="T:Microsoft.Extensions.Configuration.IConfigurationBuilder" />.</para></param>
      <param name="config">The <see cref="T:Microsoft.Extensions.Configuration.IConfiguration" /> to add.<para>要添加的 <see cref="T:Microsoft.Extensions.Configuration.IConfiguration" />.</para></param>
      <param name="shouldDisposeConfiguration">Whether the configuration should get disposed when the configuration provider is disposed.<para>释放配置提供程序时是否应释放配置.</para></param>
      <returns>The <see cref="T:Microsoft.Extensions.Configuration.IConfigurationBuilder" />.<para>的 <see cref="T:Microsoft.Extensions.Configuration.IConfigurationBuilder" />.</para></returns>
    </member>
    <member name="T:Microsoft.Extensions.Configuration.ChainedConfigurationProvider">
      <summary>Chained implementation of <see cref="T:Microsoft.Extensions.Configuration.IConfigurationProvider" /><para><see cref="T:Microsoft.Extensions.Configuration.IConfigurationProvider" /> 的链接实现</para></summary>
    </member>
    <member name="M:Microsoft.Extensions.Configuration.ChainedConfigurationProvider.#ctor(Microsoft.Extensions.Configuration.ChainedConfigurationSource)">
      <summary>Initialize a new instance from the source configuration.<para>从源配置初始化新实例.</para></summary>
      <param name="source">The source configuration.<para>源配置.</para></param>
    </member>
    <member name="P:Microsoft.Extensions.Configuration.ChainedConfigurationProvider.Configuration">
      <summary>Gets the chained configuration.<para>获取链接配置.</para></summary>
    </member>
    <member name="M:Microsoft.Extensions.Configuration.ChainedConfigurationProvider.TryGet(System.String,System.String@)">
      <summary>Tries to get a configuration value for the specified key.<para>尝试获取指定键的配置值.</para></summary>
      <param name="key">The key.<para>关键.</para></param>
      <param name="value">The value.<para>值.</para></param>
      <returns>
        <c>True</c> if a value for the specified key was found, otherwise <c>false</c>.<para><c>True</c>,如果找到指定键的值,否则 <c>false</c>.</para></returns>
    </member>
    <member name="M:Microsoft.Extensions.Configuration.ChainedConfigurationProvider.Set(System.String,System.String)">
      <summary>Sets a configuration value for the specified key.<para>设置指定键的配置值.</para></summary>
      <param name="key">The key.<para>关键.</para></param>
      <param name="value">The value.<para>值.</para></param>
    </member>
    <member name="M:Microsoft.Extensions.Configuration.ChainedConfigurationProvider.GetReloadToken">
      <summary>Returns a change token if this provider supports change tracking, null otherwise.<para>如果此提供程序支持更改跟踪,则返回更改令牌,否则返回 null.</para></summary>
      <returns>The change token.<para>更改令牌.</para></returns>
    </member>
    <member name="M:Microsoft.Extensions.Configuration.ChainedConfigurationProvider.Load">
      <summary>Loads configuration values from the source represented by this <see cref="T:Microsoft.Extensions.Configuration.IConfigurationProvider" />.<para>从此 <see cref="T:Microsoft.Extensions.Configuration.IConfigurationProvider" /> 表示的源加载配置值.</para></summary>
    </member>
    <member name="M:Microsoft.Extensions.Configuration.ChainedConfigurationProvider.GetChildKeys(System.Collections.Generic.IEnumerable{System.String},System.String)">
      <summary>Returns the immediate descendant configuration keys for a given parent path based on this
            <see cref="T:Microsoft.Extensions.Configuration.IConfigurationProvider" />s data and the set of keys returned by all the preceding
            <see cref="T:Microsoft.Extensions.Configuration.IConfigurationProvider" />s.<para>基于此返回给定父路径的直接后代配置键 <see cref="T:Microsoft.Extensions.Configuration.IConfigurationProvider" /> 的数据和前面所有返回的键集 <see cref="T:Microsoft.Extensions.Configuration.IConfigurationProvider" />s.</para></summary>
      <param name="earlierKeys">The child keys returned by the preceding providers for the same parent path.<para>上述提供程序为同一父路径返回的子键.</para></param>
      <param name="parentPath">The parent path.<para>父路径.</para></param>
      <returns>The child keys.<para>子项.</para></returns>
    </member>
    <member name="M:Microsoft.Extensions.Configuration.ChainedConfigurationProvider.Dispose">
      <inheritdoc />
    </member>
    <member name="T:Microsoft.Extensions.Configuration.ChainedConfigurationSource">
      <summary>Represents a chained <see cref="T:Microsoft.Extensions.Configuration.IConfiguration" /> as an <see cref="T:Microsoft.Extensions.Configuration.IConfigurationSource" />.<para>将链接的 <see cref="T:Microsoft.Extensions.Configuration.IConfiguration" /> 表示为 <see cref="T:Microsoft.Extensions.Configuration.IConfigurationSource" />.</para></summary>
    </member>
    <member name="P:Microsoft.Extensions.Configuration.ChainedConfigurationSource.Configuration">
      <summary>The chained configuration.<para>链接配置.</para></summary>
    </member>
    <member name="P:Microsoft.Extensions.Configuration.ChainedConfigurationSource.ShouldDisposeConfiguration">
      <summary>Whether the chained configuration should be disposed when the
            configuration provider gets disposed.<para>在 配置提供程序被释放.</para></summary>
    </member>
    <member name="M:Microsoft.Extensions.Configuration.ChainedConfigurationSource.Build(Microsoft.Extensions.Configuration.IConfigurationBuilder)">
      <summary>Builds the <see cref="T:Microsoft.Extensions.Configuration.ChainedConfigurationProvider" /> for this source.<para>为此源生成 <see cref="T:Microsoft.Extensions.Configuration.ChainedConfigurationProvider" />.</para></summary>
      <param name="builder">The <see cref="T:Microsoft.Extensions.Configuration.IConfigurationBuilder" />.<para>的 <see cref="T:Microsoft.Extensions.Configuration.IConfigurationBuilder" />.</para></param>
      <returns>A <see cref="T:Microsoft.Extensions.Configuration.ChainedConfigurationProvider" /><para>a <see cref="T:Microsoft.Extensions.Configuration.ChainedConfigurationProvider" /></para></returns>
    </member>
    <member name="T:Microsoft.Extensions.Configuration.ConfigurationBuilder">
      <summary>Used to build key/value based configuration settings for use in an application.<para>用于构建在应用程序中使用的基于键/值的配置设置.</para></summary>
    </member>
    <member name="P:Microsoft.Extensions.Configuration.ConfigurationBuilder.Sources">
      <summary>Returns the sources used to obtain configuration values.<para>返回用于获取配置值的源.</para></summary>
    </member>
    <member name="P:Microsoft.Extensions.Configuration.ConfigurationBuilder.Properties">
      <summary>Gets a key/value collection that can be used to share data between the <see cref="T:Microsoft.Extensions.Configuration.IConfigurationBuilder" />
            and the registered <see cref="T:Microsoft.Extensions.Configuration.IConfigurationProvider" />s.<para>获取可用于在 <see cref="T:Microsoft.Extensions.Configuration.IConfigurationBuilder" /> 之间共享数据的键/值集合 和注册的 <see cref="T:Microsoft.Extensions.Configuration.IConfigurationProvider" />.</para></summary>
    </member>
    <member name="M:Microsoft.Extensions.Configuration.ConfigurationBuilder.Add(Microsoft.Extensions.Configuration.IConfigurationSource)">
      <summary>Adds a new configuration source.<para>添加新的配置源.</para></summary>
      <param name="source">The configuration source to add.<para>要添加的配置源.</para></param>
      <returns>The same <see cref="T:Microsoft.Extensions.Configuration.IConfigurationBuilder" />.<para>相同的<see cref="T:Microsoft.Extensions.Configuration.IConfigurationBuilder" />.</para></returns>
    </member>
    <member name="M:Microsoft.Extensions.Configuration.ConfigurationBuilder.Build">
      <summary>Builds an <see cref="T:Microsoft.Extensions.Configuration.IConfiguration" /> with keys and values from the set of providers registered in
            <see cref="P:Microsoft.Extensions.Configuration.ConfigurationBuilder.Sources" />.<para>使用在 中注册的提供程序集中的键和值生成 <see cref="T:Microsoft.Extensions.Configuration.IConfiguration" /> <see cref="P:Microsoft.Extensions.Configuration.ConfigurationBuilder.Sources" />.</para></summary>
      <returns>An <see cref="T:Microsoft.Extensions.Configuration.IConfigurationRoot" /> with keys and values from the registered providers.<para>一个 <see cref="T:Microsoft.Extensions.Configuration.IConfigurationRoot" />,其中包含来自已注册提供程序的键和值.</para></returns>
    </member>
    <member name="T:Microsoft.Extensions.Configuration.ConfigurationKeyComparer">
      <summary>IComparer implementation used to order configuration keys.<para>用于排序配置键的 icomparer 实现.</para></summary>
    </member>
    <member name="P:Microsoft.Extensions.Configuration.ConfigurationKeyComparer.Instance">
      <summary>The default instance.<para>默认实例.</para></summary>
    </member>
    <member name="P:Microsoft.Extensions.Configuration.ConfigurationKeyComparer.Comparison">
      <summary>A comparer delegate with the default instance.<para>具有默认实例的比较器委托.</para></summary>
    </member>
    <member name="M:Microsoft.Extensions.Configuration.ConfigurationKeyComparer.Compare(System.String,System.String)">
      <summary>Compares two strings.<para>比较两个字符串.</para></summary>
      <param name="x">First string.<para>第一个字符串.</para></param>
      <param name="y">Second string.<para>第二个字符串.</para></param>
      <returns>Less than 0 if x is less than y, 0 if x is equal to y and greater than 0 if x is greater than y.<para>如果 x 小于 y,则小于 0,如果 x 等于 y,则小于 0,如果 x 大于 y,则大于 0.</para></returns>
    </member>
    <member name="T:Microsoft.Extensions.Configuration.ConfigurationManager">
      <summary>ConfigurationManager is a mutable configuration object. It is both an <see cref="T:Microsoft.Extensions.Configuration.IConfigurationBuilder" /> and an <see cref="T:Microsoft.Extensions.Configuration.IConfigurationRoot" />.
            As sources are added, it updates its current view of configuration.<para>配置管理器是一个可变的配置对象.它既是 <see cref="T:Microsoft.Extensions.Configuration.IConfigurationBuilder" /> 又是 <see cref="T:Microsoft.Extensions.Configuration.IConfigurationRoot" />. 添加源时,它会更新其当前配置视图.</para></summary>
    </member>
    <member name="M:Microsoft.Extensions.Configuration.ConfigurationManager.#ctor">
      <summary>Creates an empty mutable configuration object that is both an <see cref="T:Microsoft.Extensions.Configuration.IConfigurationBuilder" /> and an <see cref="T:Microsoft.Extensions.Configuration.IConfigurationRoot" />.<para>创建一个空的可变配置对象,该对象既是 <see cref="T:Microsoft.Extensions.Configuration.IConfigurationBuilder" /> 又是 <see cref="T:Microsoft.Extensions.Configuration.IConfigurationRoot" />.</para></summary>
    </member>
    <member name="P:Microsoft.Extensions.Configuration.ConfigurationManager.Item(System.String)">
      <inheritdoc />
    </member>
    <member name="M:Microsoft.Extensions.Configuration.ConfigurationManager.GetSection(System.String)">
      <inheritdoc />
    </member>
    <member name="M:Microsoft.Extensions.Configuration.ConfigurationManager.GetChildren">
      <inheritdoc />
    </member>
    <member name="P:Microsoft.Extensions.Configuration.ConfigurationManager.Sources">
      <inheritdoc />
    </member>
    <member name="M:Microsoft.Extensions.Configuration.ConfigurationManager.Dispose">
      <inheritdoc />
    </member>
    <member name="T:Microsoft.Extensions.Configuration.ConfigurationProvider">
      <summary>Base helper class for implementing an <see cref="T:Microsoft.Extensions.Configuration.IConfigurationProvider" /><para>用于实现 <see cref="T:Microsoft.Extensions.Configuration.IConfigurationProvider" /> 的基帮助程序类</para></summary>
    </member>
    <member name="M:Microsoft.Extensions.Configuration.ConfigurationProvider.#ctor">
      <summary>Initializes a new <see cref="T:Microsoft.Extensions.Configuration.IConfigurationProvider" /><para>初始化新的 <see cref="T:Microsoft.Extensions.Configuration.IConfigurationProvider" /></para></summary>
    </member>
    <member name="P:Microsoft.Extensions.Configuration.ConfigurationProvider.Data">
      <summary>The configuration key value pairs for this provider.<para>此提供程序的配置键值对.</para></summary>
    </member>
    <member name="M:Microsoft.Extensions.Configuration.ConfigurationProvider.TryGet(System.String,System.String@)">
      <summary>Attempts to find a value with the given key, returns true if one is found, false otherwise.<para>尝试使用给定键查找值,如果找到值,则返回 true,否则返回 false.</para></summary>
      <param name="key">The key to lookup.<para>查找的关键.</para></param>
      <param name="value">The value found at key if one is found.<para>在键处找到的值（如果找到）.</para></param>
      <returns>True if key has a value, false otherwise.<para>如果键具有值,则为 true,否则为 false.</para></returns>
    </member>
    <member name="M:Microsoft.Extensions.Configuration.ConfigurationProvider.Set(System.String,System.String)">
      <summary>Sets a value for a given key.<para>设置给定键的值.</para></summary>
      <param name="key">The configuration key to set.<para>要设置的配置键.</para></param>
      <param name="value">The value to set.<para>要设置的值.</para></param>
    </member>
    <member name="M:Microsoft.Extensions.Configuration.ConfigurationProvider.Load">
      <summary>Loads (or reloads) the data for this provider.<para>加载（或重新加载）此提供程序的数据.</para></summary>
    </member>
    <member name="M:Microsoft.Extensions.Configuration.ConfigurationProvider.GetChildKeys(System.Collections.Generic.IEnumerable{System.String},System.String)">
      <summary>Returns the list of keys that this provider has.<para>返回此提供程序具有的键的列表.</para></summary>
      <param name="earlierKeys">The earlier keys that other providers contain.<para>其他提供程序包含的较早密钥.</para></param>
      <param name="parentPath">The path for the parent IConfiguration.<para>父 iconfiography 的路径.</para></param>
      <returns>The list of keys for this provider.<para>此提供程序的密钥列表.</para></returns>
    </member>
    <member name="M:Microsoft.Extensions.Configuration.ConfigurationProvider.GetReloadToken">
      <summary>Returns a <see cref="T:Microsoft.Extensions.Primitives.IChangeToken" /> that can be used to listen when this provider is reloaded.<para>返回一个 <see cref="T:Microsoft.Extensions.Primitives.IChangeToken" />,该值可用于在重新加载此提供程序时进行侦听.</para></summary>
      <returns>The <see cref="T:Microsoft.Extensions.Primitives.IChangeToken" />.<para>的 <see cref="T:Microsoft.Extensions.Primitives.IChangeToken" />.</para></returns>
    </member>
    <member name="M:Microsoft.Extensions.Configuration.ConfigurationProvider.OnReload">
      <summary>Triggers the reload change token and creates a new one.<para>触发重新加载更改令牌并创建一个新令牌.</para></summary>
    </member>
    <member name="M:Microsoft.Extensions.Configuration.ConfigurationProvider.ToString">
      <summary>Generates a string representing this provider name and relevant details.<para>生成表示此提供程序名称和相关详细信息的字符串.</para></summary>
      <returns>The configuration name.<para>配置名称.</para></returns>
    </member>
    <member name="T:Microsoft.Extensions.Configuration.ConfigurationReloadToken">
      <summary>Implements <see cref="T:Microsoft.Extensions.Primitives.IChangeToken" /><para>实现 <see cref="T:Microsoft.Extensions.Primitives.IChangeToken" /></para></summary>
    </member>
    <member name="P:Microsoft.Extensions.Configuration.ConfigurationReloadToken.ActiveChangeCallbacks">
      <summary>Indicates if this token will proactively raise callbacks. Callbacks are still guaranteed to be invoked, eventually.<para>指示此令牌是否会主动引发回调.最终仍保证调用回调.</para></summary>
      <returns>True if the token will proactively raise callbacks.<para>如果令牌将主动引发回调,则为 true.</para></returns>
    </member>
    <member name="P:Microsoft.Extensions.Configuration.ConfigurationReloadToken.HasChanged">
      <summary>Gets a value that indicates if a change has occurred.<para>获取一个值,该值指示是否已发生更改.</para></summary>
      <returns>True if a change has occurred.<para>如果发生了更改,则为 true.</para></returns>
    </member>
    <member name="M:Microsoft.Extensions.Configuration.ConfigurationReloadToken.RegisterChangeCallback(System.Action{System.Object},System.Object)">
      <summary>Registers for a callback that will be invoked when the entry has changed. <see cref="P:Microsoft.Extensions.Primitives.IChangeToken.HasChanged" />
            MUST be set before the callback is invoked.<para>注册将在条目更改时调用的回调.<see cref="P:Microsoft.Extensions.Primitives.IChangeToken.HasChanged" /> 必须在调用回调之前设置.</para></summary>
      <param name="callback">The callback to invoke.<para>要调用的回调.要传递到回调中的</para></param>
      <param name="state">State to be passed into the callback.<para>状态.</para></param>
      <returns>The <see cref="T:System.Threading.CancellationToken" /> registration.<para><see cref="T:System.Threading.CancellationToken" /> 注册.</para></returns>
    </member>
    <member name="M:Microsoft.Extensions.Configuration.ConfigurationReloadToken.OnReload">
      <summary>Used to trigger the change token when a reload occurs.<para>用于在重新加载时触发更改令牌.</para></summary>
    </member>
    <member name="T:Microsoft.Extensions.Configuration.ConfigurationRoot">
      <summary>The root node for a configuration.<para>配置的根节点.</para></summary>
    </member>
    <member name="M:Microsoft.Extensions.Configuration.ConfigurationRoot.#ctor(System.Collections.Generic.IList{Microsoft.Extensions.Configuration.IConfigurationProvider})">
      <summary>Initializes a Configuration root with a list of providers.<para>使用提供程序列表初始化配置根.</para></summary>
      <param name="providers">The <see cref="T:Microsoft.Extensions.Configuration.IConfigurationProvider" />s for this configuration.<para>此配置的 <see cref="T:Microsoft.Extensions.Configuration.IConfigurationProvider" />.</para></param>
    </member>
    <member name="P:Microsoft.Extensions.Configuration.ConfigurationRoot.Providers">
      <summary>The <see cref="T:Microsoft.Extensions.Configuration.IConfigurationProvider" />s for this configuration.<para>此配置的 <see cref="T:Microsoft.Extensions.Configuration.IConfigurationProvider" />.</para></summary>
    </member>
    <member name="P:Microsoft.Extensions.Configuration.ConfigurationRoot.Item(System.String)">
      <summary>Gets or sets the value corresponding to a configuration key.<para>获取或设置与配置键对应的值.</para></summary>
      <param name="key">The configuration key.<para>配置键.</para></param>
      <returns>The configuration value.<para>配置值.</para></returns>
    </member>
    <member name="M:Microsoft.Extensions.Configuration.ConfigurationRoot.GetChildren">
      <summary>Gets the immediate children sub-sections.<para>获取直接子项子节.</para></summary>
      <returns>The children.<para>孩子们.</para></returns>
    </member>
    <member name="M:Microsoft.Extensions.Configuration.ConfigurationRoot.GetReloadToken">
      <summary>Returns a <see cref="T:Microsoft.Extensions.Primitives.IChangeToken" /> that can be used to observe when this configuration is reloaded.<para>返回一个 <see cref="T:Microsoft.Extensions.Primitives.IChangeToken" />,可用于观察何时重新加载此配置.</para></summary>
      <returns>The <see cref="T:Microsoft.Extensions.Primitives.IChangeToken" />.<para>的 <see cref="T:Microsoft.Extensions.Primitives.IChangeToken" />.</para></returns>
    </member>
    <member name="M:Microsoft.Extensions.Configuration.ConfigurationRoot.GetSection(System.String)">
      <summary>Gets a configuration sub-section with the specified key.<para>获取具有指定键的配置子节.</para></summary>
      <param name="key">The key of the configuration section.<para>配置部分的键.</para></param>
      <returns>The <see cref="T:Microsoft.Extensions.Configuration.IConfigurationSection" />.<para>的 <see cref="T:Microsoft.Extensions.Configuration.IConfigurationSection" />.</para></returns>
      <remarks>This method will never return <c>null</c>. If no matching sub-section is found with the specified key,
                an empty <see cref="T:Microsoft.Extensions.Configuration.IConfigurationSection" /> will be returned.<para>此方法永远不会返回 <c>null</c>.如果未找到与指定键匹配的子节, 将返回一个空的 <see cref="T:Microsoft.Extensions.Configuration.IConfigurationSection" />.</para></remarks>
    </member>
    <member name="M:Microsoft.Extensions.Configuration.ConfigurationRoot.Reload">
      <summary>Force the configuration values to be reloaded from the underlying sources.<para>强制从基础源重新加载配置值.</para></summary>
    </member>
    <member name="M:Microsoft.Extensions.Configuration.ConfigurationRoot.Dispose">
      <inheritdoc />
    </member>
    <member name="T:Microsoft.Extensions.Configuration.ConfigurationSection">
      <summary>Represents a section of application configuration values.<para>表示应用程序配置值的一部分.</para></summary>
    </member>
    <member name="M:Microsoft.Extensions.Configuration.ConfigurationSection.#ctor(Microsoft.Extensions.Configuration.IConfigurationRoot,System.String)">
      <summary>Initializes a new instance.<para>初始化新实例.</para></summary>
      <param name="root">The configuration root.<para>配置根.</para></param>
      <param name="path">The path to this section.<para>此部分的路径.</para></param>
    </member>
    <member name="P:Microsoft.Extensions.Configuration.ConfigurationSection.Path">
      <summary>Gets the full path to this section from the <see cref="T:Microsoft.Extensions.Configuration.IConfigurationRoot" />.<para>从 <see cref="T:Microsoft.Extensions.Configuration.IConfigurationRoot" /> 获取此部分的完整路径.</para></summary>
    </member>
    <member name="P:Microsoft.Extensions.Configuration.ConfigurationSection.Key">
      <summary>Gets the key this section occupies in its parent.<para>获取此部分在其父项中占用的键.</para></summary>
    </member>
    <member name="P:Microsoft.Extensions.Configuration.ConfigurationSection.Value">
      <summary>Gets or sets the section value.<para>获取或设置节值.</para></summary>
    </member>
    <member name="P:Microsoft.Extensions.Configuration.ConfigurationSection.Item(System.String)">
      <summary>Gets or sets the value corresponding to a configuration key.<para>获取或设置与配置键对应的值.</para></summary>
      <param name="key">The configuration key.<para>配置键.</para></param>
      <returns>The configuration value.<para>配置值.</para></returns>
    </member>
    <member name="M:Microsoft.Extensions.Configuration.ConfigurationSection.GetSection(System.String)">
      <summary>Gets a configuration sub-section with the specified key.<para>获取具有指定键的配置子节.</para></summary>
      <param name="key">The key of the configuration section.<para>配置部分的键.</para></param>
      <returns>The <see cref="T:Microsoft.Extensions.Configuration.IConfigurationSection" />.<para>的 <see cref="T:Microsoft.Extensions.Configuration.IConfigurationSection" />.</para></returns>
      <remarks>This method will never return <c>null</c>. If no matching sub-section is found with the specified key,
                an empty <see cref="T:Microsoft.Extensions.Configuration.IConfigurationSection" /> will be returned.<para>此方法永远不会返回 <c>null</c>.如果未找到与指定键匹配的子节, 将返回一个空的 <see cref="T:Microsoft.Extensions.Configuration.IConfigurationSection" />.</para></remarks>
    </member>
    <member name="M:Microsoft.Extensions.Configuration.ConfigurationSection.GetChildren">
      <summary>Gets the immediate descendant configuration sub-sections.<para>获取直接后代配置子节.</para></summary>
      <returns>The configuration sub-sections.<para>配置子部分.</para></returns>
    </member>
    <member name="M:Microsoft.Extensions.Configuration.ConfigurationSection.GetReloadToken">
      <summary>Returns a <see cref="T:Microsoft.Extensions.Primitives.IChangeToken" /> that can be used to observe when this configuration is reloaded.<para>返回一个 <see cref="T:Microsoft.Extensions.Primitives.IChangeToken" />,可用于观察何时重新加载此配置.</para></summary>
      <returns>The <see cref="T:Microsoft.Extensions.Primitives.IChangeToken" />.<para>的 <see cref="T:Microsoft.Extensions.Primitives.IChangeToken" />.</para></returns>
    </member>
    <member name="T:Microsoft.Extensions.Configuration.InternalConfigurationRootExtensions">
      <summary>Extensions method for <see cref="T:Microsoft.Extensions.Configuration.IConfigurationRoot" /><para><see cref="T:Microsoft.Extensions.Configuration.IConfigurationRoot" /> 的扩展方法</para></summary>
    </member>
    <member name="M:Microsoft.Extensions.Configuration.InternalConfigurationRootExtensions.GetChildrenImplementation(Microsoft.Extensions.Configuration.IConfigurationRoot,System.String)">
      <summary>Gets the immediate children sub-sections of configuration root based on key.<para>基于键获取配置根的直接子部分.</para></summary>
      <param name="root">Configuration from which to retrieve sub-sections.<para>从中检索子节的配置.</para></param>
      <param name="path">Key of a section of which children to retrieve.<para>要检索的子项部分的键.</para></param>
      <returns>Immediate children sub-sections of section specified by key.<para>按键指定的节的直接子节.</para></returns>
    </member>
    <member name="T:Microsoft.Extensions.Configuration.MemoryConfigurationBuilderExtensions">
      <summary>IConfigurationBuilder extension methods for the MemoryConfigurationProvider.<para>memoryconfigurationprovider 的 iconfigurationbuilder 扩展方法.</para></summary>
    </member>
    <member name="M:Microsoft.Extensions.Configuration.MemoryConfigurationBuilderExtensions.AddInMemoryCollection(Microsoft.Extensions.Configuration.IConfigurationBuilder)">
      <summary>Adds the memory configuration provider to <paramref name="configurationBuilder" />.<para>将内存配置提供程序添加到 <paramref name="configurationBuilder" />.</para></summary>
      <param name="configurationBuilder">The <see cref="T:Microsoft.Extensions.Configuration.IConfigurationBuilder" /> to add to.<para>要添加到的 <see cref="T:Microsoft.Extensions.Configuration.IConfigurationBuilder" />.</para></param>
      <returns>The <see cref="T:Microsoft.Extensions.Configuration.IConfigurationBuilder" />.<para>的 <see cref="T:Microsoft.Extensions.Configuration.IConfigurationBuilder" />.</para></returns>
    </member>
    <member name="M:Microsoft.Extensions.Configuration.MemoryConfigurationBuilderExtensions.AddInMemoryCollection(Microsoft.Extensions.Configuration.IConfigurationBuilder,System.Collections.Generic.IEnumerable{System.Collections.Generic.KeyValuePair{System.String,System.String}})">
      <summary>Adds the memory configuration provider to <paramref name="configurationBuilder" />.<para>将内存配置提供程序添加到 <paramref name="configurationBuilder" />.</para></summary>
      <param name="configurationBuilder">The <see cref="T:Microsoft.Extensions.Configuration.IConfigurationBuilder" /> to add to.<para>要添加到的 <see cref="T:Microsoft.Extensions.Configuration.IConfigurationBuilder" />.</para></param>
      <param name="initialData">The data to add to memory configuration provider.<para>要添加到内存配置提供程序的数据.</para></param>
      <returns>The <see cref="T:Microsoft.Extensions.Configuration.IConfigurationBuilder" />.<para>的 <see cref="T:Microsoft.Extensions.Configuration.IConfigurationBuilder" />.</para></returns>
    </member>
    <member name="T:Microsoft.Extensions.Configuration.Memory.MemoryConfigurationProvider">
      <summary>In-memory implementation of <see cref="T:Microsoft.Extensions.Configuration.IConfigurationProvider" /><para><see cref="T:Microsoft.Extensions.Configuration.IConfigurationProvider" /> 的内存中实现</para></summary>
    </member>
    <member name="M:Microsoft.Extensions.Configuration.Memory.MemoryConfigurationProvider.#ctor(Microsoft.Extensions.Configuration.Memory.MemoryConfigurationSource)">
      <summary>Initialize a new instance from the source.<para>从源初始化新实例.</para></summary>
      <param name="source">The source settings.<para>源设置.</para></param>
    </member>
    <member name="M:Microsoft.Extensions.Configuration.Memory.MemoryConfigurationProvider.Add(System.String,System.String)">
      <summary>Add a new key and value pair.<para>添加新的键值对.</para></summary>
      <param name="key">The configuration key.<para>配置键.</para></param>
      <param name="value">The configuration value.<para>配置值.</para></param>
    </member>
    <member name="M:Microsoft.Extensions.Configuration.Memory.MemoryConfigurationProvider.GetEnumerator">
      <summary>Returns an enumerator that iterates through the collection.<para>返回循环访问集合的枚举器.</para></summary>
      <returns>An enumerator that can be used to iterate through the collection.<para>可用于循环访问集合的枚举器.</para></returns>
    </member>
    <member name="M:Microsoft.Extensions.Configuration.Memory.MemoryConfigurationProvider.System#Collections#IEnumerable#GetEnumerator">
      <summary>Returns an enumerator that iterates through the collection.<para>返回循环访问集合的枚举器.</para></summary>
      <returns>An enumerator that can be used to iterate through the collection.<para>可用于循环访问集合的枚举器.</para></returns>
    </member>
    <member name="T:Microsoft.Extensions.Configuration.Memory.MemoryConfigurationSource">
      <summary>Represents in-memory data as an <see cref="T:Microsoft.Extensions.Configuration.IConfigurationSource" />.<para>将内存中的数据表示为 <see cref="T:Microsoft.Extensions.Configuration.IConfigurationSource" />.</para></summary>
    </member>
    <member name="P:Microsoft.Extensions.Configuration.Memory.MemoryConfigurationSource.InitialData">
      <summary>The initial key value configuration pairs.<para>初始键值配置对.</para></summary>
    </member>
    <member name="M:Microsoft.Extensions.Configuration.Memory.MemoryConfigurationSource.Build(Microsoft.Extensions.Configuration.IConfigurationBuilder)">
      <summary>Builds the <see cref="T:Microsoft.Extensions.Configuration.Memory.MemoryConfigurationProvider" /> for this source.<para>为此源生成 <see cref="T:Microsoft.Extensions.Configuration.Memory.MemoryConfigurationProvider" />.</para></summary>
      <param name="builder">The <see cref="T:Microsoft.Extensions.Configuration.IConfigurationBuilder" />.<para>的 <see cref="T:Microsoft.Extensions.Configuration.IConfigurationBuilder" />.</para></param>
      <returns>A <see cref="T:Microsoft.Extensions.Configuration.Memory.MemoryConfigurationProvider" /><para>a <see cref="T:Microsoft.Extensions.Configuration.Memory.MemoryConfigurationProvider" /></para></returns>
    </member>
    <member name="T:Microsoft.Extensions.Configuration.StreamConfigurationProvider">
      <summary>Stream based configuration provider<para>基于流的配置提供程序</para></summary>
    </member>
    <member name="P:Microsoft.Extensions.Configuration.StreamConfigurationProvider.Source">
      <summary>The source settings for this provider.<para>此提供程序的源设置.</para></summary>
    </member>
    <member name="M:Microsoft.Extensions.Configuration.StreamConfigurationProvider.#ctor(Microsoft.Extensions.Configuration.StreamConfigurationSource)">
      <summary>Constructor.<para>构造 函数.</para></summary>
      <param name="source">The source.<para>来源.</para></param>
    </member>
    <member name="M:Microsoft.Extensions.Configuration.StreamConfigurationProvider.Load(System.IO.Stream)">
      <summary>Load the configuration data from the stream.<para>从流加载配置数据.</para></summary>
      <param name="stream">The data stream.<para>数据流.</para></param>
    </member>
    <member name="M:Microsoft.Extensions.Configuration.StreamConfigurationProvider.Load">
      <summary>Load the configuration data from the stream. Will throw after the first call.<para>从流加载配置数据.第一次通话后会扔掉.</para></summary>
    </member>
    <member name="T:Microsoft.Extensions.Configuration.StreamConfigurationSource">
      <summary>Stream based <see cref="T:Microsoft.Extensions.Configuration.IConfigurationSource" />.<para>基于流的 <see cref="T:Microsoft.Extensions.Configuration.IConfigurationSource" />.</para></summary>
    </member>
    <member name="P:Microsoft.Extensions.Configuration.StreamConfigurationSource.Stream">
      <summary>The stream containing the configuration data.<para>包含配置数据的流.</para></summary>
    </member>
    <member name="M:Microsoft.Extensions.Configuration.StreamConfigurationSource.Build(Microsoft.Extensions.Configuration.IConfigurationBuilder)">
      <summary>Builds the <see cref="T:Microsoft.Extensions.Configuration.StreamConfigurationProvider" /> for this source.<para>为此源生成 <see cref="T:Microsoft.Extensions.Configuration.StreamConfigurationProvider" />.</para></summary>
      <param name="builder">The <see cref="T:Microsoft.Extensions.Configuration.IConfigurationBuilder" />.<para>的 <see cref="T:Microsoft.Extensions.Configuration.IConfigurationBuilder" />.</para></param>
      <returns>An <see cref="T:Microsoft.Extensions.Configuration.IConfigurationProvider" /><para>一个 <see cref="T:Microsoft.Extensions.Configuration.IConfigurationProvider" /></para></returns>
    </member>
    <member name="M:System.ThrowHelper.ThrowIfNull(System.Object,System.String)">
      <summary>Throws an <see cref="T:System.ArgumentNullException" /> if <paramref name="argument" /> is null.<para>抛出一个 <see cref="t:system.argumentnullexception" /> 如果 <paramref name="argument" /> 为空.</para></summary>
      <param name="argument">The reference type argument to validate as non-null.<para>要验证为非 null 的引用类型参数.</para></param>
      <param name="paramName">The name of the parameter with which <paramref name="argument" /> corresponds.<para><paramref name="argument" /> 对应的参数的名称.</para></param>
    </member>
    <member name="P:System.SR.Error_NoSources">
      <summary>A configuration source is not registered. Please register one before setting a value.<para>未注册配置源.请在设置值之前注册一个.</para></summary>
    </member>
    <member name="P:System.SR.InvalidNullArgument">
      <summary>Null is not a valid value for '{0}'.<para>null 不是"{0}"的有效值.</para></summary>
    </member>
    <member name="P:System.SR.StreamConfigurationProvidersAlreadyLoaded">
      <summary>StreamConfigurationProviders cannot be loaded more than once.<para>streamconfigurationprovider 不能多次加载.</para></summary>
    </member>
    <member name="P:System.SR.StreamConfigurationSourceStreamCannotBeNull">
      <summary>Source.Stream cannot be null.<para>source.stream 不能为空.</para></summary>
    </member>
  </members>
</doc>