<?xml version="1.0"?>
<doc>
  <assembly>
    <name>Microsoft.Extensions.FileSystemGlobbing</name>
  </assembly>
  <members>
    <member name="T:Microsoft.Extensions.FileSystemGlobbing.Abstractions.DirectoryInfoBase">
      <summary>Represents a directory<para>表示目录</para></summary>
    </member>
    <member name="M:Microsoft.Extensions.FileSystemGlobbing.Abstractions.DirectoryInfoBase.EnumerateFileSystemInfos">
      <summary>Enumerates all files and directories in the directory.<para>枚举目录中的所有文件和目录.</para></summary>
      <returns>Collection of files and directories<para>文件和目录的集合</para></returns>
    </member>
    <member name="M:Microsoft.Extensions.FileSystemGlobbing.Abstractions.DirectoryInfoBase.GetDirectory(System.String)">
      <summary>Returns an instance of <see cref="T:Microsoft.Extensions.FileSystemGlobbing.Abstractions.DirectoryInfoBase" /> that represents a subdirectory<para>返回 的实例 <see cref="t:microsoft.extensions.filesystemglobbing.abstractions.directoryinfobase" /> 表示子目录</para></summary>
      <param name="path">The directory name<para>目录名称</para></param>
      <returns>Instance of <see cref="T:Microsoft.Extensions.FileSystemGlobbing.Abstractions.DirectoryInfoBase" /> even if directory does not exist<para>的实例 <see cref="t:microsoft.extensions.filesystemglobbing.abstractions.directoryinfobase" /> 即使目录不存在</para></returns>
    </member>
    <member name="M:Microsoft.Extensions.FileSystemGlobbing.Abstractions.DirectoryInfoBase.GetFile(System.String)">
      <summary>Returns an instance of <see cref="T:Microsoft.Extensions.FileSystemGlobbing.Abstractions.FileInfoBase" /> that represents a file in the directory<para>返回 的实例 <see cref="t:microsoft.extensions.filesystemglobbing.abstractions.fileinfobase" /> 表示目录中的文件</para></summary>
      <param name="path">The file name<para>文件名</para></param>
      <returns>Instance of <see cref="T:Microsoft.Extensions.FileSystemGlobbing.Abstractions.FileInfoBase" /> even if file does not exist<para>的实例 <see cref="t:microsoft.extensions.filesystemglobbing.abstractions.fileinfobase" /> 即使文件不存在</para></returns>
    </member>
    <member name="T:Microsoft.Extensions.FileSystemGlobbing.Abstractions.DirectoryInfoWrapper">
      <summary>Wraps an instance of <see cref="T:System.IO.DirectoryInfo" /> and provides implementation of
            <see cref="T:Microsoft.Extensions.FileSystemGlobbing.Abstractions.DirectoryInfoBase" />.<para>包装 <see cref="T:System.IO.DirectoryInfo" /> 的实例并提供 <see cref="t:microsoft.extensions.filesystemglobbing.abstractions.directoryinfobase" /> .</para></summary>
    </member>
    <member name="M:Microsoft.Extensions.FileSystemGlobbing.Abstractions.DirectoryInfoWrapper.#ctor(System.IO.DirectoryInfo)">
      <summary>Initializes an instance of <see cref="T:Microsoft.Extensions.FileSystemGlobbing.Abstractions.DirectoryInfoWrapper" />.<para>初始化 的实例 <see cref="t:microsoft.extensions.filesystemglobbing.abstractions.directoryinfowrapper" /> .</para></summary>
      <param name="directoryInfo">The <see cref="T:System.IO.DirectoryInfo" />.<para>的 <see cref="T:System.IO.DirectoryInfo" />.</para></param>
    </member>
    <member name="M:Microsoft.Extensions.FileSystemGlobbing.Abstractions.DirectoryInfoWrapper.EnumerateFileSystemInfos">
      <inheritdoc />
    </member>
    <member name="M:Microsoft.Extensions.FileSystemGlobbing.Abstractions.DirectoryInfoWrapper.GetDirectory(System.String)">
      <summary>Returns an instance of <see cref="T:Microsoft.Extensions.FileSystemGlobbing.Abstractions.DirectoryInfoBase" /> that represents a subdirectory.<para>返回 的实例 <see cref="t:microsoft.extensions.filesystemglobbing.abstractions.directoryinfobase" /> 表示子目录.</para></summary>
      <remarks>If <paramref name="name" /> equals '..', this returns the parent directory.<para>如果 <paramref name="name" /> 等于 `..`,则返回父目录.</para></remarks>
      <param name="name">The directory name<para>目录名称</para></param>
      <returns>The directory<para>目录</para></returns>
    </member>
    <member name="M:Microsoft.Extensions.FileSystemGlobbing.Abstractions.DirectoryInfoWrapper.GetFile(System.String)">
      <inheritdoc />
    </member>
    <member name="P:Microsoft.Extensions.FileSystemGlobbing.Abstractions.DirectoryInfoWrapper.Name">
      <inheritdoc />
    </member>
    <member name="P:Microsoft.Extensions.FileSystemGlobbing.Abstractions.DirectoryInfoWrapper.FullName">
      <summary>Returns the full path to the directory.<para>返回目录的完整路径.</para></summary>
      <remarks>Equals the value of <seealso cref="P:System.IO.FileSystemInfo.FullName" />.<para>等于 <seealso cref="P:System.IO.FileSystemInfo.FullName" /> 的值.</para></remarks>
    </member>
    <member name="P:Microsoft.Extensions.FileSystemGlobbing.Abstractions.DirectoryInfoWrapper.ParentDirectory">
      <summary>Returns the parent directory.<para>返回父目录.</para></summary>
      <remarks>Equals the value of <seealso cref="P:System.IO.DirectoryInfo.Parent" />.<para>等于 <seealso cref="P:System.IO.DirectoryInfo.Parent" /> 的值.</para></remarks>
    </member>
    <member name="T:Microsoft.Extensions.FileSystemGlobbing.Abstractions.FileInfoBase">
      <summary>Represents a file<para>表示一个文件</para></summary>
    </member>
    <member name="T:Microsoft.Extensions.FileSystemGlobbing.Abstractions.FileInfoWrapper">
      <summary>Wraps an instance of <see cref="T:System.IO.FileInfo" /> to provide implementation of <see cref="T:Microsoft.Extensions.FileSystemGlobbing.Abstractions.FileInfoBase" />.<para>包装 <see cref="T:System.IO.FileInfo" /> 的实例以提供 <see cref="t:microsoft.extensions.filesystemglobbing.abstractions.fileinfobase" /> .</para></summary>
    </member>
    <member name="M:Microsoft.Extensions.FileSystemGlobbing.Abstractions.FileInfoWrapper.#ctor(System.IO.FileInfo)">
      <summary>Initializes instance of <see cref="T:Microsoft.Extensions.FileSystemGlobbing.Abstractions.FileInfoWrapper" /> to wrap the specified object <see cref="T:System.IO.FileInfo" />.<para>初始化 的实例 <see cref="t:microsoft.extensions.filesystemglobbing.abstractions.fileinfowrapper" /> 以包装指定的对象 <see cref="T:System.IO.FileInfo" />.</para></summary>
      <param name="fileInfo">The <see cref="T:System.IO.FileInfo" /><para>的 <see cref="T:System.IO.FileInfo" /></para></param>
    </member>
    <member name="P:Microsoft.Extensions.FileSystemGlobbing.Abstractions.FileInfoWrapper.Name">
      <summary>The file name. (Overrides <see cref="P:Microsoft.Extensions.FileSystemGlobbing.Abstractions.FileSystemInfoBase.Name" />).<para>文件名.（覆盖 <see cref="p:microsoft.extensions.filesystemglobbing.abstractions.filesysteminfobase.name" /> ).</para></summary>
      <remarks>Equals the value of <see cref="P:System.IO.FileInfo.Name" />.<para>等于 <see cref="P:System.IO.FileInfo.Name" /> 的值.</para></remarks>
    </member>
    <member name="P:Microsoft.Extensions.FileSystemGlobbing.Abstractions.FileInfoWrapper.FullName">
      <summary>The full path of the file. (Overrides <see cref="P:Microsoft.Extensions.FileSystemGlobbing.Abstractions.FileSystemInfoBase.FullName" />).<para>文件的完整路径.（覆盖 <see cref="p:microsoft.extensions.filesystemglobbing.abstractions.filesysteminfobase.fullname" /> ).</para></summary>
      <remarks>Equals the value of <see cref="P:System.IO.FileSystemInfo.Name" />.<para>等于 <see cref="P:System.IO.FileSystemInfo.Name" /> 的值.</para></remarks>
    </member>
    <member name="P:Microsoft.Extensions.FileSystemGlobbing.Abstractions.FileInfoWrapper.ParentDirectory">
      <summary>The directory containing the file. (Overrides <see cref="P:Microsoft.Extensions.FileSystemGlobbing.Abstractions.FileSystemInfoBase.ParentDirectory" />).<para>包含该文件的目录.（覆盖 <see cref="p:microsoft.extensions.filesystemglobbing.abstractions.filesysteminfobase.parentdirectory" /> ).</para></summary>
      <remarks>Equals the value of <see cref="P:System.IO.FileInfo.Directory" />.<para>等于 <see cref="P:System.IO.FileInfo.Directory" /> 的值.</para></remarks>
    </member>
    <member name="T:Microsoft.Extensions.FileSystemGlobbing.Abstractions.FileSystemInfoBase">
      <summary>Shared abstraction for files and directories<para>文件和目录的共享抽象</para></summary>
    </member>
    <member name="P:Microsoft.Extensions.FileSystemGlobbing.Abstractions.FileSystemInfoBase.Name">
      <summary>A string containing the name of the file or directory<para>包含文件或目录名称的字符串</para></summary>
    </member>
    <member name="P:Microsoft.Extensions.FileSystemGlobbing.Abstractions.FileSystemInfoBase.FullName">
      <summary>A string containing the full path of the file or directory<para>包含文件或目录的完整路径的字符串</para></summary>
    </member>
    <member name="P:Microsoft.Extensions.FileSystemGlobbing.Abstractions.FileSystemInfoBase.ParentDirectory">
      <summary>The parent directory for the current file or directory<para>当前文件或目录的父目录</para></summary>
    </member>
    <member name="T:Microsoft.Extensions.FileSystemGlobbing.FilePatternMatch">
      <summary>Represents a file that was matched by searching using a globbing pattern<para>表示通过使用通配模式进行搜索而匹配的文件</para></summary>
    </member>
    <member name="P:Microsoft.Extensions.FileSystemGlobbing.FilePatternMatch.Path">
      <summary>The path to the file matched, relative to the beginning of the matching search pattern.<para>匹配的文件的路径,相对于匹配搜索模式的开头.</para></summary>
      <remarks>If the matcher searched for "src/Project/**/*.cs" and the pattern matcher found "src/Project/Interfaces/IFile.cs",
            then <see cref="P:Microsoft.Extensions.FileSystemGlobbing.FilePatternMatch.Stem" /> = "Interfaces/IFile.cs" and <see cref="P:Microsoft.Extensions.FileSystemGlobbing.FilePatternMatch.Path" /> = "src/Project/Interfaces/IFile.cs".<para>如果匹配器搜索"src/project/**/*.cs",模式匹配器找到"src/project/interfaces/ifile.cs", 则 <see cref="P:Microsoft.Extensions.FileSystemGlobbing.FilePatternMatch.Stem" />="interfaces/ifile.cs"和 <see cref="P:Microsoft.Extensions.FileSystemGlobbing.FilePatternMatch.Path" />="src/project/interfaces/ifile.cs".</para></remarks>
    </member>
    <member name="P:Microsoft.Extensions.FileSystemGlobbing.FilePatternMatch.Stem">
      <summary>The subpath to the file matched, relative to the first wildcard in the matching search pattern.<para>匹配的文件的子路径,相对于匹配搜索模式中的第一个通配符.</para></summary>
      <remarks>If the matcher searched for "src/Project/**/*.cs" and the pattern matcher found "src/Project/Interfaces/IFile.cs",
            then <see cref="P:Microsoft.Extensions.FileSystemGlobbing.FilePatternMatch.Stem" /> = "Interfaces/IFile.cs" and <see cref="P:Microsoft.Extensions.FileSystemGlobbing.FilePatternMatch.Path" /> = "src/Project/Interfaces/IFile.cs".<para>如果匹配器搜索"src/project/**/*.cs",模式匹配器找到"src/project/interfaces/ifile.cs", 则 <see cref="P:Microsoft.Extensions.FileSystemGlobbing.FilePatternMatch.Stem" />="interfaces/ifile.cs"和 <see cref="P:Microsoft.Extensions.FileSystemGlobbing.FilePatternMatch.Path" />="src/project/interfaces/ifile.cs".</para></remarks>
    </member>
    <member name="M:Microsoft.Extensions.FileSystemGlobbing.FilePatternMatch.#ctor(System.String,System.String)">
      <summary>Initializes new instance of <see cref="T:Microsoft.Extensions.FileSystemGlobbing.FilePatternMatch" /><para>初始化 <see cref="T:Microsoft.Extensions.FileSystemGlobbing.FilePatternMatch" /> 的新实例</para></summary>
      <param name="path">The path to the file matched, relative to the beginning of the matching search pattern.<para>匹配的文件的路径,相对于匹配搜索模式的开头.</para></param>
      <param name="stem">The subpath to the file matched, relative to the first wildcard in the matching search pattern.<para>匹配文件的子路径,相对于匹配搜索模式中的第一个通配符.</para></param>
    </member>
    <member name="M:Microsoft.Extensions.FileSystemGlobbing.FilePatternMatch.Equals(Microsoft.Extensions.FileSystemGlobbing.FilePatternMatch)">
      <summary>Determines if the specified match is equivalent to the current match using a case-insensitive comparison.<para>使用不区分大小写的比较确定指定的匹配项是否等效于当前匹配项.</para></summary>
      <param name="other">The other match to be compared<para>要比较的其他匹配项</para></param>
      <returns>True if <see cref="P:Microsoft.Extensions.FileSystemGlobbing.FilePatternMatch.Path" /> and <see cref="P:Microsoft.Extensions.FileSystemGlobbing.FilePatternMatch.Stem" /> are equal using case-insensitive comparison<para>如果 <see cref="P:Microsoft.Extensions.FileSystemGlobbing.FilePatternMatch.Path" /> 和 <see cref="P:Microsoft.Extensions.FileSystemGlobbing.FilePatternMatch.Stem" /> 使用不区分大小写的比较相等,则为 true</para></returns>
    </member>
    <member name="M:Microsoft.Extensions.FileSystemGlobbing.FilePatternMatch.Equals(System.Object)">
      <summary>Determines if the specified object is equivalent to the current match using a case-insensitive comparison.<para>使用不区分大小写的比较确定指定的对象是否等效于当前匹配项.</para></summary>
      <param name="obj">The object to be compared<para>要比较的对象</para></param>
      <returns>True when <see cref="M:Microsoft.Extensions.FileSystemGlobbing.FilePatternMatch.Equals(Microsoft.Extensions.FileSystemGlobbing.FilePatternMatch)" /><para>当 <see cref="M:Microsoft.Extensions.FileSystemGlobbing.FilePatternMatch.Equals(Microsoft.Extensions.FileSystemGlobbing.FilePatternMatch)" /> 为 true</para></returns>
    </member>
    <member name="M:Microsoft.Extensions.FileSystemGlobbing.FilePatternMatch.GetHashCode">
      <summary>Gets a hash for the file pattern match.<para>获取文件模式匹配的哈希.</para></summary>
      <returns>Some number<para>一些数字</para></returns>
    </member>
    <member name="T:Microsoft.Extensions.FileSystemGlobbing.InMemoryDirectoryInfo">
      <summary>Avoids using disk for uses like Pattern Matching.<para>避免将磁盘用于模式匹配等用途.</para></summary>
    </member>
    <member name="M:Microsoft.Extensions.FileSystemGlobbing.InMemoryDirectoryInfo.#ctor(System.String,System.Collections.Generic.IEnumerable{System.String})">
      <summary>Creates a new InMemoryDirectoryInfo with the root directory and files given.<para>使用给定的根目录和文件创建新的 inmemorydirectoryinfo.</para></summary>
      <param name="rootDir">The root directory that this FileSystem will use.<para>此文件系统将使用的根目录.</para></param>
      <param name="files">Collection of file names. If relative paths <paramref name="rootDir" /> will be prepended to the paths.<para>文件名的集合.如果相对路径 <paramref name="rootDir" /> 将附加到路径前面.</para></param>
    </member>
    <member name="P:Microsoft.Extensions.FileSystemGlobbing.InMemoryDirectoryInfo.FullName">
      <inheritdoc />
    </member>
    <member name="P:Microsoft.Extensions.FileSystemGlobbing.InMemoryDirectoryInfo.Name">
      <inheritdoc />
    </member>
    <member name="P:Microsoft.Extensions.FileSystemGlobbing.InMemoryDirectoryInfo.ParentDirectory">
      <inheritdoc />
    </member>
    <member name="M:Microsoft.Extensions.FileSystemGlobbing.InMemoryDirectoryInfo.EnumerateFileSystemInfos">
      <inheritdoc />
    </member>
    <member name="M:Microsoft.Extensions.FileSystemGlobbing.InMemoryDirectoryInfo.GetDirectory(System.String)">
      <inheritdoc />
    </member>
    <member name="M:Microsoft.Extensions.FileSystemGlobbing.InMemoryDirectoryInfo.GetFile(System.String)">
      <summary>Returns an instance of <see cref="T:Microsoft.Extensions.FileSystemGlobbing.Abstractions.FileInfoBase" /> that matches the <paramref name="path" /> given.<para>返回 的实例 <see cref="t:microsoft.extensions.filesystemglobbing.abstractions.fileinfobase" /> 与给定的 <paramref name="path" /> 匹配.</para></summary>
      <param name="path">The filename.<para>文件名.</para></param>
      <returns>Instance of <see cref="T:Microsoft.Extensions.FileSystemGlobbing.Abstractions.FileInfoBase" /> if the file exists, null otherwise.<para>的实例 <see cref="t:microsoft.extensions.filesystemglobbing.abstractions.fileinfobase" /> 如果文件存在,否则为 null.</para></returns>
    </member>
    <member name="T:Microsoft.Extensions.FileSystemGlobbing.Internal.ILinearPattern">
      <summary>This API supports infrastructure and is not intended to be used
            directly from your code. This API may change or be removed in future releases.<para>此 api 支持基础结构,不打算使用 直接从您的代码.此 api 可能会在将来的版本中更改或删除.</para></summary>
    </member>
    <member name="T:Microsoft.Extensions.FileSystemGlobbing.Internal.IPathSegment">
      <summary>This API supports infrastructure and is not intended to be used
            directly from your code. This API may change or be removed in future releases.<para>此 api 支持基础结构,不打算使用 直接从您的代码.此 api 可能会在将来的版本中更改或删除.</para></summary>
    </member>
    <member name="T:Microsoft.Extensions.FileSystemGlobbing.Internal.IPattern">
      <summary>This API supports infrastructure and is not intended to be used
            directly from your code. This API may change or be removed in future releases.<para>此 api 支持基础结构,不打算使用 直接从您的代码.此 api 可能会在将来的版本中更改或删除.</para></summary>
    </member>
    <member name="T:Microsoft.Extensions.FileSystemGlobbing.Internal.IPatternContext">
      <summary>This API supports infrastructure and is not intended to be used
            directly from your code. This API may change or be removed in future releases.<para>此 api 支持基础结构,不打算使用 直接从您的代码.此 api 可能会在将来的版本中更改或删除.</para></summary>
    </member>
    <member name="T:Microsoft.Extensions.FileSystemGlobbing.Internal.IRaggedPattern">
      <summary>This API supports infrastructure and is not intended to be used
            directly from your code. This API may change or be removed in future releases.<para>此 api 支持基础结构,不打算使用 直接从您的代码.此 api 可能会在将来的版本中更改或删除.</para></summary>
    </member>
    <member name="T:Microsoft.Extensions.FileSystemGlobbing.Internal.MatcherContext">
      <summary>This API supports infrastructure and is not intended to be used
            directly from your code. This API may change or be removed in future releases.<para>此 api 支持基础结构,不打算使用 直接从您的代码.此 api 可能会在将来的版本中更改或删除.</para></summary>
    </member>
    <member name="T:Microsoft.Extensions.FileSystemGlobbing.Internal.PatternTestResult">
      <summary>This API supports infrastructure and is not intended to be used
            directly from your code. This API may change or be removed in future releases.<para>此 api 支持基础结构,不打算使用 直接从您的代码.此 api 可能会在将来的版本中更改或删除.</para></summary>
    </member>
    <member name="T:Microsoft.Extensions.FileSystemGlobbing.Matcher">
      <summary>Searches the file system for files with names that match specified patterns.<para>在文件系统中搜索名称与指定模式匹配的文件.</para></summary>
      <remarks>
        <para>
                Patterns specified in <seealso cref="M:Microsoft.Extensions.FileSystemGlobbing.Matcher.AddInclude(System.String)" /> and <seealso cref="M:Microsoft.Extensions.FileSystemGlobbing.Matcher.AddExclude(System.String)" /> can use
                the following formats to match multiple files or directories.
                </para>
        <list type="bullet">
          <item>
            <term>
                        exact directory and file name
                        </term>
            <description>
              <list type="bullet">
                <item>
                  <term>"one.txt"</term>
                </item>
                <item>
                  <term>"dir/two.txt"</term>
                </item>
              </list>
            </description>
          </item>
          <item>
            <term>
                        wildcards (*) in file and directory names that represent zero to many characters not including
                        directory separators characters
                        </term>
            <description>
              <list type="bullet">
                <item>
                  <term>"*.txt"</term>
                  <description>all files with .txt file extension</description>
                </item>
                <item>
                  <term>"*.*"</term>
                  <description>all files with an extension</description>
                </item>
                <item>
                  <term>"*"</term>
                  <description>all files in top level directory</description>
                </item>
                <item>
                  <term>".*"</term>
                  <description>filenames beginning with '.'</description>
                </item>
                            - "*word* - all files with 'word' in the filename
                            <item><term>"readme.*"</term><description>all files named 'readme' with any file extension</description></item><item><term>"styles/*.css"</term><description>all files with extension '.css' in the directory 'styles/'</description></item><item><term>"scripts/*/*"</term><description>all files in 'scripts/' or one level of subdirectory under 'scripts/'</description></item><item><term>"images*/*"</term><description>all files in a folder with name that is or begins with 'images'</description></item></list>
            </description>
          </item>
          <item>
            <term>arbitrary directory depth ("/**/")</term>
            <description>
              <list type="bullet">
                <item>
                  <term>"**/*"</term>
                  <description>all files in any subdirectory</description>
                </item>
                <item>
                  <term>"dir/**/*"</term>
                  <description>all files in any subdirectory under 'dir/'</description>
                </item>
              </list>
            </description>
          </item>
          <item>
            <term>relative paths</term>
            <description>
                        '../shared/*' - all files in a diretory named 'shared' at the sibling level to the base directory given
                        to <see cref="M:Microsoft.Extensions.FileSystemGlobbing.Matcher.Execute(Microsoft.Extensions.FileSystemGlobbing.Abstractions.DirectoryInfoBase)" /></description>
          </item>
        </list>
        <para>中指定的模式  和  可以使用 以下格式以匹配多个文件或目录.     确切的目录和文件名         "one.txt"        "dir/two.txt"            文件和目录名称中的通配符 （*）,表示零到多个字符,不包括 目录分隔符字符         "*.txt"   .txt 所有文件扩展名        "*... *"    所有扩展名为        "*"    顶部的所有文件level directory        ".*"    以 `."开头的文件名    - "*单词* - 文件名中包含"word"的所有文件     "自述文件". *"    所有名为"自述文件"且具有任何文件扩展名        "styles/*.css"    目录"styles/` 目录中所有扩展名为".css"的文件        "scripts/*/*"    `scripts/` 中的所有文件或一个`scripts/` 下的子目录级别        "images*/*"    名称以"images"开头的文件夹中的所有文件            任意目录深度 （"/**/"）       "**/*"    任何子目录中的所有文件        "dir/**/*"    `dir/` 下任何子目录中的所有文件            相对路径    `../shared/*` - 同级级别名为"共享"的所有文件,都位于给定的基本目录 自     </para>
      </remarks>
    </member>
    <member name="M:Microsoft.Extensions.FileSystemGlobbing.Matcher.#ctor">
      <summary>Initializes an instance of <see cref="T:Microsoft.Extensions.FileSystemGlobbing.Matcher" /> using case-insensitive matching<para>使用不区分大小写的匹配初始化 <see cref="T:Microsoft.Extensions.FileSystemGlobbing.Matcher" /> 的实例</para></summary>
    </member>
    <member name="M:Microsoft.Extensions.FileSystemGlobbing.Matcher.#ctor(System.StringComparison)">
      <summary>Initializes an instance of <see cref="T:Microsoft.Extensions.FileSystemGlobbing.Matcher" /> using the string comparison method specified<para>使用指定的字符串比较方法初始化 <see cref="T:Microsoft.Extensions.FileSystemGlobbing.Matcher" /> 的实例</para></summary>
      <param name="comparisonType">The <see cref="T:System.StringComparison" /> to use<para>使用</para></param>
    </member>
    <member name="M:Microsoft.Extensions.FileSystemGlobbing.Matcher.AddInclude(System.String)">
      <summary>
        <para>
                Add a file name pattern that the matcher should use to discover files. Patterns are relative to the root
                directory given when <see cref="M:Microsoft.Extensions.FileSystemGlobbing.Matcher.Execute(Microsoft.Extensions.FileSystemGlobbing.Abstractions.DirectoryInfoBase)" /> is called.
                </para>
        <para>
                Use the forward slash '/' to represent directory separator. Use '*' to represent wildcards in file and
                directory names. Use '**' to represent arbitrary directory depth. Use '..' to represent a parent directory.
                </para>
        <para>
          <para> 添加匹配器应用于发现文件的文件名模式.模式是相对于根的 目录给出时 <see cref="m:microsoft.extensions.filesystemglobbing.matcher.execute（microsoft.extensions.filesystemglobbing.abstractions.directoryinfobase）" /> 被称为. </para>
          <para> 使用正斜杠"/"表示目录分隔符.使用"*"表示文件中的通配符和 目录名称.使用"**"表示任意目录深度.使用".."表示父目录. </para>
        </para>
      </summary>
      <param name="pattern">The globbing pattern<para>通配模式</para></param>
      <returns>The matcher<para>匹配器</para></returns>
    </member>
    <member name="M:Microsoft.Extensions.FileSystemGlobbing.Matcher.AddExclude(System.String)">
      <summary>
        <para>
                Add a file name pattern for files the matcher should exclude from the results. Patterns are relative to the
                root directory given when <see cref="M:Microsoft.Extensions.FileSystemGlobbing.Matcher.Execute(Microsoft.Extensions.FileSystemGlobbing.Abstractions.DirectoryInfoBase)" /> is called.
                </para>
        <para>
                Use the forward slash '/' to represent directory separator. Use '*' to represent wildcards in file and
                directory names. Use '**' to represent arbitrary directory depth. Use '..' to represent a parent directory.
                </para>
        <para>
          <para> 为匹配器应从结果中排除的文件添加文件名模式.模式是相对于 根目录在以下情况下给出 <see cref="m:microsoft.extensions.filesystemglobbing.matcher.execute（microsoft.extensions.filesystemglobbing.abstractions.directoryinfobase）" /> 被称为. </para>
          <para> 使用正斜杠"/"表示目录分隔符.使用"*"表示文件中的通配符和 目录名称.使用"**"表示任意目录深度.使用".."表示父目录. </para>
        </para>
      </summary>
      <param name="pattern">The globbing pattern<para>通配模式</para></param>
      <returns>The matcher<para>匹配器</para></returns>
    </member>
    <member name="M:Microsoft.Extensions.FileSystemGlobbing.Matcher.Execute(Microsoft.Extensions.FileSystemGlobbing.Abstractions.DirectoryInfoBase)">
      <summary>Searches the directory specified for all files matching patterns added to this instance of <see cref="T:Microsoft.Extensions.FileSystemGlobbing.Matcher" /><para>搜索与添加到此 <see cref="T:Microsoft.Extensions.FileSystemGlobbing.Matcher" /> 实例的模式匹配的所有文件的指定目录</para></summary>
      <param name="directoryInfo">The root directory for the search<para>搜索</para></param>
      <returns>Always returns instance of <see cref="T:Microsoft.Extensions.FileSystemGlobbing.PatternMatchingResult" />, even if no files were matched<para>始终返回 <see cref="T:Microsoft.Extensions.FileSystemGlobbing.PatternMatchingResult" /> 的实例,即使没有匹配的文件</para></returns>
    </member>
    <member name="M:Microsoft.Extensions.FileSystemGlobbing.MatcherExtensions.AddExcludePatterns(Microsoft.Extensions.FileSystemGlobbing.Matcher,System.Collections.Generic.IEnumerable{System.String}[])">
      <summary>Adds multiple exclude patterns to <see cref="T:Microsoft.Extensions.FileSystemGlobbing.Matcher" />. <seealso cref="M:Microsoft.Extensions.FileSystemGlobbing.Matcher.AddExclude(System.String)" /><para>将多个排除模式添加到 <see cref="T:Microsoft.Extensions.FileSystemGlobbing.Matcher" />. <seealso cref="m:microsoft.extensions.filesystemglobbing.matcher.addexclude（system.string）" /></para></summary>
      <param name="matcher">The matcher to which the exclude patterns are added<para>向其添加排除模式的匹配器</para></param>
      <param name="excludePatternsGroups">A list of globbing patterns<para>通配模式列表</para></param>
    </member>
    <member name="M:Microsoft.Extensions.FileSystemGlobbing.MatcherExtensions.AddIncludePatterns(Microsoft.Extensions.FileSystemGlobbing.Matcher,System.Collections.Generic.IEnumerable{System.String}[])">
      <summary>Adds multiple patterns to include in <see cref="T:Microsoft.Extensions.FileSystemGlobbing.Matcher" />. See <seealso cref="M:Microsoft.Extensions.FileSystemGlobbing.Matcher.AddInclude(System.String)" /><para>添加多个模式以包含在 <see cref="T:Microsoft.Extensions.FileSystemGlobbing.Matcher" /> 中.看 <seealso cref="m:microsoft.extensions.filesystemglobbing.matcher.addinclude（system.string）" /></para></summary>
      <param name="matcher">The matcher to which the include patterns are added<para>添加包含模式的匹配器</para></param>
      <param name="includePatternsGroups">A list of globbing patterns<para>通配模式列表</para></param>
    </member>
    <member name="M:Microsoft.Extensions.FileSystemGlobbing.MatcherExtensions.GetResultsInFullPath(Microsoft.Extensions.FileSystemGlobbing.Matcher,System.String)">
      <summary>Searches the directory specified for all files matching patterns added to this instance of <see cref="T:Microsoft.Extensions.FileSystemGlobbing.Matcher" /><para>搜索与添加到此 <see cref="T:Microsoft.Extensions.FileSystemGlobbing.Matcher" /> 实例的模式匹配的所有文件的指定目录</para></summary>
      <param name="matcher">The matcher<para>匹配器</para></param>
      <param name="directoryPath">The root directory for the search<para>搜索的根目录</para></param>
      <returns>Absolute file paths of all files matched. Empty enumerable if no files matched given patterns.<para>匹配的所有文件的绝对文件路径.如果没有与给定模式匹配的文件,则为空可枚举.</para></returns>
    </member>
    <member name="M:Microsoft.Extensions.FileSystemGlobbing.MatcherExtensions.Match(Microsoft.Extensions.FileSystemGlobbing.Matcher,System.String)">
      <summary>Matches the file passed in with the patterns in the matcher without going to disk.<para>将传入的文件与匹配器中的模式进行匹配,而无需转到磁盘.</para></summary>
      <param name="matcher">The matcher that holds the patterns and pattern matching type.<para>保存模式和模式匹配类型的匹配器.</para></param>
      <param name="file">The file to run the matcher against.<para>要对其运行匹配器的文件.</para></param>
      <returns>The match results.<para>比赛结果.</para></returns>
    </member>
    <member name="M:Microsoft.Extensions.FileSystemGlobbing.MatcherExtensions.Match(Microsoft.Extensions.FileSystemGlobbing.Matcher,System.String,System.String)">
      <summary>Matches the file passed in with the patterns in the matcher without going to disk.<para>将传入的文件与匹配器中的模式进行匹配,而无需转到磁盘.</para></summary>
      <param name="matcher">The matcher that holds the patterns and pattern matching type.<para>保存模式和模式匹配类型的匹配器.</para></param>
      <param name="rootDir">The root directory for the matcher to match the file from.<para>匹配器要从中匹配文件的根目录.</para></param>
      <param name="file">The file to run the matcher against.<para>要对其运行匹配器的文件.</para></param>
      <returns>The match results.<para>比赛结果.</para></returns>
    </member>
    <member name="M:Microsoft.Extensions.FileSystemGlobbing.MatcherExtensions.Match(Microsoft.Extensions.FileSystemGlobbing.Matcher,System.Collections.Generic.IEnumerable{System.String})">
      <summary>Matches the files passed in with the patterns in the matcher without going to disk.<para>将传入的文件与匹配器中的模式进行匹配,而无需转到磁盘.</para></summary>
      <param name="matcher">The matcher that holds the patterns and pattern matching type.<para>保存模式和模式匹配类型的匹配器.</para></param>
      <param name="files">The files to run the matcher against.<para>要对其运行匹配器的文件.</para></param>
      <returns>The match results.<para>比赛结果.</para></returns>
    </member>
    <member name="M:Microsoft.Extensions.FileSystemGlobbing.MatcherExtensions.Match(Microsoft.Extensions.FileSystemGlobbing.Matcher,System.String,System.Collections.Generic.IEnumerable{System.String})">
      <summary>Matches the files passed in with the patterns in the matcher without going to disk.<para>将传入的文件与匹配器中的模式进行匹配,而无需转到磁盘.</para></summary>
      <param name="matcher">The matcher that holds the patterns and pattern matching type.<para>保存模式和模式匹配类型的匹配器.</para></param>
      <param name="rootDir">The root directory for the matcher to match the files from.<para>匹配器要从中匹配文件的根目录.</para></param>
      <param name="files">The files to run the matcher against.<para>要对其运行匹配器的文件.</para></param>
      <returns>The match results.<para>比赛结果.</para></returns>
    </member>
    <member name="T:Microsoft.Extensions.FileSystemGlobbing.PatternMatchingResult">
      <summary>Represents a collection of <see cref="T:Microsoft.Extensions.FileSystemGlobbing.FilePatternMatch" /><para>表示 <see cref="T:Microsoft.Extensions.FileSystemGlobbing.FilePatternMatch" /> 的集合</para></summary>
    </member>
    <member name="M:Microsoft.Extensions.FileSystemGlobbing.PatternMatchingResult.#ctor(System.Collections.Generic.IEnumerable{Microsoft.Extensions.FileSystemGlobbing.FilePatternMatch})">
      <summary>Initializes the result with a collection of <see cref="T:Microsoft.Extensions.FileSystemGlobbing.FilePatternMatch" /><para>使用 <see cref="T:Microsoft.Extensions.FileSystemGlobbing.FilePatternMatch" /> 的集合初始化结果</para></summary>
      <param name="files">A collection of <see cref="T:Microsoft.Extensions.FileSystemGlobbing.FilePatternMatch" /><para><see cref="T:Microsoft.Extensions.FileSystemGlobbing.FilePatternMatch" /></para></param>
    </member>
    <member name="M:Microsoft.Extensions.FileSystemGlobbing.PatternMatchingResult.#ctor(System.Collections.Generic.IEnumerable{Microsoft.Extensions.FileSystemGlobbing.FilePatternMatch},System.Boolean)">
      <summary>Initializes the result with a collection of <see cref="T:Microsoft.Extensions.FileSystemGlobbing.FilePatternMatch" /><para>使用 <see cref="T:Microsoft.Extensions.FileSystemGlobbing.FilePatternMatch" /> 的集合初始化结果</para></summary>
      <param name="files">A collection of <see cref="T:Microsoft.Extensions.FileSystemGlobbing.FilePatternMatch" /><para><see cref="T:Microsoft.Extensions.FileSystemGlobbing.FilePatternMatch" /></para></param>
      <param name="hasMatches">A value that determines if <see cref="T:Microsoft.Extensions.FileSystemGlobbing.PatternMatchingResult" /> has any matches.<para>的集合,该值确定 <see cref="T:Microsoft.Extensions.FileSystemGlobbing.PatternMatchingResult" /> 是否有任何匹配项.</para></param>
    </member>
    <member name="P:Microsoft.Extensions.FileSystemGlobbing.PatternMatchingResult.Files">
      <summary>A collection of <see cref="T:Microsoft.Extensions.FileSystemGlobbing.FilePatternMatch" /><para><see cref="T:Microsoft.Extensions.FileSystemGlobbing.FilePatternMatch" /> 的集合</para></summary>
    </member>
    <member name="P:Microsoft.Extensions.FileSystemGlobbing.PatternMatchingResult.HasMatches">
      <summary>Gets a value that determines if this instance of <see cref="T:Microsoft.Extensions.FileSystemGlobbing.PatternMatchingResult" /> has any matches.<para>获取一个值,该值确定此 <see cref="T:Microsoft.Extensions.FileSystemGlobbing.PatternMatchingResult" /> 实例是否具有任何匹配项.</para></summary>
    </member>
    <member name="M:System.ThrowHelper.ThrowIfNull(System.Object,System.String)">
      <summary>Throws an <see cref="T:System.ArgumentNullException" /> if <paramref name="argument" /> is null.<para>抛出一个 <see cref="t:system.argumentnullexception" /> 如果 <paramref name="argument" /> 为空.</para></summary>
      <param name="argument">The reference type argument to validate as non-null.<para>要验证为非 null 的引用类型参数.</para></param>
      <param name="paramName">The name of the parameter with which <paramref name="argument" /> corresponds.<para><paramref name="argument" /> 对应的参数的名称.</para></param>
    </member>
    <member name="P:System.SR.CannotDeclarePathSegment">
      <summary>Cannot declare path segment before entering a directory.<para>无法在进入目录之前声明路径段.</para></summary>
    </member>
    <member name="P:System.SR.CannotTestDirectory">
      <summary>Cannot test directory before entering a directory.<para>无法在进入目录之前测试目录.</para></summary>
    </member>
    <member name="P:System.SR.CannotTestFile">
      <summary>Cannot test file before entering a directory.<para>无法在进入目录之前测试文件.</para></summary>
    </member>
    <member name="P:System.SR.StringComparisonTypeShouldBeOrdinal">
      <summary>Unexpected StringComparison type: '{0}'. Only 'Ordinal' and 'OrdinalIgnoreCase' are supported.<para>意外的字符串比较类型:"{0}".仅支持"序号"和"序号忽略大小写".</para></summary>
    </member>
    <member name="P:System.SR.UnexpectedStringComparisonType">
      <summary>Unexpected StringComparison type: {0}<para>意外字符串比较类型:{0}</para></summary>
    </member>
  </members>
</doc>