<?xml version="1.0"?>
<doc>
  <assembly>
    <name>Microsoft.Extensions.Configuration.Xml</name>
  </assembly>
  <members>
    <member name="P:Microsoft.Extensions.Configuration.Xml.XmlConfigurationElement.SiblingName">
      <summary>A composition of ElementName and Name, that serves as the basis for detecting siblings<para>元素名称和名称的组合,作为检测兄弟姐妹的基础</para></summary>
    </member>
    <member name="P:Microsoft.Extensions.Configuration.Xml.XmlConfigurationElement.ChildrenBySiblingName">
      <summary>The children of this element<para>此元素的子元素</para></summary>
    </member>
    <member name="P:Microsoft.Extensions.Configuration.Xml.XmlConfigurationElement.SingleChild">
      <summary>Performance optimization: do not initialize a dictionary and a list for elements with a single child<para>性能优化:不初始化具有单个子元素的字典和列表</para></summary>
    </member>
    <member name="T:Microsoft.Extensions.Configuration.Xml.XmlConfigurationProvider">
      <summary>Represents an XML file as an <see cref="T:Microsoft.Extensions.Configuration.IConfigurationSource" />.<para>将 xml 文件表示为 <see cref="T:Microsoft.Extensions.Configuration.IConfigurationSource" />.</para></summary>
    </member>
    <member name="M:Microsoft.Extensions.Configuration.Xml.XmlConfigurationProvider.#ctor(Microsoft.Extensions.Configuration.Xml.XmlConfigurationSource)">
      <summary>Initializes a new instance with the specified source.<para>使用指定的源初始化新实例.</para></summary>
      <param name="source">The source settings.<para>源设置.</para></param>
    </member>
    <member name="M:Microsoft.Extensions.Configuration.Xml.XmlConfigurationProvider.Load(System.IO.Stream)">
      <summary>Loads the XML data from a stream.<para>从流中加载 xml 数据.</para></summary>
      <param name="stream">The stream to read.<para>要读取的流.</para></param>
    </member>
    <member name="T:Microsoft.Extensions.Configuration.Xml.XmlConfigurationSource">
      <summary>An XML file based <see cref="T:Microsoft.Extensions.Configuration.FileConfigurationSource" />.<para>基于 <see cref="T:Microsoft.Extensions.Configuration.FileConfigurationSource" /> 的 xml 文件.</para></summary>
    </member>
    <member name="M:Microsoft.Extensions.Configuration.Xml.XmlConfigurationSource.Build(Microsoft.Extensions.Configuration.IConfigurationBuilder)">
      <summary>Builds the <see cref="T:Microsoft.Extensions.Configuration.Xml.XmlConfigurationProvider" /> for this source.<para>为此源生成 <see cref="T:Microsoft.Extensions.Configuration.Xml.XmlConfigurationProvider" />.</para></summary>
      <param name="builder">The <see cref="T:Microsoft.Extensions.Configuration.IConfigurationBuilder" />.<para>的 <see cref="T:Microsoft.Extensions.Configuration.IConfigurationBuilder" />.</para></param>
      <returns>A <see cref="T:Microsoft.Extensions.Configuration.Xml.XmlConfigurationProvider" /><para>a <see cref="T:Microsoft.Extensions.Configuration.Xml.XmlConfigurationProvider" /></para></returns>
    </member>
    <member name="T:Microsoft.Extensions.Configuration.Xml.XmlDocumentDecryptor">
      <summary>Class responsible for encrypting and decrypting XML.<para>负责加密和解密 xml 的类.</para></summary>
    </member>
    <member name="F:Microsoft.Extensions.Configuration.Xml.XmlDocumentDecryptor.Instance">
      <summary>Accesses the singleton decryptor instance.<para>访问单一实例解密器实例.</para></summary>
    </member>
    <member name="M:Microsoft.Extensions.Configuration.Xml.XmlDocumentDecryptor.#ctor">
      <summary>Initializes a XmlDocumentDecryptor.<para>初始化 xmldocumentdecryptor.</para></summary>
    </member>
    <member name="M:Microsoft.Extensions.Configuration.Xml.XmlDocumentDecryptor.CreateDecryptingXmlReader(System.IO.Stream,System.Xml.XmlReaderSettings)">
      <summary>Returns an XmlReader that decrypts data transparently.<para>返回以透明方式解密数据的 xmlreader.</para></summary>
    </member>
    <member name="M:Microsoft.Extensions.Configuration.Xml.XmlDocumentDecryptor.DecryptDocumentAndCreateXmlReader(System.Xml.XmlDocument)">
      <summary>Creates a reader that can decrypt an encrypted XML document.<para>创建可以解密加密的 xml 文档的读取器.</para></summary>
      <param name="document">The document.<para>文档.</para></param>
      <returns>An XmlReader which can read the document.<para>可以读取文档的 xmlreader.</para></returns>
    </member>
    <member name="T:Microsoft.Extensions.Configuration.Xml.XmlStreamConfigurationProvider">
      <summary>An XML file based <see cref="T:Microsoft.Extensions.Configuration.IConfigurationProvider" />.<para>基于 <see cref="T:Microsoft.Extensions.Configuration.IConfigurationProvider" /> 的 xml 文件.</para></summary>
    </member>
    <member name="M:Microsoft.Extensions.Configuration.Xml.XmlStreamConfigurationProvider.#ctor(Microsoft.Extensions.Configuration.Xml.XmlStreamConfigurationSource)">
      <summary>Constructor.<para>构造 函数.</para></summary>
      <param name="source">The <see cref="T:Microsoft.Extensions.Configuration.Xml.XmlStreamConfigurationSource" />.<para>的 <see cref="T:Microsoft.Extensions.Configuration.Xml.XmlStreamConfigurationSource" />.</para></param>
    </member>
    <member name="M:Microsoft.Extensions.Configuration.Xml.XmlStreamConfigurationProvider.Read(System.IO.Stream,Microsoft.Extensions.Configuration.Xml.XmlDocumentDecryptor)">
      <summary>Read a stream of XML values into a key/value dictionary.<para>将 xml 值流读入键/值字典.</para></summary>
      <param name="stream">The stream of XML data.<para>xml 数据流.</para></param>
      <param name="decryptor">The <see cref="T:Microsoft.Extensions.Configuration.Xml.XmlDocumentDecryptor" /> to use to decrypt.<para>用于解密的 <see cref="T:Microsoft.Extensions.Configuration.Xml.XmlDocumentDecryptor" />.</para></param>
      <returns>The <see cref="T:System.Collections.Generic.IDictionary`2" /> which was read from the stream.<para>从流中读取的 <see cref="T:System.Collections.Generic.IDictionary`2" />.</para></returns>
    </member>
    <member name="M:Microsoft.Extensions.Configuration.Xml.XmlStreamConfigurationProvider.Load(System.IO.Stream)">
      <summary>Loads XML configuration key/values from a stream into a provider.<para>将 xml 配置键/值从流加载到提供程序中.</para></summary>
      <param name="stream">The <see cref="T:System.IO.Stream" /> to load ini configuration data from.<para>要从中加载 ini 配置数据的 <see cref="T:System.IO.Stream" />.</para></param>
    </member>
    <member name="T:Microsoft.Extensions.Configuration.Xml.Prefix">
      <summary>Helper class to build the configuration keys in a way that does not require string.Join<para>帮助程序类,用于以不需要字符串的方式生成配置键.加入</para></summary>
    </member>
    <member name="T:Microsoft.Extensions.Configuration.Xml.XmlStreamConfigurationSource">
      <summary>Represents a XML file as an <see cref="T:Microsoft.Extensions.Configuration.IConfigurationSource" />.<para>将 xml 文件表示为 <see cref="T:Microsoft.Extensions.Configuration.IConfigurationSource" />.</para></summary>
    </member>
    <member name="M:Microsoft.Extensions.Configuration.Xml.XmlStreamConfigurationSource.Build(Microsoft.Extensions.Configuration.IConfigurationBuilder)">
      <summary>Builds the <see cref="T:Microsoft.Extensions.Configuration.Xml.XmlStreamConfigurationProvider" /> for this source.<para>为此源生成 <see cref="T:Microsoft.Extensions.Configuration.Xml.XmlStreamConfigurationProvider" />.</para></summary>
      <param name="builder">The <see cref="T:Microsoft.Extensions.Configuration.IConfigurationBuilder" />.<para>的 <see cref="T:Microsoft.Extensions.Configuration.IConfigurationBuilder" />.</para></param>
      <returns>An <see cref="T:Microsoft.Extensions.Configuration.Xml.XmlStreamConfigurationProvider" /><para>一个 <see cref="T:Microsoft.Extensions.Configuration.Xml.XmlStreamConfigurationProvider" /></para></returns>
    </member>
    <member name="T:Microsoft.Extensions.Configuration.XmlConfigurationExtensions">
      <summary>Extension methods for adding <see cref="T:Microsoft.Extensions.Configuration.Xml.XmlConfigurationProvider" />.<para>用于添加 <see cref="T:Microsoft.Extensions.Configuration.Xml.XmlConfigurationProvider" /> 的扩展方法.</para></summary>
    </member>
    <member name="M:Microsoft.Extensions.Configuration.XmlConfigurationExtensions.AddXmlFile(Microsoft.Extensions.Configuration.IConfigurationBuilder,System.String)">
      <summary>Adds the XML configuration provider at <paramref name="path" /> to <paramref name="builder" />.<para>将 <paramref name="path" /> 处的 xml 配置提供程序添加到 <paramref name="builder" />.</para></summary>
      <param name="builder">The <see cref="T:Microsoft.Extensions.Configuration.IConfigurationBuilder" /> to add to.<para>要添加到的 <see cref="T:Microsoft.Extensions.Configuration.IConfigurationBuilder" />.</para></param>
      <param name="path">Path relative to the base path stored in
            <see cref="P:Microsoft.Extensions.Configuration.IConfigurationBuilder.Properties" /> of <paramref name="builder" />.<para>相对于存储在 中的基本路径的路径 <see cref="P:Microsoft.Extensions.Configuration.IConfigurationBuilder.Properties" /> 的 <paramref name="builder" />.</para></param>
      <returns>The <see cref="T:Microsoft.Extensions.Configuration.IConfigurationBuilder" />.<para>的 <see cref="T:Microsoft.Extensions.Configuration.IConfigurationBuilder" />.</para></returns>
    </member>
    <member name="M:Microsoft.Extensions.Configuration.XmlConfigurationExtensions.AddXmlFile(Microsoft.Extensions.Configuration.IConfigurationBuilder,System.String,System.Boolean)">
      <summary>Adds the XML configuration provider at <paramref name="path" /> to <paramref name="builder" />.<para>将 <paramref name="path" /> 处的 xml 配置提供程序添加到 <paramref name="builder" />.</para></summary>
      <param name="builder">The <see cref="T:Microsoft.Extensions.Configuration.IConfigurationBuilder" /> to add to.<para>要添加到的 <see cref="T:Microsoft.Extensions.Configuration.IConfigurationBuilder" />.</para></param>
      <param name="path">Path relative to the base path stored in
            <see cref="P:Microsoft.Extensions.Configuration.IConfigurationBuilder.Properties" /> of <paramref name="builder" />.<para>相对于存储在 中的基本路径的路径 <see cref="P:Microsoft.Extensions.Configuration.IConfigurationBuilder.Properties" /> 的 <paramref name="builder" />.</para></param>
      <param name="optional">Whether the file is optional.<para>文件是否可选.</para></param>
      <returns>The <see cref="T:Microsoft.Extensions.Configuration.IConfigurationBuilder" />.<para>的 <see cref="T:Microsoft.Extensions.Configuration.IConfigurationBuilder" />.</para></returns>
    </member>
    <member name="M:Microsoft.Extensions.Configuration.XmlConfigurationExtensions.AddXmlFile(Microsoft.Extensions.Configuration.IConfigurationBuilder,System.String,System.Boolean,System.Boolean)">
      <summary>Adds the XML configuration provider at <paramref name="path" /> to <paramref name="builder" />.<para>将 <paramref name="path" /> 处的 xml 配置提供程序添加到 <paramref name="builder" />.</para></summary>
      <param name="builder">The <see cref="T:Microsoft.Extensions.Configuration.IConfigurationBuilder" /> to add to.<para>要添加到的 <see cref="T:Microsoft.Extensions.Configuration.IConfigurationBuilder" />.</para></param>
      <param name="path">Path relative to the base path stored in
            <see cref="P:Microsoft.Extensions.Configuration.IConfigurationBuilder.Properties" /> of <paramref name="builder" />.<para>相对于存储在 中的基本路径的路径 <see cref="P:Microsoft.Extensions.Configuration.IConfigurationBuilder.Properties" /> 的 <paramref name="builder" />.</para></param>
      <param name="optional">Whether the file is optional.<para>文件是否可选.</para></param>
      <param name="reloadOnChange">Whether the configuration should be reloaded if the file changes.<para>如果文件发生更改,是否应重新加载配置.</para></param>
      <returns>The <see cref="T:Microsoft.Extensions.Configuration.IConfigurationBuilder" />.<para>的 <see cref="T:Microsoft.Extensions.Configuration.IConfigurationBuilder" />.</para></returns>
    </member>
    <member name="M:Microsoft.Extensions.Configuration.XmlConfigurationExtensions.AddXmlFile(Microsoft.Extensions.Configuration.IConfigurationBuilder,Microsoft.Extensions.FileProviders.IFileProvider,System.String,System.Boolean,System.Boolean)">
      <summary>Adds a XML configuration source to <paramref name="builder" />.<para>将 xml 配置源添加到 <paramref name="builder" />.</para></summary>
      <param name="builder">The <see cref="T:Microsoft.Extensions.Configuration.IConfigurationBuilder" /> to add to.<para>要添加到的 <see cref="T:Microsoft.Extensions.Configuration.IConfigurationBuilder" />.</para></param>
      <param name="provider">The <see cref="T:Microsoft.Extensions.FileProviders.IFileProvider" /> to use to access the file.<para>用于访问文件的 <see cref="T:Microsoft.Extensions.FileProviders.IFileProvider" />.</para></param>
      <param name="path">Path relative to the base path stored in
            <see cref="P:Microsoft.Extensions.Configuration.IConfigurationBuilder.Properties" /> of <paramref name="builder" />.<para>相对于存储在 中的基本路径的路径 <see cref="P:Microsoft.Extensions.Configuration.IConfigurationBuilder.Properties" /> 的 <paramref name="builder" />.</para></param>
      <param name="optional">Whether the file is optional.<para>文件是否可选.</para></param>
      <param name="reloadOnChange">Whether the configuration should be reloaded if the file changes.<para>如果文件发生更改,是否应重新加载配置.</para></param>
      <returns>The <see cref="T:Microsoft.Extensions.Configuration.IConfigurationBuilder" />.<para>的 <see cref="T:Microsoft.Extensions.Configuration.IConfigurationBuilder" />.</para></returns>
    </member>
    <member name="M:Microsoft.Extensions.Configuration.XmlConfigurationExtensions.AddXmlFile(Microsoft.Extensions.Configuration.IConfigurationBuilder,System.Action{Microsoft.Extensions.Configuration.Xml.XmlConfigurationSource})">
      <summary>Adds a XML configuration source to <paramref name="builder" />.<para>将 xml 配置源添加到 <paramref name="builder" />.</para></summary>
      <param name="builder">The <see cref="T:Microsoft.Extensions.Configuration.IConfigurationBuilder" /> to add to.<para>要添加到的 <see cref="T:Microsoft.Extensions.Configuration.IConfigurationBuilder" />.</para></param>
      <param name="configureSource">Configures the source.<para>配置源.</para></param>
      <returns>The <see cref="T:Microsoft.Extensions.Configuration.IConfigurationBuilder" />.<para>的 <see cref="T:Microsoft.Extensions.Configuration.IConfigurationBuilder" />.</para></returns>
    </member>
    <member name="M:Microsoft.Extensions.Configuration.XmlConfigurationExtensions.AddXmlStream(Microsoft.Extensions.Configuration.IConfigurationBuilder,System.IO.Stream)">
      <summary>Adds a XML configuration source to <paramref name="builder" />.<para>将 xml 配置源添加到 <paramref name="builder" />.</para></summary>
      <param name="builder">The <see cref="T:Microsoft.Extensions.Configuration.IConfigurationBuilder" /> to add to.<para>要添加到的 <see cref="T:Microsoft.Extensions.Configuration.IConfigurationBuilder" />.</para></param>
      <param name="stream">The <see cref="T:System.IO.Stream" /> to read the XML configuration data from.<para>要从中读取 xml 配置数据的 <see cref="T:System.IO.Stream" />.</para></param>
      <returns>The <see cref="T:Microsoft.Extensions.Configuration.IConfigurationBuilder" />.<para>的 <see cref="T:Microsoft.Extensions.Configuration.IConfigurationBuilder" />.</para></returns>
    </member>
    <member name="M:System.ThrowHelper.ThrowIfNull(System.Object,System.String)">
      <summary>Throws an <see cref="T:System.ArgumentNullException" /> if <paramref name="argument" /> is null.<para>抛出一个 <see cref="t:system.argumentnullexception" /> 如果 <paramref name="argument" /> 为空.</para></summary>
      <param name="argument">The reference type argument to validate as non-null.<para>要验证为非 null 的引用类型参数.</para></param>
      <param name="paramName">The name of the parameter with which <paramref name="argument" /> corresponds.<para><paramref name="argument" /> 对应的参数的名称.</para></param>
    </member>
    <member name="P:System.SR.Error_InvalidFilePath">
      <summary>File path must be a non-empty string.<para>文件路径必须是非空字符串.</para></summary>
    </member>
    <member name="P:System.SR.Error_KeyIsDuplicated">
      <summary>A duplicate key '{0}' was found.{1}<para>找到重复的键"{0}".{1}</para></summary>
    </member>
    <member name="P:System.SR.Error_NamespaceIsNotSupported">
      <summary>XML namespaces are not supported.{0}<para>不支持 xml 命名空间.{0}</para></summary>
    </member>
    <member name="P:System.SR.Error_UnsupportedNodeType">
      <summary>Unsupported node type '{0}' was found.{1}<para>找到不受支持的节点类型"{0}".{1}</para></summary>
    </member>
    <member name="P:System.SR.Msg_LineInfo">
      <summary>Line {0}, position {1}.<para>第 {0} 行,位置 {1}.</para></summary>
    </member>
  </members>
</doc>