<?xml version="1.0"?>
<doc>
  <assembly>
    <name>Microsoft.Extensions.Logging.Configuration</name>
  </assembly>
  <members>
    <member name="T:Microsoft.Extensions.Logging.Configuration.ILoggerProviderConfiguration`1">
      <summary>Allows access to configuration section associated with logger provider<para>允许访问与记录器提供程序关联的配置部分</para></summary>
      <typeparam name="T">Type of logger provider to get configuration for<para>用于获取</para></typeparam>
    </member>
    <member name="P:Microsoft.Extensions.Logging.Configuration.ILoggerProviderConfiguration`1.Configuration">
      <summary>Configuration section for requested logger provider<para>请求的记录器提供程序的配置部分</para></summary>
    </member>
    <member name="T:Microsoft.Extensions.Logging.Configuration.ILoggerProviderConfigurationFactory">
      <summary>Allows access to configuration section associated with logger provider<para>允许访问与记录器提供程序关联的配置部分</para></summary>
    </member>
    <member name="M:Microsoft.Extensions.Logging.Configuration.ILoggerProviderConfigurationFactory.GetConfiguration(System.Type)">
      <summary>Return configuration section associated with logger provider<para>与记录器提供程序关联的返回配置部分</para></summary>
      <param name="providerType">The logger provider type<para>记录器提供程序类型</para></param>
      <returns>The <see cref="T:Microsoft.Extensions.Configuration.IConfiguration" /> for the given <paramref name="providerType" />.<para>给定 <paramref name="providerType" /> 的 <see cref="T:Microsoft.Extensions.Configuration.IConfiguration" />.</para></returns>
    </member>
    <member name="T:Microsoft.Extensions.Logging.Configuration.LoggerProviderOptions">
      <summary>Provides a set of helpers to initialize options objects from logger provider configuration.<para>提供一组帮助程序,用于初始化记录器提供程序配置中的选项对象.</para></summary>
    </member>
    <member name="M:Microsoft.Extensions.Logging.Configuration.LoggerProviderOptions.RegisterProviderOptions``2(Microsoft.Extensions.DependencyInjection.IServiceCollection)">
      <summary>Indicates that settings for <typeparamref name="TProvider" /> should be loaded into <typeparamref name="TOptions" /> type.<para>指示应将 <typeparamref name="TProvider" /> 的设置加载到 <typeparamref name="TOptions" /> 类型中.</para></summary>
      <param name="services">The <see cref="T:Microsoft.Extensions.DependencyInjection.IServiceCollection" /> to register on.<para>要注册的 <see cref="T:Microsoft.Extensions.DependencyInjection.IServiceCollection" />.</para></param>
      <typeparam name="TOptions">The options class<para>选项类</para></typeparam>
      <typeparam name="TProvider">The provider class<para>提供程序类</para></typeparam>
    </member>
    <member name="T:Microsoft.Extensions.Logging.Configuration.LoggerProviderConfigureOptions`2">
      <summary>Loads settings for <typeparamref name="TProvider" /> into <typeparamref name="TOptions" /> type.<para>将 <typeparamref name="TProvider" /> 的设置加载到 <typeparamref name="TOptions" /> 类型中.</para></summary>
    </member>
    <member name="T:Microsoft.Extensions.Logging.Configuration.LoggerProviderOptionsChangeTokenSource`2">
      <inheritdoc />
    </member>
    <member name="T:Microsoft.Extensions.Logging.Configuration.LoggingBuilderConfigurationExtensions">
      <summary>Extension methods for setting up logging services in an <see cref="T:Microsoft.Extensions.Logging.ILoggingBuilder" />.<para>用于在 <see cref="T:Microsoft.Extensions.Logging.ILoggingBuilder" /> 中设置日志记录服务的扩展方法.</para></summary>
    </member>
    <member name="M:Microsoft.Extensions.Logging.Configuration.LoggingBuilderConfigurationExtensions.AddConfiguration(Microsoft.Extensions.Logging.ILoggingBuilder)">
      <summary>Adds services required to consume <see cref="T:Microsoft.Extensions.Logging.Configuration.ILoggerProviderConfigurationFactory" /> or <see cref="T:Microsoft.Extensions.Logging.Configuration.ILoggerProviderConfiguration`1" /><para>添加使用 <see cref="T:Microsoft.Extensions.Logging.Configuration.ILoggerProviderConfigurationFactory" /> 或 <see cref="T:Microsoft.Extensions.Logging.Configuration.ILoggerProviderConfiguration`1" /> 所需的服务</para></summary>
      <param name="builder">The <see cref="T:Microsoft.Extensions.Logging.ILoggingBuilder" /> to register services on.<para>要在其上注册服务的 <see cref="T:Microsoft.Extensions.Logging.ILoggingBuilder" />.</para></param>
    </member>
    <member name="T:Microsoft.Extensions.Logging.LoggingBuilderExtensions">
      <summary>Extension methods for setting up logging services in an <see cref="T:Microsoft.Extensions.Logging.ILoggingBuilder" />.<para>用于在 <see cref="T:Microsoft.Extensions.Logging.ILoggingBuilder" /> 中设置日志记录服务的扩展方法.</para></summary>
    </member>
    <member name="M:Microsoft.Extensions.Logging.LoggingBuilderExtensions.AddConfiguration(Microsoft.Extensions.Logging.ILoggingBuilder,Microsoft.Extensions.Configuration.IConfiguration)">
      <summary>Configures <see cref="T:Microsoft.Extensions.Logging.LoggerFilterOptions" /> from an instance of <see cref="T:Microsoft.Extensions.Configuration.IConfiguration" />.<para>从 <see cref="T:Microsoft.Extensions.Configuration.IConfiguration" /> 的实例配置 <see cref="T:Microsoft.Extensions.Logging.LoggerFilterOptions" />.</para></summary>
      <param name="builder">The <see cref="T:Microsoft.Extensions.Logging.ILoggingBuilder" /> to use.<para>要使用的 <see cref="T:Microsoft.Extensions.Logging.ILoggingBuilder" />.</para></param>
      <param name="configuration">The <see cref="T:Microsoft.Extensions.Configuration.IConfiguration" /> to add.<para>要添加的 <see cref="T:Microsoft.Extensions.Configuration.IConfiguration" />.</para></param>
      <returns>The builder.<para>建造者.</para></returns>
    </member>
    <member name="M:System.ThrowHelper.ThrowIfNull(System.Object,System.String)">
      <summary>Throws an <see cref="T:System.ArgumentNullException" /> if <paramref name="argument" /> is null.<para>抛出一个 <see cref="t:system.argumentnullexception" /> 如果 <paramref name="argument" /> 为空.</para></summary>
      <param name="argument">The reference type argument to validate as non-null.<para>要验证为非 null 的引用类型参数.</para></param>
      <param name="paramName">The name of the parameter with which <paramref name="argument" /> corresponds.<para><paramref name="argument" /> 对应的参数的名称.</para></param>
    </member>
    <member name="P:System.SR.ValueNotSupported">
      <summary>Configuration value '{0}' is not supported.<para>不支持配置值"{0}".</para></summary>
    </member>
  </members>
</doc>