<?xml version="1.0"?>
<doc>
  <assembly>
    <name>Microsoft.Extensions.Logging.Console</name>
  </assembly>
  <members>
    <member name="T:Microsoft.Extensions.Logging.Console.AnsiLogConsole">
      <summary>For consoles which understand the ANSI escape code sequences to represent color<para>对于理解 ansi 转义代码序列以表示颜色的控制台</para></summary>
    </member>
    <member name="M:Microsoft.Extensions.Logging.Console.AnsiParser.Parse(System.String)">
      <summary>Parses a subset of display attributes
            Set Display Attributes
            Set Attribute Mode [{attr1};...;{attrn}m
            Sets multiple display attribute settings. The following lists standard attributes that are getting parsed:
            1 Bright
            Foreground Colours
            30 Black
            31 Red
            32 Green
            33 Yellow
            34 Blue
            35 Magenta
            36 Cyan
            37 White
            Background Colours
            40 Black
            41 Red
            42 Green
            43 Yellow
            44 Blue
            45 Magenta
            46 Cyan
            47 White<para>分析显示属性的子集 设置显示属性 设置属性模式 [{attr1};...;{attrn}m 设置多个显示属性设置.下面列出了正在解析的标准属性: 1 明亮 前景色 30 黑色 31 红 32 绿色 33 黄色 34 蓝色 35 洋红色 36 青色 37 白 背景颜色 40 黑色 41 红 42 绿色 43 黄色 44 蓝色 45 品红色 46 青色 47 白</para></summary>
    </member>
    <member name="T:Microsoft.Extensions.Logging.Console.ConsoleFormatter">
      <summary>Allows custom log messages formatting<para>允许自定义日志消息格式化</para></summary>
    </member>
    <member name="P:Microsoft.Extensions.Logging.Console.ConsoleFormatter.Name">
      <summary>Gets the name associated with the console log formatter.<para>获取与控制台日志格式化程序关联的名称.</para></summary>
    </member>
    <member name="M:Microsoft.Extensions.Logging.Console.ConsoleFormatter.Write``1(Microsoft.Extensions.Logging.Abstractions.LogEntry{``0}@,Microsoft.Extensions.Logging.IExternalScopeProvider,System.IO.TextWriter)">
      <summary>Writes the log message to the specified TextWriter.<para>将日志消息写入指定的文本编写器.</para></summary>
      <remarks>if the formatter wants to write colors to the console, it can do so by embedding ANSI color codes into the string<para>如果格式化程序想要将颜色写入控制台,它可以通过将 ansi 颜色代码嵌入到字符串中来实现</para></remarks>
      <param name="logEntry">The log entry.<para>日志条目.</para></param>
      <param name="scopeProvider">The provider of scope data.<para>范围数据的提供程序.</para></param>
      <param name="textWriter">The string writer embedding ansi code for colors.<para>字符串编写器嵌入颜色的 ansi 代码.</para></param>
      <typeparam name="TState">The type of the object to be written.<para>要写入的对象的类型.</para></typeparam>
    </member>
    <member name="T:Microsoft.Extensions.Logging.Console.ConsoleFormatterNames">
      <summary>Reserved formatter names for the built-in console formatters.<para>为内置控制台格式化程序保留的格式化程序名称.</para></summary>
    </member>
    <member name="F:Microsoft.Extensions.Logging.Console.ConsoleFormatterNames.Simple">
      <summary>Reserved name for simple console formatter<para>简单控制台格式化程序的保留名称</para></summary>
    </member>
    <member name="F:Microsoft.Extensions.Logging.Console.ConsoleFormatterNames.Json">
      <summary>Reserved name for json console formatter<para>json 控制台格式化程序的保留名称</para></summary>
    </member>
    <member name="F:Microsoft.Extensions.Logging.Console.ConsoleFormatterNames.Systemd">
      <summary>Reserved name for systemd console formatter<para>systemd 控制台格式化程序的保留名称</para></summary>
    </member>
    <member name="T:Microsoft.Extensions.Logging.Console.ConsoleFormatterOptions">
      <summary>Options for the built-in console log formatter.<para>内置控制台日志格式化程序的选项.</para></summary>
    </member>
    <member name="P:Microsoft.Extensions.Logging.Console.ConsoleFormatterOptions.IncludeScopes">
      <summary>Includes scopes when <see langword="true" />.<para>包括 <see langword="true" /> 时的作用域.</para></summary>
    </member>
    <member name="P:Microsoft.Extensions.Logging.Console.ConsoleFormatterOptions.TimestampFormat">
      <summary>Gets or sets format string used to format timestamp in logging messages. Defaults to <c>null</c>.<para>获取或设置用于设置日志记录消息中的时间戳格式的格式字符串.默认为 <c>null</c>.</para></summary>
    </member>
    <member name="P:Microsoft.Extensions.Logging.Console.ConsoleFormatterOptions.UseUtcTimestamp">
      <summary>Gets or sets indication whether or not UTC timezone should be used to format timestamps in logging messages. Defaults to <c>false</c>.<para>获取或设置指示是否应使用 utc 时区来设置日志记录消息中的时间戳格式.默认为 <c>false</c>.</para></summary>
    </member>
    <member name="T:Microsoft.Extensions.Logging.Console.ConsoleLoggerFormat">
      <summary>Format of <see cref="T:Microsoft.Extensions.Logging.Console.ConsoleLogger" /> messages.<para><see cref="T:Microsoft.Extensions.Logging.Console.ConsoleLogger" /> 消息的格式.</para></summary>
    </member>
    <member name="F:Microsoft.Extensions.Logging.Console.ConsoleLoggerFormat.Default">
      <summary>Produces messages in the default console format.<para>以默认控制台格式生成消息.</para></summary>
    </member>
    <member name="F:Microsoft.Extensions.Logging.Console.ConsoleLoggerFormat.Systemd">
      <summary>Produces messages in a format suitable for console output to the systemd journal.<para>以适合控制台输出到 systemd 日志的格式生成消息.</para></summary>
    </member>
    <member name="T:Microsoft.Extensions.Logging.Console.ConsoleLoggerOptions">
      <summary>Options for a <see cref="T:Microsoft.Extensions.Logging.Console.ConsoleLogger" />.<para><see cref="T:Microsoft.Extensions.Logging.Console.ConsoleLogger" /> 的选项.</para></summary>
    </member>
    <member name="P:Microsoft.Extensions.Logging.Console.ConsoleLoggerOptions.DisableColors">
      <summary>Disables colors when <see langword="true" />.<para>在 <see langword="true" /> 时禁用颜色.</para></summary>
    </member>
    <member name="P:Microsoft.Extensions.Logging.Console.ConsoleLoggerOptions.Format">
      <summary>Gets or sets log message format. Defaults to <see cref="F:Microsoft.Extensions.Logging.Console.ConsoleLoggerFormat.Default" />.<para>获取或设置日志消息格式.默认为 <see cref="F:Microsoft.Extensions.Logging.Console.ConsoleLoggerFormat.Default" />.</para></summary>
    </member>
    <member name="P:Microsoft.Extensions.Logging.Console.ConsoleLoggerOptions.FormatterName">
      <summary>Name of the log message formatter to use. Defaults to "simple" /&gt;.<para>要使用的日志消息格式化程序的名称.默认为"简单"/&gt;.</para></summary>
    </member>
    <member name="P:Microsoft.Extensions.Logging.Console.ConsoleLoggerOptions.IncludeScopes">
      <summary>Includes scopes when <see langword="true" />.<para>包括 <see langword="true" /> 时的作用域.</para></summary>
    </member>
    <member name="P:Microsoft.Extensions.Logging.Console.ConsoleLoggerOptions.LogToStandardErrorThreshold">
      <summary>Gets or sets value indicating the minimum level of messages that would get written to <c>Console.Error</c>.<para>获取或设置值,该值指示将写入 <c>Console.Error</c> 的最低消息级别.</para></summary>
    </member>
    <member name="P:Microsoft.Extensions.Logging.Console.ConsoleLoggerOptions.TimestampFormat">
      <summary>Gets or sets format string used to format timestamp in logging messages. Defaults to <c>null</c>.<para>获取或设置用于设置日志记录消息中的时间戳格式的格式字符串.默认为 <c>null</c>.</para></summary>
    </member>
    <member name="P:Microsoft.Extensions.Logging.Console.ConsoleLoggerOptions.UseUtcTimestamp">
      <summary>Gets or sets indication whether or not UTC timezone should be used to format timestamps in logging messages. Defaults to <c>false</c>.<para>获取或设置指示是否应使用 utc 时区来设置日志记录消息中的时间戳格式.默认为 <c>false</c>.</para></summary>
    </member>
    <member name="P:Microsoft.Extensions.Logging.Console.ConsoleLoggerOptions.QueueFullMode">
      <summary>Gets or sets the desired console logger behavior when the queue becomes full. Defaults to <c>Wait</c>.<para>获取或设置队列已满时所需的控制台记录器行为.默认为 <c>Wait</c>.</para></summary>
    </member>
    <member name="P:Microsoft.Extensions.Logging.Console.ConsoleLoggerOptions.MaxQueueLength">
      <summary>Gets or sets the maximum number of enqueued messages. Defaults to 2500.<para>获取或设置排队消息的最大数目.默认值为 2500.</para></summary>
    </member>
    <member name="T:Microsoft.Extensions.Logging.Console.ConsoleLoggerProvider">
      <summary>A provider of <see cref="T:Microsoft.Extensions.Logging.Console.ConsoleLogger" /> instances.<para><see cref="T:Microsoft.Extensions.Logging.Console.ConsoleLogger" /> 实例的提供程序.</para></summary>
    </member>
    <member name="M:Microsoft.Extensions.Logging.Console.ConsoleLoggerProvider.#ctor(Microsoft.Extensions.Options.IOptionsMonitor{Microsoft.Extensions.Logging.Console.ConsoleLoggerOptions})">
      <summary>Creates an instance of <see cref="T:Microsoft.Extensions.Logging.Console.ConsoleLoggerProvider" />.<para>创建 <see cref="T:Microsoft.Extensions.Logging.Console.ConsoleLoggerProvider" /> 的实例.</para></summary>
      <param name="options">The options to create <see cref="T:Microsoft.Extensions.Logging.Console.ConsoleLogger" /> instances with.<para>用于创建 <see cref="T:Microsoft.Extensions.Logging.Console.ConsoleLogger" /> 实例的选项.</para></param>
    </member>
    <member name="M:Microsoft.Extensions.Logging.Console.ConsoleLoggerProvider.#ctor(Microsoft.Extensions.Options.IOptionsMonitor{Microsoft.Extensions.Logging.Console.ConsoleLoggerOptions},System.Collections.Generic.IEnumerable{Microsoft.Extensions.Logging.Console.ConsoleFormatter})">
      <summary>Creates an instance of <see cref="T:Microsoft.Extensions.Logging.Console.ConsoleLoggerProvider" />.<para>创建 <see cref="T:Microsoft.Extensions.Logging.Console.ConsoleLoggerProvider" /> 的实例.</para></summary>
      <param name="options">The options to create <see cref="T:Microsoft.Extensions.Logging.Console.ConsoleLogger" /> instances with.<para>用于创建 <see cref="T:Microsoft.Extensions.Logging.Console.ConsoleLogger" /> 实例的选项.</para></param>
      <param name="formatters">Log formatters added for <see cref="T:Microsoft.Extensions.Logging.Console.ConsoleLogger" /> insteaces.<para>log 格式化程序为 <see cref="T:Microsoft.Extensions.Logging.Console.ConsoleLogger" /> insteaces 添加.</para></param>
    </member>
    <member name="M:Microsoft.Extensions.Logging.Console.ConsoleLoggerProvider.CreateLogger(System.String)">
      <inheritdoc />
    </member>
    <member name="M:Microsoft.Extensions.Logging.Console.ConsoleLoggerProvider.Dispose">
      <inheritdoc />
    </member>
    <member name="M:Microsoft.Extensions.Logging.Console.ConsoleLoggerProvider.SetScopeProvider(Microsoft.Extensions.Logging.IExternalScopeProvider)">
      <inheritdoc />
    </member>
    <member name="T:Microsoft.Extensions.Logging.Console.ConsoleLoggerQueueFullMode">
      <summary>Determines the console logger behavior when the queue becomes full.<para>确定队列已满时的控制台记录器行为.</para></summary>
    </member>
    <member name="F:Microsoft.Extensions.Logging.Console.ConsoleLoggerQueueFullMode.Wait">
      <summary>Blocks the logging threads once the queue limit is reached.<para>达到队列限制后阻止日志记录线程.</para></summary>
    </member>
    <member name="F:Microsoft.Extensions.Logging.Console.ConsoleLoggerQueueFullMode.DropWrite">
      <summary>Drops new log messages when the queue is full.<para>当队列已满时丢弃新的日志消息.</para></summary>
    </member>
    <member name="T:Microsoft.Extensions.Logging.Console.JsonConsoleFormatterOptions">
      <summary>Options for the built-in json console log formatter.<para>内置 json 控制台日志格式化程序的选项.</para></summary>
    </member>
    <member name="P:Microsoft.Extensions.Logging.Console.JsonConsoleFormatterOptions.JsonWriterOptions">
      <summary>Gets or sets JsonWriterOptions.<para>获取或设置 jsonwriteroptions.</para></summary>
    </member>
    <member name="T:Microsoft.Extensions.Logging.Console.LoggerColorBehavior">
      <summary>Determines when to use color when logging messages.<para>确定在记录消息时何时使用颜色.</para></summary>
    </member>
    <member name="F:Microsoft.Extensions.Logging.Console.LoggerColorBehavior.Default">
      <summary>Use the default color behavior, enabling color except when the console output is redirected.<para>使用默认颜色行为,启用颜色,除非控制台输出被重定向.</para></summary>
      <remarks>Enables color except when the console output is redirected.<para>启用颜色,除非控制台输出被重定向.</para></remarks>
    </member>
    <member name="F:Microsoft.Extensions.Logging.Console.LoggerColorBehavior.Enabled">
      <summary>Enable color for logging<para>为日志记录启用颜色</para></summary>
    </member>
    <member name="F:Microsoft.Extensions.Logging.Console.LoggerColorBehavior.Disabled">
      <summary>Disable color for logging<para>禁用日志记录的颜色</para></summary>
    </member>
    <member name="T:Microsoft.Extensions.Logging.Console.SimpleConsoleFormatterOptions">
      <summary>Options for the built-in default console log formatter.<para>内置默认控制台日志格式化程序的选项.</para></summary>
    </member>
    <member name="P:Microsoft.Extensions.Logging.Console.SimpleConsoleFormatterOptions.ColorBehavior">
      <summary>Determines when to use color when logging messages.<para>确定在记录消息时何时使用颜色.</para></summary>
    </member>
    <member name="P:Microsoft.Extensions.Logging.Console.SimpleConsoleFormatterOptions.SingleLine">
      <summary>When <see langword="true" />, the entire message gets logged in a single line.<para>当 <see langword="true" /> 时,整个消息将记录在一行中.</para></summary>
    </member>
    <member name="M:Microsoft.Extensions.Logging.ConsoleLoggerExtensions.AddConsole(Microsoft.Extensions.Logging.ILoggingBuilder)">
      <summary>Adds a console logger named 'Console' to the factory.<para>将名为"控制台"的控制台记录器添加到出厂.</para></summary>
      <param name="builder">The <see cref="T:Microsoft.Extensions.Logging.ILoggingBuilder" /> to use.<para>要使用的 <see cref="T:Microsoft.Extensions.Logging.ILoggingBuilder" />.</para></param>
    </member>
    <member name="M:Microsoft.Extensions.Logging.ConsoleLoggerExtensions.AddConsole(Microsoft.Extensions.Logging.ILoggingBuilder,System.Action{Microsoft.Extensions.Logging.Console.ConsoleLoggerOptions})">
      <summary>Adds a console logger named 'Console' to the factory.<para>将名为"控制台"的控制台记录器添加到出厂.</para></summary>
      <param name="builder">The <see cref="T:Microsoft.Extensions.Logging.ILoggingBuilder" /> to use.<para>要使用的 <see cref="T:Microsoft.Extensions.Logging.ILoggingBuilder" />.</para></param>
      <param name="configure">A delegate to configure the <see cref="T:Microsoft.Extensions.Logging.Console.ConsoleLogger" />.<para>用于配置 <see cref="T:Microsoft.Extensions.Logging.Console.ConsoleLogger" /> 的委托.</para></param>
    </member>
    <member name="M:Microsoft.Extensions.Logging.ConsoleLoggerExtensions.AddSimpleConsole(Microsoft.Extensions.Logging.ILoggingBuilder)">
      <summary>Add the default console log formatter named 'simple' to the factory with default properties.<para>将名为"简单"的默认控制台日志格式化程序添加到具有默认属性的工厂.</para></summary>
      <param name="builder">The <see cref="T:Microsoft.Extensions.Logging.ILoggingBuilder" /> to use.<para>要使用的 <see cref="T:Microsoft.Extensions.Logging.ILoggingBuilder" />.</para></param>
    </member>
    <member name="M:Microsoft.Extensions.Logging.ConsoleLoggerExtensions.AddSimpleConsole(Microsoft.Extensions.Logging.ILoggingBuilder,System.Action{Microsoft.Extensions.Logging.Console.SimpleConsoleFormatterOptions})">
      <summary>Add and configure a console log formatter named 'simple' to the factory.<para>在出厂中添加和配置名为"简单"的控制台日志格式化程序.</para></summary>
      <param name="builder">The <see cref="T:Microsoft.Extensions.Logging.ILoggingBuilder" /> to use.<para>要使用的 <see cref="T:Microsoft.Extensions.Logging.ILoggingBuilder" />.</para></param>
      <param name="configure">A delegate to configure the <see cref="T:Microsoft.Extensions.Logging.Console.ConsoleLogger" /> options for the built-in default log formatter.<para>一个委托,用于为内置默认日志格式化程序配置 <see cref="T:Microsoft.Extensions.Logging.Console.ConsoleLogger" /> 选项.</para></param>
    </member>
    <member name="M:Microsoft.Extensions.Logging.ConsoleLoggerExtensions.AddJsonConsole(Microsoft.Extensions.Logging.ILoggingBuilder)">
      <summary>Add a console log formatter named 'json' to the factory with default properties.<para>将名为"json"的控制台日志格式化程序添加到具有默认属性的出厂设置程序.</para></summary>
      <param name="builder">The <see cref="T:Microsoft.Extensions.Logging.ILoggingBuilder" /> to use.<para>要使用的 <see cref="T:Microsoft.Extensions.Logging.ILoggingBuilder" />.</para></param>
    </member>
    <member name="M:Microsoft.Extensions.Logging.ConsoleLoggerExtensions.AddJsonConsole(Microsoft.Extensions.Logging.ILoggingBuilder,System.Action{Microsoft.Extensions.Logging.Console.JsonConsoleFormatterOptions})">
      <summary>Add and configure a console log formatter named 'json' to the factory.<para>将名为"json"的控制台日志格式化程序添加并配置为出厂.</para></summary>
      <param name="builder">The <see cref="T:Microsoft.Extensions.Logging.ILoggingBuilder" /> to use.<para>要使用的 <see cref="T:Microsoft.Extensions.Logging.ILoggingBuilder" />.</para></param>
      <param name="configure">A delegate to configure the <see cref="T:Microsoft.Extensions.Logging.Console.ConsoleLogger" /> options for the built-in json log formatter.<para>一个委托,用于为内置 json 日志格式化程序配置 <see cref="T:Microsoft.Extensions.Logging.Console.ConsoleLogger" /> 选项.</para></param>
    </member>
    <member name="M:Microsoft.Extensions.Logging.ConsoleLoggerExtensions.AddSystemdConsole(Microsoft.Extensions.Logging.ILoggingBuilder,System.Action{Microsoft.Extensions.Logging.Console.ConsoleFormatterOptions})">
      <summary>Add and configure a console log formatter named 'systemd' to the factory.<para>将名为"systemd"的控制台日志格式化程序添加并配置到出厂.</para></summary>
      <param name="builder">The <see cref="T:Microsoft.Extensions.Logging.ILoggingBuilder" /> to use.<para>要使用的 <see cref="T:Microsoft.Extensions.Logging.ILoggingBuilder" />.</para></param>
      <param name="configure">A delegate to configure the <see cref="T:Microsoft.Extensions.Logging.Console.ConsoleLogger" /> options for the built-in systemd log formatter.<para>一个委托,用于为内置 systemd 日志格式化程序配置 <see cref="T:Microsoft.Extensions.Logging.Console.ConsoleLogger" /> 选项.</para></param>
    </member>
    <member name="M:Microsoft.Extensions.Logging.ConsoleLoggerExtensions.AddSystemdConsole(Microsoft.Extensions.Logging.ILoggingBuilder)">
      <summary>Add a console log formatter named 'systemd' to the factory with default properties.<para>将名为"systemd"的控制台日志格式化程序添加到具有默认属性的出厂设置程序.</para></summary>
      <param name="builder">The <see cref="T:Microsoft.Extensions.Logging.ILoggingBuilder" /> to use.<para>要使用的 <see cref="T:Microsoft.Extensions.Logging.ILoggingBuilder" />.</para></param>
    </member>
    <member name="M:Microsoft.Extensions.Logging.ConsoleLoggerExtensions.AddConsoleFormatter``2(Microsoft.Extensions.Logging.ILoggingBuilder)">
      <summary>Adds a custom console logger formatter 'TFormatter' to be configured with options 'TOptions'.<para>添加自定义控制台记录器格式化程序"tformatter"以配置选项"toptions".</para></summary>
      <param name="builder">The <see cref="T:Microsoft.Extensions.Logging.ILoggingBuilder" /> to use.<para>要使用的 <see cref="T:Microsoft.Extensions.Logging.ILoggingBuilder" />.</para></param>
    </member>
    <member name="M:Microsoft.Extensions.Logging.ConsoleLoggerExtensions.AddConsoleFormatter``2(Microsoft.Extensions.Logging.ILoggingBuilder,System.Action{``1})">
      <summary>Adds a custom console logger formatter 'TFormatter' to be configured with options 'TOptions'.<para>添加自定义控制台记录器格式化程序"tformatter"以配置选项"toptions".</para></summary>
      <param name="builder">The <see cref="T:Microsoft.Extensions.Logging.ILoggingBuilder" /> to use.<para>要使用的 <see cref="T:Microsoft.Extensions.Logging.ILoggingBuilder" />.</para></param>
      <param name="configure">A delegate to configure options 'TOptions' for custom formatter 'TFormatter'.<para>为自定义格式化程序"tformatter"配置选项"toptions"的委托.</para></param>
    </member>
    <member name="T:Microsoft.Extensions.Logging.NullExternalScopeProvider">
      <summary>Scope provider that does nothing.<para>不执行任何操作的范围提供程序.</para></summary>
    </member>
    <member name="P:Microsoft.Extensions.Logging.NullExternalScopeProvider.Instance">
      <summary>Returns a cached instance of <see cref="T:Microsoft.Extensions.Logging.NullExternalScopeProvider" />.<para>返回 <see cref="T:Microsoft.Extensions.Logging.NullExternalScopeProvider" /> 的缓存实例.</para></summary>
    </member>
    <member name="M:Microsoft.Extensions.Logging.NullExternalScopeProvider.Microsoft#Extensions#Logging#IExternalScopeProvider#ForEachScope``1(System.Action{System.Object,``0},``0)">
      <inheritdoc />
    </member>
    <member name="M:Microsoft.Extensions.Logging.NullExternalScopeProvider.Microsoft#Extensions#Logging#IExternalScopeProvider#Push(System.Object)">
      <inheritdoc />
    </member>
    <member name="T:Microsoft.Extensions.Logging.NullScope">
      <summary>An empty scope without any logic<para>没有任何逻辑的空范围</para></summary>
    </member>
    <member name="M:Microsoft.Extensions.Logging.NullScope.Dispose">
      <inheritdoc />
    </member>
    <member name="M:System.ThrowHelper.ThrowIfNull(System.Object,System.String)">
      <summary>Throws an <see cref="T:System.ArgumentNullException" /> if <paramref name="argument" /> is null.<para>抛出一个 <see cref="t:system.argumentnullexception" /> 如果 <paramref name="argument" /> 为空.</para></summary>
      <param name="argument">The reference type argument to validate as non-null.<para>要验证为非 null 的引用类型参数.</para></param>
      <param name="paramName">The name of the parameter with which <paramref name="argument" /> corresponds.<para><paramref name="argument" /> 对应的参数的名称.</para></param>
    </member>
    <member name="F:System.ConsoleUtils.s_emitAnsiColorCodes">
      <summary>Whether to output ansi color strings.<para>是否输出 ansi 颜色字符串.</para></summary>
    </member>
    <member name="P:System.ConsoleUtils.EmitAnsiColorCodes">
      <summary>Get whether to emit ANSI color codes.<para>获取是否发出 ansi 颜色代码.</para></summary>
    </member>
    <member name="P:System.SR.BufferMaximumSizeExceeded">
      <summary>Cannot allocate a buffer of size {0}.<para>无法分配大小为 {0} 的缓冲区.</para></summary>
    </member>
    <member name="P:System.SR.QueueModeNotSupported">
      <summary>{0} is not a supported queue mode value.<para>{0}不是受支持的队列模式值.</para></summary>
    </member>
    <member name="P:System.SR.MaxQueueLengthBadValue">
      <summary>{0} must be larger than zero.<para>{0}必须大于零.</para></summary>
    </member>
    <member name="P:System.SR.WarningMessageOnDrop">
      <summary>{0} message(s) dropped because of queue size limit. Increase the queue size or decrease logging verbosity to avoid this. You may change `ConsoleLoggerQueueFullMode` to stop dropping messages.<para>{0}邮件因队列大小限制而丢弃.增加队列大小或减少日志记录详细程度以避免这种情况.您可以更改"控制台记录器队列完整模式"以停止丢弃消息.</para></summary>
    </member>
  </members>
</doc>