<?xml version="1.0"?>
<doc>
  <assembly>
    <name>Microsoft.Extensions.Logging.EventSource</name>
  </assembly>
  <members>
    <member name="T:Microsoft.Extensions.Logging.EventSource.EventSourceLogger">
      <summary>A logger that writes messages to EventSource instance.<para>将消息写入事件源实例的记录器.</para></summary>
      <remarks>On Windows platforms EventSource will deliver messages using Event Tracing for Windows (ETW) events.
            On Linux EventSource will use LTTng (http://lttng.org) to deliver messages.<para>在 windows 平台上,eventsource 将使用 windows 事件跟踪 （etw） 事件传递消息. 在linux上,eventsource将使用lttng（http://lttng.org）来传递消息.</para></remarks>
    </member>
    <member name="T:Microsoft.Extensions.Logging.EventSource.EventSourceLogger.ActivityScope">
      <summary>ActivityScope is just a IDisposable that knows how to send the ActivityStop event when it is
            desposed.  It is part of the BeginScope() support.<para>activityscope 只是一个 idisposable,它知道如何在 activitystop 事件时发送 被废黜.它是 beginscope（） 支持的一部分.</para></summary>
    </member>
    <member name="M:Microsoft.Extensions.Logging.EventSource.EventSourceLogger.GetExceptionInfo(System.Exception)">
      <summary>'serializes' a given exception into an ExceptionInfo (that EventSource knows how to serialize)<para>将给定的异常"序列化"为 exceptioninfo（eventsource 知道如何序列化）</para></summary>
      <param name="exception">The exception to get information for.<para>要获取其信息的异常.</para></param>
      <returns>ExceptionInfo object represending a .NET Exception<para>exceptioninfo 对象重新发送 .net 异常</para></returns>
      <remarks>ETW does not support a concept of a null value. So we use an un-initialized object if there is no exception in the event data.<para>etw 不支持空值的概念.因此,如果事件数据中没有异常,我们使用未初始化的对象.</para></remarks>
    </member>
    <member name="M:Microsoft.Extensions.Logging.EventSource.EventSourceLogger.GetProperties(System.Object)">
      <summary>Converts an ILogger state object into a set of key-value pairs (That can be send to a EventSource)<para>将 ilogger 状态对象转换为一组键值对（可以发送到事件源）</para></summary>
    </member>
    <member name="T:Microsoft.Extensions.Logging.EventSource.EventSourceLoggerProvider">
      <summary>The provider for the <see cref="T:Microsoft.Extensions.Logging.EventSource.EventSourceLogger" />.<para><see cref="T:Microsoft.Extensions.Logging.EventSource.EventSourceLogger" /> 的提供程序.</para></summary>
    </member>
    <member name="M:Microsoft.Extensions.Logging.EventSource.EventSourceLoggerProvider.CreateLogger(System.String)">
      <inheritdoc />
    </member>
    <member name="M:Microsoft.Extensions.Logging.EventSource.EventSourceLoggerProvider.Dispose">
      <inheritdoc />
    </member>
    <member name="T:Microsoft.Extensions.Logging.EventSource.ExceptionInfo">
      <summary>Represents information about exceptions that is captured by EventSourceLogger<para>表示有关事件源记录器捕获的异常的信息</para></summary>
    </member>
    <member name="T:Microsoft.Extensions.Logging.EventSource.LoggingEventSource">
      <summary>The LoggingEventSource is the bridge from all ILogger based logging to EventSource/EventListener logging.
            
             You turn this logging on by enabling the EventSource called
            
                  Microsoft-Extensions-Logging
            
             When you enabled the EventSource, the EventLevel you set is translated in the obvious way to the level
             associated with the ILogger (thus Debug = verbose, Informational = Informational ... Critical == Critical)
            
             This allows you to filter by event level in a straightforward way.
            
             For finer control you can specify a EventSource Argument called
            
             FilterSpecs
            
             The FilterSpecs argument is a semicolon separated list of specifications.   Where each specification is
            
             SPEC =                          // empty spec, same as *
                  | NAME                     // Just a name the level is the default level
                  | NAME : LEVEL             // specifies level for a particular logger (can have a * suffix).
            
             When "UseAppFilters" is specified in the FilterSpecs, it avoids disabling all categories which happens by default otherwise.
            
             Where Name is the name of a ILoggger (case matters), Name can have a * which acts as a wildcard
             AS A SUFFIX.   Thus Net* will match any loggers that start with the 'Net'.
            
             The LEVEL is a number or a LogLevel string. 0=Trace, 1=Debug, 2=Information, 3=Warning,  4=Error, Critical=5
             This specifies the level for the associated pattern.  If the number is not specified, (first form
             of the specification) it is the default level for the EventSource.
            
             First match is used if a particular name matches more than one pattern.
            
             In addition the level and FilterSpec argument, you can also set EventSource Keywords.  See the Keywords
             definition below, but basically you get to decide if you wish to have
            
               * Keywords.Message - You get the event with the data in parsed form.
               * Keywords.JsonMessage - you get an event with the data in parse form but as a JSON blob (not broken up by argument ...)
               * Keywords.FormattedMessage - you get an event with the data formatted as a string
            
             It is expected that you will turn only one of these keywords on at a time, but you can turn them all on (and get
             the same data logged three different ways.
            
             Example Usage
            
             This example shows how to use an EventListener to get ILogging information
            
             class MyEventListener : EventListener {
                 protected override void OnEventSourceCreated(EventSource eventSource) {
                     if (eventSource.Name == "Microsoft-Extensions-Logging") {
                         // initialize a string, string dictionary of arguments to pass to the EventSource.
                         // Turn on loggers matching App* to Information, everything else (*) is the default level (which is EventLevel.Error)
                         var args = new Dictionary&lt;string, string&gt;() { { "FilterSpecs", "App*:Information;*" } };
                         // Set the default level (verbosity) to Error, and only ask for the formatted messages in this case.
                         EnableEvents(eventSource, EventLevel.Error, LoggingEventSource.Keywords.FormattedMessage, args);
                     }
                 }
                 protected override void OnEventWritten(EventWrittenEventArgs eventData) {
                     // Look for the formatted message event, which has the following argument layout (as defined in the LoggingEventSource.
                     // FormattedMessage(LogLevel Level, int FactoryID, string LoggerName, string EventId, string FormattedMessage);
                     if (eventData.EventName == "FormattedMessage")
                         Console.WriteLine("Logger {0}: {1}", eventData.Payload[2], eventData.Payload[4]);
                 }
             }<para>loggingeventsource 是从所有基于 ilogger 的日志记录到 eventsource/eventlistener 日志记录的桥梁. 通过启用调用的事件源来打开此日志记录 microsoft-扩展-日志记录 启用事件源时,您设置的事件级别将以明显的方式转换为级别 与 ilogger 相关联（因此调试=详细,信息性=信息性...严重==严重） 这允许您以简单的方式按事件级别进行筛选. 为了进行更精细的控制,您可以指定一个名为 eventsource 参数 过滤器规格 filterspecs 参数是以分号分隔的规范列表.每个规范在哪里 规格=// 空规格,与 * 相同 |name // 只是一个名字,级别是默认级别 |name : level // 指定特定记录器的级别（可以有 * 后缀）. 当在filterspecs中指定"useappfilters"时,它会避免禁用所有类别,否则默认情况下会发生这种情况. 其中 name 是 iloggger 的名称（大小写很重要）,name 可以有一个 * 作为通配符 as 后缀.因此,net* 将匹配任何以"net"开头的记录器. level 是一个数字或 loglevel 字符串.0=跟踪,1=调试,2=信息,3=警告,4=错误,严重=5 这指定了关联模式的级别.如果未指定数字,（第一种形式 的规范）它是事件源的默认级别. 如果特定名称与多个模式匹配,则使用第一个匹配项. 除了级别和 filterspec 参数之外,还可以设置 eventsource 关键字.查看关键字 下面的定义,但基本上你可以决定是否希望拥有 * 关键字.消息 - 您以解析形式获取带有数据的事件. * 关键字.jsonmessage - 你得到一个事件,其中的数据以解析形式出现,但作为一个json blob（不按参数分解...... * 关键字.格式化消息 - 您得到一个事件,其数据格式为字符串 预计您一次只会打开其中一个关键字,但您可以全部打开它们（并获得 相同的数据以三种不同的方式记录. 示例用法 此示例演示如何使用事件侦听器获取 ilogging 信息 类 myeventlistener : eventlistener { 受保护的覆盖 void oneventsourcecreated（eventsource eventsource） { if （eventsource.name=="microsoft-extensions-logging"） { 初始化要传递给事件源的参数的字符串、字符串字典. 打开将应用程序*与信息匹配的记录器,其他所有内容（*）都是默认级别（即事件级别）. var args=new dictionary&lt;字符串,字符串&gt;（） { { "filterspecs", "app*:information;*"} }; 将默认级别（详细程度）设置为"错误",在这种情况下仅要求格式化邮件. enableevents（eventsource, eventlevel.error, loggingeventsource.keywords.formattedmessage, args）; } } protected override void oneventwrite（eventwriteeventargs eventdata） { 查找格式化的消息事件,该事件具有以下参数布局（如 loggingeventsource 中所定义）. formattedmessage(loglevel level, int factoryid, string loggername, string eventid, string formattedmessage); if （eventdata.eventname=="formattedmessage"） console.writeline（"logger {0}: {1}", eventdata.payload[2], eventdata.payload[4]）; } }</para></summary>
    </member>
    <member name="T:Microsoft.Extensions.Logging.EventSource.LoggingEventSource.Keywords">
      <summary>This is public from an EventSource consumer point of view, but since these definitions
            are not needed outside this class<para>从 eventsource 消费者的角度来看,这是公开的,但由于这些定义 在此类之外不需要</para></summary>
    </member>
    <member name="F:Microsoft.Extensions.Logging.EventSource.LoggingEventSource.Keywords.Meta">
      <summary>Meta events are events about the LoggingEventSource itself (that is they did not come from ILogger<para>元事件是关于 loggingeventsource 本身的事件（也就是说它们不是来自 ilogger）</para></summary>
    </member>
    <member name="F:Microsoft.Extensions.Logging.EventSource.LoggingEventSource.Keywords.Message">
      <summary>Turns on the 'Message' event when ILogger.Log() is called.   It gives the information in a programmatic (not formatted) way<para>在调用 ilogger.log（） 时打开"消息"事件.它以编程（非格式化）方式提供信息</para></summary>
    </member>
    <member name="F:Microsoft.Extensions.Logging.EventSource.LoggingEventSource.Keywords.FormattedMessage">
      <summary>Turns on the 'FormatMessage' event when ILogger.Log() is called.  It gives the formatted string version of the information.<para>在调用 ilogger.log（） 时打开"formatmessage"事件.它提供信息的格式化字符串版本.</para></summary>
    </member>
    <member name="F:Microsoft.Extensions.Logging.EventSource.LoggingEventSource.Keywords.JsonMessage">
      <summary>Turns on the 'MessageJson' event when ILogger.Log() is called.   It gives  JSON representation of the Arguments.<para>在调用 ilogger.log（） 时打开"messagejson"事件.它提供了参数的 json 表示形式.</para></summary>
    </member>
    <member name="F:Microsoft.Extensions.Logging.EventSource.LoggingEventSource.Instance">
      <summary>The one and only instance of the LoggingEventSource.<para>loggingeventsource 的唯一实例.</para></summary>
    </member>
    <member name="M:Microsoft.Extensions.Logging.EventSource.LoggingEventSource.FormattedMessage(Microsoft.Extensions.Logging.LogLevel,System.Int32,System.String,System.Int32,System.String,System.String)">
      <summary>FormattedMessage() is called when ILogger.Log() is called. and the FormattedMessage keyword is active
            This only gives you the human readable formatted message.<para>formattedmessage（） 在调用 ilogger.log（） 时调用.并且格式化消息关键字处于活动状态 这只会为您提供人类可读的格式化消息.</para></summary>
    </member>
    <member name="M:Microsoft.Extensions.Logging.EventSource.LoggingEventSource.Message(Microsoft.Extensions.Logging.LogLevel,System.Int32,System.String,System.Int32,System.String,Microsoft.Extensions.Logging.EventSource.ExceptionInfo,System.Collections.Generic.IEnumerable{System.Collections.Generic.KeyValuePair{System.String,System.String}})">
      <summary>Message() is called when ILogger.Log() is called. and the Message keyword is active
            This gives you the logged information in a programmatic format (arguments are key-value pairs)<para>message（） 在调用 ilogger.log（） 时调用.并且消息关键字处于活动状态 这以编程格式为您提供记录的信息（参数是键值对）</para></summary>
    </member>
    <member name="M:Microsoft.Extensions.Logging.EventSource.LoggingEventSource.ActivityStart(System.Int32,System.Int32,System.String,System.Collections.Generic.IEnumerable{System.Collections.Generic.KeyValuePair{System.String,System.String}})">
      <summary>ActivityStart is called when ILogger.BeginScope() is called<para>当调用 ilogger.beginscope（） 时调用 activitystart</para></summary>
    </member>
    <member name="M:Microsoft.Extensions.Logging.EventSource.LoggingEventSource.OnEventCommand(System.Diagnostics.Tracing.EventCommandEventArgs)">
      <inheritdoc />
    </member>
    <member name="M:Microsoft.Extensions.Logging.EventSource.LoggingEventSource.SetFilterSpec(System.String)">
      <summary>Set the filtering specification.  null means turn off all loggers.   Empty string is turn on all providers.<para>设置过滤规范.null 表示关闭所有记录器.空字符串打开所有提供程序.</para></summary>
      <param name="filterSpec">The filter specification to set.<para>要设置的筛选器规范.</para></param>
    </member>
    <member name="M:Microsoft.Extensions.Logging.EventSource.LoggingEventSource.ParseFilterSpec(System.String,Microsoft.Extensions.Logging.LogLevel)">
      <summary>Given a set of specifications  Pat1:Level1;Pat1;Level2 ... Where
             Pat is a string pattern (a logger Name with a optional trailing wildcard * char)
             and Level is a number 0 (Trace) through 5 (Critical).
            
             The :Level can be omitted (thus Pat1;Pat2 ...) in which case the level is 1 (Debug).
            
             A completely empty string act like * (all loggers set to Debug level).
            
             The first specification that 'loggers' Name matches is used.<para>给定一组规范 pat1:level1;pat1;级别2 ...哪里 pat 是一个字符串模式（带有可选尾随通配符 * char 的记录器名称） 级别是数字 0（跟踪）到 5（严重）. 可以省略 :级别（因此 pat1;啪��在这种情况下,级别为 2（调试）. 一个完全空的字符串的行为类似于 *（所有记录器都设置为调试级别）. 使用"记录器"名称匹配的第一个规范.</para></summary>
    </member>
    <member name="M:Microsoft.Extensions.Logging.EventSource.LoggingEventSource.TryParseLevel(Microsoft.Extensions.Logging.LogLevel,System.String,Microsoft.Extensions.Logging.LogLevel@)">
      <summary>Parses the level specification (which should look like :N where n is a  number 0 (Trace)
            through 5 (Critical).   It can also be an empty string (which means 1 (Debug) and ';' marks
            the end of the specification. This specification should start at spec[curPos]
            It returns the value in 'ret' and returns true if successful.  If false is returned ret is left unchanged.<para>解析级别规范（应类似于:n,其中n是数字0（跟踪） 到 5（严重）.它也可以是空字符串（表示 1（调试）和";"标记 规范的末尾.此规范应从 spec[curpos] 开始 它返回 `ret` 中的值,如果成功则返回 true.如果返回 false,则 ret 保持不变.</para></summary>
    </member>
    <member name="T:Microsoft.Extensions.Logging.EventSourceLoggerFactoryExtensions">
      <summary>Extension methods for the <see cref="T:Microsoft.Extensions.Logging.ILoggerFactory" /> class.<para><see cref="T:Microsoft.Extensions.Logging.ILoggerFactory" /> 类的扩展方法.</para></summary>
    </member>
    <member name="M:Microsoft.Extensions.Logging.EventSourceLoggerFactoryExtensions.AddEventSourceLogger(Microsoft.Extensions.Logging.ILoggingBuilder)">
      <summary>Adds an event logger named 'EventSource' to the factory.<para>将名为"事件源"的事件记录器添加到工厂.</para></summary>
      <param name="builder">The extension method argument.<para>扩展方法参数.</para></param>
      <returns>The <see cref="T:Microsoft.Extensions.Logging.ILoggingBuilder" /> so that additional calls can be chained.<para><see cref="T:Microsoft.Extensions.Logging.ILoggingBuilder" />,以便可以链接其他调用.</para></returns>
    </member>
    <member name="T:Microsoft.Extensions.Logging.NullExternalScopeProvider">
      <summary>Scope provider that does nothing.<para>不执行任何操作的范围提供程序.</para></summary>
    </member>
    <member name="P:Microsoft.Extensions.Logging.NullExternalScopeProvider.Instance">
      <summary>Returns a cached instance of <see cref="T:Microsoft.Extensions.Logging.NullExternalScopeProvider" />.<para>返回 <see cref="T:Microsoft.Extensions.Logging.NullExternalScopeProvider" /> 的缓存实例.</para></summary>
    </member>
    <member name="M:Microsoft.Extensions.Logging.NullExternalScopeProvider.Microsoft#Extensions#Logging#IExternalScopeProvider#ForEachScope``1(System.Action{System.Object,``0},``0)">
      <inheritdoc />
    </member>
    <member name="M:Microsoft.Extensions.Logging.NullExternalScopeProvider.Microsoft#Extensions#Logging#IExternalScopeProvider#Push(System.Object)">
      <inheritdoc />
    </member>
    <member name="T:Microsoft.Extensions.Logging.NullScope">
      <summary>An empty scope without any logic<para>没有任何逻辑的空范围</para></summary>
    </member>
    <member name="M:Microsoft.Extensions.Logging.NullScope.Dispose">
      <inheritdoc />
    </member>
    <member name="M:System.ThrowHelper.ThrowIfNull(System.Object,System.String)">
      <summary>Throws an <see cref="T:System.ArgumentNullException" /> if <paramref name="argument" /> is null.<para>抛出一个 <see cref="t:system.argumentnullexception" /> 如果 <paramref name="argument" /> 为空.</para></summary>
      <param name="argument">The reference type argument to validate as non-null.<para>要验证为非 null 的引用类型参数.</para></param>
      <param name="paramName">The name of the parameter with which <paramref name="argument" /> corresponds.<para><paramref name="argument" /> 对应的参数的名称.</para></param>
    </member>
  </members>
</doc>