<?xml version="1.0"?>
<doc>
  <assembly>
    <name>Microsoft.Extensions.Options.ConfigurationExtensions</name>
  </assembly>
  <members>
    <member name="T:Microsoft.Extensions.Options.ConfigurationChangeTokenSource`1">
      <summary>Creates <see cref="T:Microsoft.Extensions.Primitives.IChangeToken" />s so that <see cref="T:Microsoft.Extensions.Options.IOptionsMonitor`1" /> gets
            notified when <see cref="T:Microsoft.Extensions.Configuration.IConfiguration" /> changes.<para>创建 <see cref="T:Microsoft.Extensions.Primitives.IChangeToken" /> 以便 <see cref="T:Microsoft.Extensions.Options.IOptionsMonitor`1" /> 获取 当 <see cref="T:Microsoft.Extensions.Configuration.IConfiguration" /> 更改时通知.</para></summary>
      <typeparam name="TOptions">
        <para>
        </para>
      </typeparam>
    </member>
    <member name="M:Microsoft.Extensions.Options.ConfigurationChangeTokenSource`1.#ctor(Microsoft.Extensions.Configuration.IConfiguration)">
      <summary>Constructor taking the <see cref="T:Microsoft.Extensions.Configuration.IConfiguration" /> instance to watch.<para>构造函数采用 <see cref="T:Microsoft.Extensions.Configuration.IConfiguration" /> 实例进行监视.</para></summary>
      <param name="config">The configuration instance.<para>配置实例.</para></param>
    </member>
    <member name="M:Microsoft.Extensions.Options.ConfigurationChangeTokenSource`1.#ctor(System.String,Microsoft.Extensions.Configuration.IConfiguration)">
      <summary>Constructor taking the <see cref="T:Microsoft.Extensions.Configuration.IConfiguration" /> instance to watch.<para>构造函数采用 <see cref="T:Microsoft.Extensions.Configuration.IConfiguration" /> 实例进行监视.</para></summary>
      <param name="name">The name of the options instance being watched.<para>正在监视的选项实例的名称.</para></param>
      <param name="config">The configuration instance.<para>配置实例.</para></param>
    </member>
    <member name="P:Microsoft.Extensions.Options.ConfigurationChangeTokenSource`1.Name">
      <summary>The name of the option instance being changed.<para>要更改的选项实例的名称.</para></summary>
    </member>
    <member name="M:Microsoft.Extensions.Options.ConfigurationChangeTokenSource`1.GetChangeToken">
      <summary>Returns the reloadToken from the <see cref="T:Microsoft.Extensions.Configuration.IConfiguration" />.<para>从 <see cref="T:Microsoft.Extensions.Configuration.IConfiguration" /> 返回重新加载令牌.</para></summary>
      <returns>
        <para>
        </para>
      </returns>
    </member>
    <member name="T:Microsoft.Extensions.Options.ConfigureFromConfigurationOptions`1">
      <summary>Configures an option instance by using <see cref="M:Microsoft.Extensions.Configuration.ConfigurationBinder.Bind(Microsoft.Extensions.Configuration.IConfiguration,System.Object)" /> against an <see cref="T:Microsoft.Extensions.Configuration.IConfiguration" />.<para>通过对 <see cref="T:Microsoft.Extensions.Configuration.IConfiguration" /> 使用 <see cref="M:Microsoft.Extensions.Configuration.ConfigurationBinder.Bind(Microsoft.Extensions.Configuration.IConfiguration,System.Object)" /> 配置选项实例.</para></summary>
      <typeparam name="TOptions">The type of options to bind.<para>要绑定的选项的类型.</para></typeparam>
    </member>
    <member name="M:Microsoft.Extensions.Options.ConfigureFromConfigurationOptions`1.#ctor(Microsoft.Extensions.Configuration.IConfiguration)">
      <summary>Constructor that takes the <see cref="T:Microsoft.Extensions.Configuration.IConfiguration" /> instance to bind against.<para>采用 <see cref="T:Microsoft.Extensions.Configuration.IConfiguration" /> 实例进行绑定的构造函数.</para></summary>
      <param name="config">The <see cref="T:Microsoft.Extensions.Configuration.IConfiguration" /> instance.<para><see cref="T:Microsoft.Extensions.Configuration.IConfiguration" /> 实例.</para></param>
    </member>
    <member name="T:Microsoft.Extensions.Options.NamedConfigureFromConfigurationOptions`1">
      <summary>Configures an option instance by using <see cref="M:Microsoft.Extensions.Configuration.ConfigurationBinder.Bind(Microsoft.Extensions.Configuration.IConfiguration,System.Object)" /> against an <see cref="T:Microsoft.Extensions.Configuration.IConfiguration" />.<para>通过对 <see cref="T:Microsoft.Extensions.Configuration.IConfiguration" /> 使用 <see cref="M:Microsoft.Extensions.Configuration.ConfigurationBinder.Bind(Microsoft.Extensions.Configuration.IConfiguration,System.Object)" /> 配置选项实例.</para></summary>
      <typeparam name="TOptions">The type of options to bind.<para>要绑定的选项的类型.</para></typeparam>
    </member>
    <member name="M:Microsoft.Extensions.Options.NamedConfigureFromConfigurationOptions`1.#ctor(System.String,Microsoft.Extensions.Configuration.IConfiguration)">
      <summary>Constructor that takes the <see cref="T:Microsoft.Extensions.Configuration.IConfiguration" /> instance to bind against.<para>采用 <see cref="T:Microsoft.Extensions.Configuration.IConfiguration" /> 实例进行绑定的构造函数.</para></summary>
      <param name="name">The name of the options instance.<para>选项实例的名称.</para></param>
      <param name="config">The <see cref="T:Microsoft.Extensions.Configuration.IConfiguration" /> instance.<para><see cref="T:Microsoft.Extensions.Configuration.IConfiguration" /> 实例.</para></param>
    </member>
    <member name="M:Microsoft.Extensions.Options.NamedConfigureFromConfigurationOptions`1.#ctor(System.String,Microsoft.Extensions.Configuration.IConfiguration,System.Action{Microsoft.Extensions.Configuration.BinderOptions})">
      <summary>Constructor that takes the <see cref="T:Microsoft.Extensions.Configuration.IConfiguration" /> instance to bind against.<para>采用 <see cref="T:Microsoft.Extensions.Configuration.IConfiguration" /> 实例进行绑定的构造函数.</para></summary>
      <param name="name">The name of the options instance.<para>选项实例的名称.</para></param>
      <param name="config">The <see cref="T:Microsoft.Extensions.Configuration.IConfiguration" /> instance.<para><see cref="T:Microsoft.Extensions.Configuration.IConfiguration" /> 实例.</para></param>
      <param name="configureBinder">Used to configure the <see cref="T:Microsoft.Extensions.Configuration.BinderOptions" />.<para>用于配置 <see cref="T:Microsoft.Extensions.Configuration.BinderOptions" />.</para></param>
    </member>
    <member name="T:Microsoft.Extensions.DependencyInjection.OptionsBuilderConfigurationExtensions">
      <summary>Extension methods for adding configuration related options services to the DI container via <see cref="T:Microsoft.Extensions.Options.OptionsBuilder`1" />.<para>用于通过 <see cref="T:Microsoft.Extensions.Options.OptionsBuilder`1" /> 将与配置相关的选项服务添加到 di 容器的扩展方法.</para></summary>
    </member>
    <member name="M:Microsoft.Extensions.DependencyInjection.OptionsBuilderConfigurationExtensions.Bind``1(Microsoft.Extensions.Options.OptionsBuilder{``0},Microsoft.Extensions.Configuration.IConfiguration)">
      <summary>Registers a configuration instance which <typeparamref name="TOptions" /> will bind against.<para>注册 <typeparamref name="TOptions" /> 将绑定的配置实例.</para></summary>
      <typeparam name="TOptions">The options type to be configured.<para>要配置的选项类型.</para></typeparam>
      <param name="optionsBuilder">The options builder to add the services to.<para>要将服务添加到的选项生成器.</para></param>
      <param name="config">The configuration being bound.<para>正在绑定的配置.</para></param>
      <returns>The <see cref="T:Microsoft.Extensions.Options.OptionsBuilder`1" /> so that additional calls can be chained.<para><see cref="T:Microsoft.Extensions.Options.OptionsBuilder`1" />,以便可以链接其他调用.</para></returns>
    </member>
    <member name="M:Microsoft.Extensions.DependencyInjection.OptionsBuilderConfigurationExtensions.Bind``1(Microsoft.Extensions.Options.OptionsBuilder{``0},Microsoft.Extensions.Configuration.IConfiguration,System.Action{Microsoft.Extensions.Configuration.BinderOptions})">
      <summary>Registers a configuration instance which <typeparamref name="TOptions" /> will bind against.<para>注册 <typeparamref name="TOptions" /> 将绑定的配置实例.</para></summary>
      <typeparam name="TOptions">The options type to be configured.<para>要配置的选项类型.</para></typeparam>
      <param name="optionsBuilder">The options builder to add the services to.<para>要将服务添加到的选项生成器.</para></param>
      <param name="config">The configuration being bound.<para>正在绑定的配置.</para></param>
      <param name="configureBinder">Used to configure the <see cref="T:Microsoft.Extensions.Configuration.BinderOptions" />.<para>用于配置 <see cref="T:Microsoft.Extensions.Configuration.BinderOptions" />.</para></param>
      <returns>The <see cref="T:Microsoft.Extensions.Options.OptionsBuilder`1" /> so that additional calls can be chained.<para><see cref="T:Microsoft.Extensions.Options.OptionsBuilder`1" />,以便可以链接其他调用.</para></returns>
    </member>
    <member name="M:Microsoft.Extensions.DependencyInjection.OptionsBuilderConfigurationExtensions.BindConfiguration``1(Microsoft.Extensions.Options.OptionsBuilder{``0},System.String,System.Action{Microsoft.Extensions.Configuration.BinderOptions})">
      <summary>Registers the dependency injection container to bind <typeparamref name="TOptions" /> against
            the <see cref="T:Microsoft.Extensions.Configuration.IConfiguration" /> obtained from the DI service provider.<para>注册依赖项注入容器以绑定 <typeparamref name="TOptions" /> 从 di 服务提供商获取的 <see cref="T:Microsoft.Extensions.Configuration.IConfiguration" />.</para></summary>
      <typeparam name="TOptions">The options type to be configured.<para>要配置的选项类型.</para></typeparam>
      <param name="optionsBuilder">The options builder to add the services to.<para>要将服务添加到的选项生成器.</para></param>
      <param name="configSectionPath">The name of the configuration section to bind from.<para>要从中绑定的配置节的名称.</para></param>
      <param name="configureBinder">Optional. Used to configure the <see cref="T:Microsoft.Extensions.Configuration.BinderOptions" />.<para>可选.用于配置 <see cref="T:Microsoft.Extensions.Configuration.BinderOptions" />.</para></param>
      <returns>The <see cref="T:Microsoft.Extensions.Options.OptionsBuilder`1" /> so that additional calls can be chained.<para><see cref="T:Microsoft.Extensions.Options.OptionsBuilder`1" />,以便可以链接其他调用.</para></returns>
      <exception cref="T:System.ArgumentNullException">
        <paramref name="optionsBuilder" /> or <paramref name="configSectionPath" /> is <see langword="null" />.<para><paramref name="optionsBuilder" /> 或 <paramref name="configSectionPath" /> 是 <see langword="null" />.</para></exception>
      <seealso cref="M:Microsoft.Extensions.DependencyInjection.OptionsBuilderConfigurationExtensions.Bind``1(Microsoft.Extensions.Options.OptionsBuilder{``0},Microsoft.Extensions.Configuration.IConfiguration,System.Action{Microsoft.Extensions.Configuration.BinderOptions})" />
    </member>
    <member name="T:Microsoft.Extensions.DependencyInjection.OptionsConfigurationServiceCollectionExtensions">
      <summary>Extension methods for adding configuration related options services to the DI container.<para>用于将与配置相关的选项服务添加到 di 容器的扩展方法.</para></summary>
    </member>
    <member name="M:Microsoft.Extensions.DependencyInjection.OptionsConfigurationServiceCollectionExtensions.Configure``1(Microsoft.Extensions.DependencyInjection.IServiceCollection,Microsoft.Extensions.Configuration.IConfiguration)">
      <summary>Registers a configuration instance which TOptions will bind against.<para>注册将绑定的配置实例.</para></summary>
      <typeparam name="TOptions">The type of options being configured.<para>正在配置的选项的类型.</para></typeparam>
      <param name="services">The <see cref="T:Microsoft.Extensions.DependencyInjection.IServiceCollection" /> to add the services to.<para>要将服务添加到的 <see cref="T:Microsoft.Extensions.DependencyInjection.IServiceCollection" />.</para></param>
      <param name="config">The configuration being bound.<para>正在绑定的配置.</para></param>
      <returns>The <see cref="T:Microsoft.Extensions.DependencyInjection.IServiceCollection" /> so that additional calls can be chained.<para><see cref="T:Microsoft.Extensions.DependencyInjection.IServiceCollection" />,以便可以链接其他调用.</para></returns>
    </member>
    <member name="M:Microsoft.Extensions.DependencyInjection.OptionsConfigurationServiceCollectionExtensions.Configure``1(Microsoft.Extensions.DependencyInjection.IServiceCollection,System.String,Microsoft.Extensions.Configuration.IConfiguration)">
      <summary>Registers a configuration instance which TOptions will bind against.<para>注册将绑定的配置实例.</para></summary>
      <typeparam name="TOptions">The type of options being configured.<para>正在配置的选项的类型.</para></typeparam>
      <param name="services">The <see cref="T:Microsoft.Extensions.DependencyInjection.IServiceCollection" /> to add the services to.<para>要将服务添加到的 <see cref="T:Microsoft.Extensions.DependencyInjection.IServiceCollection" />.</para></param>
      <param name="name">The name of the options instance.<para>选项实例的名称.</para></param>
      <param name="config">The configuration being bound.<para>正在绑定的配置.</para></param>
      <returns>The <see cref="T:Microsoft.Extensions.DependencyInjection.IServiceCollection" /> so that additional calls can be chained.<para><see cref="T:Microsoft.Extensions.DependencyInjection.IServiceCollection" />,以便可以链接其他调用.</para></returns>
    </member>
    <member name="M:Microsoft.Extensions.DependencyInjection.OptionsConfigurationServiceCollectionExtensions.Configure``1(Microsoft.Extensions.DependencyInjection.IServiceCollection,Microsoft.Extensions.Configuration.IConfiguration,System.Action{Microsoft.Extensions.Configuration.BinderOptions})">
      <summary>Registers a configuration instance which TOptions will bind against.<para>注册将绑定的配置实例.</para></summary>
      <typeparam name="TOptions">The type of options being configured.<para>正在配置的选项的类型.</para></typeparam>
      <param name="services">The <see cref="T:Microsoft.Extensions.DependencyInjection.IServiceCollection" /> to add the services to.<para>要将服务添加到的 <see cref="T:Microsoft.Extensions.DependencyInjection.IServiceCollection" />.</para></param>
      <param name="config">The configuration being bound.<para>正在绑定的配置.</para></param>
      <param name="configureBinder">Used to configure the <see cref="T:Microsoft.Extensions.Configuration.BinderOptions" />.<para>用于配置 <see cref="T:Microsoft.Extensions.Configuration.BinderOptions" />.</para></param>
      <returns>The <see cref="T:Microsoft.Extensions.DependencyInjection.IServiceCollection" /> so that additional calls can be chained.<para><see cref="T:Microsoft.Extensions.DependencyInjection.IServiceCollection" />,以便可以链接其他调用.</para></returns>
    </member>
    <member name="M:Microsoft.Extensions.DependencyInjection.OptionsConfigurationServiceCollectionExtensions.Configure``1(Microsoft.Extensions.DependencyInjection.IServiceCollection,System.String,Microsoft.Extensions.Configuration.IConfiguration,System.Action{Microsoft.Extensions.Configuration.BinderOptions})">
      <summary>Registers a configuration instance which TOptions will bind against.<para>注册将绑定的配置实例.</para></summary>
      <typeparam name="TOptions">The type of options being configured.<para>正在配置的选项的类型.</para></typeparam>
      <param name="services">The <see cref="T:Microsoft.Extensions.DependencyInjection.IServiceCollection" /> to add the services to.<para>要将服务添加到的 <see cref="T:Microsoft.Extensions.DependencyInjection.IServiceCollection" />.</para></param>
      <param name="name">The name of the options instance.<para>选项实例的名称.</para></param>
      <param name="config">The configuration being bound.<para>正在绑定的配置.</para></param>
      <param name="configureBinder">Used to configure the <see cref="T:Microsoft.Extensions.Configuration.BinderOptions" />.<para>用于配置 <see cref="T:Microsoft.Extensions.Configuration.BinderOptions" />.</para></param>
      <returns>The <see cref="T:Microsoft.Extensions.DependencyInjection.IServiceCollection" /> so that additional calls can be chained.<para><see cref="T:Microsoft.Extensions.DependencyInjection.IServiceCollection" />,以便可以链接其他调用.</para></returns>
    </member>
    <member name="M:System.ThrowHelper.ThrowIfNull(System.Object,System.String)">
      <summary>Throws an <see cref="T:System.ArgumentNullException" /> if <paramref name="argument" /> is null.<para>抛出一个 <see cref="t:system.argumentnullexception" /> 如果 <paramref name="argument" /> 为空.</para></summary>
      <param name="argument">The reference type argument to validate as non-null.<para>要验证为非 null 的引用类型参数.</para></param>
      <param name="paramName">The name of the parameter with which <paramref name="argument" /> corresponds.<para><paramref name="argument" /> 对应的参数的名称.</para></param>
    </member>
  </members>
</doc>