<?xml version="1.0"?>
<doc>
  <assembly>
    <name>Microsoft.AspNetCore.Diagnostics.HealthChecks</name>
  </assembly>
  <members>
    <member name="T:Microsoft.AspNetCore.Builder.HealthCheckApplicationBuilderExtensions">
      <summary>
        <see cref="T:Microsoft.AspNetCore.Builder.IApplicationBuilder" /> extension methods for the <see cref="T:Microsoft.AspNetCore.Diagnostics.HealthChecks.HealthCheckMiddleware" />.<para><see cref="t:microsoft.aspnetcore.builder.iapplicationbuilder" /> 的扩展方法 <see cref="t:microsoft.aspnetcore.diagnostics.healthchecks.healthcheckmiddleware" /> .</para></summary>
    </member>
    <member name="M:Microsoft.AspNetCore.Builder.HealthCheckApplicationBuilderExtensions.UseHealthChecks(Microsoft.AspNetCore.Builder.IApplicationBuilder,Microsoft.AspNetCore.Http.PathString)">
      <summary>Adds a middleware that provides health check status.<para>添加提供运行状况检查状态的中间件.</para></summary>
      <param name="app">The <see cref="T:Microsoft.AspNetCore.Builder.IApplicationBuilder" />.<para>这 <see cref="t:microsoft.aspnetcore.builder.iapplicationbuilder" /> .</para></param>
      <param name="path">The path on which to provide health check status.<para>提供运行状况检查状态的路径.</para></param>
      <returns>A reference to the <paramref name="app" /> after the operation has completed.<para>操作完成后对 <paramref name="app" /> 的引用.</para></returns>
      <remarks>
        <para>
            If <paramref name="path" /> is set to <c>null</c> or the empty string then the health check middleware
            will ignore the URL path and process all requests. If <paramref name="path" /> is set to a non-empty
            value, the health check middleware will process requests with a URL that matches the provided value
            of <paramref name="path" /> case-insensitively, allowing for an extra trailing slash ('/') character.
            </para>
        <para>
            The health check middleware will use default settings from <see cref="T:Microsoft.Extensions.Options.IOptions`1" />.
            </para>
        <para>
          <para> 如果 $<paramref name="path" /> 设置为 <c>null</c> 或空字符串,然后设置为运行状况检查中间件 将忽略 url 路径并处理所有请求.如果 $<paramref name="path" /> 设置为非空 值,运行状况检查中间件将使用与提供的值匹配的 url 处理请求 之 $<paramref name="path" /> 不区分大小写,允许额外的尾部斜杠 （`/`） 字符. </para>
          <para> 运行状况检查中间件将使用来自 <see cref="t:microsoft.extensions.options.ioptions`1" /> . </para>
        </para>
      </remarks>
    </member>
    <member name="M:Microsoft.AspNetCore.Builder.HealthCheckApplicationBuilderExtensions.UseHealthChecks(Microsoft.AspNetCore.Builder.IApplicationBuilder,Microsoft.AspNetCore.Http.PathString,Microsoft.AspNetCore.Diagnostics.HealthChecks.HealthCheckOptions)">
      <summary>Adds a middleware that provides health check status.<para>添加提供运行状况检查状态的中间件.</para></summary>
      <param name="app">The <see cref="T:Microsoft.AspNetCore.Builder.IApplicationBuilder" />.<para>这 <see cref="t:microsoft.aspnetcore.builder.iapplicationbuilder" /> .</para></param>
      <param name="path">The path on which to provide health check status.<para>提供运行状况检查状态的路径.</para></param>
      <param name="options">A <see cref="T:Microsoft.AspNetCore.Diagnostics.HealthChecks.HealthCheckOptions" /> used to configure the middleware.<para>a <see cref="t:microsoft.aspnetcore.diagnostics.healthchecks.healthcheckoptions" /> 用于配置中间件.</para></param>
      <returns>A reference to the <paramref name="app" /> after the operation has completed.<para>操作完成后对 <paramref name="app" /> 的引用.</para></returns>
      <remarks>
        <para>
            If <paramref name="path" /> is set to <c>null</c> or the empty string then the health check middleware
            will ignore the URL path and process all requests. If <paramref name="path" /> is set to a non-empty
            value, the health check middleware will process requests with a URL that matches the provided value
            of <paramref name="path" /> case-insensitively, allowing for an extra trailing slash ('/') character.
            </para>
        <para>
          <para> 如果 $<paramref name="path" /> 设置为 <c>null</c> 或空字符串,然后设置为运行状况检查中间件 将忽略 url 路径并处理所有请求.如果 $<paramref name="path" /> 设置为非空 值,运行状况检查中间件将使用与提供的值匹配的 url 处理请求 之 $<paramref name="path" /> 不区分大小写,允许额外的尾部斜杠 （`/`） 字符. </para>
        </para>
      </remarks>
    </member>
    <member name="M:Microsoft.AspNetCore.Builder.HealthCheckApplicationBuilderExtensions.UseHealthChecks(Microsoft.AspNetCore.Builder.IApplicationBuilder,Microsoft.AspNetCore.Http.PathString,System.Int32)">
      <summary>Adds a middleware that provides health check status.<para>添加提供运行状况检查状态的中间件.</para></summary>
      <param name="app">The <see cref="T:Microsoft.AspNetCore.Builder.IApplicationBuilder" />.<para>这 <see cref="t:microsoft.aspnetcore.builder.iapplicationbuilder" /> .</para></param>
      <param name="path">The path on which to provide health check status.<para>提供运行状况检查状态的路径.</para></param>
      <param name="port">The port to listen on. Must be a local port on which the server is listening.<para>要侦听的端口.必须是服务器正在侦听的本地端口.</para></param>
      <returns>A reference to the <paramref name="app" /> after the operation has completed.<para>操作完成后对 <paramref name="app" /> 的引用.</para></returns>
      <remarks>
        <para>
            If <paramref name="path" /> is set to <c>null</c> or the empty string then the health check middleware
            will ignore the URL path and process all requests on the specified port. If <paramref name="path" /> is
            set to a non-empty value, the health check middleware will process requests with a URL that matches the
            provided value of <paramref name="path" /> case-insensitively, allowing for an extra trailing slash ('/')
            character.
            </para>
        <para>
            The health check middleware will use default settings from <see cref="T:Microsoft.Extensions.Options.IOptions`1" />.
            </para>
        <para>
          <para> 如果 $<paramref name="path" /> 设置为 <c>null</c> 或空字符串,然后设置为运行状况检查中间件 将忽略 url 路径并处理指定端口上的所有请求.如果 $<paramref name="path" /> 是 设置为非空值,运行状况检查中间件将使用与 提供的价值 $<paramref name="path" /> 不区分大小写,允许额外的尾部斜杠 （`/`） 字符. </para>
          <para> 运行状况检查中间件将使用来自 <see cref="t:microsoft.extensions.options.ioptions`1" /> . </para>
        </para>
      </remarks>
    </member>
    <member name="M:Microsoft.AspNetCore.Builder.HealthCheckApplicationBuilderExtensions.UseHealthChecks(Microsoft.AspNetCore.Builder.IApplicationBuilder,Microsoft.AspNetCore.Http.PathString,System.String)">
      <summary>Adds a middleware that provides health check status.<para>添加提供运行状况检查状态的中间件.</para></summary>
      <param name="app">The <see cref="T:Microsoft.AspNetCore.Builder.IApplicationBuilder" />.<para>这 <see cref="t:microsoft.aspnetcore.builder.iapplicationbuilder" /> .</para></param>
      <param name="path">The path on which to provide health check status.<para>提供运行状况检查状态的路径.</para></param>
      <param name="port">The port to listen on. Must be a local port on which the server is listening.<para>要侦听的端口.必须是服务器正在侦听的本地端口.</para></param>
      <returns>A reference to the <paramref name="app" /> after the operation has completed.<para>操作完成后对 <paramref name="app" /> 的引用.</para></returns>
      <remarks>
        <para>
            If <paramref name="path" /> is set to <c>null</c> or the empty string then the health check middleware
            will ignore the URL path and process all requests on the specified port. If <paramref name="path" /> is
            set to a non-empty value, the health check middleware will process requests with a URL that matches the
            provided value of <paramref name="path" /> case-insensitively, allowing for an extra trailing slash ('/')
            character.
            </para>
        <para>
            The health check middleware will use default settings from <see cref="T:Microsoft.Extensions.Options.IOptions`1" />.
            </para>
        <para>
          <para> 如果 $<paramref name="path" /> 设置为 <c>null</c> 或空字符串,然后设置为运行状况检查中间件 将忽略 url 路径并处理指定端口上的所有请求.如果 $<paramref name="path" /> 是 设置为非空值,运行状况检查中间件将使用与 提供的价值 $<paramref name="path" /> 不区分大小写,允许额外的尾部斜杠 （`/`） 字符. </para>
          <para> 运行状况检查中间件将使用来自 <see cref="t:microsoft.extensions.options.ioptions`1" /> . </para>
        </para>
      </remarks>
    </member>
    <member name="M:Microsoft.AspNetCore.Builder.HealthCheckApplicationBuilderExtensions.UseHealthChecks(Microsoft.AspNetCore.Builder.IApplicationBuilder,Microsoft.AspNetCore.Http.PathString,System.Int32,Microsoft.AspNetCore.Diagnostics.HealthChecks.HealthCheckOptions)">
      <summary>Adds a middleware that provides health check status.<para>添加提供运行状况检查状态的中间件.</para></summary>
      <param name="app">The <see cref="T:Microsoft.AspNetCore.Builder.IApplicationBuilder" />.<para>这 <see cref="t:microsoft.aspnetcore.builder.iapplicationbuilder" /> .</para></param>
      <param name="path">The path on which to provide health check status.<para>提供运行状况检查状态的路径.</para></param>
      <param name="port">The port to listen on. Must be a local port on which the server is listening.<para>要侦听的端口.必须是服务器正在侦听的本地端口.</para></param>
      <param name="options">A <see cref="T:Microsoft.AspNetCore.Diagnostics.HealthChecks.HealthCheckOptions" /> used to configure the middleware.<para>a <see cref="t:microsoft.aspnetcore.diagnostics.healthchecks.healthcheckoptions" /> 用于配置中间件.</para></param>
      <returns>A reference to the <paramref name="app" /> after the operation has completed.<para>操作完成后对 <paramref name="app" /> 的引用.</para></returns>
      <remarks>
        <para>
            If <paramref name="path" /> is set to <c>null</c> or the empty string then the health check middleware
            will ignore the URL path and process all requests on the specified port. If <paramref name="path" /> is
            set to a non-empty value, the health check middleware will process requests with a URL that matches the
            provided value of <paramref name="path" /> case-insensitively, allowing for an extra trailing slash ('/')
            character.
            </para>
        <para>
          <para> 如果 $<paramref name="path" /> 设置为 <c>null</c> 或空字符串,然后设置为运行状况检查中间件 将忽略 url 路径并处理指定端口上的所有请求.如果 $<paramref name="path" /> 是 设置为非空值,运行状况检查中间件将使用与 提供的价值 $<paramref name="path" /> 不区分大小写,允许额外的尾部斜杠 （`/`） 字符. </para>
        </para>
      </remarks>
    </member>
    <member name="M:Microsoft.AspNetCore.Builder.HealthCheckApplicationBuilderExtensions.UseHealthChecks(Microsoft.AspNetCore.Builder.IApplicationBuilder,Microsoft.AspNetCore.Http.PathString,System.String,Microsoft.AspNetCore.Diagnostics.HealthChecks.HealthCheckOptions)">
      <summary>Adds a middleware that provides health check status.<para>添加提供运行状况检查状态的中间件.</para></summary>
      <param name="app">The <see cref="T:Microsoft.AspNetCore.Builder.IApplicationBuilder" />.<para>这 <see cref="t:microsoft.aspnetcore.builder.iapplicationbuilder" /> .</para></param>
      <param name="path">The path on which to provide health check status.<para>提供运行状况检查状态的路径.</para></param>
      <param name="port">The port to listen on. Must be a local port on which the server is listening.<para>要侦听的端口.必须是服务器正在侦听的本地端口.</para></param>
      <param name="options">A <see cref="T:Microsoft.AspNetCore.Diagnostics.HealthChecks.HealthCheckOptions" /> used to configure the middleware.<para>a <see cref="t:microsoft.aspnetcore.diagnostics.healthchecks.healthcheckoptions" /> 用于配置中间件.</para></param>
      <returns>A reference to the <paramref name="app" /> after the operation has completed.<para>操作完成后对 <paramref name="app" /> 的引用.</para></returns>
      <remarks>
        <para>
            If <paramref name="path" /> is set to <c>null</c> or the empty string then the health check middleware
            will ignore the URL path and process all requests on the specified port. If <paramref name="path" /> is
            set to a non-empty value, the health check middleware will process requests with a URL that matches the
            provided value of <paramref name="path" /> case-insensitively, allowing for an extra trailing slash ('/')
            character.
            </para>
        <para>
          <para> 如果 $<paramref name="path" /> 设置为 <c>null</c> 或空字符串,然后设置为运行状况检查中间件 将忽略 url 路径并处理指定端口上的所有请求.如果 $<paramref name="path" /> 是 设置为非空值,运行状况检查中间件将使用与 提供的价值 $<paramref name="path" /> 不区分大小写,允许额外的尾部斜杠 （`/`） 字符. </para>
        </para>
      </remarks>
    </member>
    <member name="T:Microsoft.AspNetCore.Builder.HealthCheckEndpointRouteBuilderExtensions">
      <summary>Provides extension methods for <see cref="T:Microsoft.AspNetCore.Routing.IEndpointRouteBuilder" /> to add health checks.<para>提供扩展方法 <see cref="t:microsoft.aspnetcore.routing.iendpointroutebuilder" /> 以添加运行状况检查.</para></summary>
    </member>
    <member name="M:Microsoft.AspNetCore.Builder.HealthCheckEndpointRouteBuilderExtensions.MapHealthChecks(Microsoft.AspNetCore.Routing.IEndpointRouteBuilder,System.String)">
      <summary>Adds a health checks endpoint to the <see cref="T:Microsoft.AspNetCore.Routing.IEndpointRouteBuilder" /> with the specified template.<para>将运行状况检查终端节点添加到 <see cref="t:microsoft.aspnetcore.routing.iendpointroutebuilder" /> 使用指定的模板.</para></summary>
      <param name="endpoints">The <see cref="T:Microsoft.AspNetCore.Routing.IEndpointRouteBuilder" /> to add the health checks endpoint to.<para>这 <see cref="t:microsoft.aspnetcore.routing.iendpointroutebuilder" /> 以将运行状况检查终端节点添加到.</para></param>
      <param name="pattern">The URL pattern of the health checks endpoint.<para>运行状况检查终端节点的 url 模式.</para></param>
      <returns>A convention routes for the health checks endpoint.<para>运行状况检查终端节点的约定路由.</para></returns>
    </member>
    <member name="M:Microsoft.AspNetCore.Builder.HealthCheckEndpointRouteBuilderExtensions.MapHealthChecks(Microsoft.AspNetCore.Routing.IEndpointRouteBuilder,System.String,Microsoft.AspNetCore.Diagnostics.HealthChecks.HealthCheckOptions)">
      <summary>Adds a health checks endpoint to the <see cref="T:Microsoft.AspNetCore.Routing.IEndpointRouteBuilder" /> with the specified template and options.<para>将运行状况检查终端节点添加到 <see cref="t:microsoft.aspnetcore.routing.iendpointroutebuilder" /> 使用指定的模板和选项.</para></summary>
      <param name="endpoints">The <see cref="T:Microsoft.AspNetCore.Routing.IEndpointRouteBuilder" /> to add the health checks endpoint to.<para>这 <see cref="t:microsoft.aspnetcore.routing.iendpointroutebuilder" /> 以将运行状况检查终端节点添加到.</para></param>
      <param name="pattern">The URL pattern of the health checks endpoint.<para>运行状况检查终端节点的 url 模式.</para></param>
      <param name="options">A <see cref="T:Microsoft.AspNetCore.Diagnostics.HealthChecks.HealthCheckOptions" /> used to configure the health checks.<para>a <see cref="t:microsoft.aspnetcore.diagnostics.healthchecks.healthcheckoptions" /> 用于配置运行状况检查.</para></param>
      <returns>A convention routes for the health checks endpoint.<para>运行状况检查终端节点的约定路由.</para></returns>
    </member>
    <member name="T:Microsoft.AspNetCore.Diagnostics.HealthChecks.HealthCheckMiddleware">
      <summary>Middleware that exposes a health checks response with a URL endpoint.<para>使用 url 端点公开运行状况检查响应的中间件.</para></summary>
    </member>
    <member name="M:Microsoft.AspNetCore.Diagnostics.HealthChecks.HealthCheckMiddleware.#ctor(Microsoft.AspNetCore.Http.RequestDelegate,Microsoft.Extensions.Options.IOptions{Microsoft.AspNetCore.Diagnostics.HealthChecks.HealthCheckOptions},Microsoft.Extensions.Diagnostics.HealthChecks.HealthCheckService)">
      <summary>Creates a new instance of <see cref="T:Microsoft.AspNetCore.Diagnostics.HealthChecks.HealthCheckMiddleware" />.<para>创建 的新实例 <see cref="t:microsoft.aspnetcore.diagnostics.healthchecks.healthcheckmiddleware" /> .</para></summary>
    </member>
    <member name="M:Microsoft.AspNetCore.Diagnostics.HealthChecks.HealthCheckMiddleware.InvokeAsync(Microsoft.AspNetCore.Http.HttpContext)">
      <summary>Processes a request.<para>处理请求.</para></summary>
      <param name="httpContext">
        <para>
        </para>
      </param>
      <returns>
        <para>
        </para>
      </returns>
    </member>
    <member name="T:Microsoft.AspNetCore.Diagnostics.HealthChecks.HealthCheckOptions">
      <summary>Contains options for the <see cref="T:Microsoft.AspNetCore.Diagnostics.HealthChecks.HealthCheckMiddleware" />.<para>包含以下选项 <see cref="t:microsoft.aspnetcore.diagnostics.healthchecks.healthcheckmiddleware" /> .</para></summary>
    </member>
    <member name="P:Microsoft.AspNetCore.Diagnostics.HealthChecks.HealthCheckOptions.Predicate">
      <summary>Gets or sets a predicate that is used to filter the set of health checks executed.<para>获取或设置用于筛选执行的运行状况检查集的谓词.</para></summary>
      <remarks>If <see cref="P:Microsoft.AspNetCore.Diagnostics.HealthChecks.HealthCheckOptions.Predicate" /> is <c>null</c>, the <see cref="T:Microsoft.AspNetCore.Diagnostics.HealthChecks.HealthCheckMiddleware" /> will run all
            registered health checks - this is the default behavior. To run a subset of health checks,
            provide a function that filters the set of checks.<para>如果 <see cref="p:microsoft.aspnetcore.diagnostics.healthchecks.healthcheckoptions.predicate" /> 是 <c>null</c>, <see cref="t:microsoft.aspnetcore.diagnostics.healthchecks.healthcheckmiddleware" /> 将运行所有 已注册的运行状况检查 - 这是默认行为.要运行一部分运行状况检查, 提供筛选检查集的函数.</para></remarks>
    </member>
    <member name="P:Microsoft.AspNetCore.Diagnostics.HealthChecks.HealthCheckOptions.ResultStatusCodes">
      <summary>Gets or sets a dictionary mapping the <see cref="T:Microsoft.Extensions.Diagnostics.HealthChecks.HealthStatus" /> to an HTTP status code applied
            to the response. This property can be used to configure the status codes returned for each status.<para>获取或设置将 <see cref="T:Microsoft.Extensions.Diagnostics.HealthChecks.HealthStatus" /> 映射到应用的 http 状态代码的字典 到响应.此属性可用于配置为每个状态返回的状态代码.</para></summary>
      <remarks>Setting this property to <c>null</c> resets the mapping to its default value which maps
            <see cref="F:Microsoft.Extensions.Diagnostics.HealthChecks.HealthStatus.Healthy" /> to 200 (OK), <see cref="F:Microsoft.Extensions.Diagnostics.HealthChecks.HealthStatus.Degraded" /> to 200 (OK) and
            <see cref="F:Microsoft.Extensions.Diagnostics.HealthChecks.HealthStatus.Unhealthy" /> to 503 (Service Unavailable).<para>将此属性设置为 <c>null</c> 会将映射重置为其默认值,该值映射 <see cref="F:Microsoft.Extensions.Diagnostics.HealthChecks.HealthStatus.Healthy" /> 到 200（正常）,<see cref="F:Microsoft.Extensions.Diagnostics.HealthChecks.HealthStatus.Degraded" /> 到 200（正常）和 <see cref="F:Microsoft.Extensions.Diagnostics.HealthChecks.HealthStatus.Unhealthy" /> 到 503（服务不可用）.</para></remarks>
      <exception cref="T:System.InvalidOperationException">Thrown if at least one <see cref="T:Microsoft.Extensions.Diagnostics.HealthChecks.HealthStatus" /> is missing when setting this property.<para>如果在设置此属性时至少缺少一个 <see cref="T:Microsoft.Extensions.Diagnostics.HealthChecks.HealthStatus" />,则引发.</para></exception>
    </member>
    <member name="P:Microsoft.AspNetCore.Diagnostics.HealthChecks.HealthCheckOptions.ResponseWriter">
      <summary>Gets or sets a delegate used to write the response.<para>获取或设置用于编写响应的委托.</para></summary>
      <remarks>The default value is a delegate that will write a minimal <c>text/plain</c> response with the value
            of <see cref="P:Microsoft.Extensions.Diagnostics.HealthChecks.HealthReport.Status" /> as a string.<para>默认值是一个委托,它将使用值写入最小的 <c>text/plain</c> 响应 的 <see cref="P:Microsoft.Extensions.Diagnostics.HealthChecks.HealthReport.Status" /> 作为字符串.</para></remarks>
    </member>
    <member name="P:Microsoft.AspNetCore.Diagnostics.HealthChecks.HealthCheckOptions.AllowCachingResponses">
      <summary>Gets or sets a value that controls whether responses from the health check middleware can be cached.<para>获取或设置一个值,该值控制是否可以缓存来自运行状况检查中间件的响应.</para></summary>
      <remarks>
        <para>
            The health check middleware does not perform caching of any kind. This setting configures whether
            the middleware will apply headers to the HTTP response that instruct clients to avoid caching.
            </para>
        <para>
            If the value is <c>false</c> the health check middleware will set or override the
            <c>Cache-Control</c>, <c>Expires</c>, and <c>Pragma</c> headers to prevent response caching. If the value
            is <c>true</c> the health check middleware will not modify the cache headers of the response.
            </para>
        <para>
          <para> 运行状况检查中间件不执行任何类型的缓存.此设置配置是否 中间件会将标头应用于指示客户端避免缓存的 http 响应. </para>
          <para> 如果值为 <c>false</c>则运行状况检查中间件将设置或覆盖 <c>cache-control</c>、<c>expires</c> 和 <c>pragma</c> 标头以防止响应缓存.如果值 为 <c>true</c>运行状况检查中间件不会修改响应的缓存标头. </para>
        </para>
      </remarks>
    </member>
    <member name="P:Microsoft.AspNetCore.Diagnostics.HealthChecks.Resources.UnableToFindServices">
      <summary>Unable to find the required services. Please add all the required services by calling '{0}.{1}' inside the call to '{2}' in the application startup code.<para>找不到所需的服务.请通过致电`{0}添加所有必需的服务.在应用程序启动代码中调用"{1}"{2}".</para></summary>
    </member>
    <member name="M:Microsoft.AspNetCore.Diagnostics.HealthChecks.Resources.FormatUnableToFindServices(System.Object,System.Object,System.Object)">
      <summary>Unable to find the required services. Please add all the required services by calling '{0}.{1}' inside the call to '{2}' in the application startup code.<para>找不到所需的服务.请通过致电`{0}添加所有必需的服务.在应用程序启动代码中调用"{1}"{2}".</para></summary>
    </member>
  </members>
</doc>