<?xml version="1.0"?>
<doc>
  <assembly>
    <name>Microsoft.AspNetCore.Antiforgery</name>
  </assembly>
  <members>
    <member name="M:Microsoft.Extensions.DependencyInjection.AntiforgeryServiceCollectionExtensions.AddAntiforgery(Microsoft.Extensions.DependencyInjection.IServiceCollection)">
      <summary>Adds antiforgery services to the specified <see cref="T:Microsoft.Extensions.DependencyInjection.IServiceCollection" />.<para>将防伪服务添加到指定的 <see cref="T:Microsoft.Extensions.DependencyInjection.IServiceCollection" />.</para></summary>
      <param name="services">The <see cref="T:Microsoft.Extensions.DependencyInjection.IServiceCollection" /> to add services to.<para>要向其添加服务的 <see cref="T:Microsoft.Extensions.DependencyInjection.IServiceCollection" />.</para></param>
      <returns>The <see cref="T:Microsoft.Extensions.DependencyInjection.IServiceCollection" /> so that additional calls can be chained.<para><see cref="T:Microsoft.Extensions.DependencyInjection.IServiceCollection" />,以便可以链接其他调用.</para></returns>
    </member>
    <member name="M:Microsoft.Extensions.DependencyInjection.AntiforgeryServiceCollectionExtensions.AddAntiforgery(Microsoft.Extensions.DependencyInjection.IServiceCollection,System.Action{Microsoft.AspNetCore.Antiforgery.AntiforgeryOptions})">
      <summary>Adds antiforgery services to the specified <see cref="T:Microsoft.Extensions.DependencyInjection.IServiceCollection" />.<para>将防伪服务添加到指定的 <see cref="T:Microsoft.Extensions.DependencyInjection.IServiceCollection" />.</para></summary>
      <param name="services">The <see cref="T:Microsoft.Extensions.DependencyInjection.IServiceCollection" /> to add services to.<para>要向其添加服务的 <see cref="T:Microsoft.Extensions.DependencyInjection.IServiceCollection" />.</para></param>
      <param name="setupAction">An <see cref="T:System.Action`1" /> to configure the provided <see cref="T:Microsoft.AspNetCore.Antiforgery.AntiforgeryOptions" />.<para>一个 <see cref="t:system.action`1" /> 配置提供的 <see cref="t:microsoft.aspnetcore.antiforgery.antiforgeryoptions" /> .</para></param>
      <returns>The <see cref="T:Microsoft.Extensions.DependencyInjection.IServiceCollection" /> so that additional calls can be chained.<para><see cref="T:Microsoft.Extensions.DependencyInjection.IServiceCollection" />,以便可以链接其他调用.</para></returns>
    </member>
  </members>
</doc>