<?xml version="1.0"?>
<doc>
  <assembly>
    <name>Microsoft.AspNetCore.StaticFiles</name>
  </assembly>
  <members>
    <member name="T:Microsoft.AspNetCore.StaticFiles.DefaultFilesMiddleware">
      <summary>This examines a directory path and determines if there is a default file present.
            If so the file name is appended to the path and execution continues.
            Note we don't just serve the file because it may require interpretation.<para>这将检查目录路径并确定是否存在默认文件. 如果是这样,文件名将追加到路径中,并继续执行. 请注意,我们不只是提供文件,因为它可能需要解释.</para></summary>
    </member>
    <member name="M:Microsoft.AspNetCore.StaticFiles.DefaultFilesMiddleware.#ctor(Microsoft.AspNetCore.Http.RequestDelegate,Microsoft.AspNetCore.Hosting.IWebHostEnvironment,Microsoft.Extensions.Options.IOptions{Microsoft.AspNetCore.Builder.DefaultFilesOptions})">
      <summary>Creates a new instance of the DefaultFilesMiddleware.<para>创建 defaultfilesmiddleware 的新实例.</para></summary>
      <param name="next">The next middleware in the pipeline.<para>管道中的下一个中间件.</para></param>
      <param name="hostingEnv">The <see cref="T:Microsoft.AspNetCore.Hosting.IWebHostEnvironment" /> used by this middleware.<para><see cref="t:microsoft.aspnetcore.hosting.iwebhostenvironment" /> 由此中间件使用.</para></param>
      <param name="options">The configuration options for this middleware.<para>此中间件的配置选项.</para></param>
    </member>
    <member name="M:Microsoft.AspNetCore.StaticFiles.DefaultFilesMiddleware.Invoke(Microsoft.AspNetCore.Http.HttpContext)">
      <summary>This examines the request to see if it matches a configured directory, and if there are any files with the
            configured default names in that directory.  If so this will append the corresponding file name to the request
            path for a later middleware to handle.<para>这将检查请求以查看它是否与配置的目录匹配,以及是否有任何文件具有 在该目录中配置默认名称.如果是这样,这会将相应的文件名附加到请求中 更高中间件要处理的路径.</para></summary>
      <param name="context">
        <para>
        </para>
      </param>
      <returns>
        <para>
        </para>
      </returns>
    </member>
    <member name="T:Microsoft.AspNetCore.StaticFiles.DirectoryBrowserMiddleware">
      <summary>Enables directory browsing<para>启用目录浏览</para></summary>
    </member>
    <member name="M:Microsoft.AspNetCore.StaticFiles.DirectoryBrowserMiddleware.#ctor(Microsoft.AspNetCore.Http.RequestDelegate,Microsoft.AspNetCore.Hosting.IWebHostEnvironment,Microsoft.Extensions.Options.IOptions{Microsoft.AspNetCore.Builder.DirectoryBrowserOptions})">
      <summary>Creates a new instance of the SendFileMiddleware. Using <see cref="P:System.Text.Encodings.Web.HtmlEncoder.Default" /> instance.<para>创建发送文件中间件的新实例.使用 <see cref="P:System.Text.Encodings.Web.HtmlEncoder.Default" /> 实例.</para></summary>
      <param name="next">The next middleware in the pipeline.<para>管道中的下一个中间件.</para></param>
      <param name="hostingEnv">The <see cref="T:Microsoft.AspNetCore.Hosting.IWebHostEnvironment" /> used by this middleware.<para><see cref="t:microsoft.aspnetcore.hosting.iwebhostenvironment" /> 由此中间件使用.</para></param>
      <param name="options">The configuration for this middleware.<para>此中间件的配置.</para></param>
    </member>
    <member name="M:Microsoft.AspNetCore.StaticFiles.DirectoryBrowserMiddleware.#ctor(Microsoft.AspNetCore.Http.RequestDelegate,Microsoft.AspNetCore.Hosting.IWebHostEnvironment,System.Text.Encodings.Web.HtmlEncoder,Microsoft.Extensions.Options.IOptions{Microsoft.AspNetCore.Builder.DirectoryBrowserOptions})">
      <summary>Creates a new instance of the SendFileMiddleware.<para>创建发送文件中间件的新实例.</para></summary>
      <param name="next">The next middleware in the pipeline.<para>管道中的下一个中间件.</para></param>
      <param name="hostingEnv">The <see cref="T:Microsoft.AspNetCore.Hosting.IWebHostEnvironment" /> used by this middleware.<para><see cref="t:microsoft.aspnetcore.hosting.iwebhostenvironment" /> 由此中间件使用.</para></param>
      <param name="encoder">The <see cref="T:System.Text.Encodings.Web.HtmlEncoder" /> used by the default <see cref="T:Microsoft.AspNetCore.StaticFiles.HtmlDirectoryFormatter" />.<para>默认使用的 <see cref="T:System.Text.Encodings.Web.HtmlEncoder" /> <see cref="t:microsoft.aspnetcore.staticfiles.htmldirectoryformatter" /> .</para></param>
      <param name="options">The configuration for this middleware.<para>此中间件的配置.</para></param>
    </member>
    <member name="M:Microsoft.AspNetCore.StaticFiles.DirectoryBrowserMiddleware.Invoke(Microsoft.AspNetCore.Http.HttpContext)">
      <summary>Examines the request to see if it matches a configured directory.  If so, a view of the directory contents is returned.<para>检查请求以查看它是否与配置的目录匹配.如果是这样,则返回目录内容的视图.</para></summary>
      <param name="context">
        <para>
        </para>
      </param>
      <returns>
        <para>
        </para>
      </returns>
    </member>
    <member name="T:Microsoft.AspNetCore.StaticFiles.FileExtensionContentTypeProvider">
      <summary>Provides a mapping between file extensions and MIME types.<para>提供文件扩展名和 mime 类型之间的映射.</para></summary>
    </member>
    <member name="M:Microsoft.AspNetCore.StaticFiles.FileExtensionContentTypeProvider.#ctor">
      <summary>Creates a new provider with a set of default mappings.<para>创建具有一组默认映射的新提供程序.</para></summary>
    </member>
    <member name="M:Microsoft.AspNetCore.StaticFiles.FileExtensionContentTypeProvider.#ctor(System.Collections.Generic.IDictionary{System.String,System.String})">
      <summary>Creates a lookup engine using the provided mapping.
            It is recommended that the IDictionary instance use StringComparer.OrdinalIgnoreCase.<para>使用提供的映射创建查找引擎. 建议 idictionary 实例使用 stringcomparer.ordinalignorecase.</para></summary>
      <param name="mapping">
        <para>
        </para>
      </param>
    </member>
    <member name="P:Microsoft.AspNetCore.StaticFiles.FileExtensionContentTypeProvider.Mappings">
      <summary>The cross reference table of file extensions and content-types.<para>文件扩展名和内容类型的交叉引用表.</para></summary>
    </member>
    <member name="M:Microsoft.AspNetCore.StaticFiles.FileExtensionContentTypeProvider.TryGetContentType(System.String,System.String@)">
      <summary>Given a file path, determine the MIME type<para>给定文件路径,确定 mime 类型</para></summary>
      <param name="subpath">A file path<para>文件路径</para></param>
      <param name="contentType">The resulting MIME type<para>生成的 mime 类型</para></param>
      <returns>True if MIME type could be determined<para>如果可以确定 mime 类型,则为 true</para></returns>
    </member>
    <member name="T:Microsoft.AspNetCore.StaticFiles.HtmlDirectoryFormatter">
      <summary>Generates an HTML view for a directory.<para>为目录生成 html 视图.</para></summary>
    </member>
    <member name="M:Microsoft.AspNetCore.StaticFiles.HtmlDirectoryFormatter.#ctor(System.Text.Encodings.Web.HtmlEncoder)">
      <summary>Constructs the <see cref="T:Microsoft.AspNetCore.StaticFiles.HtmlDirectoryFormatter" />.<para>构造 <see cref="t:microsoft.aspnetcore.staticfiles.htmldirectoryformatter" /> .</para></summary>
      <param name="encoder">The character encoding representation to use.<para>要使用的字符编码表示形式.</para></param>
    </member>
    <member name="M:Microsoft.AspNetCore.StaticFiles.HtmlDirectoryFormatter.GenerateContentAsync(Microsoft.AspNetCore.Http.HttpContext,System.Collections.Generic.IEnumerable{Microsoft.Extensions.FileProviders.IFileInfo})">
      <summary>Generates an HTML view for a directory.<para>为目录生成 html 视图.</para></summary>
    </member>
    <member name="T:Microsoft.AspNetCore.StaticFiles.IContentTypeProvider">
      <summary>Used to look up MIME types given a file path<para>用于在给定文件路径的情况下查找 mime 类型</para></summary>
    </member>
    <member name="M:Microsoft.AspNetCore.StaticFiles.IContentTypeProvider.TryGetContentType(System.String,System.String@)">
      <summary>Given a file path, determine the MIME type<para>给定文件路径,确定 mime 类型</para></summary>
      <param name="subpath">A file path<para>文件路径</para></param>
      <param name="contentType">The resulting MIME type<para>生成的 mime 类型</para></param>
      <returns>True if MIME type could be determined<para>如果可以确定 mime 类型,则为 true</para></returns>
    </member>
    <member name="T:Microsoft.AspNetCore.StaticFiles.IDirectoryFormatter">
      <summary>Generates the view for a directory<para>生成目录的视图</para></summary>
    </member>
    <member name="M:Microsoft.AspNetCore.StaticFiles.IDirectoryFormatter.GenerateContentAsync(Microsoft.AspNetCore.Http.HttpContext,System.Collections.Generic.IEnumerable{Microsoft.Extensions.FileProviders.IFileInfo})">
      <summary>Generates the view for a directory.
            Implementers should properly handle HEAD requests.
            Implementers should set all necessary response headers (e.g. Content-Type, Content-Length, etc.).<para>生成目录的视图. 实施者应正确处理 head 请求. 实现者应设置所有必要的响应标头（例如内容类型、内容长度等）.</para></summary>
    </member>
    <member name="T:Microsoft.AspNetCore.StaticFiles.Infrastructure.SharedOptions">
      <summary>Options common to several middleware components<para>多个中间件组件通用的选项</para></summary>
    </member>
    <member name="M:Microsoft.AspNetCore.StaticFiles.Infrastructure.SharedOptions.#ctor">
      <summary>Defaults to all request paths.<para>默认为所有请求路径.</para></summary>
    </member>
    <member name="P:Microsoft.AspNetCore.StaticFiles.Infrastructure.SharedOptions.RequestPath">
      <summary>The request path that maps to static resources<para>映射到静态资源的请求路径</para></summary>
    </member>
    <member name="P:Microsoft.AspNetCore.StaticFiles.Infrastructure.SharedOptions.FileProvider">
      <summary>The file system used to locate resources<para>用于查找资源的文件系统</para></summary>
    </member>
    <member name="P:Microsoft.AspNetCore.StaticFiles.Infrastructure.SharedOptions.RedirectToAppendTrailingSlash">
      <summary>Indicates whether to redirect to add a trailing slash at the end of path. Relative resource links may require this.<para>指示是否重定向以在路径末尾添加尾部斜杠.相对资源链接可能需要这样做.</para></summary>
    </member>
    <member name="T:Microsoft.AspNetCore.StaticFiles.Infrastructure.SharedOptionsBase">
      <summary>Options common to several middleware components<para>多个中间件组件通用的选项</para></summary>
    </member>
    <member name="M:Microsoft.AspNetCore.StaticFiles.Infrastructure.SharedOptionsBase.#ctor(Microsoft.AspNetCore.StaticFiles.Infrastructure.SharedOptions)">
      <summary>Creates an new instance of the SharedOptionsBase.<para>创建 sharedoptionsbase 的新实例.</para></summary>
      <param name="sharedOptions">
        <para>
        </para>
      </param>
    </member>
    <member name="P:Microsoft.AspNetCore.StaticFiles.Infrastructure.SharedOptionsBase.SharedOptions">
      <summary>Options common to several middleware components<para>多个中间件组件通用的选项</para></summary>
    </member>
    <member name="P:Microsoft.AspNetCore.StaticFiles.Infrastructure.SharedOptionsBase.RequestPath">
      <summary>The relative request path that maps to static resources.<para>映射到静态资源的相对请求路径.</para></summary>
    </member>
    <member name="P:Microsoft.AspNetCore.StaticFiles.Infrastructure.SharedOptionsBase.FileProvider">
      <summary>The file system used to locate resources<para>用于查找资源的文件系统</para></summary>
    </member>
    <member name="P:Microsoft.AspNetCore.StaticFiles.Infrastructure.SharedOptionsBase.RedirectToAppendTrailingSlash">
      <summary>Indicates whether to redirect to add a trailing slash at the end of path. Relative resource links may require this.<para>指示是否重定向以在路径末尾添加尾部斜杠.相对资源链接可能需要这样做.</para></summary>
    </member>
    <member name="T:Microsoft.AspNetCore.StaticFiles.LoggerExtensions">
      <summary>Defines *all* the logger messages produced by static files<para>定义静态文件生成的*所有*记录器消息</para></summary>
    </member>
    <member name="T:Microsoft.AspNetCore.StaticFiles.StaticFileMiddleware">
      <summary>Enables serving static files for a given request path<para>为给定请求路径提供静态文件</para></summary>
    </member>
    <member name="M:Microsoft.AspNetCore.StaticFiles.StaticFileMiddleware.#ctor(Microsoft.AspNetCore.Http.RequestDelegate,Microsoft.AspNetCore.Hosting.IWebHostEnvironment,Microsoft.Extensions.Options.IOptions{Microsoft.AspNetCore.Builder.StaticFileOptions},Microsoft.Extensions.Logging.ILoggerFactory)">
      <summary>Creates a new instance of the StaticFileMiddleware.<para>创建静态文件中间件的新实例.</para></summary>
      <param name="next">The next middleware in the pipeline.<para>管道中的下一个中间件.</para></param>
      <param name="hostingEnv">The <see cref="T:Microsoft.AspNetCore.Hosting.IWebHostEnvironment" /> used by this middleware.<para><see cref="t:microsoft.aspnetcore.hosting.iwebhostenvironment" /> 由此中间件使用.</para></param>
      <param name="options">The configuration options.<para>配置选项.</para></param>
      <param name="loggerFactory">An <see cref="T:Microsoft.Extensions.Logging.ILoggerFactory" /> instance used to create loggers.<para>用于创建记录器的 <see cref="T:Microsoft.Extensions.Logging.ILoggerFactory" /> 实例.</para></param>
    </member>
    <member name="M:Microsoft.AspNetCore.StaticFiles.StaticFileMiddleware.Invoke(Microsoft.AspNetCore.Http.HttpContext)">
      <summary>Processes a request to determine if it matches a known file, and if so, serves it.<para>处理请求以确定它是否与已知文件匹配,如果是,则提供该文件.</para></summary>
      <param name="context">
        <para>
        </para>
      </param>
      <returns>
        <para>
        </para>
      </returns>
    </member>
    <member name="T:Microsoft.AspNetCore.StaticFiles.StaticFileResponseContext">
      <summary>Contains information about the request and the file that will be served in response.<para>包含有关请求和将在响应中提供的文件的信息.</para></summary>
    </member>
    <member name="M:Microsoft.AspNetCore.StaticFiles.StaticFileResponseContext.#ctor(Microsoft.AspNetCore.Http.HttpContext,Microsoft.Extensions.FileProviders.IFileInfo)">
      <summary>Constructs the <see cref="T:Microsoft.AspNetCore.StaticFiles.StaticFileResponseContext" />.<para>构造 <see cref="t:microsoft.aspnetcore.staticfiles.staticfileresponsecontext" /> .</para></summary>
      <param name="context">The request and response information.<para>请求和响应信息.</para></param>
      <param name="file">The file to be served.<para>要提供的文件.</para></param>
    </member>
    <member name="P:Microsoft.AspNetCore.StaticFiles.StaticFileResponseContext.Context">
      <summary>The request and response information.<para>请求和响应信息.</para></summary>
    </member>
    <member name="P:Microsoft.AspNetCore.StaticFiles.StaticFileResponseContext.File">
      <summary>The file to be served.<para>要提供的文件.</para></summary>
    </member>
    <member name="P:Microsoft.AspNetCore.StaticFiles.Resources.Args_NoFormatter">
      <summary>No formatter provided.<para>未提供格式化程序.</para></summary>
    </member>
    <member name="P:Microsoft.AspNetCore.StaticFiles.Resources.HtmlDir_IndexOf">
      <summary>Index of<para>的索引</para></summary>
    </member>
    <member name="P:Microsoft.AspNetCore.StaticFiles.Resources.HtmlDir_LastModified">
      <summary>Last Modified<para>上次修改时间</para></summary>
    </member>
    <member name="P:Microsoft.AspNetCore.StaticFiles.Resources.HtmlDir_Modified">
      <summary>Modified<para>改 性</para></summary>
    </member>
    <member name="P:Microsoft.AspNetCore.StaticFiles.Resources.HtmlDir_Name">
      <summary>Name<para>名字</para></summary>
    </member>
    <member name="P:Microsoft.AspNetCore.StaticFiles.Resources.HtmlDir_Size">
      <summary>Size<para>大小</para></summary>
    </member>
    <member name="P:Microsoft.AspNetCore.StaticFiles.Resources.HtmlDir_TableSummary">
      <summary>The list of files in the given directory.  Column headers are listed in the first row.<para>给定目录中的文件列表.列标题列在第一行.</para></summary>
    </member>
    <member name="T:Microsoft.AspNetCore.Builder.DefaultFilesExtensions">
      <summary>Extension methods for the DefaultFilesMiddleware<para>默认文件中间件的扩展方法</para></summary>
    </member>
    <member name="M:Microsoft.AspNetCore.Builder.DefaultFilesExtensions.UseDefaultFiles(Microsoft.AspNetCore.Builder.IApplicationBuilder)">
      <summary>Enables default file mapping on the current path<para>在当前路径上启用默认文件映射</para></summary>
      <param name="app">
        <para>
        </para>
      </param>
      <returns>
        <para>
        </para>
      </returns>
    </member>
    <member name="M:Microsoft.AspNetCore.Builder.DefaultFilesExtensions.UseDefaultFiles(Microsoft.AspNetCore.Builder.IApplicationBuilder,System.String)">
      <summary>Enables default file mapping for the given request path<para>为给定请求路径启用默认文件映射</para></summary>
      <param name="app">
        <para>
        </para>
      </param>
      <param name="requestPath">The relative request path.<para>相对请求路径.</para></param>
      <returns>
        <para>
        </para>
      </returns>
    </member>
    <member name="M:Microsoft.AspNetCore.Builder.DefaultFilesExtensions.UseDefaultFiles(Microsoft.AspNetCore.Builder.IApplicationBuilder,Microsoft.AspNetCore.Builder.DefaultFilesOptions)">
      <summary>Enables default file mapping with the given options<para>使用给定选项启用默认文件映射</para></summary>
      <param name="app">
        <para>
        </para>
      </param>
      <param name="options">
        <para>
        </para>
      </param>
      <returns>
        <para>
        </para>
      </returns>
    </member>
    <member name="T:Microsoft.AspNetCore.Builder.DefaultFilesOptions">
      <summary>Options for selecting default file names.<para>用于选择默认文件名的选项.</para></summary>
    </member>
    <member name="M:Microsoft.AspNetCore.Builder.DefaultFilesOptions.#ctor">
      <summary>Configuration for the DefaultFilesMiddleware.<para>默认文件中间件的配置.</para></summary>
    </member>
    <member name="M:Microsoft.AspNetCore.Builder.DefaultFilesOptions.#ctor(Microsoft.AspNetCore.StaticFiles.Infrastructure.SharedOptions)">
      <summary>Configuration for the DefaultFilesMiddleware.<para>默认文件中间件的配置.</para></summary>
      <param name="sharedOptions">
        <para>
        </para>
      </param>
    </member>
    <member name="P:Microsoft.AspNetCore.Builder.DefaultFilesOptions.DefaultFileNames">
      <summary>An ordered list of file names to select by default. List length and ordering may affect performance.<para>默认情况下要选择的文件名的有序列表.列表长度和顺序可能会影响性能.</para></summary>
    </member>
    <member name="T:Microsoft.AspNetCore.Builder.DirectoryBrowserExtensions">
      <summary>Extension methods for the DirectoryBrowserMiddleware<para>目录浏览器中间件的扩展方法</para></summary>
    </member>
    <member name="M:Microsoft.AspNetCore.Builder.DirectoryBrowserExtensions.UseDirectoryBrowser(Microsoft.AspNetCore.Builder.IApplicationBuilder)">
      <summary>Enable directory browsing on the current path<para>在当前路径上启用目录浏览</para></summary>
      <param name="app">
        <para>
        </para>
      </param>
      <returns>
        <para>
        </para>
      </returns>
    </member>
    <member name="M:Microsoft.AspNetCore.Builder.DirectoryBrowserExtensions.UseDirectoryBrowser(Microsoft.AspNetCore.Builder.IApplicationBuilder,System.String)">
      <summary>Enables directory browsing for the given request path<para>为给定请求路径启用目录浏览</para></summary>
      <param name="app">
        <para>
        </para>
      </param>
      <param name="requestPath">The relative request path.<para>相对请求路径.</para></param>
      <returns>
        <para>
        </para>
      </returns>
    </member>
    <member name="M:Microsoft.AspNetCore.Builder.DirectoryBrowserExtensions.UseDirectoryBrowser(Microsoft.AspNetCore.Builder.IApplicationBuilder,Microsoft.AspNetCore.Builder.DirectoryBrowserOptions)">
      <summary>Enable directory browsing with the given options<para>使用给定选项启用目录浏览</para></summary>
      <param name="app">
        <para>
        </para>
      </param>
      <param name="options">
        <para>
        </para>
      </param>
      <returns>
        <para>
        </para>
      </returns>
    </member>
    <member name="T:Microsoft.AspNetCore.Builder.DirectoryBrowserOptions">
      <summary>Directory browsing options<para>目录浏览选项</para></summary>
    </member>
    <member name="M:Microsoft.AspNetCore.Builder.DirectoryBrowserOptions.#ctor">
      <summary>Enabled directory browsing for all request paths<para>为所有请求路径启用目录浏览</para></summary>
    </member>
    <member name="M:Microsoft.AspNetCore.Builder.DirectoryBrowserOptions.#ctor(Microsoft.AspNetCore.StaticFiles.Infrastructure.SharedOptions)">
      <summary>Enabled directory browsing all request paths<para>已启用目录浏览所有请求路径</para></summary>
      <param name="sharedOptions">
        <para>
        </para>
      </param>
    </member>
    <member name="P:Microsoft.AspNetCore.Builder.DirectoryBrowserOptions.Formatter">
      <summary>The component that generates the view.<para>生成视图的组件.</para></summary>
    </member>
    <member name="T:Microsoft.AspNetCore.Builder.FileServerExtensions">
      <summary>Extension methods that combine all of the static file middleware components:
            Default files, directory browsing, send file, and static files<para>组合所有静态文件中间件组件的扩展方法: 默认文件、目录浏览、发送文件和静态文件</para></summary>
    </member>
    <member name="M:Microsoft.AspNetCore.Builder.FileServerExtensions.UseFileServer(Microsoft.AspNetCore.Builder.IApplicationBuilder)">
      <summary>Enable all static file middleware (except directory browsing) for the current request path in the current directory.<para>为当前目录中的当前请求路径启用所有静态文件中间件（目录浏览除外）.</para></summary>
      <param name="app">
        <para>
        </para>
      </param>
      <returns>
        <para>
        </para>
      </returns>
    </member>
    <member name="M:Microsoft.AspNetCore.Builder.FileServerExtensions.UseFileServer(Microsoft.AspNetCore.Builder.IApplicationBuilder,System.Boolean)">
      <summary>Enable all static file middleware on for the current request path in the current directory.<para>为当前目录中的当前请求路径启用所有静态文件中间件.</para></summary>
      <param name="app">
        <para>
        </para>
      </param>
      <param name="enableDirectoryBrowsing">Should directory browsing be enabled?<para>应该启用目录浏览吗？</para></param>
      <returns>
        <para>
        </para>
      </returns>
    </member>
    <member name="M:Microsoft.AspNetCore.Builder.FileServerExtensions.UseFileServer(Microsoft.AspNetCore.Builder.IApplicationBuilder,System.String)">
      <summary>Enables all static file middleware (except directory browsing) for the given request path from the directory of the same name<para>为同名目录中的给定请求路径启用所有静态文件中间件（目录浏览除外）</para></summary>
      <param name="app">
        <para>
        </para>
      </param>
      <param name="requestPath">The relative request path.<para>相对请求路径.</para></param>
      <returns>
        <para>
        </para>
      </returns>
    </member>
    <member name="M:Microsoft.AspNetCore.Builder.FileServerExtensions.UseFileServer(Microsoft.AspNetCore.Builder.IApplicationBuilder,Microsoft.AspNetCore.Builder.FileServerOptions)">
      <summary>Enable all static file middleware with the given options<para>使用给定选项启用所有静态文件中间件</para></summary>
      <param name="app">
        <para>
        </para>
      </param>
      <param name="options">
        <para>
        </para>
      </param>
      <returns>
        <para>
        </para>
      </returns>
    </member>
    <member name="T:Microsoft.AspNetCore.Builder.FileServerOptions">
      <summary>Options for all of the static file middleware components<para>所有静态文件中间件组件的选项</para></summary>
    </member>
    <member name="M:Microsoft.AspNetCore.Builder.FileServerOptions.#ctor">
      <summary>Creates a combined options class for all of the static file middleware components.<para>为所有静态文件中间件组件创建组合选项类.</para></summary>
    </member>
    <member name="P:Microsoft.AspNetCore.Builder.FileServerOptions.StaticFileOptions">
      <summary>Options for configuring the StaticFileMiddleware.<para>用于配置静态文件中间件的选项.</para></summary>
    </member>
    <member name="P:Microsoft.AspNetCore.Builder.FileServerOptions.DirectoryBrowserOptions">
      <summary>Options for configuring the DirectoryBrowserMiddleware.<para>用于配置目录浏览器中间件的选项.</para></summary>
    </member>
    <member name="P:Microsoft.AspNetCore.Builder.FileServerOptions.DefaultFilesOptions">
      <summary>Options for configuring the DefaultFilesMiddleware.<para>用于配置默认文件中间件的选项.</para></summary>
    </member>
    <member name="P:Microsoft.AspNetCore.Builder.FileServerOptions.EnableDirectoryBrowsing">
      <summary>Directory browsing is disabled by default.<para>默认情况下,目录浏览处于禁用状态.</para></summary>
    </member>
    <member name="P:Microsoft.AspNetCore.Builder.FileServerOptions.EnableDefaultFiles">
      <summary>Default files are enabled by default.<para>默认文件默认启用.</para></summary>
    </member>
    <member name="T:Microsoft.AspNetCore.Builder.StaticFileExtensions">
      <summary>Extension methods for the StaticFileMiddleware<para>静态文件中间件的扩展方法</para></summary>
    </member>
    <member name="M:Microsoft.AspNetCore.Builder.StaticFileExtensions.UseStaticFiles(Microsoft.AspNetCore.Builder.IApplicationBuilder)">
      <summary>Enables static file serving for the current request path<para>为当前请求路径启用静态文件服务</para></summary>
      <param name="app">
        <para>
        </para>
      </param>
      <returns>
        <para>
        </para>
      </returns>
    </member>
    <member name="M:Microsoft.AspNetCore.Builder.StaticFileExtensions.UseStaticFiles(Microsoft.AspNetCore.Builder.IApplicationBuilder,System.String)">
      <summary>Enables static file serving for the given request path<para>为给定请求路径启用静态文件服务</para></summary>
      <param name="app">
        <para>
        </para>
      </param>
      <param name="requestPath">The relative request path.<para>相对请求路径.</para></param>
      <returns>
        <para>
        </para>
      </returns>
    </member>
    <member name="M:Microsoft.AspNetCore.Builder.StaticFileExtensions.UseStaticFiles(Microsoft.AspNetCore.Builder.IApplicationBuilder,Microsoft.AspNetCore.Builder.StaticFileOptions)">
      <summary>Enables static file serving with the given options<para>使用给定选项启用静态文件服务</para></summary>
      <param name="app">
        <para>
        </para>
      </param>
      <param name="options">
        <para>
        </para>
      </param>
      <returns>
        <para>
        </para>
      </returns>
    </member>
    <member name="T:Microsoft.AspNetCore.Builder.StaticFileOptions">
      <summary>Options for serving static files<para>用于提供静态文件的选项</para></summary>
    </member>
    <member name="M:Microsoft.AspNetCore.Builder.StaticFileOptions.#ctor">
      <summary>Defaults to all request paths<para>默认为所有请求路径</para></summary>
    </member>
    <member name="M:Microsoft.AspNetCore.Builder.StaticFileOptions.#ctor(Microsoft.AspNetCore.StaticFiles.Infrastructure.SharedOptions)">
      <summary>Defaults to all request paths<para>默认为所有请求路径</para></summary>
      <param name="sharedOptions">
        <para>
        </para>
      </param>
    </member>
    <member name="P:Microsoft.AspNetCore.Builder.StaticFileOptions.ContentTypeProvider">
      <summary>Used to map files to content-types.<para>用于将文件映射到内容类型.</para></summary>
    </member>
    <member name="P:Microsoft.AspNetCore.Builder.StaticFileOptions.DefaultContentType">
      <summary>The default content type for a request if the ContentTypeProvider cannot determine one.
            None is provided by default, so the client must determine the format themselves.
            http://www.w3.org/Protocols/rfc2616/rfc2616-sec7.html#sec7<para>请求的默认内容类型（如果内容类型提供程序无法确定）. 默认情况下不提供 none,因此客户端必须自行确定格式. http://www.w3.org/protocols/rfc2616/rfc2616-sec7.html#sec7</para></summary>
    </member>
    <member name="P:Microsoft.AspNetCore.Builder.StaticFileOptions.ServeUnknownFileTypes">
      <summary>If the file is not a recognized content-type should it be served?
            Default: false.<para>如果文件不是可识别的内容类型,是否应该提供该文件？ 默认值:假.</para></summary>
    </member>
    <member name="P:Microsoft.AspNetCore.Builder.StaticFileOptions.HttpsCompression">
      <summary>Indicates if files should be compressed for HTTPS requests when the Response Compression middleware is available.
            The default value is <see cref="F:Microsoft.AspNetCore.Http.Features.HttpsCompressionMode.Compress" />.<para>指示当响应压缩中间件可用时,是否应针对 https 请求压缩文件. 默认值为 <see cref="f:microsoft.aspnetcore.http.features.httpscompressionmode.compress" /> .</para></summary>
      <remarks>Enabling compression on HTTPS requests for remotely manipulable content may expose security problems.<para>对可远程操作内容的 https 请求启用压缩可能会暴露安全问题.</para></remarks>
    </member>
    <member name="P:Microsoft.AspNetCore.Builder.StaticFileOptions.OnPrepareResponse">
      <summary>Called after the status code and headers have been set, but before the body has been written.
            This can be used to add or change the response headers.<para>在设置状态代码和标头之后,但在写入正文之前调用. 这可用于添加或更改响应标头.</para></summary>
    </member>
    <member name="T:Microsoft.AspNetCore.Builder.StaticFilesEndpointRouteBuilderExtensions">
      <summary>Contains extension methods for using static files with endpoint routing.<para>包含用于将静态文件与终结点路由一起使用的扩展方法.</para></summary>
    </member>
    <member name="M:Microsoft.AspNetCore.Builder.StaticFilesEndpointRouteBuilderExtensions.MapFallbackToFile(Microsoft.AspNetCore.Routing.IEndpointRouteBuilder,System.String)">
      <summary>Adds a specialized <see cref="T:Microsoft.AspNetCore.Routing.RouteEndpoint" /> to the <see cref="T:Microsoft.AspNetCore.Routing.IEndpointRouteBuilder" /> that will match
            requests for non-filenames with the lowest possible priority. The request will be routed to a
            <see cref="T:Microsoft.AspNetCore.StaticFiles.StaticFileMiddleware" /> that attempts to serve the file specified by <paramref name="filePath" />.<para>添加专用 <see cref="t:microsoft.aspnetcore.routing.routeendpoint" /> 到 <see cref="t:microsoft.aspnetcore.routing.iendpointroutebuilder" /> 将匹配 请求具有尽可能低优先级的非文件名.请求将被路由到 <see cref="t:microsoft.aspnetcore.staticfiles.staticfilemiddleware" /> 尝试提供 <paramref name="filePath" /> 指定的文件.</para></summary>
      <param name="endpoints">The <see cref="T:Microsoft.AspNetCore.Routing.IEndpointRouteBuilder" />.<para>这 <see cref="t:microsoft.aspnetcore.routing.iendpointroutebuilder" /> .</para></param>
      <param name="filePath">The file path of the file to serve.<para>要服务的文件的文件路径.</para></param>
      <returns>The <see cref="T:Microsoft.AspNetCore.Routing.IEndpointRouteBuilder" /><para>这 <see cref="t:microsoft.aspnetcore.routing.iendpointroutebuilder" /></para></returns>
      <remarks>
        <para>
          <see cref="M:Microsoft.AspNetCore.Builder.StaticFilesEndpointRouteBuilderExtensions.MapFallbackToFile(Microsoft.AspNetCore.Routing.IEndpointRouteBuilder,System.String)" /> is intended to handle cases where URL path of
            the request does not contain a filename, and no other endpoint has matched. This is convenient for routing
            requests for dynamic content to a SPA framework, while also allowing requests for non-existent files to
            result in an HTTP 404.
            </para>
        <para>
            The default <see cref="T:Microsoft.AspNetCore.Builder.StaticFileOptions" /> for the <see cref="T:Microsoft.AspNetCore.StaticFiles.StaticFileMiddleware" /> will be used.
            </para>
        <para>
          <see cref="M:Microsoft.AspNetCore.Builder.StaticFilesEndpointRouteBuilderExtensions.MapFallbackToFile(Microsoft.AspNetCore.Routing.IEndpointRouteBuilder,System.String)" /> registers an endpoint using the pattern
            <c>{*path:nonfile}</c>. The order of the registered endpoint will be <c>int.MaxValue</c>.
            </para>
        <para>
          <para> <see cref="m:microsoft.aspnetcore.builder.staticfilesendpointroutebuilderextensions.mapfallbacktofile（microsoft.aspnetcore.routing.iendpointroutebuilder,system.string）" /> 旨在处理 url 路径 请求不包含文件名,并且没有其他终结点匹配.这方便路由 向 spa 框架请求动态内容,同时还允许对不存在的文件的请求 导致 http 404. </para>
          <para> 默认 <see cref="t:microsoft.aspnetcore.builder.staticfileoptions" /> 对于 <see cref="t:microsoft.aspnetcore.staticfiles.staticfilemiddleware" /> 将被使用. </para>
          <para> <see cref="m:microsoft.aspnetcore.builder.staticfilesendpointroutebuilderextensions.mapfallbacktofile（microsoft.aspnetcore.routing.iendpointroutebuilder,system.string）" /> 使用模式注册终结点 <c>{*path:nonfile}</c>.已注册终结点的顺序将为 <c>int.最大值</c>. </para>
        </para>
      </remarks>
    </member>
    <member name="M:Microsoft.AspNetCore.Builder.StaticFilesEndpointRouteBuilderExtensions.MapFallbackToFile(Microsoft.AspNetCore.Routing.IEndpointRouteBuilder,System.String,Microsoft.AspNetCore.Builder.StaticFileOptions)">
      <summary>Adds a specialized <see cref="T:Microsoft.AspNetCore.Routing.RouteEndpoint" /> to the <see cref="T:Microsoft.AspNetCore.Routing.IEndpointRouteBuilder" /> that will match
            requests for non-filenames with the lowest possible priority. The request will be routed to a
            <see cref="T:Microsoft.AspNetCore.StaticFiles.StaticFileMiddleware" /> that attempts to serve the file specified by <paramref name="filePath" />.<para>添加专用 <see cref="t:microsoft.aspnetcore.routing.routeendpoint" /> 到 <see cref="t:microsoft.aspnetcore.routing.iendpointroutebuilder" /> 将匹配 请求具有尽可能低优先级的非文件名.请求将被路由到 <see cref="t:microsoft.aspnetcore.staticfiles.staticfilemiddleware" /> 尝试提供 <paramref name="filePath" /> 指定的文件.</para></summary>
      <param name="endpoints">The <see cref="T:Microsoft.AspNetCore.Routing.IEndpointRouteBuilder" />.<para>这 <see cref="t:microsoft.aspnetcore.routing.iendpointroutebuilder" /> .</para></param>
      <param name="filePath">The file path of the file to serve.<para>要服务的文件的文件路径.</para></param>
      <param name="options">
        <see cref="T:Microsoft.AspNetCore.Builder.StaticFileOptions" /> for the <see cref="T:Microsoft.AspNetCore.StaticFiles.StaticFileMiddleware" />.<para><see cref="t:microsoft.aspnetcore.builder.staticfileoptions" /> 对于 <see cref="t:microsoft.aspnetcore.staticfiles.staticfilemiddleware" /> .</para></param>
      <returns>The <see cref="T:Microsoft.AspNetCore.Routing.IEndpointRouteBuilder" /><para>这 <see cref="t:microsoft.aspnetcore.routing.iendpointroutebuilder" /></para></returns>
      <remarks>
        <para>
          <see cref="M:Microsoft.AspNetCore.Builder.StaticFilesEndpointRouteBuilderExtensions.MapFallbackToFile(Microsoft.AspNetCore.Routing.IEndpointRouteBuilder,System.String,Microsoft.AspNetCore.Builder.StaticFileOptions)" /> is intended to handle cases
            where URL path of the request does not contain a file name, and no other endpoint has matched. This is convenient
            for routing requests for dynamic content to a SPA framework, while also allowing requests for non-existent files to
            result in an HTTP 404.
            </para>
        <para>
          <see cref="M:Microsoft.AspNetCore.Builder.StaticFilesEndpointRouteBuilderExtensions.MapFallbackToFile(Microsoft.AspNetCore.Routing.IEndpointRouteBuilder,System.String,Microsoft.AspNetCore.Builder.StaticFileOptions)" /> registers an endpoint using the pattern
            <c>{*path:nonfile}</c>. The order of the registered endpoint will be <c>int.MaxValue</c>.
            </para>
        <para>
          <para> <see cref="m:microsoft.aspnetcore.builder.staticfilesendpointroutebuilderextensions.mapfallbacktofile（microsoft.aspnetcore.routing.iendpointroutebuilder,system.string,microsoft.aspnetcore.builder.staticfileoptions）" /> 旨在处理案件 其中请求的 url 路径不包含文件名,并且没有其他终结点匹配.这很方便 用于将对动态内容的请求路由到 spa 框架,同时还允许对不存在的文件的请求 导致 http 404. </para>
          <para> <see cref="m:microsoft.aspnetcore.builder.staticfilesendpointroutebuilderextensions.mapfallbacktofile（microsoft.aspnetcore.routing.iendpointroutebuilder,system.string,microsoft.aspnetcore.builder.staticfileoptions）" /> 使用模式注册终结点 <c>{*path:nonfile}</c>.已注册终结点的顺序将为 <c>int.最大值</c>. </para>
        </para>
      </remarks>
    </member>
    <member name="M:Microsoft.AspNetCore.Builder.StaticFilesEndpointRouteBuilderExtensions.MapFallbackToFile(Microsoft.AspNetCore.Routing.IEndpointRouteBuilder,System.String,System.String)">
      <summary>Adds a specialized <see cref="T:Microsoft.AspNetCore.Routing.RouteEndpoint" /> to the <see cref="T:Microsoft.AspNetCore.Routing.IEndpointRouteBuilder" /> that will match
            requests for non-filenames with the lowest possible priority. The request will be routed to a
            <see cref="T:Microsoft.AspNetCore.StaticFiles.StaticFileMiddleware" /> that attempts to serve the file specified by <paramref name="filePath" />.<para>添加专用 <see cref="t:microsoft.aspnetcore.routing.routeendpoint" /> 到 <see cref="t:microsoft.aspnetcore.routing.iendpointroutebuilder" /> 将匹配 请求具有尽可能低优先级的非文件名.请求将被路由到 <see cref="t:microsoft.aspnetcore.staticfiles.staticfilemiddleware" /> 尝试提供 <paramref name="filePath" /> 指定的文件.</para></summary>
      <param name="endpoints">The <see cref="T:Microsoft.AspNetCore.Routing.IEndpointRouteBuilder" />.<para>这 <see cref="t:microsoft.aspnetcore.routing.iendpointroutebuilder" /> .</para></param>
      <param name="pattern">The route pattern.<para>路由模式.</para></param>
      <param name="filePath">The file path of the file to serve.<para>要服务的文件的文件路径.</para></param>
      <returns>The <see cref="T:Microsoft.AspNetCore.Routing.IEndpointRouteBuilder" /><para>这 <see cref="t:microsoft.aspnetcore.routing.iendpointroutebuilder" /></para></returns>
      <remarks>
        <para>
          <see cref="M:Microsoft.AspNetCore.Builder.StaticFilesEndpointRouteBuilderExtensions.MapFallbackToFile(Microsoft.AspNetCore.Routing.IEndpointRouteBuilder,System.String,System.String)" /> is intended to handle
            cases where URL path of the request does not contain a filename, and no other endpoint has matched. This is
            convenient for routing requests for dynamic content to a SPA framework, while also allowing requests for
            non-existent files to result in an HTTP 404.
            </para>
        <para>
            The default <see cref="T:Microsoft.AspNetCore.Builder.StaticFileOptions" /> for the <see cref="T:Microsoft.AspNetCore.StaticFiles.StaticFileMiddleware" /> will be used.
            </para>
        <para>
            The order of the registered endpoint will be <c>int.MaxValue</c>.
            </para>
        <para>
            This overload will use the provided <paramref name="pattern" /> verbatim. Use the <c>:nonfile</c> route contraint
            to exclude requests for static files.
            </para>
        <para>
          <para> <see cref="m:microsoft.aspnetcore.builder.staticfilesendpointroutebuilderextensions.mapfallbacktofile（microsoft.aspnetcore.routing.iendpointroutebuilder,system.string,system.string）" /> 旨在处理 请求的 url 路径不包含文件名,并且没有其他终结点匹配的情况.这是 便于将动态内容请求路由到 spa 框架,同时还允许请求 不存在的文件会导致 http 404. </para>
          <para> 默认 <see cref="t:microsoft.aspnetcore.builder.staticfileoptions" /> 对于 <see cref="t:microsoft.aspnetcore.staticfiles.staticfilemiddleware" /> 将被使用. </para>
          <para> 已注册终结点的顺序将为 <c>int.最大值</c>. </para>
          <para> 此重载将使用提供的 <paramref name="pattern" /> 逐字.使用 <c>:nonfile</c> route contraint 以排除对静态文件的请求. </para>
        </para>
      </remarks>
    </member>
    <member name="M:Microsoft.AspNetCore.Builder.StaticFilesEndpointRouteBuilderExtensions.MapFallbackToFile(Microsoft.AspNetCore.Routing.IEndpointRouteBuilder,System.String,System.String,Microsoft.AspNetCore.Builder.StaticFileOptions)">
      <summary>Adds a specialized <see cref="T:Microsoft.AspNetCore.Routing.RouteEndpoint" /> to the <see cref="T:Microsoft.AspNetCore.Routing.IEndpointRouteBuilder" /> that will match
            requests for non-filenames with the lowest possible priority. The request will be routed to a
            <see cref="T:Microsoft.AspNetCore.StaticFiles.StaticFileMiddleware" /> that attempts to serve the file specified by <paramref name="filePath" />.<para>添加专用 <see cref="t:microsoft.aspnetcore.routing.routeendpoint" /> 到 <see cref="t:microsoft.aspnetcore.routing.iendpointroutebuilder" /> 将匹配 请求具有尽可能低优先级的非文件名.请求将被路由到 <see cref="t:microsoft.aspnetcore.staticfiles.staticfilemiddleware" /> 尝试提供 <paramref name="filePath" /> 指定的文件.</para></summary>
      <param name="endpoints">The <see cref="T:Microsoft.AspNetCore.Routing.IEndpointRouteBuilder" />.<para>这 <see cref="t:microsoft.aspnetcore.routing.iendpointroutebuilder" /> .</para></param>\
            <param name="pattern">The route pattern.<para>路由模式.</para></param><param name="filePath">The file path of the file to serve.<para>要服务的文件的文件路径.</para></param><param name="options"><see cref="T:Microsoft.AspNetCore.Builder.StaticFileOptions" /> for the <see cref="T:Microsoft.AspNetCore.StaticFiles.StaticFileMiddleware" />.<para><see cref="t:microsoft.aspnetcore.builder.staticfileoptions" /> 对于 <see cref="t:microsoft.aspnetcore.staticfiles.staticfilemiddleware" /> .</para></param><returns>The <see cref="T:Microsoft.AspNetCore.Routing.IEndpointRouteBuilder" /><para>这 <see cref="t:microsoft.aspnetcore.routing.iendpointroutebuilder" /></para></returns><remarks><para><see cref="M:Microsoft.AspNetCore.Builder.StaticFilesEndpointRouteBuilderExtensions.MapFallbackToFile(Microsoft.AspNetCore.Routing.IEndpointRouteBuilder,System.String,System.String,Microsoft.AspNetCore.Builder.StaticFileOptions)" /> is intended to handle
            cases where URL path of the request does not contain a filename, and no other endpoint has matched. This is
            convenient for routing requests for dynamic content to a SPA framework, while also allowing requests for
            non-existent files to result in an HTTP 404.
            </para><para>
            The order of the registered endpoint will be <c>int.MaxValue</c>.
            </para><para>
            This overload will use the provided <paramref name="pattern" /> verbatim. Use the <c>:nonfile</c> route contraint
            to exclude requests for static files.
            </para><para><para> <see cref="m:microsoft.aspnetcore.builder.staticfilesendpointroutebuilderextensions.mapfallbacktofile（microsoft.aspnetcore.routing.iendpointroutebuilder,system.string,system.string,microsoft.aspnetcore.builder.staticfileoptions）" /> 旨在处理 请求的 url 路径不包含文件名,并且没有其他终结点匹配的情况.这是 便于将动态内容请求路由到 spa 框架,同时还允许请求 不存在的文件会导致 http 404. </para><para> 已注册终结点的顺序将为 <c>int.最大值</c>. </para><para> 此重载将使用提供的 <paramref name="pattern" /> 逐字.使用 <c>:nonfile</c> route contraint 以排除对静态文件的请求. </para></para></remarks></member>
    <member name="T:Microsoft.AspNetCore.Internal.RangeHelper">
      <summary>Provides a parser for the Range Header in an <see cref="P:Microsoft.AspNetCore.Http.HttpContext.Request" />.<para>为 <see cref="p:microsoft.aspnetcore.http.httpcontext.request" /> .</para></summary>
    </member>
    <member name="M:Microsoft.AspNetCore.Internal.RangeHelper.ParseRange(Microsoft.AspNetCore.Http.HttpContext,Microsoft.AspNetCore.Http.Headers.RequestHeaders,System.Int64,Microsoft.Extensions.Logging.ILogger)">
      <summary>Returns the normalized form of the requested range if the Range Header in the <see cref="P:Microsoft.AspNetCore.Http.HttpContext.Request" /> is valid.<para>返回所请求范围的规范化形式,如果 <see cref="p:microsoft.aspnetcore.http.httpcontext.request" /> 有效.</para></summary>
      <param name="context">The <see cref="T:Microsoft.AspNetCore.Http.HttpContext" /> associated with the request.<para>这 <see cref="t:microsoft.aspnetcore.http.httpcontext" /> 与请求关联.</para></param>
      <param name="requestHeaders">The <see cref="T:Microsoft.AspNetCore.Http.Headers.RequestHeaders" /> associated with the given <paramref name="context" />.<para><see cref="t:microsoft.aspnetcore.http.headers.requestheaders" /> 与给定的 <paramref name="context" /> 相关联.</para></param>
      <param name="length">The total length of the file representation requested.<para>请求的文件表示形式的总长度.</para></param>
      <param name="logger">The <see cref="T:Microsoft.Extensions.Logging.ILogger" />.<para><see cref="T:Microsoft.Extensions.Logging.ILogger" />.</para></param>
      <returns>A boolean value which represents if the <paramref name="requestHeaders" /> contain a single valid
            range request. A <see cref="T:Microsoft.Net.Http.Headers.RangeItemHeaderValue" /> which represents the normalized form of the
            range parsed from the <paramref name="requestHeaders" /> or <c>null</c> if it cannot be normalized.<para>一个布尔值,表示 <paramref name="requestHeaders" /> 是否包含单个有效值 范围请求.一个 <see cref="T:Microsoft.Net.Http.Headers.RangeItemHeaderValue" />,它表示 从 <paramref name="requestHeaders" /> 或 <c>null</c> 解析的范围（如果无法规范化）.</para></returns>
      <remark>If the Range header exists but cannot be parsed correctly, or if the provided length is 0, then the range request cannot be satisfied (status 416).
            This results in (<c>true</c>,<c>null</c>) return values.</remark>
    </member>
    <member name="T:Microsoft.Extensions.DependencyInjection.DirectoryBrowserServiceExtensions">
      <summary>Extension methods for adding directory browser services.<para>用于添加目录浏览器服务的扩展方法.</para></summary>
    </member>
    <member name="M:Microsoft.Extensions.DependencyInjection.DirectoryBrowserServiceExtensions.AddDirectoryBrowser(Microsoft.Extensions.DependencyInjection.IServiceCollection)">
      <summary>Adds directory browser middleware services.<para>添加目录浏览器中间件服务.</para></summary>
      <param name="services">The <see cref="T:Microsoft.Extensions.DependencyInjection.IServiceCollection" /> to add services to.<para>要向其添加服务的 <see cref="T:Microsoft.Extensions.DependencyInjection.IServiceCollection" />.</para></param>
      <returns>The <see cref="T:Microsoft.Extensions.DependencyInjection.IServiceCollection" /> so that additional calls can be chained.<para><see cref="T:Microsoft.Extensions.DependencyInjection.IServiceCollection" />,以便可以链接其他调用.</para></returns>
    </member>
  </members>
</doc>