<?xml version="1.0"?>
<doc>
  <assembly>
    <name>Microsoft.AspNetCore.Mvc.Localization</name>
  </assembly>
  <members>
    <member name="T:Microsoft.Extensions.DependencyInjection.MvcLocalizationMvcBuilderExtensions">
      <summary>Extension methods for configuring MVC view and data annotations localization services.<para>用于配置 mvc 视图和数据注释本地化服务的扩展方法.</para></summary>
    </member>
    <member name="M:Microsoft.Extensions.DependencyInjection.MvcLocalizationMvcBuilderExtensions.AddViewLocalization(Microsoft.Extensions.DependencyInjection.IMvcBuilder)">
      <summary>Adds MVC view localization services to the application.<para>将 mvc 视图本地化服务添加到应用程序.</para></summary>
      <param name="builder">The <see cref="T:Microsoft.Extensions.DependencyInjection.IMvcBuilder" />.<para>的 <see cref="T:Microsoft.Extensions.DependencyInjection.IMvcBuilder" />.</para></param>
      <returns>The <see cref="T:Microsoft.Extensions.DependencyInjection.IMvcBuilder" />.<para>的 <see cref="T:Microsoft.Extensions.DependencyInjection.IMvcBuilder" />.</para></returns>
    </member>
    <member name="M:Microsoft.Extensions.DependencyInjection.MvcLocalizationMvcBuilderExtensions.AddViewLocalization(Microsoft.Extensions.DependencyInjection.IMvcBuilder,Microsoft.AspNetCore.Mvc.Razor.LanguageViewLocationExpanderFormat)">
      <summary>Adds MVC view localization services to the application.<para>将 mvc 视图本地化服务添加到应用程序.</para></summary>
      <param name="builder">The <see cref="T:Microsoft.Extensions.DependencyInjection.IMvcBuilder" />.<para>的 <see cref="T:Microsoft.Extensions.DependencyInjection.IMvcBuilder" />.</para></param>
      <param name="format">The view format for localized views.<para>本地化视图的视图格式.</para></param>
      <returns>The <see cref="T:Microsoft.Extensions.DependencyInjection.IMvcBuilder" />.<para>的 <see cref="T:Microsoft.Extensions.DependencyInjection.IMvcBuilder" />.</para></returns>
    </member>
    <member name="M:Microsoft.Extensions.DependencyInjection.MvcLocalizationMvcBuilderExtensions.AddViewLocalization(Microsoft.Extensions.DependencyInjection.IMvcBuilder,System.Action{Microsoft.Extensions.Localization.LocalizationOptions})">
      <summary>Adds MVC view localization services to the application.<para>将 mvc 视图本地化服务添加到应用程序.</para></summary>
      <param name="builder">The <see cref="T:Microsoft.Extensions.DependencyInjection.IMvcBuilder" />.<para>的 <see cref="T:Microsoft.Extensions.DependencyInjection.IMvcBuilder" />.</para></param>
      <param name="setupAction">An action to configure the <see cref="T:Microsoft.Extensions.Localization.LocalizationOptions" />.<para>用于配置 <see cref="T:Microsoft.Extensions.Localization.LocalizationOptions" /> 的操作.</para></param>
      <returns>The <see cref="T:Microsoft.Extensions.DependencyInjection.IMvcBuilder" />.<para>的 <see cref="T:Microsoft.Extensions.DependencyInjection.IMvcBuilder" />.</para></returns>
    </member>
    <member name="M:Microsoft.Extensions.DependencyInjection.MvcLocalizationMvcBuilderExtensions.AddViewLocalization(Microsoft.Extensions.DependencyInjection.IMvcBuilder,Microsoft.AspNetCore.Mvc.Razor.LanguageViewLocationExpanderFormat,System.Action{Microsoft.Extensions.Localization.LocalizationOptions})">
      <summary>Adds MVC view localization services to the application.<para>将 mvc 视图本地化服务添加到应用程序.</para></summary>
      <param name="builder">The <see cref="T:Microsoft.Extensions.DependencyInjection.IMvcBuilder" />.<para>的 <see cref="T:Microsoft.Extensions.DependencyInjection.IMvcBuilder" />.</para></param>
      <param name="format">The view format for localized views.<para>本地化视图的视图格式.</para></param>
      <param name="setupAction">An action to configure the <see cref="T:Microsoft.Extensions.Localization.LocalizationOptions" />.<para>用于配置 <see cref="T:Microsoft.Extensions.Localization.LocalizationOptions" /> 的操作.</para></param>
      <returns>The <see cref="T:Microsoft.Extensions.DependencyInjection.IMvcBuilder" />.<para>的 <see cref="T:Microsoft.Extensions.DependencyInjection.IMvcBuilder" />.</para></returns>
    </member>
    <member name="M:Microsoft.Extensions.DependencyInjection.MvcLocalizationMvcBuilderExtensions.AddMvcLocalization(Microsoft.Extensions.DependencyInjection.IMvcBuilder)">
      <summary>Adds MVC view and data annotations localization services to the application.<para>将 mvc 视图和数据注释本地化服务添加到应用程序.</para></summary>
      <param name="builder">The <see cref="T:Microsoft.Extensions.DependencyInjection.IMvcBuilder" />.<para>的 <see cref="T:Microsoft.Extensions.DependencyInjection.IMvcBuilder" />.</para></param>
      <returns>The <see cref="T:Microsoft.Extensions.DependencyInjection.IMvcBuilder" />.<para>的 <see cref="T:Microsoft.Extensions.DependencyInjection.IMvcBuilder" />.</para></returns>
      <remarks>Adding localization also adds support for views via
            <see cref="M:Microsoft.Extensions.DependencyInjection.MvcViewFeaturesMvcCoreBuilderExtensions.AddViews(Microsoft.Extensions.DependencyInjection.IMvcCoreBuilder)" /> and the Razor view engine
            via <see cref="M:Microsoft.Extensions.DependencyInjection.MvcRazorMvcCoreBuilderExtensions.AddRazorViewEngine(Microsoft.Extensions.DependencyInjection.IMvcCoreBuilder)" />.<para>添加本地化还会通过以下方式添加对视图的支持 <see cref="m:microsoft.extensions.dependencyinjection.mvcviewfeaturesmvccorebuilderextensions.addviews（microsoft.extensions.dependencyinjection.imvccorebuilder）" /> 和剃刀视图引擎 通过 <see cref="m:microsoft.extensions.dependencyinjection.mvcrazormvccorebuilderextensions.addrazorviewengine（microsoft.extensions.dependencyinjection.imvccorebuilder）" /> .</para></remarks>
    </member>
    <member name="M:Microsoft.Extensions.DependencyInjection.MvcLocalizationMvcBuilderExtensions.AddMvcLocalization(Microsoft.Extensions.DependencyInjection.IMvcBuilder,System.Action{Microsoft.Extensions.Localization.LocalizationOptions})">
      <summary>Adds MVC view and data annotations localization services to the application.<para>将 mvc 视图和数据注释本地化服务添加到应用程序.</para></summary>
      <param name="builder">The <see cref="T:Microsoft.Extensions.DependencyInjection.IMvcBuilder" />.<para>的 <see cref="T:Microsoft.Extensions.DependencyInjection.IMvcBuilder" />.</para></param>
      <param name="localizationOptionsSetupAction">An action to configure the <see cref="T:Microsoft.Extensions.Localization.LocalizationOptions" />.<para>用于配置 <see cref="T:Microsoft.Extensions.Localization.LocalizationOptions" /> 的操作.</para></param>
      <returns>The <see cref="T:Microsoft.Extensions.DependencyInjection.IMvcBuilder" />.<para>的 <see cref="T:Microsoft.Extensions.DependencyInjection.IMvcBuilder" />.</para></returns>
      <remarks>Adding localization also adds support for views via
            <see cref="M:Microsoft.Extensions.DependencyInjection.MvcViewFeaturesMvcCoreBuilderExtensions.AddViews(Microsoft.Extensions.DependencyInjection.IMvcCoreBuilder)" /> and the Razor view engine
            via <see cref="M:Microsoft.Extensions.DependencyInjection.MvcRazorMvcCoreBuilderExtensions.AddRazorViewEngine(Microsoft.Extensions.DependencyInjection.IMvcCoreBuilder)" />.<para>添加本地化还会通过以下方式添加对视图的支持 <see cref="m:microsoft.extensions.dependencyinjection.mvcviewfeaturesmvccorebuilderextensions.addviews（microsoft.extensions.dependencyinjection.imvccorebuilder）" /> 和剃刀视图引擎 通过 <see cref="m:microsoft.extensions.dependencyinjection.mvcrazormvccorebuilderextensions.addrazorviewengine（microsoft.extensions.dependencyinjection.imvccorebuilder）" /> .</para></remarks>
    </member>
    <member name="M:Microsoft.Extensions.DependencyInjection.MvcLocalizationMvcBuilderExtensions.AddMvcLocalization(Microsoft.Extensions.DependencyInjection.IMvcBuilder,Microsoft.AspNetCore.Mvc.Razor.LanguageViewLocationExpanderFormat)">
      <summary>Adds MVC view and data annotations localization services to the application.<para>将 mvc 视图和数据注释本地化服务添加到应用程序.</para></summary>
      <param name="builder">The <see cref="T:Microsoft.Extensions.DependencyInjection.IMvcBuilder" />.<para>的 <see cref="T:Microsoft.Extensions.DependencyInjection.IMvcBuilder" />.</para></param>
      <param name="format">The view format for localized views.<para>本地化视图的视图格式.</para></param>
      <returns>The <see cref="T:Microsoft.Extensions.DependencyInjection.IMvcBuilder" />.<para>的 <see cref="T:Microsoft.Extensions.DependencyInjection.IMvcBuilder" />.</para></returns>
      <remarks>Adding localization also adds support for views via
            <see cref="M:Microsoft.Extensions.DependencyInjection.MvcViewFeaturesMvcCoreBuilderExtensions.AddViews(Microsoft.Extensions.DependencyInjection.IMvcCoreBuilder)" /> and the Razor view engine
            via <see cref="M:Microsoft.Extensions.DependencyInjection.MvcRazorMvcCoreBuilderExtensions.AddRazorViewEngine(Microsoft.Extensions.DependencyInjection.IMvcCoreBuilder)" />.<para>添加本地化还会通过以下方式添加对视图的支持 <see cref="m:microsoft.extensions.dependencyinjection.mvcviewfeaturesmvccorebuilderextensions.addviews（microsoft.extensions.dependencyinjection.imvccorebuilder）" /> 和剃刀视图引擎 通过 <see cref="m:microsoft.extensions.dependencyinjection.mvcrazormvccorebuilderextensions.addrazorviewengine（microsoft.extensions.dependencyinjection.imvccorebuilder）" /> .</para></remarks>
    </member>
    <member name="M:Microsoft.Extensions.DependencyInjection.MvcLocalizationMvcBuilderExtensions.AddMvcLocalization(Microsoft.Extensions.DependencyInjection.IMvcBuilder,System.Action{Microsoft.Extensions.Localization.LocalizationOptions},Microsoft.AspNetCore.Mvc.Razor.LanguageViewLocationExpanderFormat)">
      <summary>Adds MVC view and data annotations localization services to the application.<para>将 mvc 视图和数据注释本地化服务添加到应用程序.</para></summary>
      <param name="builder">The <see cref="T:Microsoft.Extensions.DependencyInjection.IMvcBuilder" />.<para>的 <see cref="T:Microsoft.Extensions.DependencyInjection.IMvcBuilder" />.</para></param>
      <param name="localizationOptionsSetupAction">An action to configure the
            <see cref="T:Microsoft.Extensions.Localization.LocalizationOptions" />.<para>用于配置 <see cref="T:Microsoft.Extensions.Localization.LocalizationOptions" />.</para></param>
      <param name="format">The view format for localized views.<para>本地化视图的视图格式.</para></param>
      <returns>The <see cref="T:Microsoft.Extensions.DependencyInjection.IMvcBuilder" />.<para>的 <see cref="T:Microsoft.Extensions.DependencyInjection.IMvcBuilder" />.</para></returns>
      <remarks>Adding localization also adds support for views via
            <see cref="M:Microsoft.Extensions.DependencyInjection.MvcViewFeaturesMvcCoreBuilderExtensions.AddViews(Microsoft.Extensions.DependencyInjection.IMvcCoreBuilder)" /> and the Razor view engine
            via <see cref="M:Microsoft.Extensions.DependencyInjection.MvcRazorMvcCoreBuilderExtensions.AddRazorViewEngine(Microsoft.Extensions.DependencyInjection.IMvcCoreBuilder)" />.<para>添加本地化还会通过以下方式添加对视图的支持 <see cref="m:microsoft.extensions.dependencyinjection.mvcviewfeaturesmvccorebuilderextensions.addviews（microsoft.extensions.dependencyinjection.imvccorebuilder）" /> 和剃刀视图引擎 通过 <see cref="m:microsoft.extensions.dependencyinjection.mvcrazormvccorebuilderextensions.addrazorviewengine（microsoft.extensions.dependencyinjection.imvccorebuilder）" /> .</para></remarks>
    </member>
    <member name="M:Microsoft.Extensions.DependencyInjection.MvcLocalizationMvcBuilderExtensions.AddMvcLocalization(Microsoft.Extensions.DependencyInjection.IMvcBuilder,System.Action{Microsoft.AspNetCore.Mvc.DataAnnotations.MvcDataAnnotationsLocalizationOptions})">
      <summary>Adds MVC view and data annotations localization services to the application.<para>将 mvc 视图和数据注释本地化服务添加到应用程序.</para></summary>
      <param name="builder">The <see cref="T:Microsoft.Extensions.DependencyInjection.IMvcBuilder" />.<para>的 <see cref="T:Microsoft.Extensions.DependencyInjection.IMvcBuilder" />.</para></param>
      <param name="dataAnnotationsLocalizationOptionsSetupAction">An action to configure the
            <see cref="T:Microsoft.AspNetCore.Mvc.DataAnnotations.MvcDataAnnotationsLocalizationOptions" />.<para>用于配置 <see cref="t:microsoft.aspnetcore.mvc.dataannotations.mvcdataannotationslocalizationoptions" /> .</para></param>
      <returns>The <see cref="T:Microsoft.Extensions.DependencyInjection.IMvcBuilder" />.<para>的 <see cref="T:Microsoft.Extensions.DependencyInjection.IMvcBuilder" />.</para></returns>
      <remarks>Adding localization also adds support for views via
            <see cref="M:Microsoft.Extensions.DependencyInjection.MvcViewFeaturesMvcCoreBuilderExtensions.AddViews(Microsoft.Extensions.DependencyInjection.IMvcCoreBuilder)" /> and the Razor view engine
            via <see cref="M:Microsoft.Extensions.DependencyInjection.MvcRazorMvcCoreBuilderExtensions.AddRazorViewEngine(Microsoft.Extensions.DependencyInjection.IMvcCoreBuilder)" />.<para>添加本地化还会通过以下方式添加对视图的支持 <see cref="m:microsoft.extensions.dependencyinjection.mvcviewfeaturesmvccorebuilderextensions.addviews（microsoft.extensions.dependencyinjection.imvccorebuilder）" /> 和剃刀视图引擎 通过 <see cref="m:microsoft.extensions.dependencyinjection.mvcrazormvccorebuilderextensions.addrazorviewengine（microsoft.extensions.dependencyinjection.imvccorebuilder）" /> .</para></remarks>
    </member>
    <member name="M:Microsoft.Extensions.DependencyInjection.MvcLocalizationMvcBuilderExtensions.AddMvcLocalization(Microsoft.Extensions.DependencyInjection.IMvcBuilder,System.Action{Microsoft.Extensions.Localization.LocalizationOptions},System.Action{Microsoft.AspNetCore.Mvc.DataAnnotations.MvcDataAnnotationsLocalizationOptions})">
      <summary>Adds MVC view and data annotations localization services to the application.<para>将 mvc 视图和数据注释本地化服务添加到应用程序.</para></summary>
      <param name="builder">The <see cref="T:Microsoft.Extensions.DependencyInjection.IMvcBuilder" />.<para>的 <see cref="T:Microsoft.Extensions.DependencyInjection.IMvcBuilder" />.</para></param>
      <param name="localizationOptionsSetupAction">An action to configure the
            <see cref="T:Microsoft.Extensions.Localization.LocalizationOptions" />.<para>用于配置 <see cref="T:Microsoft.Extensions.Localization.LocalizationOptions" />.</para></param>
      <param name="dataAnnotationsLocalizationOptionsSetupAction">An action to configure the
            <see cref="T:Microsoft.AspNetCore.Mvc.DataAnnotations.MvcDataAnnotationsLocalizationOptions" />.<para>用于配置 <see cref="t:microsoft.aspnetcore.mvc.dataannotations.mvcdataannotationslocalizationoptions" /> .</para></param>
      <returns>The <see cref="T:Microsoft.Extensions.DependencyInjection.IMvcBuilder" />.<para>的 <see cref="T:Microsoft.Extensions.DependencyInjection.IMvcBuilder" />.</para></returns>
      <remarks>Adding localization also adds support for views via
            <see cref="M:Microsoft.Extensions.DependencyInjection.MvcViewFeaturesMvcCoreBuilderExtensions.AddViews(Microsoft.Extensions.DependencyInjection.IMvcCoreBuilder)" /> and the Razor view engine
            via <see cref="M:Microsoft.Extensions.DependencyInjection.MvcRazorMvcCoreBuilderExtensions.AddRazorViewEngine(Microsoft.Extensions.DependencyInjection.IMvcCoreBuilder)" />.<para>添加本地化还会通过以下方式添加对视图的支持 <see cref="m:microsoft.extensions.dependencyinjection.mvcviewfeaturesmvccorebuilderextensions.addviews（microsoft.extensions.dependencyinjection.imvccorebuilder）" /> 和剃刀视图引擎 通过 <see cref="m:microsoft.extensions.dependencyinjection.mvcrazormvccorebuilderextensions.addrazorviewengine（microsoft.extensions.dependencyinjection.imvccorebuilder）" /> .</para></remarks>
    </member>
    <member name="M:Microsoft.Extensions.DependencyInjection.MvcLocalizationMvcBuilderExtensions.AddMvcLocalization(Microsoft.Extensions.DependencyInjection.IMvcBuilder,Microsoft.AspNetCore.Mvc.Razor.LanguageViewLocationExpanderFormat,System.Action{Microsoft.AspNetCore.Mvc.DataAnnotations.MvcDataAnnotationsLocalizationOptions})">
      <summary>Adds MVC view and data annotations localization services to the application.<para>将 mvc 视图和数据注释本地化服务添加到应用程序.</para></summary>
      <param name="builder">The <see cref="T:Microsoft.Extensions.DependencyInjection.IMvcBuilder" />.<para>的 <see cref="T:Microsoft.Extensions.DependencyInjection.IMvcBuilder" />.</para></param>
      <param name="format">The view format for localized views.<para>本地化视图的视图格式.</para></param>
      <param name="dataAnnotationsLocalizationOptionsSetupAction">An action to configure the
            <see cref="T:Microsoft.AspNetCore.Mvc.DataAnnotations.MvcDataAnnotationsLocalizationOptions" />.<para>用于配置 <see cref="t:microsoft.aspnetcore.mvc.dataannotations.mvcdataannotationslocalizationoptions" /> .</para></param>
      <returns>The <see cref="T:Microsoft.Extensions.DependencyInjection.IMvcBuilder" />.<para>的 <see cref="T:Microsoft.Extensions.DependencyInjection.IMvcBuilder" />.</para></returns>
      <remarks>Adding localization also adds support for views via
            <see cref="M:Microsoft.Extensions.DependencyInjection.MvcViewFeaturesMvcCoreBuilderExtensions.AddViews(Microsoft.Extensions.DependencyInjection.IMvcCoreBuilder)" /> and the Razor view engine
            via <see cref="M:Microsoft.Extensions.DependencyInjection.MvcRazorMvcCoreBuilderExtensions.AddRazorViewEngine(Microsoft.Extensions.DependencyInjection.IMvcCoreBuilder)" />.<para>添加本地化还会通过以下方式添加对视图的支持 <see cref="m:microsoft.extensions.dependencyinjection.mvcviewfeaturesmvccorebuilderextensions.addviews（microsoft.extensions.dependencyinjection.imvccorebuilder）" /> 和剃刀视图引擎 通过 <see cref="m:microsoft.extensions.dependencyinjection.mvcrazormvccorebuilderextensions.addrazorviewengine（microsoft.extensions.dependencyinjection.imvccorebuilder）" /> .</para></remarks>
    </member>
    <member name="M:Microsoft.Extensions.DependencyInjection.MvcLocalizationMvcBuilderExtensions.AddMvcLocalization(Microsoft.Extensions.DependencyInjection.IMvcBuilder,System.Action{Microsoft.Extensions.Localization.LocalizationOptions},Microsoft.AspNetCore.Mvc.Razor.LanguageViewLocationExpanderFormat,System.Action{Microsoft.AspNetCore.Mvc.DataAnnotations.MvcDataAnnotationsLocalizationOptions})">
      <summary>Adds MVC view and data annotations localization services to the application.<para>将 mvc 视图和数据注释本地化服务添加到应用程序.</para></summary>
      <param name="builder">The <see cref="T:Microsoft.Extensions.DependencyInjection.IMvcBuilder" />.<para>的 <see cref="T:Microsoft.Extensions.DependencyInjection.IMvcBuilder" />.</para></param>
      <param name="localizationOptionsSetupAction">An action to configure the <see cref="T:Microsoft.Extensions.Localization.LocalizationOptions" />.
            Can be <c>null</c>.<para>用于配置 <see cref="T:Microsoft.Extensions.Localization.LocalizationOptions" /> 的操作. 可以是 <c>null</c>.</para></param>
      <param name="format">The view format for localized views.<para>本地化视图的视图格式.</para></param>
      <param name="dataAnnotationsLocalizationOptionsSetupAction">An action to configure
            the <see cref="T:Microsoft.AspNetCore.Mvc.DataAnnotations.MvcDataAnnotationsLocalizationOptions" />. Can be <c>null</c>.<para>要配置的操作 这 <see cref="t:microsoft.aspnetcore.mvc.dataannotations.mvcdataannotationslocalizationoptions" /> .可以是 <c>null</c>.</para></param>
      <returns>The <see cref="T:Microsoft.Extensions.DependencyInjection.IMvcBuilder" />.<para>的 <see cref="T:Microsoft.Extensions.DependencyInjection.IMvcBuilder" />.</para></returns>
      <remarks>Adding localization also adds support for views via
            <see cref="M:Microsoft.Extensions.DependencyInjection.MvcViewFeaturesMvcCoreBuilderExtensions.AddViews(Microsoft.Extensions.DependencyInjection.IMvcCoreBuilder)" /> and the Razor view engine
            via <see cref="M:Microsoft.Extensions.DependencyInjection.MvcRazorMvcCoreBuilderExtensions.AddRazorViewEngine(Microsoft.Extensions.DependencyInjection.IMvcCoreBuilder)" />.<para>添加本地化还会通过以下方式添加对视图的支持 <see cref="m:microsoft.extensions.dependencyinjection.mvcviewfeaturesmvccorebuilderextensions.addviews（microsoft.extensions.dependencyinjection.imvccorebuilder）" /> 和剃刀视图引擎 通过 <see cref="m:microsoft.extensions.dependencyinjection.mvcrazormvccorebuilderextensions.addrazorviewengine（microsoft.extensions.dependencyinjection.imvccorebuilder）" /> .</para></remarks>
    </member>
    <member name="T:Microsoft.Extensions.DependencyInjection.MvcLocalizationMvcCoreBuilderExtensions">
      <summary>Extension methods for configuring MVC view and data annotations localization services.<para>用于配置 mvc 视图和数据注释本地化服务的扩展方法.</para></summary>
    </member>
    <member name="M:Microsoft.Extensions.DependencyInjection.MvcLocalizationMvcCoreBuilderExtensions.AddViewLocalization(Microsoft.Extensions.DependencyInjection.IMvcCoreBuilder)">
      <summary>Adds MVC view localization services to the application.<para>将 mvc 视图本地化服务添加到应用程序.</para></summary>
      <param name="builder">The <see cref="T:Microsoft.Extensions.DependencyInjection.IMvcCoreBuilder" />.<para>的 <see cref="T:Microsoft.Extensions.DependencyInjection.IMvcCoreBuilder" />.</para></param>
      <returns>The <see cref="T:Microsoft.Extensions.DependencyInjection.IMvcCoreBuilder" />.<para>的 <see cref="T:Microsoft.Extensions.DependencyInjection.IMvcCoreBuilder" />.</para></returns>
      <remarks>Adding localization also adds support for views via
            <see cref="M:Microsoft.Extensions.DependencyInjection.MvcViewFeaturesMvcCoreBuilderExtensions.AddViews(Microsoft.Extensions.DependencyInjection.IMvcCoreBuilder)" /> and the Razor view engine
            via <see cref="M:Microsoft.Extensions.DependencyInjection.MvcRazorMvcCoreBuilderExtensions.AddRazorViewEngine(Microsoft.Extensions.DependencyInjection.IMvcCoreBuilder)" />.<para>添加本地化还会通过以下方式添加对视图的支持 <see cref="m:microsoft.extensions.dependencyinjection.mvcviewfeaturesmvccorebuilderextensions.addviews（microsoft.extensions.dependencyinjection.imvccorebuilder）" /> 和剃刀视图引擎 通过 <see cref="m:microsoft.extensions.dependencyinjection.mvcrazormvccorebuilderextensions.addrazorviewengine（microsoft.extensions.dependencyinjection.imvccorebuilder）" /> .</para></remarks>
    </member>
    <member name="M:Microsoft.Extensions.DependencyInjection.MvcLocalizationMvcCoreBuilderExtensions.AddViewLocalization(Microsoft.Extensions.DependencyInjection.IMvcCoreBuilder,Microsoft.AspNetCore.Mvc.Razor.LanguageViewLocationExpanderFormat)">
      <summary>Adds MVC view localization services to the application.<para>将 mvc 视图本地化服务添加到应用程序.</para></summary>
      <param name="builder">The <see cref="T:Microsoft.Extensions.DependencyInjection.IMvcCoreBuilder" />.<para>的 <see cref="T:Microsoft.Extensions.DependencyInjection.IMvcCoreBuilder" />.</para></param>
      <param name="format">The view format for localized views.<para>本地化视图的视图格式.</para></param>
      <returns>The <see cref="T:Microsoft.Extensions.DependencyInjection.IMvcCoreBuilder" />.<para>的 <see cref="T:Microsoft.Extensions.DependencyInjection.IMvcCoreBuilder" />.</para></returns>
      <remarks>Adding localization also adds support for views via
            <see cref="M:Microsoft.Extensions.DependencyInjection.MvcViewFeaturesMvcCoreBuilderExtensions.AddViews(Microsoft.Extensions.DependencyInjection.IMvcCoreBuilder)" /> and the Razor view engine
            via <see cref="M:Microsoft.Extensions.DependencyInjection.MvcRazorMvcCoreBuilderExtensions.AddRazorViewEngine(Microsoft.Extensions.DependencyInjection.IMvcCoreBuilder)" />.<para>添加本地化还会通过以下方式添加对视图的支持 <see cref="m:microsoft.extensions.dependencyinjection.mvcviewfeaturesmvccorebuilderextensions.addviews（microsoft.extensions.dependencyinjection.imvccorebuilder）" /> 和剃刀视图引擎 通过 <see cref="m:microsoft.extensions.dependencyinjection.mvcrazormvccorebuilderextensions.addrazorviewengine（microsoft.extensions.dependencyinjection.imvccorebuilder）" /> .</para></remarks>
    </member>
    <member name="M:Microsoft.Extensions.DependencyInjection.MvcLocalizationMvcCoreBuilderExtensions.AddViewLocalization(Microsoft.Extensions.DependencyInjection.IMvcCoreBuilder,System.Action{Microsoft.Extensions.Localization.LocalizationOptions})">
      <summary>Adds MVC view localization services to the application.<para>将 mvc 视图本地化服务添加到应用程序.</para></summary>
      <param name="builder">The <see cref="T:Microsoft.Extensions.DependencyInjection.IMvcCoreBuilder" />.<para>的 <see cref="T:Microsoft.Extensions.DependencyInjection.IMvcCoreBuilder" />.</para></param>
      <param name="setupAction">An action to configure the <see cref="T:Microsoft.Extensions.Localization.LocalizationOptions" />.<para>用于配置 <see cref="T:Microsoft.Extensions.Localization.LocalizationOptions" /> 的操作.</para></param>
      <returns>The <see cref="T:Microsoft.Extensions.DependencyInjection.IMvcCoreBuilder" />.<para>的 <see cref="T:Microsoft.Extensions.DependencyInjection.IMvcCoreBuilder" />.</para></returns>
      <remarks>Adding localization also adds support for views via
            <see cref="M:Microsoft.Extensions.DependencyInjection.MvcViewFeaturesMvcCoreBuilderExtensions.AddViews(Microsoft.Extensions.DependencyInjection.IMvcCoreBuilder)" /> and the Razor view engine
            via <see cref="M:Microsoft.Extensions.DependencyInjection.MvcRazorMvcCoreBuilderExtensions.AddRazorViewEngine(Microsoft.Extensions.DependencyInjection.IMvcCoreBuilder)" />.<para>添加本地化还会通过以下方式添加对视图的支持 <see cref="m:microsoft.extensions.dependencyinjection.mvcviewfeaturesmvccorebuilderextensions.addviews（microsoft.extensions.dependencyinjection.imvccorebuilder）" /> 和剃刀视图引擎 通过 <see cref="m:microsoft.extensions.dependencyinjection.mvcrazormvccorebuilderextensions.addrazorviewengine（microsoft.extensions.dependencyinjection.imvccorebuilder）" /> .</para></remarks>
    </member>
    <member name="M:Microsoft.Extensions.DependencyInjection.MvcLocalizationMvcCoreBuilderExtensions.AddViewLocalization(Microsoft.Extensions.DependencyInjection.IMvcCoreBuilder,Microsoft.AspNetCore.Mvc.Razor.LanguageViewLocationExpanderFormat,System.Action{Microsoft.Extensions.Localization.LocalizationOptions})">
      <summary>Adds MVC view localization services to the application.<para>将 mvc 视图本地化服务添加到应用程序.</para></summary>
      <param name="builder">The <see cref="T:Microsoft.Extensions.DependencyInjection.IMvcCoreBuilder" />.<para>的 <see cref="T:Microsoft.Extensions.DependencyInjection.IMvcCoreBuilder" />.</para></param>
      <param name="format">The view format for localized views.<para>本地化视图的视图格式.</para></param>
      <param name="setupAction">An action to configure the <see cref="T:Microsoft.Extensions.Localization.LocalizationOptions" />.<para>用于配置 <see cref="T:Microsoft.Extensions.Localization.LocalizationOptions" /> 的操作.</para></param>
      <returns>The <see cref="T:Microsoft.Extensions.DependencyInjection.IMvcCoreBuilder" />.<para>的 <see cref="T:Microsoft.Extensions.DependencyInjection.IMvcCoreBuilder" />.</para></returns>
      <remarks>Adding localization also adds support for views via
            <see cref="M:Microsoft.Extensions.DependencyInjection.MvcViewFeaturesMvcCoreBuilderExtensions.AddViews(Microsoft.Extensions.DependencyInjection.IMvcCoreBuilder)" /> and the Razor view engine
            via <see cref="M:Microsoft.Extensions.DependencyInjection.MvcRazorMvcCoreBuilderExtensions.AddRazorViewEngine(Microsoft.Extensions.DependencyInjection.IMvcCoreBuilder)" />.<para>添加本地化还会通过以下方式添加对视图的支持 <see cref="m:microsoft.extensions.dependencyinjection.mvcviewfeaturesmvccorebuilderextensions.addviews（microsoft.extensions.dependencyinjection.imvccorebuilder）" /> 和剃刀视图引擎 通过 <see cref="m:microsoft.extensions.dependencyinjection.mvcrazormvccorebuilderextensions.addrazorviewengine（microsoft.extensions.dependencyinjection.imvccorebuilder）" /> .</para></remarks>
    </member>
    <member name="M:Microsoft.Extensions.DependencyInjection.MvcLocalizationMvcCoreBuilderExtensions.AddMvcLocalization(Microsoft.Extensions.DependencyInjection.IMvcCoreBuilder)">
      <summary>Adds MVC view and data annotations localization services to the application.<para>将 mvc 视图和数据注释本地化服务添加到应用程序.</para></summary>
      <param name="builder">The <see cref="T:Microsoft.Extensions.DependencyInjection.IMvcCoreBuilder" />.<para>的 <see cref="T:Microsoft.Extensions.DependencyInjection.IMvcCoreBuilder" />.</para></param>
      <returns>The <see cref="T:Microsoft.Extensions.DependencyInjection.IMvcCoreBuilder" />.<para>的 <see cref="T:Microsoft.Extensions.DependencyInjection.IMvcCoreBuilder" />.</para></returns>
      <remarks>Adding localization also adds support for views via
            <see cref="M:Microsoft.Extensions.DependencyInjection.MvcViewFeaturesMvcCoreBuilderExtensions.AddViews(Microsoft.Extensions.DependencyInjection.IMvcCoreBuilder)" /> and the Razor view engine
            via <see cref="M:Microsoft.Extensions.DependencyInjection.MvcRazorMvcCoreBuilderExtensions.AddRazorViewEngine(Microsoft.Extensions.DependencyInjection.IMvcCoreBuilder)" />.<para>添加本地化还会通过以下方式添加对视图的支持 <see cref="m:microsoft.extensions.dependencyinjection.mvcviewfeaturesmvccorebuilderextensions.addviews（microsoft.extensions.dependencyinjection.imvccorebuilder）" /> 和剃刀视图引擎 通过 <see cref="m:microsoft.extensions.dependencyinjection.mvcrazormvccorebuilderextensions.addrazorviewengine（microsoft.extensions.dependencyinjection.imvccorebuilder）" /> .</para></remarks>
    </member>
    <member name="M:Microsoft.Extensions.DependencyInjection.MvcLocalizationMvcCoreBuilderExtensions.AddMvcLocalization(Microsoft.Extensions.DependencyInjection.IMvcCoreBuilder,System.Action{Microsoft.Extensions.Localization.LocalizationOptions})">
      <summary>Adds MVC view and data annotations localization services to the application.<para>将 mvc 视图和数据注释本地化服务添加到应用程序.</para></summary>
      <param name="builder">The <see cref="T:Microsoft.Extensions.DependencyInjection.IMvcCoreBuilder" />.<para>的 <see cref="T:Microsoft.Extensions.DependencyInjection.IMvcCoreBuilder" />.</para></param>
      <param name="localizationOptionsSetupAction">An action to configure the <see cref="T:Microsoft.Extensions.Localization.LocalizationOptions" />.<para>用于配置 <see cref="T:Microsoft.Extensions.Localization.LocalizationOptions" /> 的操作.</para></param>
      <returns>The <see cref="T:Microsoft.Extensions.DependencyInjection.IMvcCoreBuilder" />.<para>的 <see cref="T:Microsoft.Extensions.DependencyInjection.IMvcCoreBuilder" />.</para></returns>
      <remarks>Adding localization also adds support for views via
            <see cref="M:Microsoft.Extensions.DependencyInjection.MvcViewFeaturesMvcCoreBuilderExtensions.AddViews(Microsoft.Extensions.DependencyInjection.IMvcCoreBuilder)" /> and the Razor view engine
            via <see cref="M:Microsoft.Extensions.DependencyInjection.MvcRazorMvcCoreBuilderExtensions.AddRazorViewEngine(Microsoft.Extensions.DependencyInjection.IMvcCoreBuilder)" />.<para>添加本地化还会通过以下方式添加对视图的支持 <see cref="m:microsoft.extensions.dependencyinjection.mvcviewfeaturesmvccorebuilderextensions.addviews（microsoft.extensions.dependencyinjection.imvccorebuilder）" /> 和剃刀视图引擎 通过 <see cref="m:microsoft.extensions.dependencyinjection.mvcrazormvccorebuilderextensions.addrazorviewengine（microsoft.extensions.dependencyinjection.imvccorebuilder）" /> .</para></remarks>
    </member>
    <member name="M:Microsoft.Extensions.DependencyInjection.MvcLocalizationMvcCoreBuilderExtensions.AddMvcLocalization(Microsoft.Extensions.DependencyInjection.IMvcCoreBuilder,Microsoft.AspNetCore.Mvc.Razor.LanguageViewLocationExpanderFormat)">
      <summary>Adds MVC view and data annotations localization services to the application.<para>将 mvc 视图和数据注释本地化服务添加到应用程序.</para></summary>
      <param name="builder">The <see cref="T:Microsoft.Extensions.DependencyInjection.IMvcCoreBuilder" />.<para>的 <see cref="T:Microsoft.Extensions.DependencyInjection.IMvcCoreBuilder" />.</para></param>
      <param name="format">The view format for localized views.<para>本地化视图的视图格式.</para></param>
      <returns>The <see cref="T:Microsoft.Extensions.DependencyInjection.IMvcCoreBuilder" />.<para>的 <see cref="T:Microsoft.Extensions.DependencyInjection.IMvcCoreBuilder" />.</para></returns>
      <remarks>Adding localization also adds support for views via
            <see cref="M:Microsoft.Extensions.DependencyInjection.MvcViewFeaturesMvcCoreBuilderExtensions.AddViews(Microsoft.Extensions.DependencyInjection.IMvcCoreBuilder)" /> and the Razor view engine
            via <see cref="M:Microsoft.Extensions.DependencyInjection.MvcRazorMvcCoreBuilderExtensions.AddRazorViewEngine(Microsoft.Extensions.DependencyInjection.IMvcCoreBuilder)" />.<para>添加本地化还会通过以下方式添加对视图的支持 <see cref="m:microsoft.extensions.dependencyinjection.mvcviewfeaturesmvccorebuilderextensions.addviews（microsoft.extensions.dependencyinjection.imvccorebuilder）" /> 和剃刀视图引擎 通过 <see cref="m:microsoft.extensions.dependencyinjection.mvcrazormvccorebuilderextensions.addrazorviewengine（microsoft.extensions.dependencyinjection.imvccorebuilder）" /> .</para></remarks>
    </member>
    <member name="M:Microsoft.Extensions.DependencyInjection.MvcLocalizationMvcCoreBuilderExtensions.AddMvcLocalization(Microsoft.Extensions.DependencyInjection.IMvcCoreBuilder,System.Action{Microsoft.Extensions.Localization.LocalizationOptions},Microsoft.AspNetCore.Mvc.Razor.LanguageViewLocationExpanderFormat)">
      <summary>Adds MVC view and data annotations localization services to the application.<para>将 mvc 视图和数据注释本地化服务添加到应用程序.</para></summary>
      <param name="builder">The <see cref="T:Microsoft.Extensions.DependencyInjection.IMvcCoreBuilder" />.<para>的 <see cref="T:Microsoft.Extensions.DependencyInjection.IMvcCoreBuilder" />.</para></param>
      <param name="localizationOptionsSetupAction">An action to configure the
            <see cref="T:Microsoft.Extensions.Localization.LocalizationOptions" />.<para>用于配置 <see cref="T:Microsoft.Extensions.Localization.LocalizationOptions" />.</para></param>
      <param name="format">The view format for localized views.<para>本地化视图的视图格式.</para></param>
      <returns>The <see cref="T:Microsoft.Extensions.DependencyInjection.IMvcCoreBuilder" />.<para>的 <see cref="T:Microsoft.Extensions.DependencyInjection.IMvcCoreBuilder" />.</para></returns>
      <remarks>Adding localization also adds support for views via
            <see cref="M:Microsoft.Extensions.DependencyInjection.MvcViewFeaturesMvcCoreBuilderExtensions.AddViews(Microsoft.Extensions.DependencyInjection.IMvcCoreBuilder)" /> and the Razor view engine
            via <see cref="M:Microsoft.Extensions.DependencyInjection.MvcRazorMvcCoreBuilderExtensions.AddRazorViewEngine(Microsoft.Extensions.DependencyInjection.IMvcCoreBuilder)" />.<para>添加本地化还会通过以下方式添加对视图的支持 <see cref="m:microsoft.extensions.dependencyinjection.mvcviewfeaturesmvccorebuilderextensions.addviews（microsoft.extensions.dependencyinjection.imvccorebuilder）" /> 和剃刀视图引擎 通过 <see cref="m:microsoft.extensions.dependencyinjection.mvcrazormvccorebuilderextensions.addrazorviewengine（microsoft.extensions.dependencyinjection.imvccorebuilder）" /> .</para></remarks>
    </member>
    <member name="M:Microsoft.Extensions.DependencyInjection.MvcLocalizationMvcCoreBuilderExtensions.AddMvcLocalization(Microsoft.Extensions.DependencyInjection.IMvcCoreBuilder,System.Action{Microsoft.AspNetCore.Mvc.DataAnnotations.MvcDataAnnotationsLocalizationOptions})">
      <summary>Adds MVC view and data annotations localization services to the application.<para>将 mvc 视图和数据注释本地化服务添加到应用程序.</para></summary>
      <param name="builder">The <see cref="T:Microsoft.Extensions.DependencyInjection.IMvcCoreBuilder" />.<para>的 <see cref="T:Microsoft.Extensions.DependencyInjection.IMvcCoreBuilder" />.</para></param>
      <param name="dataAnnotationsLocalizationOptionsSetupAction">An action to configure
            the <see cref="T:Microsoft.AspNetCore.Mvc.DataAnnotations.MvcDataAnnotationsLocalizationOptions" />.<para>要配置的操作 这 <see cref="t:microsoft.aspnetcore.mvc.dataannotations.mvcdataannotationslocalizationoptions" /> .</para></param>
      <returns>The <see cref="T:Microsoft.Extensions.DependencyInjection.IMvcCoreBuilder" />.<para>的 <see cref="T:Microsoft.Extensions.DependencyInjection.IMvcCoreBuilder" />.</para></returns>
      <remarks>Adding localization also adds support for views via
            <see cref="M:Microsoft.Extensions.DependencyInjection.MvcViewFeaturesMvcCoreBuilderExtensions.AddViews(Microsoft.Extensions.DependencyInjection.IMvcCoreBuilder)" /> and the Razor view engine
            via <see cref="M:Microsoft.Extensions.DependencyInjection.MvcRazorMvcCoreBuilderExtensions.AddRazorViewEngine(Microsoft.Extensions.DependencyInjection.IMvcCoreBuilder)" />.<para>添加本地化还会通过以下方式添加对视图的支持 <see cref="m:microsoft.extensions.dependencyinjection.mvcviewfeaturesmvccorebuilderextensions.addviews（microsoft.extensions.dependencyinjection.imvccorebuilder）" /> 和剃刀视图引擎 通过 <see cref="m:microsoft.extensions.dependencyinjection.mvcrazormvccorebuilderextensions.addrazorviewengine（microsoft.extensions.dependencyinjection.imvccorebuilder）" /> .</para></remarks>
    </member>
    <member name="M:Microsoft.Extensions.DependencyInjection.MvcLocalizationMvcCoreBuilderExtensions.AddMvcLocalization(Microsoft.Extensions.DependencyInjection.IMvcCoreBuilder,System.Action{Microsoft.Extensions.Localization.LocalizationOptions},System.Action{Microsoft.AspNetCore.Mvc.DataAnnotations.MvcDataAnnotationsLocalizationOptions})">
      <summary>Adds MVC view and data annotations localization services to the application.<para>将 mvc 视图和数据注释本地化服务添加到应用程序.</para></summary>
      <param name="builder">The <see cref="T:Microsoft.Extensions.DependencyInjection.IMvcCoreBuilder" />.<para>的 <see cref="T:Microsoft.Extensions.DependencyInjection.IMvcCoreBuilder" />.</para></param>
      <param name="localizationOptionsSetupAction">An action to configure the
            <see cref="T:Microsoft.Extensions.Localization.LocalizationOptions" />.<para>用于配置 <see cref="T:Microsoft.Extensions.Localization.LocalizationOptions" />.</para></param>
      <param name="dataAnnotationsLocalizationOptionsSetupAction">An action to configure the
            <see cref="T:Microsoft.AspNetCore.Mvc.DataAnnotations.MvcDataAnnotationsLocalizationOptions" />.<para>用于配置 <see cref="t:microsoft.aspnetcore.mvc.dataannotations.mvcdataannotationslocalizationoptions" /> .</para></param>
      <returns>The <see cref="T:Microsoft.Extensions.DependencyInjection.IMvcCoreBuilder" />.<para>的 <see cref="T:Microsoft.Extensions.DependencyInjection.IMvcCoreBuilder" />.</para></returns>
      <remarks>Adding localization also adds support for views via
            <see cref="M:Microsoft.Extensions.DependencyInjection.MvcViewFeaturesMvcCoreBuilderExtensions.AddViews(Microsoft.Extensions.DependencyInjection.IMvcCoreBuilder)" /> and the Razor view engine
            via <see cref="M:Microsoft.Extensions.DependencyInjection.MvcRazorMvcCoreBuilderExtensions.AddRazorViewEngine(Microsoft.Extensions.DependencyInjection.IMvcCoreBuilder)" />.<para>添加本地化还会通过以下方式添加对视图的支持 <see cref="m:microsoft.extensions.dependencyinjection.mvcviewfeaturesmvccorebuilderextensions.addviews（microsoft.extensions.dependencyinjection.imvccorebuilder）" /> 和剃刀视图引擎 通过 <see cref="m:microsoft.extensions.dependencyinjection.mvcrazormvccorebuilderextensions.addrazorviewengine（microsoft.extensions.dependencyinjection.imvccorebuilder）" /> .</para></remarks>
    </member>
    <member name="M:Microsoft.Extensions.DependencyInjection.MvcLocalizationMvcCoreBuilderExtensions.AddMvcLocalization(Microsoft.Extensions.DependencyInjection.IMvcCoreBuilder,Microsoft.AspNetCore.Mvc.Razor.LanguageViewLocationExpanderFormat,System.Action{Microsoft.AspNetCore.Mvc.DataAnnotations.MvcDataAnnotationsLocalizationOptions})">
      <summary>Adds MVC view and data annotations localization services to the application.<para>将 mvc 视图和数据注释本地化服务添加到应用程序.</para></summary>
      <param name="builder">The <see cref="T:Microsoft.Extensions.DependencyInjection.IMvcCoreBuilder" />.<para>的 <see cref="T:Microsoft.Extensions.DependencyInjection.IMvcCoreBuilder" />.</para></param>
      <param name="format">The view format for localized views.<para>本地化视图的视图格式.</para></param>
      <param name="dataAnnotationsLocalizationOptionsSetupAction">An action to configure the
            <see cref="T:Microsoft.AspNetCore.Mvc.DataAnnotations.MvcDataAnnotationsLocalizationOptions" />.<para>用于配置 <see cref="t:microsoft.aspnetcore.mvc.dataannotations.mvcdataannotationslocalizationoptions" /> .</para></param>
      <returns>The <see cref="T:Microsoft.Extensions.DependencyInjection.IMvcCoreBuilder" />.<para>的 <see cref="T:Microsoft.Extensions.DependencyInjection.IMvcCoreBuilder" />.</para></returns>
      <remarks>Adding localization also adds support for views via
            <see cref="M:Microsoft.Extensions.DependencyInjection.MvcViewFeaturesMvcCoreBuilderExtensions.AddViews(Microsoft.Extensions.DependencyInjection.IMvcCoreBuilder)" /> and the Razor view engine
            via <see cref="M:Microsoft.Extensions.DependencyInjection.MvcRazorMvcCoreBuilderExtensions.AddRazorViewEngine(Microsoft.Extensions.DependencyInjection.IMvcCoreBuilder)" />.<para>添加本地化还会通过以下方式添加对视图的支持 <see cref="m:microsoft.extensions.dependencyinjection.mvcviewfeaturesmvccorebuilderextensions.addviews（microsoft.extensions.dependencyinjection.imvccorebuilder）" /> 和剃刀视图引擎 通过 <see cref="m:microsoft.extensions.dependencyinjection.mvcrazormvccorebuilderextensions.addrazorviewengine（microsoft.extensions.dependencyinjection.imvccorebuilder）" /> .</para></remarks>
    </member>
    <member name="M:Microsoft.Extensions.DependencyInjection.MvcLocalizationMvcCoreBuilderExtensions.AddMvcLocalization(Microsoft.Extensions.DependencyInjection.IMvcCoreBuilder,System.Action{Microsoft.Extensions.Localization.LocalizationOptions},Microsoft.AspNetCore.Mvc.Razor.LanguageViewLocationExpanderFormat,System.Action{Microsoft.AspNetCore.Mvc.DataAnnotations.MvcDataAnnotationsLocalizationOptions})">
      <summary>Adds MVC view and data annotations localization services to the application.<para>将 mvc 视图和数据注释本地化服务添加到应用程序.</para></summary>
      <param name="builder">The <see cref="T:Microsoft.Extensions.DependencyInjection.IMvcCoreBuilder" />.<para>的 <see cref="T:Microsoft.Extensions.DependencyInjection.IMvcCoreBuilder" />.</para></param>
      <param name="localizationOptionsSetupAction">An action to configure
            the <see cref="T:Microsoft.Extensions.Localization.LocalizationOptions" />. Can be <c>null</c>.<para>要配置的操作 的 <see cref="T:Microsoft.Extensions.Localization.LocalizationOptions" />.可以是 <c>null</c>.</para></param>
      <param name="format">The view format for localized views.<para>本地化视图的视图格式.</para></param>
      <param name="dataAnnotationsLocalizationOptionsSetupAction">An action to configure
            the <see cref="T:Microsoft.AspNetCore.Mvc.DataAnnotations.MvcDataAnnotationsLocalizationOptions" />. Can be <c>null</c>.<para>要配置的操作 这 <see cref="t:microsoft.aspnetcore.mvc.dataannotations.mvcdataannotationslocalizationoptions" /> .可以是 <c>null</c>.</para></param>
      <returns>The <see cref="T:Microsoft.Extensions.DependencyInjection.IMvcCoreBuilder" />.<para>的 <see cref="T:Microsoft.Extensions.DependencyInjection.IMvcCoreBuilder" />.</para></returns>
      <remarks>Adding localization also adds support for views via
            <see cref="M:Microsoft.Extensions.DependencyInjection.MvcViewFeaturesMvcCoreBuilderExtensions.AddViews(Microsoft.Extensions.DependencyInjection.IMvcCoreBuilder)" /> and the Razor view engine
            via <see cref="M:Microsoft.Extensions.DependencyInjection.MvcRazorMvcCoreBuilderExtensions.AddRazorViewEngine(Microsoft.Extensions.DependencyInjection.IMvcCoreBuilder)" />.<para>添加本地化还会通过以下方式添加对视图的支持 <see cref="m:microsoft.extensions.dependencyinjection.mvcviewfeaturesmvccorebuilderextensions.addviews（microsoft.extensions.dependencyinjection.imvccorebuilder）" /> 和剃刀视图引擎 通过 <see cref="m:microsoft.extensions.dependencyinjection.mvcrazormvccorebuilderextensions.addrazorviewengine（microsoft.extensions.dependencyinjection.imvccorebuilder）" /> .</para></remarks>
    </member>
    <member name="T:Microsoft.AspNetCore.Mvc.Localization.HtmlLocalizer">
      <summary>An <see cref="T:Microsoft.AspNetCore.Mvc.Localization.IHtmlLocalizer" /> that uses the provided <see cref="T:Microsoft.Extensions.Localization.IStringLocalizer" /> to do HTML-aware
            localization of content.<para>一 <see cref="t:microsoft.aspnetcore.mvc.localization.ihtmllocalizer" /> 使用提供的 <see cref="T:Microsoft.Extensions.Localization.IStringLocalizer" /> 来执行 html 感知 内容的本地化.</para></summary>
    </member>
    <member name="M:Microsoft.AspNetCore.Mvc.Localization.HtmlLocalizer.#ctor(Microsoft.Extensions.Localization.IStringLocalizer)">
      <summary>Creates a new <see cref="T:Microsoft.AspNetCore.Mvc.Localization.HtmlLocalizer" />.<para>创建一个新的 <see cref="t:microsoft.aspnetcore.mvc.localization.htmllocalizer" /> .</para></summary>
      <param name="localizer">The <see cref="T:Microsoft.Extensions.Localization.IStringLocalizer" /> to read strings from.<para>要从中读取字符串的 <see cref="T:Microsoft.Extensions.Localization.IStringLocalizer" />.</para></param>
    </member>
    <member name="P:Microsoft.AspNetCore.Mvc.Localization.HtmlLocalizer.Item(System.String)">
      <inheritdoc />
    </member>
    <member name="P:Microsoft.AspNetCore.Mvc.Localization.HtmlLocalizer.Item(System.String,System.Object[])">
      <inheritdoc />
    </member>
    <member name="M:Microsoft.AspNetCore.Mvc.Localization.HtmlLocalizer.GetString(System.String)">
      <inheritdoc />
    </member>
    <member name="M:Microsoft.AspNetCore.Mvc.Localization.HtmlLocalizer.GetString(System.String,System.Object[])">
      <inheritdoc />
    </member>
    <member name="M:Microsoft.AspNetCore.Mvc.Localization.HtmlLocalizer.GetAllStrings(System.Boolean)">
      <inheritdoc />
    </member>
    <member name="M:Microsoft.AspNetCore.Mvc.Localization.HtmlLocalizer.ToHtmlString(Microsoft.Extensions.Localization.LocalizedString)">
      <summary>Creates a new <see cref="T:Microsoft.AspNetCore.Mvc.Localization.LocalizedHtmlString" /> for a <see cref="T:Microsoft.Extensions.Localization.LocalizedString" />.<para>创建一个新的 <see cref="t:microsoft.aspnetcore.mvc.localization.localizedhtmlstring" /> 对于 <see cref="T:Microsoft.Extensions.Localization.LocalizedString" />.</para></summary>
      <param name="result">The <see cref="T:Microsoft.Extensions.Localization.LocalizedString" />.<para>的 <see cref="T:Microsoft.Extensions.Localization.LocalizedString" />.</para></param>
    </member>
    <member name="M:Microsoft.AspNetCore.Mvc.Localization.HtmlLocalizer.ToHtmlString(Microsoft.Extensions.Localization.LocalizedString,System.Object[])">
      <summary>Creates a new <see cref="T:Microsoft.AspNetCore.Mvc.Localization.LocalizedHtmlString" /> for a <see cref="T:Microsoft.Extensions.Localization.LocalizedString" />.<para>创建一个新的 <see cref="t:microsoft.aspnetcore.mvc.localization.localizedhtmlstring" /> 对于 <see cref="T:Microsoft.Extensions.Localization.LocalizedString" />.</para></summary>
      <param name="result">The <see cref="T:Microsoft.Extensions.Localization.LocalizedString" />.<para>的 <see cref="T:Microsoft.Extensions.Localization.LocalizedString" />.</para></param>
      <param name="arguments">The value arguments which will be used in construting the message.<para>将用于解释消息的值参数.</para></param>
    </member>
    <member name="T:Microsoft.AspNetCore.Mvc.Localization.HtmlLocalizerExtensions">
      <summary>Extension methods for <see cref="T:Microsoft.AspNetCore.Mvc.Localization.IHtmlLocalizer" />.<para>的扩展方法 <see cref="t:microsoft.aspnetcore.mvc.localization.ihtmllocalizer" /> .</para></summary>
    </member>
    <member name="M:Microsoft.AspNetCore.Mvc.Localization.HtmlLocalizerExtensions.GetHtml(Microsoft.AspNetCore.Mvc.Localization.IHtmlLocalizer,System.String)">
      <summary>Gets the <see cref="T:Microsoft.AspNetCore.Mvc.Localization.LocalizedHtmlString" /> resource for a specific name.<para>获取 <see cref="t:microsoft.aspnetcore.mvc.localization.localizedhtmlstring" /> 特定名称的资源.</para></summary>
      <param name="htmlLocalizer">The <see cref="T:Microsoft.AspNetCore.Mvc.Localization.IHtmlLocalizer" />.<para>这 <see cref="t:microsoft.aspnetcore.mvc.localization.ihtmllocalizer" /> .</para></param>
      <param name="name">The key to use.<para>要使用的密钥.</para></param>
      <returns>The <see cref="T:Microsoft.AspNetCore.Mvc.Localization.LocalizedHtmlString" /> resource.<para>这 <see cref="t:microsoft.aspnetcore.mvc.localization.localizedhtmlstring" /> 资源.</para></returns>
    </member>
    <member name="M:Microsoft.AspNetCore.Mvc.Localization.HtmlLocalizerExtensions.GetHtml(Microsoft.AspNetCore.Mvc.Localization.IHtmlLocalizer,System.String,System.Object[])">
      <summary>Gets the <see cref="T:Microsoft.AspNetCore.Mvc.Localization.LocalizedHtmlString" /> resource for a specific name.<para>获取 <see cref="t:microsoft.aspnetcore.mvc.localization.localizedhtmlstring" /> 特定名称的资源.</para></summary>
      <param name="htmlLocalizer">The <see cref="T:Microsoft.AspNetCore.Mvc.Localization.IHtmlLocalizer" />.<para>这 <see cref="t:microsoft.aspnetcore.mvc.localization.ihtmllocalizer" /> .</para></param>
      <param name="name">The key to use.<para>要使用的密钥.</para></param>
      <param name="arguments">The values to format the string with.<para>用于格式化字符串的值.</para></param>
      <returns>The <see cref="T:Microsoft.AspNetCore.Mvc.Localization.LocalizedHtmlString" /> resource.<para>这 <see cref="t:microsoft.aspnetcore.mvc.localization.localizedhtmlstring" /> 资源.</para></returns>
    </member>
    <member name="M:Microsoft.AspNetCore.Mvc.Localization.HtmlLocalizerExtensions.GetAllStrings(Microsoft.AspNetCore.Mvc.Localization.IHtmlLocalizer)">
      <summary>Gets all string resources including those for parent cultures.<para>获取所有字符串资源,包括父区域性的字符串资源.</para></summary>
      <param name="htmlLocalizer">The <see cref="T:Microsoft.AspNetCore.Mvc.Localization.IHtmlLocalizer" />.<para>这 <see cref="t:microsoft.aspnetcore.mvc.localization.ihtmllocalizer" /> .</para></param>
      <returns>The string resources.<para>字符串资源.</para></returns>
    </member>
    <member name="T:Microsoft.AspNetCore.Mvc.Localization.HtmlLocalizerFactory">
      <summary>An <see cref="T:Microsoft.AspNetCore.Mvc.Localization.IHtmlLocalizerFactory" /> that creates instances of <see cref="T:Microsoft.AspNetCore.Mvc.Localization.HtmlLocalizer" /> using the
            registered <see cref="T:Microsoft.Extensions.Localization.IStringLocalizerFactory" />.<para>一 <see cref="t:microsoft.aspnetcore.mvc.localization.ihtmllocalizerfactory" /> 创建实例 <see cref="t:microsoft.aspnetcore.mvc.localization.htmllocalizer" /> 使用 已注册 <see cref="T:Microsoft.Extensions.Localization.IStringLocalizerFactory" />.</para></summary>
    </member>
    <member name="M:Microsoft.AspNetCore.Mvc.Localization.HtmlLocalizerFactory.#ctor(Microsoft.Extensions.Localization.IStringLocalizerFactory)">
      <summary>Creates a new <see cref="T:Microsoft.AspNetCore.Mvc.Localization.HtmlLocalizerFactory" />.<para>创建一个新的 <see cref="t:microsoft.aspnetcore.mvc.localization.htmllocalizerfactory" /> .</para></summary>
      <param name="localizerFactory">The <see cref="T:Microsoft.Extensions.Localization.IStringLocalizerFactory" />.<para>的 <see cref="T:Microsoft.Extensions.Localization.IStringLocalizerFactory" />.</para></param>
    </member>
    <member name="M:Microsoft.AspNetCore.Mvc.Localization.HtmlLocalizerFactory.Create(System.Type)">
      <summary>Creates an <see cref="T:Microsoft.AspNetCore.Mvc.Localization.HtmlLocalizer" /> using the specified <see cref="T:System.Type" />.<para>创建一个 <see cref="t:microsoft.aspnetcore.mvc.localization.htmllocalizer" /> 使用指定的 <see cref="T:System.Type" />.</para></summary>
      <param name="resourceSource">The <see cref="T:System.Type" /> to load resources for.<para>要为其加载资源的 <see cref="T:System.Type" />.</para></param>
      <returns>The <see cref="T:Microsoft.AspNetCore.Mvc.Localization.HtmlLocalizer" />.<para>这 <see cref="t:microsoft.aspnetcore.mvc.localization.htmllocalizer" /> .</para></returns>
    </member>
    <member name="M:Microsoft.AspNetCore.Mvc.Localization.HtmlLocalizerFactory.Create(System.String,System.String)">
      <summary>Creates an <see cref="T:Microsoft.AspNetCore.Mvc.Localization.HtmlLocalizer" /> using the specified base name and location.<para>创建一个 <see cref="t:microsoft.aspnetcore.mvc.localization.htmllocalizer" /> 使用指定的基本名称和位置.</para></summary>
      <param name="baseName">The base name of the resource to load strings from.<para>要从中加载字符串的资源的基本名称.</para></param>
      <param name="location">The location to load resources from.<para>要从中加载资源的位置.</para></param>
      <returns>The <see cref="T:Microsoft.AspNetCore.Mvc.Localization.HtmlLocalizer" />.<para>这 <see cref="t:microsoft.aspnetcore.mvc.localization.htmllocalizer" /> .</para></returns>
    </member>
    <member name="T:Microsoft.AspNetCore.Mvc.Localization.HtmlLocalizer`1">
      <summary>An <see cref="T:Microsoft.AspNetCore.Mvc.Localization.IHtmlLocalizer" /> implementation that provides localized HTML content for the specified type
            <typeparamref name="TResource" />.<para>一 <see cref="t:microsoft.aspnetcore.mvc.localization.ihtmllocalizer" /> 为指定类型提供本地化 html 内容的实现 <typeparamref name="TResource" />.</para></summary>
      <typeparam name="TResource">The <see cref="T:System.Type" /> to scope the resource names.<para>用于限定资源名称范围的 <see cref="T:System.Type" />.</para></typeparam>
    </member>
    <member name="M:Microsoft.AspNetCore.Mvc.Localization.HtmlLocalizer`1.#ctor(Microsoft.AspNetCore.Mvc.Localization.IHtmlLocalizerFactory)">
      <summary>Creates a new <see cref="T:Microsoft.AspNetCore.Mvc.Localization.HtmlLocalizer`1" />.<para>创建一个新的 <see cref="t:microsoft.aspnetcore.mvc.localization.htmllocalizer`1" /> .</para></summary>
      <param name="factory">The <see cref="T:Microsoft.AspNetCore.Mvc.Localization.IHtmlLocalizerFactory" />.<para>这 <see cref="t:microsoft.aspnetcore.mvc.localization.ihtmllocalizerfactory" /> .</para></param>
    </member>
    <member name="P:Microsoft.AspNetCore.Mvc.Localization.HtmlLocalizer`1.Item(System.String)">
      <inheritdoc />
    </member>
    <member name="P:Microsoft.AspNetCore.Mvc.Localization.HtmlLocalizer`1.Item(System.String,System.Object[])">
      <inheritdoc />
    </member>
    <member name="M:Microsoft.AspNetCore.Mvc.Localization.HtmlLocalizer`1.GetString(System.String)">
      <inheritdoc />
    </member>
    <member name="M:Microsoft.AspNetCore.Mvc.Localization.HtmlLocalizer`1.GetString(System.String,System.Object[])">
      <inheritdoc />
    </member>
    <member name="M:Microsoft.AspNetCore.Mvc.Localization.HtmlLocalizer`1.GetAllStrings(System.Boolean)">
      <inheritdoc />
    </member>
    <member name="T:Microsoft.AspNetCore.Mvc.Localization.IHtmlLocalizer">
      <summary>Represents a type that does HTML-aware localization of strings, by HTML encoding arguments that are
            formatted in the resource string.<para>表示一种类型,该类型通过 html 编码参数对字符串执行 html 感知本地化,这些参数是 在资源字符串中格式化.</para></summary>
    </member>
    <member name="P:Microsoft.AspNetCore.Mvc.Localization.IHtmlLocalizer.Item(System.String)">
      <summary>Gets the string resource with the given name.<para>获取具有给定名称的字符串资源.</para></summary>
      <param name="name">The name of the string resource.<para>字符串资源的名称.</para></param>
      <returns>The string resource as a <see cref="T:Microsoft.AspNetCore.Mvc.Localization.LocalizedHtmlString" />.<para>字符串资源作为 <see cref="t:microsoft.aspnetcore.mvc.localization.localizedhtmlstring" /> .</para></returns>
    </member>
    <member name="P:Microsoft.AspNetCore.Mvc.Localization.IHtmlLocalizer.Item(System.String,System.Object[])">
      <summary>Gets the string resource with the given name and formatted with the supplied arguments. The arguments will
            be HTML encoded.<para>获取具有给定名称并使用提供的参数设置格式的字符串资源.参数将 进行 html 编码.</para></summary>
      <param name="name">The name of the string resource.<para>字符串资源的名称.</para></param>
      <param name="arguments">The values to format the string with.<para>用于格式化字符串的值.</para></param>
      <returns>The formatted string resource as a <see cref="T:Microsoft.AspNetCore.Mvc.Localization.LocalizedHtmlString" />.<para>格式化的字符串资源作为 <see cref="t:microsoft.aspnetcore.mvc.localization.localizedhtmlstring" /> .</para></returns>
    </member>
    <member name="M:Microsoft.AspNetCore.Mvc.Localization.IHtmlLocalizer.GetString(System.String)">
      <summary>Gets the string resource with the given name.<para>获取具有给定名称的字符串资源.</para></summary>
      <param name="name">The name of the string resource.<para>字符串资源的名称.</para></param>
      <returns>The string resource as a <see cref="T:Microsoft.Extensions.Localization.LocalizedString" />.<para>作为 <see cref="T:Microsoft.Extensions.Localization.LocalizedString" /> 的字符串资源.</para></returns>
    </member>
    <member name="M:Microsoft.AspNetCore.Mvc.Localization.IHtmlLocalizer.GetString(System.String,System.Object[])">
      <summary>Gets the string resource with the given name and formatted with the supplied arguments.<para>获取具有给定名称并使用提供的参数设置格式的字符串资源.</para></summary>
      <param name="name">The name of the string resource.<para>字符串资源的名称.</para></param>
      <param name="arguments">The values to format the string with.<para>用于格式化字符串的值.</para></param>
      <returns>The formatted string resource as a <see cref="T:Microsoft.Extensions.Localization.LocalizedString" />.<para>格式化为 <see cref="T:Microsoft.Extensions.Localization.LocalizedString" /> 的字符串资源.</para></returns>
    </member>
    <member name="M:Microsoft.AspNetCore.Mvc.Localization.IHtmlLocalizer.GetAllStrings(System.Boolean)">
      <summary>Gets all string resources.<para>获取所有字符串资源.</para></summary>
      <param name="includeParentCultures">A <see cref="T:System.Boolean" /> indicating whether to include strings from parent cultures.<para>一个 <see cref="T:System.Boolean" />,指示是否包含父区域性的字符串.</para></param>
      <returns>The strings.<para>字符串.</para></returns>
    </member>
    <member name="T:Microsoft.AspNetCore.Mvc.Localization.IHtmlLocalizerFactory">
      <summary>A factory that creates <see cref="T:Microsoft.AspNetCore.Mvc.Localization.IHtmlLocalizer" /> instances.<para>一个创造的工厂 <see cref="t:microsoft.aspnetcore.mvc.localization.ihtmllocalizer" /> 实例.</para></summary>
    </member>
    <member name="M:Microsoft.AspNetCore.Mvc.Localization.IHtmlLocalizerFactory.Create(System.Type)">
      <summary>Creates an <see cref="T:Microsoft.AspNetCore.Mvc.Localization.IHtmlLocalizer" /> using the <see cref="T:System.Reflection.Assembly" /> and
            <see cref="P:System.Type.FullName" /> of the specified <see cref="T:System.Type" />.<para>创建一个 <see cref="t:microsoft.aspnetcore.mvc.localization.ihtmllocalizer" /> 使用 <see cref="t:system.reflection.assembly" /> 和 指定的 <see cref="T:System.Type" /> 的 <see cref="P:System.Type.FullName" />.</para></summary>
      <param name="resourceSource">The <see cref="T:System.Type" />.<para>的 <see cref="T:System.Type" />.</para></param>
      <returns>The <see cref="T:Microsoft.AspNetCore.Mvc.Localization.IHtmlLocalizer" />.<para>这 <see cref="t:microsoft.aspnetcore.mvc.localization.ihtmllocalizer" /> .</para></returns>
    </member>
    <member name="M:Microsoft.AspNetCore.Mvc.Localization.IHtmlLocalizerFactory.Create(System.String,System.String)">
      <summary>Creates an <see cref="T:Microsoft.AspNetCore.Mvc.Localization.IHtmlLocalizer" />.<para>创建一个 <see cref="t:microsoft.aspnetcore.mvc.localization.ihtmllocalizer" /> .</para></summary>
      <param name="baseName">The base name of the resource to load strings from.<para>要从中加载字符串的资源的基本名称.</para></param>
      <param name="location">The location to load resources from.<para>要从中加载资源的位置.</para></param>
      <returns>The <see cref="T:Microsoft.AspNetCore.Mvc.Localization.IHtmlLocalizer" />.<para>这 <see cref="t:microsoft.aspnetcore.mvc.localization.ihtmllocalizer" /> .</para></returns>
    </member>
    <member name="T:Microsoft.AspNetCore.Mvc.Localization.IHtmlLocalizer`1">
      <summary>An <see cref="T:Microsoft.AspNetCore.Mvc.Localization.IHtmlLocalizer" /> that provides localized HTML content.<para>一 <see cref="t:microsoft.aspnetcore.mvc.localization.ihtmllocalizer" /> 提供本地化的 html 内容.</para></summary>
      <typeparam name="TResource">The <see cref="T:System.Type" /> to scope the resource names.<para>用于限定资源名称范围的 <see cref="T:System.Type" />.</para></typeparam>
    </member>
    <member name="T:Microsoft.AspNetCore.Mvc.Localization.IViewLocalizer">
      <summary>Represents a type that provides HTML-aware localization for views.<para>表示为视图提供 html 感知本地化的类型.</para></summary>
    </member>
    <member name="T:Microsoft.AspNetCore.Mvc.Localization.LocalizedHtmlString">
      <summary>An <see cref="T:Microsoft.AspNetCore.Html.IHtmlContent" /> with localized content.<para>一 <see cref="t:microsoft.aspnetcore.html.ihtmlcontent" /> 具有本地化内容.</para></summary>
    </member>
    <member name="M:Microsoft.AspNetCore.Mvc.Localization.LocalizedHtmlString.#ctor(System.String,System.String)">
      <summary>Creates an instance of <see cref="T:Microsoft.AspNetCore.Mvc.Localization.LocalizedHtmlString" />.<para>创建 的实例 <see cref="t:microsoft.aspnetcore.mvc.localization.localizedhtmlstring" /> .</para></summary>
      <param name="name">The name of the string resource.<para>字符串资源的名称.</para></param>
      <param name="value">The string resource.<para>字符串资源.</para></param>
    </member>
    <member name="M:Microsoft.AspNetCore.Mvc.Localization.LocalizedHtmlString.#ctor(System.String,System.String,System.Boolean)">
      <summary>Creates an instance of <see cref="T:Microsoft.AspNetCore.Mvc.Localization.LocalizedHtmlString" />.<para>创建 的实例 <see cref="t:microsoft.aspnetcore.mvc.localization.localizedhtmlstring" /> .</para></summary>
      <param name="name">The name of the string resource.<para>字符串资源的名称.</para></param>
      <param name="value">The string resource.<para>字符串资源.</para></param>
      <param name="isResourceNotFound">A flag that indicates if the resource is not found.<para>一个标志,指示是否找不到资源.</para></param>
    </member>
    <member name="M:Microsoft.AspNetCore.Mvc.Localization.LocalizedHtmlString.#ctor(System.String,System.String,System.Boolean,System.Object[])">
      <summary>Creates an instance of <see cref="T:Microsoft.AspNetCore.Mvc.Localization.LocalizedHtmlString" />.<para>创建 的实例 <see cref="t:microsoft.aspnetcore.mvc.localization.localizedhtmlstring" /> .</para></summary>
      <param name="name">The name of the string resource.<para>字符串资源的名称.</para></param>
      <param name="value">The string resource.<para>字符串资源.</para></param>
      <param name="isResourceNotFound">A flag that indicates if the resource is not found.<para>一个标志,指示是否找不到资源.</para></param>
      <param name="arguments">The values to format the <paramref name="value" /> with.<para>用于设置 <paramref name="value" /> 格式的值.</para></param>
    </member>
    <member name="P:Microsoft.AspNetCore.Mvc.Localization.LocalizedHtmlString.Name">
      <summary>The name of the string resource.<para>字符串资源的名称.</para></summary>
    </member>
    <member name="P:Microsoft.AspNetCore.Mvc.Localization.LocalizedHtmlString.Value">
      <summary>The original resource string, prior to formatting with any constructor arguments.<para>在使用任何构造函数参数设置格式之前原始资源字符串.</para></summary>
    </member>
    <member name="P:Microsoft.AspNetCore.Mvc.Localization.LocalizedHtmlString.IsResourceNotFound">
      <summary>Gets a flag that indicates if the resource is not found.<para>获取一个标志,该标志指示是否找不到资源.</para></summary>
    </member>
    <member name="M:Microsoft.AspNetCore.Mvc.Localization.LocalizedHtmlString.WriteTo(System.IO.TextWriter,System.Text.Encodings.Web.HtmlEncoder)">
      <inheritdoc />
    </member>
    <member name="P:Microsoft.AspNetCore.Mvc.Localization.Resources.NullStringLocalizer">
      <summary>Must call CreateStringLocalizer method before using this property.<para>在使用此属性之前,必须调用 createstringlocalizer 方法.</para></summary>
    </member>
    <member name="M:Microsoft.AspNetCore.Mvc.Localization.Resources.FormatNullStringLocalizer">
      <summary>Must call CreateStringLocalizer method before using this property.<para>在使用此属性之前,必须调用 createstringlocalizer 方法.</para></summary>
    </member>
    <member name="P:Microsoft.AspNetCore.Mvc.Localization.Resources.NullStringLocalizerFactory">
      <summary>IStringLocalizerFactory is null. Must call other constructor overload to use this property.<para>istringlocalizerfactory 为空.必须调用其他构造函数重载才能使用此属性.</para></summary>
    </member>
    <member name="M:Microsoft.AspNetCore.Mvc.Localization.Resources.FormatNullStringLocalizerFactory">
      <summary>IStringLocalizerFactory is null. Must call other constructor overload to use this property.<para>istringlocalizerfactory 为空.必须调用其他构造函数重载才能使用此属性.</para></summary>
    </member>
    <member name="T:Microsoft.AspNetCore.Mvc.Localization.ViewLocalizer">
      <summary>An <see cref="T:Microsoft.AspNetCore.Mvc.Localization.IViewLocalizer" /> implementation that derives the resource location from the executing view's
            file path.<para>一 <see cref="t:microsoft.aspnetcore.mvc.localization.iviewlocalizer" /> 从执行视图派生资源位置的实现 文件路径.</para></summary>
    </member>
    <member name="M:Microsoft.AspNetCore.Mvc.Localization.ViewLocalizer.#ctor(Microsoft.AspNetCore.Mvc.Localization.IHtmlLocalizerFactory,Microsoft.AspNetCore.Hosting.IWebHostEnvironment)">
      <summary>Creates a new <see cref="T:Microsoft.AspNetCore.Mvc.Localization.ViewLocalizer" />.<para>创建一个新的 <see cref="t:microsoft.aspnetcore.mvc.localization.viewlocalizer" /> .</para></summary>
      <param name="localizerFactory">The <see cref="T:Microsoft.AspNetCore.Mvc.Localization.IHtmlLocalizerFactory" />.<para>这 <see cref="t:microsoft.aspnetcore.mvc.localization.ihtmllocalizerfactory" /> .</para></param>
      <param name="hostingEnvironment">The <see cref="T:Microsoft.AspNetCore.Hosting.IWebHostEnvironment" />.<para><see cref="t:microsoft.aspnetcore.hosting.iwebhostenvironment" /> .</para></param>
    </member>
    <member name="P:Microsoft.AspNetCore.Mvc.Localization.ViewLocalizer.Item(System.String)">
      <inheritdoc />
    </member>
    <member name="P:Microsoft.AspNetCore.Mvc.Localization.ViewLocalizer.Item(System.String,System.Object[])">
      <inheritdoc />
    </member>
    <member name="M:Microsoft.AspNetCore.Mvc.Localization.ViewLocalizer.GetString(System.String)">
      <inheritdoc />
    </member>
    <member name="M:Microsoft.AspNetCore.Mvc.Localization.ViewLocalizer.GetString(System.String,System.Object[])">
      <inheritdoc />
    </member>
    <member name="M:Microsoft.AspNetCore.Mvc.Localization.ViewLocalizer.GetAllStrings(System.Boolean)">
      <inheritdoc />
    </member>
    <member name="M:Microsoft.AspNetCore.Mvc.Localization.ViewLocalizer.Contextualize(Microsoft.AspNetCore.Mvc.Rendering.ViewContext)">
      <summary>Apply the specified <see cref="T:Microsoft.AspNetCore.Mvc.Rendering.ViewContext" />.<para>应用指定的 <see cref="t:microsoft.aspnetcore.mvc.rendering.viewcontext" /> .</para></summary>
      <param name="viewContext">The <see cref="T:Microsoft.AspNetCore.Mvc.Rendering.ViewContext" />.<para>这 <see cref="t:microsoft.aspnetcore.mvc.rendering.viewcontext" /> .</para></param>
    </member>
  </members>
</doc>