<?xml version="1.0"?>
<doc>
  <assembly>
    <name>Microsoft.Extensions.DependencyInjection</name>
  </assembly>
  <members>
    <member name="M:Microsoft.Extensions.Internal.TypeNameHelper.GetTypeDisplayName(System.Type,System.Boolean,System.Boolean,System.Boolean,System.Char)">
      <summary>Pretty print a type name.<para>漂亮地打印一个类型名称.</para></summary>
      <param name="type">The <see cref="T:System.Type" />.<para>的 <see cref="T:System.Type" />.</para></param>
      <param name="fullName">
        <c>true</c> to print a fully qualified name.<para><c>true</c> 打印完全限定的名称.</para></param>
      <param name="includeGenericParameterNames">
        <c>true</c> to include generic parameter names.<para><c>true</c> 以包含泛型参数名称.</para></param>
      <param name="includeGenericParameters">
        <c>true</c> to include generic parameters.<para><c>true</c> 以包含泛型参数.</para></param>
      <param name="nestedTypeDelimiter">Character to use as a delimiter in nested type names<para>在嵌套类型名称中用作分隔符的字符</para></param>
      <returns>The pretty printed type name.<para>漂亮的打印类型名称.</para></returns>
    </member>
    <member name="T:Microsoft.Extensions.DependencyInjection.DefaultServiceProviderFactory">
      <summary>Default implementation of <see cref="T:Microsoft.Extensions.DependencyInjection.IServiceProviderFactory`1" />.<para><see cref="T:Microsoft.Extensions.DependencyInjection.IServiceProviderFactory`1" /> 的默认实现.</para></summary>
    </member>
    <member name="M:Microsoft.Extensions.DependencyInjection.DefaultServiceProviderFactory.#ctor">
      <summary>Initializes a new instance of the <see cref="T:Microsoft.Extensions.DependencyInjection.DefaultServiceProviderFactory" /> class
            with default options.<para>初始化 <see cref="T:Microsoft.Extensions.DependencyInjection.DefaultServiceProviderFactory" /> 类的新实例 使用默认选项.</para></summary>
    </member>
    <member name="M:Microsoft.Extensions.DependencyInjection.DefaultServiceProviderFactory.#ctor(Microsoft.Extensions.DependencyInjection.ServiceProviderOptions)">
      <summary>Initializes a new instance of the <see cref="T:Microsoft.Extensions.DependencyInjection.DefaultServiceProviderFactory" /> class
            with the specified <paramref name="options" />.<para>初始化 <see cref="T:Microsoft.Extensions.DependencyInjection.DefaultServiceProviderFactory" /> 类的新实例 使用指定的 <paramref name="options" />.</para></summary>
      <param name="options">The options to use for this instance.<para>用于此实例的选项.</para></param>
    </member>
    <member name="M:Microsoft.Extensions.DependencyInjection.DefaultServiceProviderFactory.CreateBuilder(Microsoft.Extensions.DependencyInjection.IServiceCollection)">
      <inheritdoc />
    </member>
    <member name="M:Microsoft.Extensions.DependencyInjection.DefaultServiceProviderFactory.CreateServiceProvider(Microsoft.Extensions.DependencyInjection.IServiceCollection)">
      <inheritdoc />
    </member>
    <member name="T:Microsoft.Extensions.DependencyInjection.ServiceCollectionContainerBuilderExtensions">
      <summary>Extension methods for building a <see cref="T:Microsoft.Extensions.DependencyInjection.ServiceProvider" /> from an <see cref="T:Microsoft.Extensions.DependencyInjection.IServiceCollection" />.<para>用于从 <see cref="T:Microsoft.Extensions.DependencyInjection.IServiceCollection" /> 构建 <see cref="T:Microsoft.Extensions.DependencyInjection.ServiceProvider" /> 的扩展方法.</para></summary>
    </member>
    <member name="M:Microsoft.Extensions.DependencyInjection.ServiceCollectionContainerBuilderExtensions.BuildServiceProvider(Microsoft.Extensions.DependencyInjection.IServiceCollection)">
      <summary>Creates a <see cref="T:Microsoft.Extensions.DependencyInjection.ServiceProvider" /> containing services from the provided <see cref="T:Microsoft.Extensions.DependencyInjection.IServiceCollection" />.<para>创建一个 <see cref="T:Microsoft.Extensions.DependencyInjection.ServiceProvider" />,其中包含来自提供的 <see cref="T:Microsoft.Extensions.DependencyInjection.IServiceCollection" /> 的服务.</para></summary>
      <param name="services">The <see cref="T:Microsoft.Extensions.DependencyInjection.IServiceCollection" /> containing service descriptors.<para>包含服务描述符的 <see cref="T:Microsoft.Extensions.DependencyInjection.IServiceCollection" />.</para></param>
      <returns>The <see cref="T:Microsoft.Extensions.DependencyInjection.ServiceProvider" />.<para>的 <see cref="T:Microsoft.Extensions.DependencyInjection.ServiceProvider" />.</para></returns>
    </member>
    <member name="M:Microsoft.Extensions.DependencyInjection.ServiceCollectionContainerBuilderExtensions.BuildServiceProvider(Microsoft.Extensions.DependencyInjection.IServiceCollection,System.Boolean)">
      <summary>Creates a <see cref="T:Microsoft.Extensions.DependencyInjection.ServiceProvider" /> containing services from the provided <see cref="T:Microsoft.Extensions.DependencyInjection.IServiceCollection" />
            optionally enabling scope validation.<para>创建一个 <see cref="T:Microsoft.Extensions.DependencyInjection.ServiceProvider" />,其中包含来自提供的 <see cref="T:Microsoft.Extensions.DependencyInjection.IServiceCollection" /> 的服务 （可选）启用范围验证.</para></summary>
      <param name="services">The <see cref="T:Microsoft.Extensions.DependencyInjection.IServiceCollection" /> containing service descriptors.<para>包含服务描述符的 <see cref="T:Microsoft.Extensions.DependencyInjection.IServiceCollection" />.</para></param>
      <param name="validateScopes">
        <c>true</c> to perform check verifying that scoped services never gets resolved from root provider; otherwise <c>false</c>.<para><c>true</c> 执行检查,验证作用域内服务是否永远不会从根提供程序解析;否则 <c>false</c>.</para></param>
      <returns>The <see cref="T:Microsoft.Extensions.DependencyInjection.ServiceProvider" />.<para>的 <see cref="T:Microsoft.Extensions.DependencyInjection.ServiceProvider" />.</para></returns>
    </member>
    <member name="M:Microsoft.Extensions.DependencyInjection.ServiceCollectionContainerBuilderExtensions.BuildServiceProvider(Microsoft.Extensions.DependencyInjection.IServiceCollection,Microsoft.Extensions.DependencyInjection.ServiceProviderOptions)">
      <summary>Creates a <see cref="T:Microsoft.Extensions.DependencyInjection.ServiceProvider" /> containing services from the provided <see cref="T:Microsoft.Extensions.DependencyInjection.IServiceCollection" />
            optionally enabling scope validation.<para>创建一个 <see cref="T:Microsoft.Extensions.DependencyInjection.ServiceProvider" />,其中包含来自提供的 <see cref="T:Microsoft.Extensions.DependencyInjection.IServiceCollection" /> 的服务 （可选）启用范围验证.</para></summary>
      <param name="services">The <see cref="T:Microsoft.Extensions.DependencyInjection.IServiceCollection" /> containing service descriptors.<para>包含服务描述符的 <see cref="T:Microsoft.Extensions.DependencyInjection.IServiceCollection" />.</para></param>
      <param name="options">Configures various service provider behaviors.<para>配置各种服务提供程序行为.</para></param>
      <returns>The <see cref="T:Microsoft.Extensions.DependencyInjection.ServiceProvider" />.<para>的 <see cref="T:Microsoft.Extensions.DependencyInjection.ServiceProvider" />.</para></returns>
    </member>
    <member name="M:Microsoft.Extensions.DependencyInjection.ServiceLookup.CallSiteFactory.ValidateTrimmingAnnotations(System.Type,System.Type[],System.Type,System.Type[])">
      <summary>Validates that two generic type definitions have compatible trimming annotations on their generic arguments.<para>验证两个泛型类型定义是否在其泛型参数上具有兼容的修整批注.</para></summary>
      <remarks>When open generic types are used in DI, there is an error when the concrete implementation type
            has [DynamicallyAccessedMembers] attributes on a generic argument type, but the interface/service type
            doesn't have matching annotations. The problem is that the trimmer doesn't see the members that need to
            be preserved on the type being passed to the generic argument. But when the interface/service type also has
            the annotations, the trimmer will see which members need to be preserved on the closed generic argument type.<para>在 di 中使用开放泛型类型时,当具体实现类型时出错 在泛型参数类型上具有 [动态访问成员] 属性,但接口/服务类型 没有匹配的批注.问题是修剪器看不到需要的成员 保留在传递给泛型参数的类型上.但是当接口/服务类型也有 批注,修剪器将看到哪些成员需要保留在封闭泛型参数类型上.</para></remarks>
    </member>
    <member name="M:Microsoft.Extensions.DependencyInjection.ServiceLookup.CallSiteFactory.CreateArgumentCallSites(System.Type,Microsoft.Extensions.DependencyInjection.ServiceLookup.CallSiteChain,System.Reflection.ParameterInfo[],System.Boolean)">
      <returns>Not <b>null</b> if <b>throwIfCallSiteNotFound</b> is true<para></para></returns>
    </member>
    <member name="P:Microsoft.Extensions.DependencyInjection.ServiceLookup.ServiceCacheKey.Type">
      <summary>Type of service being cached<para>要缓存的服务类型</para></summary>
    </member>
    <member name="P:Microsoft.Extensions.DependencyInjection.ServiceLookup.ServiceCacheKey.Slot">
      <summary>Reverse index of the service when resolved in <c>IEnumerable&lt;Type&gt;</c> where default instance gets slot 0.
            For example for service collection
             IService Impl1
             IService Impl2
             IService Impl3
            We would get the following cache keys:
             Impl1 2
             Impl2 1
             Impl3 0<para>在 <c>IEnumerable&lt;Type&gt;</c> 中解析时服务的反向索引,其中默认实例获得插槽 0. 例如,用于服务收集 iservice impl1 iservice impl2 iservice impl3 我们将获得以下缓存键: impl1 2 impl2 1 impl3 0</para></summary>
    </member>
    <member name="M:Microsoft.Extensions.DependencyInjection.ServiceLookup.ServiceCacheKey.Equals(Microsoft.Extensions.DependencyInjection.ServiceLookup.ServiceCacheKey)">
      <summary>Indicates whether the current instance is equal to another instance of the same type.<para>指示当前实例是否等于同一类型的另一个实例.</para></summary>
      <param name="other">An instance to compare with this instance.<para>要与此实例进行比较的实例.</para></param>
      <returns>true if the current instance is equal to the other instance; otherwise, false.<para>如果当前实例等于另一个实例,则为 true;否则,为假.</para></returns>
    </member>
    <member name="T:Microsoft.Extensions.DependencyInjection.ServiceLookup.ServiceCallSite">
      <summary>Summary description for ServiceCallSite<para>服务呼叫站点的摘要说明</para></summary>
    </member>
    <member name="T:Microsoft.Extensions.DependencyInjection.ServiceProvider">
      <summary>The default IServiceProvider.<para>默认的 iserviceprovider.</para></summary>
    </member>
    <member name="M:Microsoft.Extensions.DependencyInjection.ServiceProvider.GetService(System.Type)">
      <summary>Gets the service object of the specified type.<para>获取指定类型的服务对象.</para></summary>
      <param name="serviceType">The type of the service to get.<para>要获取的服务的类型.</para></param>
      <returns>The service that was produced.<para>生成的服务.</para></returns>
    </member>
    <member name="M:Microsoft.Extensions.DependencyInjection.ServiceProvider.Dispose">
      <inheritdoc />
    </member>
    <member name="M:Microsoft.Extensions.DependencyInjection.ServiceProvider.DisposeAsync">
      <inheritdoc />
    </member>
    <member name="T:Microsoft.Extensions.DependencyInjection.ServiceProviderOptions">
      <summary>Options for configuring various behaviors of the default <see cref="T:System.IServiceProvider" /> implementation.<para>用于配置默认 <see cref="T:System.IServiceProvider" /> 实现的各种行为的选项.</para></summary>
    </member>
    <member name="P:Microsoft.Extensions.DependencyInjection.ServiceProviderOptions.ValidateScopes">
      <summary>
        <c>true</c> to perform check verifying that scoped services never gets resolved from root provider; otherwise <c>false</c>. Defaults to <c>false</c>.<para><c>true</c> 执行检查,验证作用域内服务是否永远不会从根提供程序解析;否则 <c>false</c>.默认为 <c>false</c>.</para></summary>
    </member>
    <member name="P:Microsoft.Extensions.DependencyInjection.ServiceProviderOptions.ValidateOnBuild">
      <summary>
        <c>true</c> to perform check verifying that all services can be created during <c>BuildServiceProvider</c> call; otherwise <c>false</c>. Defaults to <c>false</c>.
            NOTE: this check doesn't verify open generics services.<para><c>true</c> 执行检查,验证是否可以在 <c>BuildServiceProvider</c> 调用期间创建所有服务;否则 <c>false</c>.默认为 <c>false</c>. 注意:此检查不会验证打开的泛型服务.</para></summary>
    </member>
    <member name="P:System.SR.AmbiguousConstructorException">
      <summary>Unable to activate type '{0}'. The following constructors are ambiguous:<para>无法激活类型"{0}".以下构造函数不明确:</para></summary>
    </member>
    <member name="P:System.SR.CannotResolveService">
      <summary>Unable to resolve service for type '{0}' while attempting to activate '{1}'.<para>尝试激活"{0}"时无法解析类型"{1}"的服务.</para></summary>
    </member>
    <member name="P:System.SR.CircularDependencyException">
      <summary>A circular dependency was detected for the service of type '{0}'.<para>检测到类型为"{0}"的服务存在循环依赖项.</para></summary>
    </member>
    <member name="P:System.SR.UnableToActivateTypeException">
      <summary>No constructor for type '{0}' can be instantiated using services from the service container and default values.<para>类型"{0}"的任何构造函数都不能使用服务容器中的服务和默认值进行实例化.</para></summary>
    </member>
    <member name="P:System.SR.OpenGenericServiceRequiresOpenGenericImplementation">
      <summary>Open generic service type '{0}' requires registering an open generic implementation type.<para>开放式通用服务类型"{0}"需要注册开放式通用实现类型.</para></summary>
    </member>
    <member name="P:System.SR.ArityOfOpenGenericServiceNotEqualArityOfOpenGenericImplementation">
      <summary>Arity of open generic service type '{0}' does not equal arity of open generic implementation type '{1}'.<para>开放通用服务类型"{0}"的arity不等于开放通用实现类型"{1}"的arity.</para></summary>
    </member>
    <member name="P:System.SR.TypeCannotBeActivated">
      <summary>Cannot instantiate implementation type '{0}' for service type '{1}'.<para>无法实例化服务类型"{0}"的实现类型"{1}".</para></summary>
    </member>
    <member name="P:System.SR.NoConstructorMatch">
      <summary>A suitable constructor for type '{0}' could not be located. Ensure the type is concrete and services are registered for all parameters of a public constructor.<para>找不到类型"{0}"的合适构造函数.确保类型是具体的,并且为公共构造函数的所有参数注册了服务.</para></summary>
    </member>
    <member name="P:System.SR.ScopedInSingletonException">
      <summary>Cannot consume {2} service '{0}' from {3} '{1}'.<para>不能从{2}"{0}"使用{3}服务"{1}".</para></summary>
    </member>
    <member name="P:System.SR.ScopedResolvedFromRootException">
      <summary>Cannot resolve '{0}' from root provider because it requires {2} service '{1}'.<para>无法从根提供程序解析"{0}",因为它需要{2}服务"{1}".</para></summary>
    </member>
    <member name="P:System.SR.DirectScopedResolvedFromRootException">
      <summary>Cannot resolve {1} service '{0}' from root provider.<para>无法解析来自根提供程序{1}服务"{0}".</para></summary>
    </member>
    <member name="P:System.SR.ConstantCantBeConvertedToServiceType">
      <summary>Constant value of type '{0}' can't be converted to service type '{1}'<para>类型"{0}"的常量值无法转换为服务类型"{1}"</para></summary>
    </member>
    <member name="P:System.SR.ImplementationTypeCantBeConvertedToServiceType">
      <summary>Implementation type '{0}' can't be converted to service type '{1}'<para>实现类型"{0}"无法转换为服务类型"{1}"</para></summary>
    </member>
    <member name="P:System.SR.AsyncDisposableServiceDispose">
      <summary>'{0}' type only implements IAsyncDisposable. Use DisposeAsync to dispose the container.<para>"{0}"类型仅实现 iasyncdisposable.使用 disposeasync 来释放容器.</para></summary>
    </member>
    <member name="P:System.SR.GetCaptureDisposableNotSupported">
      <summary>GetCaptureDisposable call is supported only for main scope<para>getcapture一次性调用仅支持主范围</para></summary>
    </member>
    <member name="P:System.SR.InvalidServiceDescriptor">
      <summary>Invalid service descriptor<para>无效的服务描述符</para></summary>
    </member>
    <member name="P:System.SR.ServiceDescriptorNotExist">
      <summary>Requested service descriptor doesn't exist.<para>请求的服务描述符不存在.</para></summary>
    </member>
    <member name="P:System.SR.CallSiteTypeNotSupported">
      <summary>Call site type {0} is not supported<para>不支持呼叫站点类型 {0}</para></summary>
    </member>
    <member name="P:System.SR.TrimmingAnnotationsDoNotMatch">
      <summary>Generic implementation type '{0}' has a DynamicallyAccessedMembers attribute applied to a generic argument type, but the service type '{1}' doesn't have a matching DynamicallyAccessedMembers attribute on its generic argument type.<para>泛型实现类型"{0}"具有应用于泛型参数类型的 dynamicallyaccessedmembers 属性,但服务类型"{1}"在其泛型参数类型上没有匹配的 dynamicallyaccessedmembers 属性.</para></summary>
    </member>
    <member name="P:System.SR.TrimmingAnnotationsDoNotMatch_NewConstraint">
      <summary>Generic implementation type '{0}' has a DefaultConstructorConstraint ('new()' constraint), but the generic service type '{1}' doesn't.<para>泛型实现类型"{0}"具有 defaultconstructorconstraint（"new（）"约束）,但泛型服务类型"{1}"没有.</para></summary>
    </member>
  </members>
</doc>