<?xml version="1.0"?>
<doc>
  <assembly>
    <name>Microsoft.Extensions.WebEncoders</name>
  </assembly>
  <members>
    <member name="T:Microsoft.Extensions.DependencyInjection.EncoderServiceCollectionExtensions">
      <summary>Extension methods for setting up web encoding services in an <see cref="T:Microsoft.Extensions.DependencyInjection.IServiceCollection" />.<para>用于在 <see cref="T:Microsoft.Extensions.DependencyInjection.IServiceCollection" /> 中设置 web 编码服务的扩展方法.</para></summary>
    </member>
    <member name="M:Microsoft.Extensions.DependencyInjection.EncoderServiceCollectionExtensions.AddWebEncoders(Microsoft.Extensions.DependencyInjection.IServiceCollection)">
      <summary>Adds <see cref="T:System.Text.Encodings.Web.HtmlEncoder" />, <see cref="T:System.Text.Encodings.Web.JavaScriptEncoder" /> and <see cref="T:System.Text.Encodings.Web.UrlEncoder" />
            to the specified <paramref name="services" />.<para>添加 <see cref="T:System.Text.Encodings.Web.HtmlEncoder" />、<see cref="T:System.Text.Encodings.Web.JavaScriptEncoder" /> 和 <see cref="T:System.Text.Encodings.Web.UrlEncoder" /> 到指定的 <paramref name="services" />.</para></summary>
      <param name="services">The <see cref="T:Microsoft.Extensions.DependencyInjection.IServiceCollection" />.<para>的 <see cref="T:Microsoft.Extensions.DependencyInjection.IServiceCollection" />.</para></param>
      <returns>The <see cref="T:Microsoft.Extensions.DependencyInjection.IServiceCollection" /> so that additional calls can be chained.<para><see cref="T:Microsoft.Extensions.DependencyInjection.IServiceCollection" />,以便可以链接其他调用.</para></returns>
    </member>
    <member name="M:Microsoft.Extensions.DependencyInjection.EncoderServiceCollectionExtensions.AddWebEncoders(Microsoft.Extensions.DependencyInjection.IServiceCollection,System.Action{Microsoft.Extensions.WebEncoders.WebEncoderOptions})">
      <summary>Adds <see cref="T:System.Text.Encodings.Web.HtmlEncoder" />, <see cref="T:System.Text.Encodings.Web.JavaScriptEncoder" /> and <see cref="T:System.Text.Encodings.Web.UrlEncoder" />
            to the specified <paramref name="services" />.<para>添加 <see cref="T:System.Text.Encodings.Web.HtmlEncoder" />、<see cref="T:System.Text.Encodings.Web.JavaScriptEncoder" /> 和 <see cref="T:System.Text.Encodings.Web.UrlEncoder" /> 到指定的 <paramref name="services" />.</para></summary>
      <param name="services">The <see cref="T:Microsoft.Extensions.DependencyInjection.IServiceCollection" />.<para>的 <see cref="T:Microsoft.Extensions.DependencyInjection.IServiceCollection" />.</para></param>
      <param name="setupAction">An <see cref="T:System.Action`1" /> to configure the provided <see cref="T:Microsoft.Extensions.WebEncoders.WebEncoderOptions" />.<para>一个 <see cref="t:system.action`1" /> 以配置提供的 <see cref="T:Microsoft.Extensions.WebEncoders.WebEncoderOptions" />.</para></param>
      <returns>The <see cref="T:Microsoft.Extensions.DependencyInjection.IServiceCollection" /> so that additional calls can be chained.<para><see cref="T:Microsoft.Extensions.DependencyInjection.IServiceCollection" />,以便可以链接其他调用.</para></returns>
    </member>
    <member name="T:Microsoft.Extensions.WebEncoders.Testing.HtmlTestEncoder">
      <summary>
        <see cref="T:System.Text.Encodings.Web.HtmlEncoder" /> used for unit testing. This encoder does not perform any encoding and should not be used in application code.<para><see cref="T:System.Text.Encodings.Web.HtmlEncoder" /> 用于单元测试.此编码器不执行任何编码,不应在应用程序代码中使用.</para></summary>
    </member>
    <member name="P:Microsoft.Extensions.WebEncoders.Testing.HtmlTestEncoder.MaxOutputCharactersPerInputCharacter">
      <inheritdoc />
    </member>
    <member name="M:Microsoft.Extensions.WebEncoders.Testing.HtmlTestEncoder.Encode(System.String)">
      <inheritdoc />
    </member>
    <member name="M:Microsoft.Extensions.WebEncoders.Testing.HtmlTestEncoder.Encode(System.IO.TextWriter,System.Char[],System.Int32,System.Int32)">
      <inheritdoc />
    </member>
    <member name="M:Microsoft.Extensions.WebEncoders.Testing.HtmlTestEncoder.Encode(System.IO.TextWriter,System.String,System.Int32,System.Int32)">
      <inheritdoc />
    </member>
    <member name="M:Microsoft.Extensions.WebEncoders.Testing.HtmlTestEncoder.WillEncode(System.Int32)">
      <inheritdoc />
    </member>
    <member name="M:Microsoft.Extensions.WebEncoders.Testing.HtmlTestEncoder.FindFirstCharacterToEncode(System.Char*,System.Int32)">
      <inheritdoc />
    </member>
    <member name="M:Microsoft.Extensions.WebEncoders.Testing.HtmlTestEncoder.TryEncodeUnicodeScalar(System.Int32,System.Char*,System.Int32,System.Int32@)">
      <inheritdoc />
    </member>
    <member name="T:Microsoft.Extensions.WebEncoders.Testing.JavaScriptTestEncoder">
      <summary>
        <see cref="T:System.Text.Encodings.Web.JavaScriptEncoder" /> used for unit testing. This encoder does not perform any encoding and should not be used in application code.<para><see cref="T:System.Text.Encodings.Web.JavaScriptEncoder" /> 用于单元测试.此编码器不执行任何编码,不应在应用程序代码中使用.</para></summary>
    </member>
    <member name="P:Microsoft.Extensions.WebEncoders.Testing.JavaScriptTestEncoder.MaxOutputCharactersPerInputCharacter">
      <inheritdoc />
    </member>
    <member name="M:Microsoft.Extensions.WebEncoders.Testing.JavaScriptTestEncoder.Encode(System.String)">
      <inheritdoc />
    </member>
    <member name="M:Microsoft.Extensions.WebEncoders.Testing.JavaScriptTestEncoder.Encode(System.IO.TextWriter,System.Char[],System.Int32,System.Int32)">
      <inheritdoc />
    </member>
    <member name="M:Microsoft.Extensions.WebEncoders.Testing.JavaScriptTestEncoder.Encode(System.IO.TextWriter,System.String,System.Int32,System.Int32)">
      <inheritdoc />
    </member>
    <member name="M:Microsoft.Extensions.WebEncoders.Testing.JavaScriptTestEncoder.WillEncode(System.Int32)">
      <inheritdoc />
    </member>
    <member name="M:Microsoft.Extensions.WebEncoders.Testing.JavaScriptTestEncoder.FindFirstCharacterToEncode(System.Char*,System.Int32)">
      <inheritdoc />
    </member>
    <member name="M:Microsoft.Extensions.WebEncoders.Testing.JavaScriptTestEncoder.TryEncodeUnicodeScalar(System.Int32,System.Char*,System.Int32,System.Int32@)">
      <inheritdoc />
    </member>
    <member name="T:Microsoft.Extensions.WebEncoders.Testing.UrlTestEncoder">
      <summary>
        <see cref="T:System.Text.Encodings.Web.UrlEncoder" /> used for unit testing. This encoder does not perform any encoding and should not be used in application code.<para><see cref="T:System.Text.Encodings.Web.UrlEncoder" /> 用于单元测试.此编码器不执行任何编码,不应在应用程序代码中使用.</para></summary>
    </member>
    <member name="P:Microsoft.Extensions.WebEncoders.Testing.UrlTestEncoder.MaxOutputCharactersPerInputCharacter">
      <inheritdoc />
    </member>
    <member name="M:Microsoft.Extensions.WebEncoders.Testing.UrlTestEncoder.Encode(System.String)">
      <inheritdoc />
    </member>
    <member name="M:Microsoft.Extensions.WebEncoders.Testing.UrlTestEncoder.Encode(System.IO.TextWriter,System.Char[],System.Int32,System.Int32)">
      <inheritdoc />
    </member>
    <member name="M:Microsoft.Extensions.WebEncoders.Testing.UrlTestEncoder.Encode(System.IO.TextWriter,System.String,System.Int32,System.Int32)">
      <inheritdoc />
    </member>
    <member name="M:Microsoft.Extensions.WebEncoders.Testing.UrlTestEncoder.WillEncode(System.Int32)">
      <inheritdoc />
    </member>
    <member name="M:Microsoft.Extensions.WebEncoders.Testing.UrlTestEncoder.FindFirstCharacterToEncode(System.Char*,System.Int32)">
      <inheritdoc />
    </member>
    <member name="M:Microsoft.Extensions.WebEncoders.Testing.UrlTestEncoder.TryEncodeUnicodeScalar(System.Int32,System.Char*,System.Int32,System.Int32@)">
      <inheritdoc />
    </member>
    <member name="T:Microsoft.Extensions.WebEncoders.WebEncoderOptions">
      <summary>Specifies options common to all three encoders (HtmlEncode, JavaScriptEncode, UrlEncode).<para>指定所有三个编码器（htmlencode、javascriptencode、urlencode）共有的选项.</para></summary>
    </member>
    <member name="P:Microsoft.Extensions.WebEncoders.WebEncoderOptions.TextEncoderSettings">
      <summary>Specifies which code points are allowed to be represented unescaped by the encoders.<para>指定允许编码器以未转义的方式表示哪些代码点.</para></summary>
      <remarks>If this property is null, then the encoders will use their default allow lists.<para>如果此属性为 null,则编码器将使用其默认允许列表.</para></remarks>
    </member>
  </members>
</doc>