<?xml version="1.0"?>
<doc>
  <assembly>
    <name>Microsoft.Extensions.Logging</name>
  </assembly>
  <members>
    <member name="T:Microsoft.Extensions.Logging.ActivityTrackingOptions">
      <summary>Flags to indicate which trace context parts should be included with the logging scopes.<para>指示日志记录范围应包含哪些跟踪上下文部分的标志.</para></summary>
    </member>
    <member name="F:Microsoft.Extensions.Logging.ActivityTrackingOptions.None">
      <summary>None of the trace context part will be included in the logging.<para>日志记录中不会包含任何跟踪上下文部分.</para></summary>
    </member>
    <member name="F:Microsoft.Extensions.Logging.ActivityTrackingOptions.SpanId">
      <summary>Span Id will be included in the logging.<para>跨度 id 将包含在日志记录中.</para></summary>
    </member>
    <member name="F:Microsoft.Extensions.Logging.ActivityTrackingOptions.TraceId">
      <summary>Trace Id will be included in the logging.<para>跟踪 id 将包含在日志记录中.</para></summary>
    </member>
    <member name="F:Microsoft.Extensions.Logging.ActivityTrackingOptions.ParentId">
      <summary>Parent Id will be included in the logging.<para>父 id 将包含在日志记录中.</para></summary>
    </member>
    <member name="F:Microsoft.Extensions.Logging.ActivityTrackingOptions.TraceState">
      <summary>Trace State will be included in the logging.<para>跟踪状态将包含在日志记录中.</para></summary>
    </member>
    <member name="F:Microsoft.Extensions.Logging.ActivityTrackingOptions.TraceFlags">
      <summary>Trace flags will be included in the logging.<para>跟踪标志将包含在日志记录中.</para></summary>
    </member>
    <member name="F:Microsoft.Extensions.Logging.ActivityTrackingOptions.Tags">
      <summary>Tags will be included in the logging.<para>标记将包含在日志记录中.</para></summary>
    </member>
    <member name="F:Microsoft.Extensions.Logging.ActivityTrackingOptions.Baggage">
      <summary>Items of baggage will be included in the logging.<para>行李物品将包含在日志记录中.</para></summary>
    </member>
    <member name="T:Microsoft.Extensions.Logging.FilterLoggingBuilderExtensions">
      <summary>Extension methods for setting up logging services in an <see cref="T:Microsoft.Extensions.DependencyInjection.IServiceCollection" />.<para>用于在 <see cref="T:Microsoft.Extensions.DependencyInjection.IServiceCollection" /> 中设置日志记录服务的扩展方法.</para></summary>
    </member>
    <member name="M:Microsoft.Extensions.Logging.FilterLoggingBuilderExtensions.AddFilter(Microsoft.Extensions.Logging.ILoggingBuilder,System.Func{System.String,System.String,Microsoft.Extensions.Logging.LogLevel,System.Boolean})">
      <summary>Adds a log filter to the factory.<para>将日志筛选器添加到工厂.</para></summary>
      <param name="builder">The <see cref="T:Microsoft.Extensions.Logging.ILoggingBuilder" /> to add the filter to.<para>要将筛选器添加到的 <see cref="T:Microsoft.Extensions.Logging.ILoggingBuilder" />.</para></param>
      <param name="filter">The filter to be added.<para>要添加的筛选器.</para></param>
      <returns>The <see cref="T:Microsoft.Extensions.Logging.ILoggingBuilder" /> so that additional calls can be chained.<para><see cref="T:Microsoft.Extensions.Logging.ILoggingBuilder" />,以便可以链接其他调用.</para></returns>
    </member>
    <member name="M:Microsoft.Extensions.Logging.FilterLoggingBuilderExtensions.AddFilter(Microsoft.Extensions.Logging.ILoggingBuilder,System.Func{System.String,Microsoft.Extensions.Logging.LogLevel,System.Boolean})">
      <summary>Adds a log filter to the factory.<para>将日志筛选器添加到工厂.</para></summary>
      <param name="builder">The <see cref="T:Microsoft.Extensions.Logging.ILoggingBuilder" /> to add the filter to.<para>要将筛选器添加到的 <see cref="T:Microsoft.Extensions.Logging.ILoggingBuilder" />.</para></param>
      <param name="categoryLevelFilter">The filter to be added.<para>要添加的筛选器.</para></param>
      <returns>The <see cref="T:Microsoft.Extensions.Logging.ILoggingBuilder" /> so that additional calls can be chained.<para><see cref="T:Microsoft.Extensions.Logging.ILoggingBuilder" />,以便可以链接其他调用.</para></returns>
    </member>
    <member name="M:Microsoft.Extensions.Logging.FilterLoggingBuilderExtensions.AddFilter``1(Microsoft.Extensions.Logging.ILoggingBuilder,System.Func{System.String,Microsoft.Extensions.Logging.LogLevel,System.Boolean})">
      <summary>Adds a log filter for the given <see cref="T:Microsoft.Extensions.Logging.ILoggerProvider" />.<para>为给定的 <see cref="T:Microsoft.Extensions.Logging.ILoggerProvider" /> 添加日志筛选器.</para></summary>
      <param name="builder">The <see cref="T:Microsoft.Extensions.Logging.ILoggingBuilder" /> to add the filter to.<para>要将筛选器添加到的 <see cref="T:Microsoft.Extensions.Logging.ILoggingBuilder" />.</para></param>
      <param name="categoryLevelFilter">The filter to be added.<para>要添加的筛选器.</para></param>
      <typeparam name="T">The <see cref="T:Microsoft.Extensions.Logging.ILoggerProvider" /> which this filter will be added for.<para>将为其添加此筛选器的 <see cref="T:Microsoft.Extensions.Logging.ILoggerProvider" />.</para></typeparam>
      <returns>The <see cref="T:Microsoft.Extensions.Logging.ILoggingBuilder" /> so that additional calls can be chained.<para><see cref="T:Microsoft.Extensions.Logging.ILoggingBuilder" />,以便可以链接其他调用.</para></returns>
    </member>
    <member name="M:Microsoft.Extensions.Logging.FilterLoggingBuilderExtensions.AddFilter(Microsoft.Extensions.Logging.ILoggingBuilder,System.Func{Microsoft.Extensions.Logging.LogLevel,System.Boolean})">
      <summary>Adds a log filter to the factory.<para>将日志筛选器添加到工厂.</para></summary>
      <param name="builder">The <see cref="T:Microsoft.Extensions.Logging.ILoggingBuilder" /> to add the filter to.<para>要将筛选器添加到的 <see cref="T:Microsoft.Extensions.Logging.ILoggingBuilder" />.</para></param>
      <param name="levelFilter">The filter to be added.<para>要添加的筛选器.</para></param>
      <returns>The <see cref="T:Microsoft.Extensions.Logging.ILoggingBuilder" /> so that additional calls can be chained.<para><see cref="T:Microsoft.Extensions.Logging.ILoggingBuilder" />,以便可以链接其他调用.</para></returns>
    </member>
    <member name="M:Microsoft.Extensions.Logging.FilterLoggingBuilderExtensions.AddFilter``1(Microsoft.Extensions.Logging.ILoggingBuilder,System.Func{Microsoft.Extensions.Logging.LogLevel,System.Boolean})">
      <summary>Adds a log filter for the given <see cref="T:Microsoft.Extensions.Logging.ILoggerProvider" />.<para>为给定的 <see cref="T:Microsoft.Extensions.Logging.ILoggerProvider" /> 添加日志筛选器.</para></summary>
      <param name="builder">The <see cref="T:Microsoft.Extensions.Logging.ILoggingBuilder" /> to add the filter to.<para>要将筛选器添加到的 <see cref="T:Microsoft.Extensions.Logging.ILoggingBuilder" />.</para></param>
      <param name="levelFilter">The filter to be added.<para>要添加的筛选器.</para></param>
      <typeparam name="T">The <see cref="T:Microsoft.Extensions.Logging.ILoggerProvider" /> which this filter will be added for.<para>将为其添加此筛选器的 <see cref="T:Microsoft.Extensions.Logging.ILoggerProvider" />.</para></typeparam>
      <returns>The <see cref="T:Microsoft.Extensions.Logging.ILoggingBuilder" /> so that additional calls can be chained.<para><see cref="T:Microsoft.Extensions.Logging.ILoggingBuilder" />,以便可以链接其他调用.</para></returns>
    </member>
    <member name="M:Microsoft.Extensions.Logging.FilterLoggingBuilderExtensions.AddFilter(Microsoft.Extensions.Logging.ILoggingBuilder,System.String,Microsoft.Extensions.Logging.LogLevel)">
      <summary>Adds a log filter to the factory.<para>将日志筛选器添加到工厂.</para></summary>
      <param name="builder">The <see cref="T:Microsoft.Extensions.Logging.ILoggingBuilder" /> to add the filter to.<para>要将筛选器添加到的 <see cref="T:Microsoft.Extensions.Logging.ILoggingBuilder" />.</para></param>
      <param name="category">The category to filter.<para>要筛选的类别.</para></param>
      <param name="level">The level to filter.<para>要筛选的级别.</para></param>
      <returns>The <see cref="T:Microsoft.Extensions.Logging.ILoggingBuilder" /> so that additional calls can be chained.<para><see cref="T:Microsoft.Extensions.Logging.ILoggingBuilder" />,以便可以链接其他调用.</para></returns>
    </member>
    <member name="M:Microsoft.Extensions.Logging.FilterLoggingBuilderExtensions.AddFilter``1(Microsoft.Extensions.Logging.ILoggingBuilder,System.String,Microsoft.Extensions.Logging.LogLevel)">
      <summary>Adds a log filter for the given <see cref="T:Microsoft.Extensions.Logging.ILoggerProvider" />.<para>为给定的 <see cref="T:Microsoft.Extensions.Logging.ILoggerProvider" /> 添加日志筛选器.</para></summary>
      <param name="builder">The <see cref="T:Microsoft.Extensions.Logging.ILoggingBuilder" /> to add the filter to.<para>要将筛选器添加到的 <see cref="T:Microsoft.Extensions.Logging.ILoggingBuilder" />.</para></param>
      <param name="category">The category to filter.<para>要筛选的类别.</para></param>
      <param name="level">The level to filter.<para>要筛选的级别.</para></param>
      <typeparam name="T">The <see cref="T:Microsoft.Extensions.Logging.ILoggerProvider" /> which this filter will be added for.<para>将为其添加此筛选器的 <see cref="T:Microsoft.Extensions.Logging.ILoggerProvider" />.</para></typeparam>
      <returns>The <see cref="T:Microsoft.Extensions.Logging.ILoggingBuilder" /> so that additional calls can be chained.<para><see cref="T:Microsoft.Extensions.Logging.ILoggingBuilder" />,以便可以链接其他调用.</para></returns>
    </member>
    <member name="M:Microsoft.Extensions.Logging.FilterLoggingBuilderExtensions.AddFilter(Microsoft.Extensions.Logging.ILoggingBuilder,System.String,System.Func{Microsoft.Extensions.Logging.LogLevel,System.Boolean})">
      <summary>Adds a log filter to the factory.<para>将日志筛选器添加到工厂.</para></summary>
      <param name="builder">The <see cref="T:Microsoft.Extensions.Logging.ILoggingBuilder" /> to add the filter to.<para>要将筛选器添加到的 <see cref="T:Microsoft.Extensions.Logging.ILoggingBuilder" />.</para></param>
      <param name="category">The category to filter.<para>要筛选的类别.</para></param>
      <param name="levelFilter">The filter function to apply.<para>要应用的筛选器函数.</para></param>
      <returns>The <see cref="T:Microsoft.Extensions.Logging.ILoggingBuilder" /> so that additional calls can be chained.<para><see cref="T:Microsoft.Extensions.Logging.ILoggingBuilder" />,以便可以链接其他调用.</para></returns>
    </member>
    <member name="M:Microsoft.Extensions.Logging.FilterLoggingBuilderExtensions.AddFilter``1(Microsoft.Extensions.Logging.ILoggingBuilder,System.String,System.Func{Microsoft.Extensions.Logging.LogLevel,System.Boolean})">
      <summary>Adds a log filter for the given <see cref="T:Microsoft.Extensions.Logging.ILoggerProvider" />.<para>为给定的 <see cref="T:Microsoft.Extensions.Logging.ILoggerProvider" /> 添加日志筛选器.</para></summary>
      <param name="builder">The <see cref="T:Microsoft.Extensions.Logging.ILoggingBuilder" /> to add the filter to.<para>要将筛选器添加到的 <see cref="T:Microsoft.Extensions.Logging.ILoggingBuilder" />.</para></param>
      <param name="category">The category to filter.<para>要筛选的类别.</para></param>
      <param name="levelFilter">The filter function to apply.<para>要应用的筛选器函数.</para></param>
      <typeparam name="T">The <see cref="T:Microsoft.Extensions.Logging.ILoggerProvider" /> which this filter will be added for.<para>将为其添加此筛选器的 <see cref="T:Microsoft.Extensions.Logging.ILoggerProvider" />.</para></typeparam>
      <returns>The <see cref="T:Microsoft.Extensions.Logging.ILoggingBuilder" /> so that additional calls can be chained.<para><see cref="T:Microsoft.Extensions.Logging.ILoggingBuilder" />,以便可以链接其他调用.</para></returns>
    </member>
    <member name="M:Microsoft.Extensions.Logging.FilterLoggingBuilderExtensions.AddFilter(Microsoft.Extensions.Logging.LoggerFilterOptions,System.Func{System.String,System.String,Microsoft.Extensions.Logging.LogLevel,System.Boolean})">
      <summary>Adds a log filter to the factory.<para>将日志筛选器添加到工厂.</para></summary>
      <param name="builder">The <see cref="T:Microsoft.Extensions.Logging.ILoggingBuilder" /> to add the filter to.<para>要将筛选器添加到的 <see cref="T:Microsoft.Extensions.Logging.ILoggingBuilder" />.</para></param>
      <param name="filter">The filter function to apply.<para>要应用的筛选器函数.</para></param>
      <returns>The <see cref="T:Microsoft.Extensions.Logging.ILoggingBuilder" /> so that additional calls can be chained.<para><see cref="T:Microsoft.Extensions.Logging.ILoggingBuilder" />,以便可以链接其他调用.</para></returns>
    </member>
    <member name="M:Microsoft.Extensions.Logging.FilterLoggingBuilderExtensions.AddFilter(Microsoft.Extensions.Logging.LoggerFilterOptions,System.Func{System.String,Microsoft.Extensions.Logging.LogLevel,System.Boolean})">
      <summary>Adds a log filter to the factory.<para>将日志筛选器添加到工厂.</para></summary>
      <param name="builder">The <see cref="T:Microsoft.Extensions.Logging.LoggerFilterOptions" /> to add the filter to.<para>要将筛选器添加到的 <see cref="T:Microsoft.Extensions.Logging.LoggerFilterOptions" />.</para></param>
      <param name="categoryLevelFilter">The filter function to apply.<para>要应用的筛选器函数.</para></param>
      <returns>The <see cref="T:Microsoft.Extensions.Logging.LoggerFilterOptions" /> so that additional calls can be chained.<para><see cref="T:Microsoft.Extensions.Logging.LoggerFilterOptions" />,以便可以链接其他调用.</para></returns>
    </member>
    <member name="M:Microsoft.Extensions.Logging.FilterLoggingBuilderExtensions.AddFilter``1(Microsoft.Extensions.Logging.LoggerFilterOptions,System.Func{System.String,Microsoft.Extensions.Logging.LogLevel,System.Boolean})">
      <summary>Adds a log filter for the given <see cref="T:Microsoft.Extensions.Logging.ILoggerProvider" />.<para>为给定的 <see cref="T:Microsoft.Extensions.Logging.ILoggerProvider" /> 添加日志筛选器.</para></summary>
      <param name="builder">The <see cref="T:Microsoft.Extensions.Logging.LoggerFilterOptions" /> to add the filter to.<para>要将筛选器添加到的 <see cref="T:Microsoft.Extensions.Logging.LoggerFilterOptions" />.</para></param>
      <param name="categoryLevelFilter">The filter function to apply.<para>要应用的筛选器函数.</para></param>
      <typeparam name="T">The <see cref="T:Microsoft.Extensions.Logging.ILoggerProvider" /> which this filter will be added for.<para>将为其添加此筛选器的 <see cref="T:Microsoft.Extensions.Logging.ILoggerProvider" />.</para></typeparam>
      <returns>The <see cref="T:Microsoft.Extensions.Logging.LoggerFilterOptions" /> so that additional calls can be chained.<para><see cref="T:Microsoft.Extensions.Logging.LoggerFilterOptions" />,以便可以链接其他调用.</para></returns>
    </member>
    <member name="M:Microsoft.Extensions.Logging.FilterLoggingBuilderExtensions.AddFilter(Microsoft.Extensions.Logging.LoggerFilterOptions,System.Func{Microsoft.Extensions.Logging.LogLevel,System.Boolean})">
      <summary>Adds a log filter to the factory.<para>将日志筛选器添加到工厂.</para></summary>
      <param name="builder">The <see cref="T:Microsoft.Extensions.Logging.LoggerFilterOptions" /> to add the filter to.<para>要将筛选器添加到的 <see cref="T:Microsoft.Extensions.Logging.LoggerFilterOptions" />.</para></param>
      <param name="levelFilter">The filter function to apply.<para>要应用的筛选器函数.</para></param>
      <returns>The <see cref="T:Microsoft.Extensions.Logging.LoggerFilterOptions" /> so that additional calls can be chained.<para><see cref="T:Microsoft.Extensions.Logging.LoggerFilterOptions" />,以便可以链接其他调用.</para></returns>
    </member>
    <member name="M:Microsoft.Extensions.Logging.FilterLoggingBuilderExtensions.AddFilter``1(Microsoft.Extensions.Logging.LoggerFilterOptions,System.Func{Microsoft.Extensions.Logging.LogLevel,System.Boolean})">
      <summary>Adds a log filter for the given <see cref="T:Microsoft.Extensions.Logging.ILoggerProvider" />.<para>为给定的 <see cref="T:Microsoft.Extensions.Logging.ILoggerProvider" /> 添加日志筛选器.</para></summary>
      <param name="builder">The <see cref="T:Microsoft.Extensions.Logging.LoggerFilterOptions" /> to add the filter to.<para>要将筛选器添加到的 <see cref="T:Microsoft.Extensions.Logging.LoggerFilterOptions" />.</para></param>
      <param name="levelFilter">The filter function to apply.<para>要应用的筛选器函数.</para></param>
      <typeparam name="T">The <see cref="T:Microsoft.Extensions.Logging.ILoggerProvider" /> which this filter will be added for.<para>将为其添加此筛选器的 <see cref="T:Microsoft.Extensions.Logging.ILoggerProvider" />.</para></typeparam>
      <returns>The <see cref="T:Microsoft.Extensions.Logging.LoggerFilterOptions" /> so that additional calls can be chained.<para><see cref="T:Microsoft.Extensions.Logging.LoggerFilterOptions" />,以便可以链接其他调用.</para></returns>
    </member>
    <member name="M:Microsoft.Extensions.Logging.FilterLoggingBuilderExtensions.AddFilter(Microsoft.Extensions.Logging.LoggerFilterOptions,System.String,Microsoft.Extensions.Logging.LogLevel)">
      <summary>Adds a log filter to the factory.<para>将日志筛选器添加到工厂.</para></summary>
      <param name="builder">The <see cref="T:Microsoft.Extensions.Logging.LoggerFilterOptions" /> to add the filter to.<para>要将筛选器添加到的 <see cref="T:Microsoft.Extensions.Logging.LoggerFilterOptions" />.</para></param>
      <param name="category">The category to filter.<para>要筛选的类别.</para></param>
      <param name="level">The level to filter.<para>要筛选的级别.</para></param>
      <returns>The <see cref="T:Microsoft.Extensions.Logging.LoggerFilterOptions" /> so that additional calls can be chained.<para><see cref="T:Microsoft.Extensions.Logging.LoggerFilterOptions" />,以便可以链接其他调用.</para></returns>
    </member>
    <member name="M:Microsoft.Extensions.Logging.FilterLoggingBuilderExtensions.AddFilter``1(Microsoft.Extensions.Logging.LoggerFilterOptions,System.String,Microsoft.Extensions.Logging.LogLevel)">
      <summary>Adds a log filter for the given <see cref="T:Microsoft.Extensions.Logging.ILoggerProvider" />.<para>为给定的 <see cref="T:Microsoft.Extensions.Logging.ILoggerProvider" /> 添加日志筛选器.</para></summary>
      <param name="builder">The <see cref="T:Microsoft.Extensions.Logging.LoggerFilterOptions" /> to add the filter to.<para>要将筛选器添加到的 <see cref="T:Microsoft.Extensions.Logging.LoggerFilterOptions" />.</para></param>
      <param name="category">The category to filter.<para>要筛选的类别.</para></param>
      <param name="level">The level to filter.<para>要筛选的级别.</para></param>
      <typeparam name="T">The <see cref="T:Microsoft.Extensions.Logging.ILoggerProvider" /> which this filter will be added for.<para>将为其添加此筛选器的 <see cref="T:Microsoft.Extensions.Logging.ILoggerProvider" />.</para></typeparam>
      <returns>The <see cref="T:Microsoft.Extensions.Logging.LoggerFilterOptions" /> so that additional calls can be chained.<para><see cref="T:Microsoft.Extensions.Logging.LoggerFilterOptions" />,以便可以链接其他调用.</para></returns>
    </member>
    <member name="M:Microsoft.Extensions.Logging.FilterLoggingBuilderExtensions.AddFilter(Microsoft.Extensions.Logging.LoggerFilterOptions,System.String,System.Func{Microsoft.Extensions.Logging.LogLevel,System.Boolean})">
      <summary>Adds a log filter to the factory.<para>将日志筛选器添加到工厂.</para></summary>
      <param name="builder">The <see cref="T:Microsoft.Extensions.Logging.LoggerFilterOptions" /> to add the filter to.<para>要将筛选器添加到的 <see cref="T:Microsoft.Extensions.Logging.LoggerFilterOptions" />.</para></param>
      <param name="category">The category to filter.<para>要筛选的类别.</para></param>
      <param name="levelFilter">The filter function to apply.<para>要应用的筛选器函数.</para></param>
      <returns>The <see cref="T:Microsoft.Extensions.Logging.LoggerFilterOptions" /> so that additional calls can be chained.<para><see cref="T:Microsoft.Extensions.Logging.LoggerFilterOptions" />,以便可以链接其他调用.</para></returns>
    </member>
    <member name="M:Microsoft.Extensions.Logging.FilterLoggingBuilderExtensions.AddFilter``1(Microsoft.Extensions.Logging.LoggerFilterOptions,System.String,System.Func{Microsoft.Extensions.Logging.LogLevel,System.Boolean})">
      <summary>Adds a log filter for the given <see cref="T:Microsoft.Extensions.Logging.ILoggerProvider" />.<para>为给定的 <see cref="T:Microsoft.Extensions.Logging.ILoggerProvider" /> 添加日志筛选器.</para></summary>
      <param name="builder">The <see cref="T:Microsoft.Extensions.Logging.ILoggingBuilder" /> to add the filter to.<para>要将筛选器添加到的 <see cref="T:Microsoft.Extensions.Logging.ILoggingBuilder" />.</para></param>
      <param name="category">The category to filter.<para>要筛选的类别.</para></param>
      <param name="levelFilter">The filter function to apply.<para>要应用的筛选器函数.</para></param>
      <typeparam name="T">The <see cref="T:Microsoft.Extensions.Logging.ILoggerProvider" /> which this filter will be added for.<para>将为其添加此筛选器的 <see cref="T:Microsoft.Extensions.Logging.ILoggerProvider" />.</para></typeparam>
      <returns>The <see cref="T:Microsoft.Extensions.Logging.ILoggingBuilder" /> so that additional calls can be chained.<para><see cref="T:Microsoft.Extensions.Logging.ILoggingBuilder" />,以便可以链接其他调用.</para></returns>
    </member>
    <member name="T:Microsoft.Extensions.Logging.ILoggingBuilder">
      <summary>An interface for configuring logging providers.<para>用于配置日志记录提供程序的接口.</para></summary>
    </member>
    <member name="P:Microsoft.Extensions.Logging.ILoggingBuilder.Services">
      <summary>Gets the <see cref="T:Microsoft.Extensions.DependencyInjection.IServiceCollection" /> where Logging services are configured.<para>获取在其中配置日志记录服务的 <see cref="T:Microsoft.Extensions.DependencyInjection.IServiceCollection" />.</para></summary>
    </member>
    <member name="T:Microsoft.Extensions.Logging.LoggerFactory">
      <summary>Produces instances of <see cref="T:Microsoft.Extensions.Logging.ILogger" /> classes based on the given providers.<para>基于给定的提供程序生成 <see cref="T:Microsoft.Extensions.Logging.ILogger" /> 类的实例.</para></summary>
    </member>
    <member name="M:Microsoft.Extensions.Logging.LoggerFactory.#ctor">
      <summary>Creates a new <see cref="T:Microsoft.Extensions.Logging.LoggerFactory" /> instance.<para>创建新的 <see cref="T:Microsoft.Extensions.Logging.LoggerFactory" /> 实例.</para></summary>
    </member>
    <member name="M:Microsoft.Extensions.Logging.LoggerFactory.#ctor(System.Collections.Generic.IEnumerable{Microsoft.Extensions.Logging.ILoggerProvider})">
      <summary>Creates a new <see cref="T:Microsoft.Extensions.Logging.LoggerFactory" /> instance.<para>创建新的 <see cref="T:Microsoft.Extensions.Logging.LoggerFactory" /> 实例.</para></summary>
      <param name="providers">The providers to use in producing <see cref="T:Microsoft.Extensions.Logging.ILogger" /> instances.<para>用于生成 <see cref="T:Microsoft.Extensions.Logging.ILogger" /> 实例的提供程序.</para></param>
    </member>
    <member name="M:Microsoft.Extensions.Logging.LoggerFactory.#ctor(System.Collections.Generic.IEnumerable{Microsoft.Extensions.Logging.ILoggerProvider},Microsoft.Extensions.Logging.LoggerFilterOptions)">
      <summary>Creates a new <see cref="T:Microsoft.Extensions.Logging.LoggerFactory" /> instance.<para>创建新的 <see cref="T:Microsoft.Extensions.Logging.LoggerFactory" /> 实例.</para></summary>
      <param name="providers">The providers to use in producing <see cref="T:Microsoft.Extensions.Logging.ILogger" /> instances.<para>用于生成 <see cref="T:Microsoft.Extensions.Logging.ILogger" /> 实例的提供程序.</para></param>
      <param name="filterOptions">The filter options to use.<para>要使用的筛选器选项.</para></param>
    </member>
    <member name="M:Microsoft.Extensions.Logging.LoggerFactory.#ctor(System.Collections.Generic.IEnumerable{Microsoft.Extensions.Logging.ILoggerProvider},Microsoft.Extensions.Options.IOptionsMonitor{Microsoft.Extensions.Logging.LoggerFilterOptions})">
      <summary>Creates a new <see cref="T:Microsoft.Extensions.Logging.LoggerFactory" /> instance.<para>创建新的 <see cref="T:Microsoft.Extensions.Logging.LoggerFactory" /> 实例.</para></summary>
      <param name="providers">The providers to use in producing <see cref="T:Microsoft.Extensions.Logging.ILogger" /> instances.<para>用于生成 <see cref="T:Microsoft.Extensions.Logging.ILogger" /> 实例的提供程序.</para></param>
      <param name="filterOption">The filter option to use.<para>要使用的筛选器选项.</para></param>
    </member>
    <member name="M:Microsoft.Extensions.Logging.LoggerFactory.#ctor(System.Collections.Generic.IEnumerable{Microsoft.Extensions.Logging.ILoggerProvider},Microsoft.Extensions.Options.IOptionsMonitor{Microsoft.Extensions.Logging.LoggerFilterOptions},Microsoft.Extensions.Options.IOptions{Microsoft.Extensions.Logging.LoggerFactoryOptions})">
      <summary>Creates a new <see cref="T:Microsoft.Extensions.Logging.LoggerFactory" /> instance.<para>创建新的 <see cref="T:Microsoft.Extensions.Logging.LoggerFactory" /> 实例.</para></summary>
      <param name="providers">The providers to use in producing <see cref="T:Microsoft.Extensions.Logging.ILogger" /> instances.<para>用于生成 <see cref="T:Microsoft.Extensions.Logging.ILogger" /> 实例的提供程序.</para></param>
      <param name="filterOption">The filter option to use.<para>要使用的筛选器选项.</para></param>
      <param name="options">The <see cref="T:Microsoft.Extensions.Logging.LoggerFactoryOptions" />.<para><see cref="T:Microsoft.Extensions.Logging.LoggerFactoryOptions" />.</para></param>
    </member>
    <member name="M:Microsoft.Extensions.Logging.LoggerFactory.#ctor(System.Collections.Generic.IEnumerable{Microsoft.Extensions.Logging.ILoggerProvider},Microsoft.Extensions.Options.IOptionsMonitor{Microsoft.Extensions.Logging.LoggerFilterOptions},Microsoft.Extensions.Options.IOptions{Microsoft.Extensions.Logging.LoggerFactoryOptions},Microsoft.Extensions.Logging.IExternalScopeProvider)">
      <summary>Creates a new <see cref="T:Microsoft.Extensions.Logging.LoggerFactory" /> instance.<para>创建新的 <see cref="T:Microsoft.Extensions.Logging.LoggerFactory" /> 实例.</para></summary>
      <param name="providers">The providers to use in producing <see cref="T:Microsoft.Extensions.Logging.ILogger" /> instances.<para>用于生成 <see cref="T:Microsoft.Extensions.Logging.ILogger" /> 实例的提供程序.</para></param>
      <param name="filterOption">The filter option to use.<para>要使用的筛选器选项.</para></param>
      <param name="options">The <see cref="T:Microsoft.Extensions.Logging.LoggerFactoryOptions" />.<para><see cref="T:Microsoft.Extensions.Logging.LoggerFactoryOptions" />.</para></param>
      <param name="scopeProvider">The <see cref="T:Microsoft.Extensions.Logging.IExternalScopeProvider" />.<para><see cref="T:Microsoft.Extensions.Logging.IExternalScopeProvider" />.</para></param>
    </member>
    <member name="M:Microsoft.Extensions.Logging.LoggerFactory.Create(System.Action{Microsoft.Extensions.Logging.ILoggingBuilder})">
      <summary>Creates new instance of <see cref="T:Microsoft.Extensions.Logging.ILoggerFactory" /> configured using provided <paramref name="configure" /> delegate.<para>创建使用提供的 <paramref name="configure" /> 委托配置的 <see cref="T:Microsoft.Extensions.Logging.ILoggerFactory" /> 的新实例.</para></summary>
      <param name="configure">A delegate to configure the <see cref="T:Microsoft.Extensions.Logging.ILoggingBuilder" />.<para>用于配置 <see cref="T:Microsoft.Extensions.Logging.ILoggingBuilder" /> 的委托.</para></param>
      <returns>The <see cref="T:Microsoft.Extensions.Logging.ILoggerFactory" /> that was created.<para>已创建的 <see cref="T:Microsoft.Extensions.Logging.ILoggerFactory" />.</para></returns>
    </member>
    <member name="M:Microsoft.Extensions.Logging.LoggerFactory.CreateLogger(System.String)">
      <summary>Creates an <see cref="T:Microsoft.Extensions.Logging.ILogger" /> with the given <paramref name="categoryName" />.<para>使用给定的 <paramref name="categoryName" /> 创建一个 <see cref="T:Microsoft.Extensions.Logging.ILogger" />.</para></summary>
      <param name="categoryName">The category name for messages produced by the logger.<para>记录器生成的消息的类别名称.</para></param>
      <returns>The <see cref="T:Microsoft.Extensions.Logging.ILogger" /> that was created.<para>已创建的 <see cref="T:Microsoft.Extensions.Logging.ILogger" />.</para></returns>
    </member>
    <member name="M:Microsoft.Extensions.Logging.LoggerFactory.AddProvider(Microsoft.Extensions.Logging.ILoggerProvider)">
      <summary>Adds the given provider to those used in creating <see cref="T:Microsoft.Extensions.Logging.ILogger" /> instances.<para>将给定的提供程序添加到创建 <see cref="T:Microsoft.Extensions.Logging.ILogger" /> 实例时使用的提供程序.</para></summary>
      <param name="provider">The <see cref="T:Microsoft.Extensions.Logging.ILoggerProvider" /> to add.<para>要添加的 <see cref="T:Microsoft.Extensions.Logging.ILoggerProvider" />.</para></param>
    </member>
    <member name="M:Microsoft.Extensions.Logging.LoggerFactory.CheckDisposed">
      <summary>Check if the factory has been disposed.<para>检查工厂是否已被处置.</para></summary>
      <returns>True when <see cref="M:Microsoft.Extensions.Logging.LoggerFactory.Dispose" /> as been called<para>当调用 <see cref="M:Microsoft.Extensions.Logging.LoggerFactory.Dispose" /> 时为 true</para></returns>
    </member>
    <member name="M:Microsoft.Extensions.Logging.LoggerFactory.Dispose">
      <inheritdoc />
    </member>
    <member name="T:Microsoft.Extensions.Logging.LoggerFactoryOptions">
      <summary>The options for a LoggerFactory.<para>记录器工厂的选项.</para></summary>
    </member>
    <member name="M:Microsoft.Extensions.Logging.LoggerFactoryOptions.#ctor">
      <summary>Creates a new <see cref="T:Microsoft.Extensions.Logging.LoggerFactoryOptions" /> instance.<para>创建新的 <see cref="T:Microsoft.Extensions.Logging.LoggerFactoryOptions" /> 实例.</para></summary>
    </member>
    <member name="P:Microsoft.Extensions.Logging.LoggerFactoryOptions.ActivityTrackingOptions">
      <summary>Gets or sets <see cref="T:Microsoft.Extensions.Logging.LoggerFactoryOptions" /> value to indicate which parts of the tracing context information should be included with the logging scopes.<para>获取或设置 <see cref="T:Microsoft.Extensions.Logging.LoggerFactoryOptions" /> 值,以指示日志记录范围应包含跟踪上下文信息的哪些部分.</para></summary>
    </member>
    <member name="T:Microsoft.Extensions.Logging.LoggerFactoryScopeProvider">
      <summary>Default implementation of <see cref="T:Microsoft.Extensions.Logging.IExternalScopeProvider" /><para><see cref="T:Microsoft.Extensions.Logging.IExternalScopeProvider" /> 的默认实现</para></summary>
    </member>
    <member name="T:Microsoft.Extensions.Logging.LoggerFilterOptions">
      <summary>The options for a LoggerFilter.<para>记录器筛选器的选项.</para></summary>
    </member>
    <member name="M:Microsoft.Extensions.Logging.LoggerFilterOptions.#ctor">
      <summary>Creates a new <see cref="T:Microsoft.Extensions.Logging.LoggerFilterOptions" /> instance.<para>创建新的 <see cref="T:Microsoft.Extensions.Logging.LoggerFilterOptions" /> 实例.</para></summary>
    </member>
    <member name="P:Microsoft.Extensions.Logging.LoggerFilterOptions.CaptureScopes">
      <summary>Gets or sets value indicating whether logging scopes are being captured. Defaults to <c>true</c><para>获取或设置值,该值指示是否正在捕获日志记录范围.默认为 <c>true</c></para></summary>
    </member>
    <member name="P:Microsoft.Extensions.Logging.LoggerFilterOptions.MinLevel">
      <summary>Gets or sets the minimum level of log messages if none of the rules match.<para>获取或设置日志消息的最低级别（如果没有任何规则匹配）.</para></summary>
    </member>
    <member name="P:Microsoft.Extensions.Logging.LoggerFilterOptions.Rules">
      <summary>Gets the collection of <see cref="T:Microsoft.Extensions.Logging.LoggerFilterRule" /> used for filtering log messages.<para>获取用于筛选日志消息的 <see cref="T:Microsoft.Extensions.Logging.LoggerFilterRule" /> 的集合.</para></summary>
    </member>
    <member name="T:Microsoft.Extensions.Logging.LoggerFilterRule">
      <summary>Defines a rule used to filter log messages<para>定义用于筛选日志消息的规则</para></summary>
    </member>
    <member name="M:Microsoft.Extensions.Logging.LoggerFilterRule.#ctor(System.String,System.String,System.Nullable{Microsoft.Extensions.Logging.LogLevel},System.Func{System.String,System.String,Microsoft.Extensions.Logging.LogLevel,System.Boolean})">
      <summary>Creates a new <see cref="T:Microsoft.Extensions.Logging.LoggerFilterRule" /> instance.<para>创建新的 <see cref="T:Microsoft.Extensions.Logging.LoggerFilterRule" /> 实例.</para></summary>
      <param name="providerName">The provider name to use in this filter rule.<para>要在此筛选规则中使用的提供程序名称.</para></param>
      <param name="categoryName">The category name to use in this filter rule.<para>要在此筛选规则中使用的类别名称.</para></param>
      <param name="logLevel">The <see cref="P:Microsoft.Extensions.Logging.LoggerFilterRule.LogLevel" /> to use in this filter rule.<para>要在此筛选规则中使用的 <see cref="P:Microsoft.Extensions.Logging.LoggerFilterRule.LogLevel" />.</para></param>
      <param name="filter">The filter to apply.<para>要应用的筛选器.</para></param>
    </member>
    <member name="P:Microsoft.Extensions.Logging.LoggerFilterRule.ProviderName">
      <summary>Gets the logger provider type or alias this rule applies to.<para>获取此规则应用到的记录器提供程序类型或别名.</para></summary>
    </member>
    <member name="P:Microsoft.Extensions.Logging.LoggerFilterRule.CategoryName">
      <summary>Gets the logger category this rule applies to.<para>获取此规则适用的记录器类别.</para></summary>
    </member>
    <member name="P:Microsoft.Extensions.Logging.LoggerFilterRule.LogLevel">
      <summary>Gets the minimum <see cref="P:Microsoft.Extensions.Logging.LoggerFilterRule.LogLevel" /> of messages.<para>获取最少的 <see cref="P:Microsoft.Extensions.Logging.LoggerFilterRule.LogLevel" /> 消息.</para></summary>
    </member>
    <member name="P:Microsoft.Extensions.Logging.LoggerFilterRule.Filter">
      <summary>Gets the filter delegate that would be applied to messages that passed the <see cref="P:Microsoft.Extensions.Logging.LoggerFilterRule.LogLevel" />.<para>获取将应用于传递 <see cref="P:Microsoft.Extensions.Logging.LoggerFilterRule.LogLevel" /> 的消息的筛选器委托.</para></summary>
    </member>
    <member name="M:Microsoft.Extensions.Logging.LoggerFilterRule.ToString">
      <inheritdoc />
    </member>
    <member name="T:Microsoft.Extensions.Logging.LoggingBuilderExtensions">
      <summary>Extension methods for setting up logging services in an <see cref="T:Microsoft.Extensions.Logging.ILoggingBuilder" />.<para>用于在 <see cref="T:Microsoft.Extensions.Logging.ILoggingBuilder" /> 中设置日志记录服务的扩展方法.</para></summary>
    </member>
    <member name="M:Microsoft.Extensions.Logging.LoggingBuilderExtensions.SetMinimumLevel(Microsoft.Extensions.Logging.ILoggingBuilder,Microsoft.Extensions.Logging.LogLevel)">
      <summary>Sets a minimum <see cref="T:Microsoft.Extensions.Logging.LogLevel" /> requirement for log messages to be logged.<para>设置要记录的日志消息的最低 <see cref="T:Microsoft.Extensions.Logging.LogLevel" /> 要求.</para></summary>
      <param name="builder">The <see cref="T:Microsoft.Extensions.Logging.ILoggingBuilder" /> to set the minimum level on.<para>用于设置最低级别的 <see cref="T:Microsoft.Extensions.Logging.ILoggingBuilder" />.</para></param>
      <param name="level">The <see cref="T:Microsoft.Extensions.Logging.LogLevel" /> to set as the minimum.<para>要设置为最小值的 <see cref="T:Microsoft.Extensions.Logging.LogLevel" />.</para></param>
      <returns>The <see cref="T:Microsoft.Extensions.Logging.ILoggingBuilder" /> so that additional calls can be chained.<para><see cref="T:Microsoft.Extensions.Logging.ILoggingBuilder" />,以便可以链接其他调用.</para></returns>
    </member>
    <member name="M:Microsoft.Extensions.Logging.LoggingBuilderExtensions.AddProvider(Microsoft.Extensions.Logging.ILoggingBuilder,Microsoft.Extensions.Logging.ILoggerProvider)">
      <summary>Adds the given <see cref="T:Microsoft.Extensions.Logging.ILoggerProvider" /> to the <see cref="T:Microsoft.Extensions.Logging.ILoggingBuilder" /><para>将给定的 <see cref="T:Microsoft.Extensions.Logging.ILoggerProvider" /> 添加到 <see cref="T:Microsoft.Extensions.Logging.ILoggingBuilder" /></para></summary>
      <param name="builder">The <see cref="T:Microsoft.Extensions.Logging.ILoggingBuilder" /> to add the <paramref name="provider" /> to.<para>要添加 <paramref name="provider" /> 的 <see cref="T:Microsoft.Extensions.Logging.ILoggingBuilder" />.</para></param>
      <param name="provider">The <see cref="T:Microsoft.Extensions.Logging.ILoggerProvider" /> to add to the <paramref name="builder" />.<para>要添加到 <paramref name="builder" /> 的 <see cref="T:Microsoft.Extensions.Logging.ILoggerProvider" />.</para></param>
      <returns>The <see cref="T:Microsoft.Extensions.Logging.ILoggingBuilder" /> so that additional calls can be chained.<para><see cref="T:Microsoft.Extensions.Logging.ILoggingBuilder" />,以便可以链接其他调用.</para></returns>
    </member>
    <member name="M:Microsoft.Extensions.Logging.LoggingBuilderExtensions.ClearProviders(Microsoft.Extensions.Logging.ILoggingBuilder)">
      <summary>Removes all <see cref="T:Microsoft.Extensions.Logging.ILoggerProvider" />s from <paramref name="builder" />.<para>从 <paramref name="builder" /> 中删除所有 <see cref="T:Microsoft.Extensions.Logging.ILoggerProvider" />.</para></summary>
      <param name="builder">The <see cref="T:Microsoft.Extensions.Logging.ILoggingBuilder" /> to remove <see cref="T:Microsoft.Extensions.Logging.ILoggerProvider" />s from.<para>要从中删除 <see cref="T:Microsoft.Extensions.Logging.ILoggerProvider" /> 的 <see cref="T:Microsoft.Extensions.Logging.ILoggingBuilder" />.</para></param>
      <returns>The <see cref="T:Microsoft.Extensions.Logging.ILoggingBuilder" /> so that additional calls can be chained.<para><see cref="T:Microsoft.Extensions.Logging.ILoggingBuilder" />,以便可以链接其他调用.</para></returns>
    </member>
    <member name="M:Microsoft.Extensions.Logging.LoggingBuilderExtensions.Configure(Microsoft.Extensions.Logging.ILoggingBuilder,System.Action{Microsoft.Extensions.Logging.LoggerFactoryOptions})">
      <summary>Configure the <paramref name="builder" /> with the <see cref="T:Microsoft.Extensions.Logging.LoggerFactoryOptions" />.<para>使用 <see cref="T:Microsoft.Extensions.Logging.LoggerFactoryOptions" /> 配置 <paramref name="builder" />.</para></summary>
      <param name="builder">The <see cref="T:Microsoft.Extensions.Logging.ILoggingBuilder" /> to be configured with <see cref="T:Microsoft.Extensions.Logging.LoggerFactoryOptions" /><para>要配置 <see cref="T:Microsoft.Extensions.Logging.LoggerFactoryOptions" /> 的 <see cref="T:Microsoft.Extensions.Logging.ILoggingBuilder" /></para></param>
      <param name="action">The action used to configure the logger factory<para>用于配置记录器工厂的操作</para></param>
      <returns>The <see cref="T:Microsoft.Extensions.Logging.ILoggingBuilder" /> so that additional calls can be chained.<para><see cref="T:Microsoft.Extensions.Logging.ILoggingBuilder" />,以便可以链接其他调用.</para></returns>
    </member>
    <member name="T:Microsoft.Extensions.Logging.ProviderAliasAttribute">
      <summary>Defines alias for <see cref="T:Microsoft.Extensions.Logging.ILoggerProvider" /> implementation to be used in filtering rules.<para>定义要在筛选规则中使用的 <see cref="T:Microsoft.Extensions.Logging.ILoggerProvider" /> 实现的别名.</para></summary>
    </member>
    <member name="M:Microsoft.Extensions.Logging.ProviderAliasAttribute.#ctor(System.String)">
      <summary>Creates a new <see cref="T:Microsoft.Extensions.Logging.ProviderAliasAttribute" /> instance.<para>创建一个新的 <see cref="t:microsoft.extensions.logging.provideraliasattribute" /> 实例.</para></summary>
      <param name="alias">The alias to set.<para>要设置的别名.</para></param>
    </member>
    <member name="P:Microsoft.Extensions.Logging.ProviderAliasAttribute.Alias">
      <summary>The alias of the provider.<para>提供程序的别名.</para></summary>
    </member>
    <member name="T:Microsoft.Extensions.Logging.NullExternalScopeProvider">
      <summary>Scope provider that does nothing.<para>不执行任何操作的范围提供程序.</para></summary>
    </member>
    <member name="P:Microsoft.Extensions.Logging.NullExternalScopeProvider.Instance">
      <summary>Returns a cached instance of <see cref="T:Microsoft.Extensions.Logging.NullExternalScopeProvider" />.<para>返回 <see cref="T:Microsoft.Extensions.Logging.NullExternalScopeProvider" /> 的缓存实例.</para></summary>
    </member>
    <member name="M:Microsoft.Extensions.Logging.NullExternalScopeProvider.Microsoft#Extensions#Logging#IExternalScopeProvider#ForEachScope``1(System.Action{System.Object,``0},``0)">
      <inheritdoc />
    </member>
    <member name="M:Microsoft.Extensions.Logging.NullExternalScopeProvider.Microsoft#Extensions#Logging#IExternalScopeProvider#Push(System.Object)">
      <inheritdoc />
    </member>
    <member name="T:Microsoft.Extensions.Logging.NullScope">
      <summary>An empty scope without any logic<para>没有任何逻辑的空范围</para></summary>
    </member>
    <member name="M:Microsoft.Extensions.Logging.NullScope.Dispose">
      <inheritdoc />
    </member>
    <member name="T:Microsoft.Extensions.DependencyInjection.LoggingServiceCollectionExtensions">
      <summary>Extension methods for setting up logging services in an <see cref="T:Microsoft.Extensions.DependencyInjection.IServiceCollection" />.<para>用于在 <see cref="T:Microsoft.Extensions.DependencyInjection.IServiceCollection" /> 中设置日志记录服务的扩展方法.</para></summary>
    </member>
    <member name="M:Microsoft.Extensions.DependencyInjection.LoggingServiceCollectionExtensions.AddLogging(Microsoft.Extensions.DependencyInjection.IServiceCollection)">
      <summary>Adds logging services to the specified <see cref="T:Microsoft.Extensions.DependencyInjection.IServiceCollection" />.<para>将日志记录服务添加到指定的 <see cref="T:Microsoft.Extensions.DependencyInjection.IServiceCollection" />.</para></summary>
      <param name="services">The <see cref="T:Microsoft.Extensions.DependencyInjection.IServiceCollection" /> to add services to.<para>要向其添加服务的 <see cref="T:Microsoft.Extensions.DependencyInjection.IServiceCollection" />.</para></param>
      <returns>The <see cref="T:Microsoft.Extensions.DependencyInjection.IServiceCollection" /> so that additional calls can be chained.<para><see cref="T:Microsoft.Extensions.DependencyInjection.IServiceCollection" />,以便可以链接其他调用.</para></returns>
    </member>
    <member name="M:Microsoft.Extensions.DependencyInjection.LoggingServiceCollectionExtensions.AddLogging(Microsoft.Extensions.DependencyInjection.IServiceCollection,System.Action{Microsoft.Extensions.Logging.ILoggingBuilder})">
      <summary>Adds logging services to the specified <see cref="T:Microsoft.Extensions.DependencyInjection.IServiceCollection" />.<para>将日志记录服务添加到指定的 <see cref="T:Microsoft.Extensions.DependencyInjection.IServiceCollection" />.</para></summary>
      <param name="services">The <see cref="T:Microsoft.Extensions.DependencyInjection.IServiceCollection" /> to add services to.<para>要向其添加服务的 <see cref="T:Microsoft.Extensions.DependencyInjection.IServiceCollection" />.</para></param>
      <param name="configure">The <see cref="T:Microsoft.Extensions.Logging.ILoggingBuilder" /> configuration delegate.<para><see cref="T:Microsoft.Extensions.Logging.ILoggingBuilder" /> 配置委托.</para></param>
      <returns>The <see cref="T:Microsoft.Extensions.DependencyInjection.IServiceCollection" /> so that additional calls can be chained.<para><see cref="T:Microsoft.Extensions.DependencyInjection.IServiceCollection" />,以便可以链接其他调用.</para></returns>
    </member>
    <member name="M:System.ThrowHelper.ThrowIfNull(System.Object,System.String)">
      <summary>Throws an <see cref="T:System.ArgumentNullException" /> if <paramref name="argument" /> is null.<para>抛出一个 <see cref="t:system.argumentnullexception" /> 如果 <paramref name="argument" /> 为空.</para></summary>
      <param name="argument">The reference type argument to validate as non-null.<para>要验证为非 null 的引用类型参数.</para></param>
      <param name="paramName">The name of the parameter with which <paramref name="argument" /> corresponds.<para><paramref name="argument" /> 对应的参数的名称.</para></param>
    </member>
    <member name="P:System.SR.InvalidActivityTrackingOptions">
      <summary>{0} is invalid ActivityTrackingOptions value.<para>{0}是无效的活动跟踪选项值.</para></summary>
    </member>
    <member name="P:System.SR.MoreThanOneWildcard">
      <summary>Only one wildcard character is allowed in category name.<para>类别名称中只允许有一个通配符.</para></summary>
    </member>
  </members>
</doc>