<?xml version="1.0"?>
<doc>
  <assembly>
    <name>Microsoft.AspNetCore.Razor</name>
  </assembly>
  <members>
    <member name="T:Microsoft.AspNetCore.Razor.TagHelpers.DefaultTagHelperContent">
      <summary>Default concrete <see cref="T:Microsoft.AspNetCore.Razor.TagHelpers.TagHelperContent" />.<para>默认混凝土 <see cref="t:microsoft.aspnetcore.razor.taghelpers.taghelpercontent" /> .</para></summary>
    </member>
    <member name="P:Microsoft.AspNetCore.Razor.TagHelpers.DefaultTagHelperContent.IsModified">
      <inheritdoc />
    </member>
    <member name="P:Microsoft.AspNetCore.Razor.TagHelpers.DefaultTagHelperContent.IsEmptyOrWhiteSpace">
      <inheritdoc />
      <remarks>Returns <c>true</c> for a cleared <see cref="T:Microsoft.AspNetCore.Razor.TagHelpers.TagHelperContent" />.<para></para></remarks>
    </member>
    <member name="M:Microsoft.AspNetCore.Razor.TagHelpers.DefaultTagHelperContent.Append(System.String)">
      <inheritdoc />
    </member>
    <member name="M:Microsoft.AspNetCore.Razor.TagHelpers.DefaultTagHelperContent.AppendHtml(Microsoft.AspNetCore.Html.IHtmlContent)">
      <inheritdoc />
    </member>
    <member name="M:Microsoft.AspNetCore.Razor.TagHelpers.DefaultTagHelperContent.AppendHtml(System.String)">
      <inheritdoc />
    </member>
    <member name="M:Microsoft.AspNetCore.Razor.TagHelpers.DefaultTagHelperContent.CopyTo(Microsoft.AspNetCore.Html.IHtmlContentBuilder)">
      <inheritdoc />
    </member>
    <member name="M:Microsoft.AspNetCore.Razor.TagHelpers.DefaultTagHelperContent.MoveTo(Microsoft.AspNetCore.Html.IHtmlContentBuilder)">
      <inheritdoc />
    </member>
    <member name="M:Microsoft.AspNetCore.Razor.TagHelpers.DefaultTagHelperContent.Clear">
      <inheritdoc />
    </member>
    <member name="M:Microsoft.AspNetCore.Razor.TagHelpers.DefaultTagHelperContent.Reinitialize">
      <inheritdoc />
    </member>
    <member name="M:Microsoft.AspNetCore.Razor.TagHelpers.DefaultTagHelperContent.GetContent">
      <inheritdoc />
    </member>
    <member name="M:Microsoft.AspNetCore.Razor.TagHelpers.DefaultTagHelperContent.GetContent(System.Text.Encodings.Web.HtmlEncoder)">
      <inheritdoc />
    </member>
    <member name="M:Microsoft.AspNetCore.Razor.TagHelpers.DefaultTagHelperContent.WriteTo(System.IO.TextWriter,System.Text.Encodings.Web.HtmlEncoder)">
      <inheritdoc />
    </member>
    <member name="T:Microsoft.AspNetCore.Razor.TagHelpers.HtmlAttributeNameAttribute">
      <summary>Used to override an <see cref="T:Microsoft.AspNetCore.Razor.TagHelpers.ITagHelper" /> property's HTML attribute name.<para>用于覆盖 <see cref="t:microsoft.aspnetcore.razor.taghelpers.itaghelper" /> 属性的 html 属性名称.</para></summary>
    </member>
    <member name="M:Microsoft.AspNetCore.Razor.TagHelpers.HtmlAttributeNameAttribute.#ctor">
      <summary>Instantiates a new instance of the <see cref="T:Microsoft.AspNetCore.Razor.TagHelpers.HtmlAttributeNameAttribute" /> class with <see cref="P:Microsoft.AspNetCore.Razor.TagHelpers.HtmlAttributeNameAttribute.Name" />
            equal to <c>null</c>.<para>实例化 <see cref="t:microsoft.aspnetcore.razor.taghelpers.htmlattributenameattribute" /> 类与 <see cref="p:microsoft.aspnetcore.razor.taghelpers.htmlattributenameattribute.name" /> 等于 <c>null</c>.</para></summary>
      <remarks>Associated property must not have a public setter and must be compatible with
            <see cref="T:System.Collections.Generic.IDictionary`2" /> where <c>TKey</c> is
            <see cref="T:System.String" />.<para>关联的属性不得具有公共资源库,并且必须与 <see cref="T:System.Collections.Generic.IDictionary`2" /> 其中 <c>TKey</c> 是 <see cref="T:System.String" />.</para></remarks>
    </member>
    <member name="M:Microsoft.AspNetCore.Razor.TagHelpers.HtmlAttributeNameAttribute.#ctor(System.String)">
      <summary>Instantiates a new instance of the <see cref="T:Microsoft.AspNetCore.Razor.TagHelpers.HtmlAttributeNameAttribute" /> class.<para>实例化 <see cref="t:microsoft.aspnetcore.razor.taghelpers.htmlattributenameattribute" /> .class.</para></summary>
      <param name="name">HTML attribute name for the associated property. Must be <c>null</c> or empty if associated property does
            not have a public setter and is compatible with
            <see cref="T:System.Collections.Generic.IDictionary`2" /> where <c>TKey</c> is
            <see cref="T:System.String" />. Otherwise must not be <c>null</c> or empty.<para>关联属性的 html 属性名称.必须为 <c>null</c> 或空（如果关联的属性为 没有公共设置器,并且与 <see cref="T:System.Collections.Generic.IDictionary`2" /> 其中 <c>TKey</c> 是 <see cref="T:System.String" />.否则不得为 <c>null</c> 或为空.</para></param>
    </member>
    <member name="P:Microsoft.AspNetCore.Razor.TagHelpers.HtmlAttributeNameAttribute.Name">
      <summary>HTML attribute name of the associated property.<para>关联属性的 html 属性名称.</para></summary>
      <value>
        <c>null</c> or empty if and only if associated property does not have a public setter and is compatible
            with <see cref="T:System.Collections.Generic.IDictionary`2" /> where <c>TKey</c> is
            <see cref="T:System.String" />.
            </value>
    </member>
    <member name="P:Microsoft.AspNetCore.Razor.TagHelpers.HtmlAttributeNameAttribute.DictionaryAttributePrefix">
      <summary>Gets or sets the prefix used to match HTML attribute names. Matching attributes are added to the
            associated property (an <see cref="T:System.Collections.Generic.IDictionary`2" />).<para>获取或设置用于匹配 html 属性名称的前缀.匹配属性将添加到 关联的属性（一个 <see cref="T:System.Collections.Generic.IDictionary`2" />）.</para></summary>
      <remarks>If non-<c>null</c> associated property must be compatible with
            <see cref="T:System.Collections.Generic.IDictionary`2" /> where <c>TKey</c> is
            <see cref="T:System.String" />.<para>如果非 <c>null</c> 关联的属性必须与 <see cref="T:System.Collections.Generic.IDictionary`2" /> 其中 <c>TKey</c> 是 <see cref="T:System.String" />.</para></remarks>
      <value>
        <para>
            If associated property is compatible with
            <see cref="T:System.Collections.Generic.IDictionary`2" />, default value is <c>Name + "-"</c>.
            <see cref="P:Microsoft.AspNetCore.Razor.TagHelpers.HtmlAttributeNameAttribute.Name" /> must not be <c>null</c> or empty in this case.
            </para>
        <para>
            Otherwise default value is <c>null</c>.
            </para>
      </value>
    </member>
    <member name="P:Microsoft.AspNetCore.Razor.TagHelpers.HtmlAttributeNameAttribute.DictionaryAttributePrefixSet">
      <summary>Gets an indication whether <see cref="P:Microsoft.AspNetCore.Razor.TagHelpers.HtmlAttributeNameAttribute.DictionaryAttributePrefix" /> has been set. Used to distinguish an
            uninitialized <see cref="P:Microsoft.AspNetCore.Razor.TagHelpers.HtmlAttributeNameAttribute.DictionaryAttributePrefix" /> value from an explicit <c>null</c> setting.<para>获取指示是否 <see cref="p:microsoft.aspnetcore.razor.taghelpers.htmlattributenameattribute.dictionaryattributeprefix" /> 已设置.用于区分 初始 化 <see cref="p:microsoft.aspnetcore.razor.taghelpers.htmlattributenameattribute.dictionaryattributeprefix" /> 来自显式 <c>null</c> 设置的值.</para></summary>
      <value>
        <c>true</c> if <see cref="P:Microsoft.AspNetCore.Razor.TagHelpers.HtmlAttributeNameAttribute.DictionaryAttributePrefix" /> was set. <c>false</c> otherwise.</value>
    </member>
    <member name="T:Microsoft.AspNetCore.Razor.TagHelpers.HtmlAttributeNotBoundAttribute">
      <summary>Indicates the associated <see cref="T:Microsoft.AspNetCore.Razor.TagHelpers.ITagHelper" /> property should not be bound to HTML attributes.<para>指示关联的 <see cref="t:microsoft.aspnetcore.razor.taghelpers.itaghelper" /> 属性不应绑定到 html 属性.</para></summary>
    </member>
    <member name="M:Microsoft.AspNetCore.Razor.TagHelpers.HtmlAttributeNotBoundAttribute.#ctor">
      <summary>Instantiates a new instance of the <see cref="T:Microsoft.AspNetCore.Razor.TagHelpers.HtmlAttributeNotBoundAttribute" /> class.<para>实例化 <see cref="t:microsoft.aspnetcore.razor.taghelpers.htmlattributenotboundattribute" /> .class.</para></summary>
    </member>
    <member name="T:Microsoft.AspNetCore.Razor.TagHelpers.HtmlAttributeValueStyle">
      <summary>Determines how an HTML attribute value appears in markup.<para>确定 html 属性值在标记中的显示方式.</para></summary>
    </member>
    <member name="F:Microsoft.AspNetCore.Razor.TagHelpers.HtmlAttributeValueStyle.DoubleQuotes">
      <summary>An attribute value that appears in double quotes.<para>出现在双引号中的属性值.</para></summary>
    </member>
    <member name="F:Microsoft.AspNetCore.Razor.TagHelpers.HtmlAttributeValueStyle.SingleQuotes">
      <summary>An attribute value that appears in single quotes.<para>出现在单引号中的属性值.</para></summary>
    </member>
    <member name="F:Microsoft.AspNetCore.Razor.TagHelpers.HtmlAttributeValueStyle.NoQuotes">
      <summary>An attribute value that appears without quotes.<para>不带引号显示的属性值.</para></summary>
    </member>
    <member name="F:Microsoft.AspNetCore.Razor.TagHelpers.HtmlAttributeValueStyle.Minimized">
      <summary>A minimized attribute value.<para>最小化的属性值.</para></summary>
    </member>
    <member name="T:Microsoft.AspNetCore.Razor.TagHelpers.HtmlTargetElementAttribute">
      <summary>Provides an <see cref="T:Microsoft.AspNetCore.Razor.TagHelpers.ITagHelper" />'s target.<para>提供 <see cref="t:microsoft.aspnetcore.razor.taghelpers.itaghelper" /> 的目标.</para></summary>
    </member>
    <member name="F:Microsoft.AspNetCore.Razor.TagHelpers.HtmlTargetElementAttribute.ElementCatchAllTarget">
      <summary>The value for a tag helper that targets all HTML elements.<para>面向所有 html 元素的标记帮助程序的值.</para></summary>
    </member>
    <member name="M:Microsoft.AspNetCore.Razor.TagHelpers.HtmlTargetElementAttribute.#ctor">
      <summary>Instantiates a new instance of the <see cref="T:Microsoft.AspNetCore.Razor.TagHelpers.HtmlTargetElementAttribute" /> class that targets all HTML
            elements with the required <see cref="P:Microsoft.AspNetCore.Razor.TagHelpers.HtmlTargetElementAttribute.Attributes" />.<para>实例化 <see cref="t:microsoft.aspnetcore.razor.taghelpers.htmltargetelementattribute" /> 面向所有 html 的类 具有所需元素 <see cref="p:microsoft.aspnetcore.razor.taghelpers.htmltargetelementattribute.attributes" /> .</para></summary>
      <remarks>
        <see cref="P:Microsoft.AspNetCore.Razor.TagHelpers.HtmlTargetElementAttribute.Tag" /> is set to <c>*</c>.<para><see cref="p:microsoft.aspnetcore.razor.taghelpers.htmltargetelementattribute.tag" /> 设置为 <c>*</c>.</para></remarks>
    </member>
    <member name="M:Microsoft.AspNetCore.Razor.TagHelpers.HtmlTargetElementAttribute.#ctor(System.String)">
      <summary>Instantiates a new instance of the <see cref="T:Microsoft.AspNetCore.Razor.TagHelpers.HtmlTargetElementAttribute" /> class with the given
            <paramref name="tag" /> as its <see cref="P:Microsoft.AspNetCore.Razor.TagHelpers.HtmlTargetElementAttribute.Tag" /> value.<para>实例化 <see cref="t:microsoft.aspnetcore.razor.taghelpers.htmltargetelementattribute" /> 具有给定的类 <paramref name="tag" /> 作为其 <see cref="p:microsoft.aspnetcore.razor.taghelpers.htmltargetelementattribute.tag" /> 价值.</para></summary>
      <param name="tag">The HTML tag the <see cref="T:Microsoft.AspNetCore.Razor.TagHelpers.ITagHelper" /> targets.<para>的 html 标记 <see cref="t:microsoft.aspnetcore.razor.taghelpers.itaghelper" /> 目标.</para></param>
      <remarks>A <c>*</c><paramref name="tag" /> value indicates this <see cref="T:Microsoft.AspNetCore.Razor.TagHelpers.ITagHelper" />
            targets all HTML elements with the required <see cref="P:Microsoft.AspNetCore.Razor.TagHelpers.HtmlTargetElementAttribute.Attributes" />.<para>一个 <c>*</c><paramref name="tag" /> 值表示这一点 <see cref="t:microsoft.aspnetcore.razor.taghelpers.itaghelper" /> 定位具有所需 <see cref="p:microsoft.aspnetcore.razor.taghelpers.htmltargetelementattribute.attributes" /> .</para></remarks>
    </member>
    <member name="P:Microsoft.AspNetCore.Razor.TagHelpers.HtmlTargetElementAttribute.Tag">
      <summary>The HTML tag the <see cref="T:Microsoft.AspNetCore.Razor.TagHelpers.ITagHelper" /> targets. A <c>*</c> value indicates this <see cref="T:Microsoft.AspNetCore.Razor.TagHelpers.ITagHelper" />
            targets all HTML elements with the required <see cref="P:Microsoft.AspNetCore.Razor.TagHelpers.HtmlTargetElementAttribute.Attributes" />.<para>的 html 标记 <see cref="t:microsoft.aspnetcore.razor.taghelpers.itaghelper" /> 目标.一个 <c>*</c> 值表示这一点 <see cref="t:microsoft.aspnetcore.razor.taghelpers.itaghelper" /> 定位具有所需 <see cref="p:microsoft.aspnetcore.razor.taghelpers.htmltargetelementattribute.attributes" /> .</para></summary>
    </member>
    <member name="P:Microsoft.AspNetCore.Razor.TagHelpers.HtmlTargetElementAttribute.Attributes">
      <summary>A comma-separated <see cref="T:System.String" /> of attribute selectors the HTML element must match for the
            <see cref="T:Microsoft.AspNetCore.Razor.TagHelpers.ITagHelper" /> to run. <c>*</c> at the end of an attribute name acts as a prefix match. A value
            surrounded by square brackets is handled as a CSS attribute value selector. Operators <c>^=</c>, <c>$=</c> and
            <c>=</c> are supported e.g. <c>"name"</c>, <c>"[name]"</c>, <c>"[name=value]"</c>, <c>"[ name ^= 'value' ]"</c>.<para>以逗号分隔的属性选择器 <see cref="T:System.String" />,html 元素必须与 <see cref="t:microsoft.aspnetcore.razor.taghelpers.itaghelper" /> 来运行.属性名称末尾的 <c>*</c> 充当前缀匹配.一个值 用方括号括起来作为 css 属性值选择器处理.运算符 <c>^=</c>、<c>$=</c> 和 <c>=</c> 是支持的,例如 <c>"name"</c>, <c>"[name]"</c>, <c>"[name=value]"</c>, <c>"[ name ^= 'value' ]"</c>.</para></summary>
    </member>
    <member name="P:Microsoft.AspNetCore.Razor.TagHelpers.HtmlTargetElementAttribute.TagStructure">
      <summary>The expected tag structure. Defaults to <see cref="F:Microsoft.AspNetCore.Razor.TagHelpers.TagStructure.Unspecified" />.<para>预期的标记结构.默认为 <see cref="f:microsoft.aspnetcore.razor.taghelpers.tagstructure.unspecified " /> .</para></summary>
      <remarks>If <see cref="F:Microsoft.AspNetCore.Razor.TagHelpers.TagStructure.Unspecified" /> and no other tag helpers applying to the same element specify
            their <see cref="P:Microsoft.AspNetCore.Razor.TagHelpers.HtmlTargetElementAttribute.TagStructure" /> the <see cref="F:Microsoft.AspNetCore.Razor.TagHelpers.TagStructure.NormalOrSelfClosing" /> behavior is used:
            <para><code>
            &lt;my-tag-helper&gt;&lt;/my-tag-helper&gt;
            &lt;!-- OR --&gt;
            &lt;my-tag-helper /&gt;
            </code>
            Otherwise, if another tag helper applying to the same element does specify their behavior, that behavior
            is used.
            </para><para>
            If <see cref="F:Microsoft.AspNetCore.Razor.TagHelpers.TagStructure.WithoutEndTag" /> HTML elements can be written in the following formats:
            <code>
            &lt;my-tag-helper&gt;
            &lt;!-- OR --&gt;
            &lt;my-tag-helper /&gt;
            </code></para><para>如果 <see cref="f:microsoft.aspnetcore.razor.taghelpers.tagstructure.unspecified " /> 并且没有应用于同一元素的其他标记帮助程序指定 他们 <see cref="p:microsoft.aspnetcore.razor.taghelpers.htmltargetelementattribute.tagstructure" /> 这 <see cref="f:microsoft.aspnetcore.razor.taghelpers.tagstructure.normalorselfclosesing" /> 使用的行为: <para><code> &lt;我的标签助手&gt;嗡;！-- 或 --&gt; &lt;我的标签助手 /&gt; </code> 否则,如果应用于同一元素的另一个标记帮助程序确实指定了其行为,则该行为 被使用. </para><para> 如果 <see cref="f:microsoft.aspnetcore.razor.taghelpers.tagstructure.withoutendtag" /> html 元素可以采用以下格式编写: <code> &lt;我的标签助手&gt; 嗡;！-- 或 --&gt; &lt;我的标签助手 /&gt; </code></para></para></remarks>
    </member>
    <member name="P:Microsoft.AspNetCore.Razor.TagHelpers.HtmlTargetElementAttribute.ParentTag">
      <summary>The required HTML element name of the direct parent. A <c>null</c> value indicates any HTML element name is
            allowed.<para>直接父级所需的 html 元素名称.<c>null</c> 值表示任何 html 元素名称为 允许.</para></summary>
    </member>
    <member name="T:Microsoft.AspNetCore.Razor.TagHelpers.ITagHelper">
      <summary>Contract used to filter matching HTML elements.
            Marker interface for <see cref="T:Microsoft.AspNetCore.Razor.TagHelpers.TagHelper" />s.<para>用于筛选匹配的 html 元素的协定. 标记接口 <see cref="t:microsoft.aspnetcore.razor.taghelpers.taghelper" /> s.</para></summary>
    </member>
    <member name="T:Microsoft.AspNetCore.Razor.TagHelpers.ITagHelperComponent">
      <summary>Contract used to modify an HTML element.<para>用于修改 html 元素的协定.</para></summary>
    </member>
    <member name="P:Microsoft.AspNetCore.Razor.TagHelpers.ITagHelperComponent.Order">
      <summary>When a set of <see cref="T:Microsoft.AspNetCore.Razor.TagHelpers.ITagHelperComponent" />s are executed, their <see cref="M:Microsoft.AspNetCore.Razor.TagHelpers.ITagHelperComponent.Init(Microsoft.AspNetCore.Razor.TagHelpers.TagHelperContext)" />'s
            are first invoked in the specified <see cref="P:Microsoft.AspNetCore.Razor.TagHelpers.ITagHelperComponent.Order" />; then their
            <see cref="M:Microsoft.AspNetCore.Razor.TagHelpers.ITagHelperComponent.ProcessAsync(Microsoft.AspNetCore.Razor.TagHelpers.TagHelperContext,Microsoft.AspNetCore.Razor.TagHelpers.TagHelperOutput)" />'s are invoked in the specified
            <see cref="P:Microsoft.AspNetCore.Razor.TagHelpers.ITagHelperComponent.Order" />. Lower values are executed first.<para>当一组 <see cref="t:microsoft.aspnetcore.razor.taghelpers.itaghelpercomponent" /> 被执行,他们的 <see cref="m:microsoft.aspnetcore.razor.taghelpers.itaghelpercomponent.init（microsoft.aspnetcore.razor.taghelpers.taghelpercontext）" /> 的 首先在指定的 <see cref="p:microsoft.aspnetcore.razor.taghelpers.itaghelpercomponent.order" /> ;然后他们的 <see cref="m:microsoft.aspnetcore.razor.taghelpers.itaghelpercomponent.processasync（microsoft.aspnetcore.razor.taghelpers.taghelpercontext,microsoft.aspnetcore.razor.taghelpers.taghelperoutput）" /> 在指定的 <see cref="p:microsoft.aspnetcore.razor.taghelpers.itaghelpercomponent.order" /> .首先执行较低的值.</para></summary>
    </member>
    <member name="M:Microsoft.AspNetCore.Razor.TagHelpers.ITagHelperComponent.Init(Microsoft.AspNetCore.Razor.TagHelpers.TagHelperContext)">
      <summary>Initializes the <see cref="T:Microsoft.AspNetCore.Razor.TagHelpers.ITagHelperComponent" /> with the given <paramref name="context" />. Additions to
            <see cref="P:Microsoft.AspNetCore.Razor.TagHelpers.TagHelperContext.Items" /> should be done within this method to ensure they're added prior to
            executing the children.<para>初始化 <see cref="t:microsoft.aspnetcore.razor.taghelpers.itaghelpercomponent" /> 使用给定的 <paramref name="context" />.补充 <see cref="p:microsoft.aspnetcore.razor.taghelpers.taghelpercontext.items" /> 应在此方法中完成,以确保在 处决孩子.</para></summary>
      <param name="context">Contains information associated with the current HTML tag.<para>包含与当前 html 标记关联的信息.</para></param>
      <remarks>When more than one <see cref="T:Microsoft.AspNetCore.Razor.TagHelpers.ITagHelperComponent" /> runs on the same element,
            <see cref="M:TagHelperOutput.GetChildContentAsync" /> may be invoked prior to <see cref="M:Microsoft.AspNetCore.Razor.TagHelpers.ITagHelperComponent.ProcessAsync(Microsoft.AspNetCore.Razor.TagHelpers.TagHelperContext,Microsoft.AspNetCore.Razor.TagHelpers.TagHelperOutput)" />.<para>当多个 <see cref="t:microsoft.aspnetcore.razor.taghelpers.itaghelpercomponent" /> 在同一元素上运行, <see cref="m:taghelperoutput.getchildcontentasync" /> 可以在 <see cref="m:microsoft.aspnetcore.razor.taghelpers.itaghelpercomponent.processasync（microsoft.aspnetcore.razor.taghelpers.taghelpercontext,microsoft.aspnetcore.razor.taghelpers.taghelperoutput）" /> .</para></remarks>
    </member>
    <member name="M:Microsoft.AspNetCore.Razor.TagHelpers.ITagHelperComponent.ProcessAsync(Microsoft.AspNetCore.Razor.TagHelpers.TagHelperContext,Microsoft.AspNetCore.Razor.TagHelpers.TagHelperOutput)">
      <summary>Asynchronously executes the <see cref="T:Microsoft.AspNetCore.Razor.TagHelpers.ITagHelperComponent" /> with the given <paramref name="context" /> and
            <paramref name="output" />.<para>异步执行 <see cref="t:microsoft.aspnetcore.razor.taghelpers.itaghelpercomponent" /> 使用给定的 <paramref name="context" /> 和 <paramref name="output" />.</para></summary>
      <param name="context">Contains information associated with the current HTML tag.<para>包含与当前 html 标记关联的信息.</para></param>
      <param name="output">A stateful HTML element used to generate an HTML tag.<para>用于生成 html 标记的有状态 html 元素.</para></param>
      <returns>A <see cref="T:System.Threading.Tasks.Task" /> that on completion updates the <paramref name="output" />.<para>一个 <see cref="T:System.Threading.Tasks.Task" />,在完成时更新 <paramref name="output" />.</para></returns>
    </member>
    <member name="T:Microsoft.AspNetCore.Razor.TagHelpers.NullHtmlEncoder">
      <summary>A <see cref="T:System.Text.Encodings.Web.HtmlEncoder" /> that does not encode. Should not be used when writing directly to a response
            expected to contain valid HTML.<para>不编码的 <see cref="T:System.Text.Encodings.Web.HtmlEncoder" />.直接写入响应时不应使用 应包含有效的 html.</para></summary>
    </member>
    <member name="M:Microsoft.AspNetCore.Razor.TagHelpers.NullHtmlEncoder.#ctor">
      <summary>Initializes a <see cref="T:Microsoft.AspNetCore.Razor.TagHelpers.NullHtmlEncoder" /> instance.<para>初始化 <see cref="t:microsoft.aspnetcore.razor.taghelpers.nullhtmlencoder" /> 实例.</para></summary>
    </member>
    <member name="P:Microsoft.AspNetCore.Razor.TagHelpers.NullHtmlEncoder.Default">
      <summary>A <see cref="T:System.Text.Encodings.Web.HtmlEncoder" /> instance that does not encode. Should not be used when writing directly to a
            response expected to contain valid HTML.<para>不编码的 <see cref="T:System.Text.Encodings.Web.HtmlEncoder" /> 实例.直接写入 响应应包含有效的 html.</para></summary>
    </member>
    <member name="P:Microsoft.AspNetCore.Razor.TagHelpers.NullHtmlEncoder.MaxOutputCharactersPerInputCharacter">
      <inheritdoc />
    </member>
    <member name="M:Microsoft.AspNetCore.Razor.TagHelpers.NullHtmlEncoder.Encode(System.String)">
      <inheritdoc />
    </member>
    <member name="M:Microsoft.AspNetCore.Razor.TagHelpers.NullHtmlEncoder.Encode(System.IO.TextWriter,System.Char[],System.Int32,System.Int32)">
      <inheritdoc />
    </member>
    <member name="M:Microsoft.AspNetCore.Razor.TagHelpers.NullHtmlEncoder.Encode(System.IO.TextWriter,System.String,System.Int32,System.Int32)">
      <inheritdoc />
    </member>
    <member name="M:Microsoft.AspNetCore.Razor.TagHelpers.NullHtmlEncoder.FindFirstCharacterToEncode(System.Char*,System.Int32)">
      <inheritdoc />
    </member>
    <member name="M:Microsoft.AspNetCore.Razor.TagHelpers.NullHtmlEncoder.TryEncodeUnicodeScalar(System.Int32,System.Char*,System.Int32,System.Int32@)">
      <inheritdoc />
    </member>
    <member name="M:Microsoft.AspNetCore.Razor.TagHelpers.NullHtmlEncoder.WillEncode(System.Int32)">
      <inheritdoc />
    </member>
    <member name="T:Microsoft.AspNetCore.Razor.TagHelpers.OutputElementHintAttribute">
      <summary>Provides a hint of the <see cref="T:Microsoft.AspNetCore.Razor.TagHelpers.ITagHelper" />'s output element.<para>提供提示 <see cref="t:microsoft.aspnetcore.razor.taghelpers.itaghelper" /> 的输出元素.</para></summary>
    </member>
    <member name="M:Microsoft.AspNetCore.Razor.TagHelpers.OutputElementHintAttribute.#ctor(System.String)">
      <summary>Instantiates a new instance of the <see cref="T:Microsoft.AspNetCore.Razor.TagHelpers.OutputElementHintAttribute" /> class.<para>实例化 <see cref="t:microsoft.aspnetcore.razor.taghelpers.outputelementhintattribute" /> .class.</para></summary>
      <param name="outputElement">The HTML element the <see cref="T:Microsoft.AspNetCore.Razor.TagHelpers.ITagHelper" /> may output.<para>html 元素 <see cref="t:microsoft.aspnetcore.razor.taghelpers.itaghelper" /> 可以输出.</para></param>
    </member>
    <member name="P:Microsoft.AspNetCore.Razor.TagHelpers.OutputElementHintAttribute.OutputElement">
      <summary>The HTML element the <see cref="T:Microsoft.AspNetCore.Razor.TagHelpers.ITagHelper" /> may output.<para>html 元素 <see cref="t:microsoft.aspnetcore.razor.taghelpers.itaghelper" /> 可以输出.</para></summary>
    </member>
    <member name="T:Microsoft.AspNetCore.Razor.TagHelpers.ReadOnlyTagHelperAttributeList">
      <summary>A read-only collection of <see cref="T:Microsoft.AspNetCore.Razor.TagHelpers.TagHelperAttribute" />s.<para>的只读集合 <see cref="t:microsoft.aspnetcore.razor.taghelpers.taghelperattribute" /> s.</para></summary>
    </member>
    <member name="M:Microsoft.AspNetCore.Razor.TagHelpers.ReadOnlyTagHelperAttributeList.#ctor">
      <summary>Instantiates a new instance of <see cref="T:Microsoft.AspNetCore.Razor.TagHelpers.ReadOnlyTagHelperAttributeList" /> with an empty
            collection.<para>实例化 <see cref="t:microsoft.aspnetcore.razor.taghelpers.readonlytaghelperattributelist" /> 带有空 收集.</para></summary>
    </member>
    <member name="M:Microsoft.AspNetCore.Razor.TagHelpers.ReadOnlyTagHelperAttributeList.#ctor(System.Collections.Generic.IList{Microsoft.AspNetCore.Razor.TagHelpers.TagHelperAttribute})">
      <summary>Instantiates a new instance of <see cref="T:Microsoft.AspNetCore.Razor.TagHelpers.ReadOnlyTagHelperAttributeList" /> with the specified
            <paramref name="attributes" />.<para>实例化 <see cref="t:microsoft.aspnetcore.razor.taghelpers.readonlytaghelperattributelist" /> 与指定的 <paramref name="attributes" />.</para></summary>
      <param name="attributes">The collection to wrap.<para>要包装的集合.</para></param>
    </member>
    <member name="P:Microsoft.AspNetCore.Razor.TagHelpers.ReadOnlyTagHelperAttributeList.Item(System.String)">
      <summary>Gets the first <see cref="T:Microsoft.AspNetCore.Razor.TagHelpers.TagHelperAttribute" /> with <see cref="P:Microsoft.AspNetCore.Razor.TagHelpers.TagHelperAttribute.Name" />
            matching <paramref name="name" />.<para>获取第一个 <see cref="t:microsoft.aspnetcore.razor.taghelpers.taghelperattribute" /> 跟 <see cref="p:microsoft.aspnetcore.razor.taghelpers.taghelperattribute.name" /> 匹配 <paramref name="name" />.</para></summary>
      <param name="name">The <see cref="P:Microsoft.AspNetCore.Razor.TagHelpers.TagHelperAttribute.Name" /> of the <see cref="T:Microsoft.AspNetCore.Razor.TagHelpers.TagHelperAttribute" /> to get.<para>这 <see cref="p:microsoft.aspnetcore.razor.taghelpers.taghelperattribute.name" /> 的 <see cref="t:microsoft.aspnetcore.razor.taghelpers.taghelperattribute" /> 才能得到.</para></param>
      <returns>The first <see cref="T:Microsoft.AspNetCore.Razor.TagHelpers.TagHelperAttribute" /> with <see cref="P:Microsoft.AspNetCore.Razor.TagHelpers.TagHelperAttribute.Name" />
            matching <paramref name="name" />.<para>第一个 <see cref="t:microsoft.aspnetcore.razor.taghelpers.taghelperattribute" /> 跟 <see cref="p:microsoft.aspnetcore.razor.taghelpers.taghelperattribute.name" /> 匹配 <paramref name="name" />.</para></returns>
      <remarks>
        <paramref name="name" /> is compared case-insensitively.<para><paramref name="name" /> 的比较不区分大小写.</para></remarks>
    </member>
    <member name="M:Microsoft.AspNetCore.Razor.TagHelpers.ReadOnlyTagHelperAttributeList.ContainsName(System.String)">
      <summary>Determines whether a <see cref="T:Microsoft.AspNetCore.Razor.TagHelpers.TagHelperAttribute" /> with <see cref="P:Microsoft.AspNetCore.Razor.TagHelpers.TagHelperAttribute.Name" />
            matching <paramref name="name" /> exists in the collection.<para>确定是否 <see cref="t:microsoft.aspnetcore.razor.taghelpers.taghelperattribute" /> 跟 <see cref="p:microsoft.aspnetcore.razor.taghelpers.taghelperattribute.name" /> 集合中存在匹配的 <paramref name="name" />.</para></summary>
      <param name="name">The <see cref="P:Microsoft.AspNetCore.Razor.TagHelpers.TagHelperAttribute.Name" /> of the
            <see cref="T:Microsoft.AspNetCore.Razor.TagHelpers.TagHelperAttribute" /> to get.<para>这 <see cref="p:microsoft.aspnetcore.razor.taghelpers.taghelperattribute.name" /> 的 <see cref="t:microsoft.aspnetcore.razor.taghelpers.taghelperattribute" /> 才能得到.</para></param>
      <returns>
        <c>true</c> if a <see cref="T:Microsoft.AspNetCore.Razor.TagHelpers.TagHelperAttribute" /> with the same
            <see cref="P:Microsoft.AspNetCore.Razor.TagHelpers.TagHelperAttribute.Name" /> exists in the collection; otherwise, <c>false</c>.<para><c>true</c> 如果 <see cref="t:microsoft.aspnetcore.razor.taghelpers.taghelperattribute" /> 与相同的 <see cref="p:microsoft.aspnetcore.razor.taghelpers.taghelperattribute.name" /> 存在于集合中;否则,<c>false</c>.</para></returns>
      <remarks>
        <paramref name="name" /> is compared case-insensitively.<para><paramref name="name" /> 的比较不区分大小写.</para></remarks>
    </member>
    <member name="M:Microsoft.AspNetCore.Razor.TagHelpers.ReadOnlyTagHelperAttributeList.TryGetAttribute(System.String,Microsoft.AspNetCore.Razor.TagHelpers.TagHelperAttribute@)">
      <summary>Retrieves the first <see cref="T:Microsoft.AspNetCore.Razor.TagHelpers.TagHelperAttribute" /> with <see cref="P:Microsoft.AspNetCore.Razor.TagHelpers.TagHelperAttribute.Name" />
            matching <paramref name="name" />.<para>检索第一个 <see cref="t:microsoft.aspnetcore.razor.taghelpers.taghelperattribute" /> 跟 <see cref="p:microsoft.aspnetcore.razor.taghelpers.taghelperattribute.name" /> 匹配 <paramref name="name" />.</para></summary>
      <param name="name">The <see cref="P:Microsoft.AspNetCore.Razor.TagHelpers.TagHelperAttribute.Name" /> of the
            <see cref="T:Microsoft.AspNetCore.Razor.TagHelpers.TagHelperAttribute" /> to get.<para>这 <see cref="p:microsoft.aspnetcore.razor.taghelpers.taghelperattribute.name" /> 的 <see cref="t:microsoft.aspnetcore.razor.taghelpers.taghelperattribute" /> 才能得到.</para></param>
      <param name="attribute">When this method returns, the first <see cref="T:Microsoft.AspNetCore.Razor.TagHelpers.TagHelperAttribute" /> with
            <see cref="P:Microsoft.AspNetCore.Razor.TagHelpers.TagHelperAttribute.Name" /> matching <paramref name="name" />, if found; otherwise,
            <c>null</c>.<para>当此方法返回时,第一个 <see cref="t:microsoft.aspnetcore.razor.taghelpers.taghelperattribute" /> 跟 <see cref="p:microsoft.aspnetcore.razor.taghelpers.taghelperattribute.name" /> 匹配 <paramref name="name" />（如果找到）;否则 <c>null</c>.</para></param>
      <returns>
        <c>true</c> if a <see cref="T:Microsoft.AspNetCore.Razor.TagHelpers.TagHelperAttribute" /> with the same
            <see cref="P:Microsoft.AspNetCore.Razor.TagHelpers.TagHelperAttribute.Name" /> exists in the collection; otherwise, <c>false</c>.<para><c>true</c> 如果 <see cref="t:microsoft.aspnetcore.razor.taghelpers.taghelperattribute" /> 与相同的 <see cref="p:microsoft.aspnetcore.razor.taghelpers.taghelperattribute.name" /> 存在于集合中;否则,<c>false</c>.</para></returns>
      <remarks>
        <paramref name="name" /> is compared case-insensitively.<para><paramref name="name" /> 的比较不区分大小写.</para></remarks>
    </member>
    <member name="M:Microsoft.AspNetCore.Razor.TagHelpers.ReadOnlyTagHelperAttributeList.TryGetAttributes(System.String,System.Collections.Generic.IReadOnlyList{Microsoft.AspNetCore.Razor.TagHelpers.TagHelperAttribute}@)">
      <summary>Retrieves <see cref="T:Microsoft.AspNetCore.Razor.TagHelpers.TagHelperAttribute" />s in the collection with
            <see cref="P:Microsoft.AspNetCore.Razor.TagHelpers.TagHelperAttribute.Name" /> matching <paramref name="name" />.<para>检索 <see cref="t:microsoft.aspnetcore.razor.taghelpers.taghelperattribute" /> s 在集合中 <see cref="p:microsoft.aspnetcore.razor.taghelpers.taghelperattribute.name" /> 匹配 <paramref name="name" />.</para></summary>
      <param name="name">The <see cref="P:Microsoft.AspNetCore.Razor.TagHelpers.TagHelperAttribute.Name" /> of the
            <see cref="T:Microsoft.AspNetCore.Razor.TagHelpers.TagHelperAttribute" />s to get.<para>这 <see cref="p:microsoft.aspnetcore.razor.taghelpers.taghelperattribute.name" /> 的 <see cref="t:microsoft.aspnetcore.razor.taghelpers.taghelperattribute" /> 的获取.</para></param>
      <param name="attributes">When this method returns, the <see cref="T:Microsoft.AspNetCore.Razor.TagHelpers.TagHelperAttribute" />s with
            <see cref="P:Microsoft.AspNetCore.Razor.TagHelpers.TagHelperAttribute.Name" /> matching <paramref name="name" />.<para>当此方法返回时,将 <see cref="t:microsoft.aspnetcore.razor.taghelpers.taghelperattribute" /> s 与 <see cref="p:microsoft.aspnetcore.razor.taghelpers.taghelperattribute.name" /> 匹配 <paramref name="name" />.</para></param>
      <returns>
        <c>true</c> if at least one <see cref="T:Microsoft.AspNetCore.Razor.TagHelpers.TagHelperAttribute" /> with the same
            <see cref="P:Microsoft.AspNetCore.Razor.TagHelpers.TagHelperAttribute.Name" /> exists in the collection; otherwise, <c>false</c>.<para><c>true</c> 如果至少有一个 <see cref="t:microsoft.aspnetcore.razor.taghelpers.taghelperattribute" /> 与相同的 <see cref="p:microsoft.aspnetcore.razor.taghelpers.taghelperattribute.name" /> 存在于集合中;否则,<c>false</c>.</para></returns>
      <remarks>
        <paramref name="name" /> is compared case-insensitively.<para><paramref name="name" /> 的比较不区分大小写.</para></remarks>
    </member>
    <member name="M:Microsoft.AspNetCore.Razor.TagHelpers.ReadOnlyTagHelperAttributeList.IndexOfName(System.String)">
      <summary>Searches for a <see cref="T:Microsoft.AspNetCore.Razor.TagHelpers.TagHelperAttribute" /> who's <see cref="P:Microsoft.AspNetCore.Razor.TagHelpers.TagHelperAttribute.Name" />
            case-insensitively matches <paramref name="name" /> and returns the zero-based index of the first
            occurrence.<para>搜索 <see cref="t:microsoft.aspnetcore.razor.taghelpers.taghelperattribute" /> 谁是 <see cref="p:microsoft.aspnetcore.razor.taghelpers.taghelperattribute.name" /> 不区分大小写匹配 <paramref name="name" /> 并返回第一个从零开始的索引 发生.</para></summary>
      <param name="name">The <see cref="P:Microsoft.AspNetCore.Razor.TagHelpers.TagHelperAttribute.Name" /> to locate in the collection.<para>这 <see cref="p:microsoft.aspnetcore.razor.taghelpers.taghelperattribute.name" /> 以在集合中查找.</para></param>
      <returns>The zero-based index of the first matching <see cref="T:Microsoft.AspNetCore.Razor.TagHelpers.TagHelperAttribute" /> within the collection,
            if found; otherwise, -1.<para>第一个匹配项的从零开始的索引 <see cref="t:microsoft.aspnetcore.razor.taghelpers.taghelperattribute" /> 在集合中, 如果找到;否则为 -1.</para></returns>
    </member>
    <member name="M:Microsoft.AspNetCore.Razor.TagHelpers.ReadOnlyTagHelperAttributeList.NameEquals(System.String,Microsoft.AspNetCore.Razor.TagHelpers.TagHelperAttribute)">
      <summary>Determines if the specified <paramref name="attribute" /> has the same name as <paramref name="name" />.<para>确定指定的 <paramref name="attribute" /> 是否与 <paramref name="name" /> 同名.</para></summary>
      <param name="name">The value to compare against <paramref name="attribute" />s
            <see cref="P:Microsoft.AspNetCore.Razor.TagHelpers.TagHelperAttribute.Name" />.<para>要与 <paramref name="attribute" /> 进行比较的值 <see cref="p:microsoft.aspnetcore.razor.taghelpers.taghelperattribute.name" /> .</para></param>
      <param name="attribute">The attribute to compare against.<para>要比较的属性.</para></param>
      <returns>
        <c>true</c> if <paramref name="name" /> case-insensitively matches <paramref name="attribute" />s
            <see cref="P:Microsoft.AspNetCore.Razor.TagHelpers.TagHelperAttribute.Name" />.<para><c>true</c> 如果 <paramref name="name" /> 不区分大小写匹配 <paramref name="attribute" />s <see cref="p:microsoft.aspnetcore.razor.taghelpers.taghelperattribute.name" /> .</para></returns>
    </member>
    <member name="T:Microsoft.AspNetCore.Razor.TagHelpers.RestrictChildrenAttribute">
      <summary>Restricts children of the <see cref="T:Microsoft.AspNetCore.Razor.TagHelpers.ITagHelper" />'s element.<para>限制 <see cref="t:microsoft.aspnetcore.razor.taghelpers.itaghelper" /> 的元素.</para></summary>
      <remarks>Combining this attribute with a <see cref="T:Microsoft.AspNetCore.Razor.TagHelpers.HtmlTargetElementAttribute" /> that specifies its
            <see cref="P:Microsoft.AspNetCore.Razor.TagHelpers.HtmlTargetElementAttribute.TagStructure" /> as <see cref="F:Microsoft.AspNetCore.Razor.TagHelpers.TagStructure.WithoutEndTag" /> will result
            in this attribute being ignored.<para>将此属性与 <see cref="t:microsoft.aspnetcore.razor.taghelpers.htmltargetelementattribute" /> 指定其 <see cref="p:microsoft.aspnetcore.razor.taghelpers.htmltargetelementattribute.tagstructure" /> 如 <see cref="f:microsoft.aspnetcore.razor.taghelpers.tagstructure.withoutendtag" /> 将结果 在此属性中被忽略.</para></remarks>
    </member>
    <member name="M:Microsoft.AspNetCore.Razor.TagHelpers.RestrictChildrenAttribute.#ctor(System.String,System.String[])">
      <summary>Instantiates a new instance of the <see cref="T:Microsoft.AspNetCore.Razor.TagHelpers.RestrictChildrenAttribute" /> class.<para>实例化 <see cref="t:microsoft.aspnetcore.razor.taghelpers.restrictchildrenattribute" /> .class.</para></summary>
      <param name="childTag">The tag name of an element allowed as a child.<para>允许作为子元素的标记名称.</para></param>
      <param name="childTags">Additional names of elements allowed as children.<para>允许作为子元素的其他名称.</para></param>
    </member>
    <member name="P:Microsoft.AspNetCore.Razor.TagHelpers.RestrictChildrenAttribute.ChildTags">
      <summary>Get the names of elements allowed as children.<para>获取允许作为子元素的名称.</para></summary>
    </member>
    <member name="T:Microsoft.AspNetCore.Razor.TagHelpers.TagHelper">
      <summary>An abstract base class for <see cref="T:Microsoft.AspNetCore.Razor.TagHelpers.ITagHelper" />.<para>的抽象基类 <see cref="t:microsoft.aspnetcore.razor.taghelpers.itaghelper" /> .</para></summary>
    </member>
    <member name="P:Microsoft.AspNetCore.Razor.TagHelpers.TagHelper.Order">
      <summary>When a set of <see cref="T:Microsoft.AspNetCore.Razor.TagHelpers.ITagHelper" />s are executed, their <see cref="M:Microsoft.AspNetCore.Razor.TagHelpers.TagHelper.Init(Microsoft.AspNetCore.Razor.TagHelpers.TagHelperContext)" />'s
            are first invoked in the specified <see cref="P:Microsoft.AspNetCore.Razor.TagHelpers.TagHelper.Order" />; then their
            <see cref="M:Microsoft.AspNetCore.Razor.TagHelpers.TagHelper.ProcessAsync(Microsoft.AspNetCore.Razor.TagHelpers.TagHelperContext,Microsoft.AspNetCore.Razor.TagHelpers.TagHelperOutput)" />'s are invoked in the specified
            <see cref="P:Microsoft.AspNetCore.Razor.TagHelpers.TagHelper.Order" />. Lower values are executed first.<para>当一组 <see cref="t:microsoft.aspnetcore.razor.taghelpers.itaghelper" /> 被执行,他们的 <see cref="m:microsoft.aspnetcore.razor.taghelpers.taghelper.init（microsoft.aspnetcore.razor.taghelpers.taghelpercontext）" /> 的 首先在指定的 <see cref="p:microsoft.aspnetcore.razor.taghelpers.taghelper.order" /> ;然后他们的 <see cref="m:microsoft.aspnetcore.razor.taghelpers.taghelper.processasync（microsoft.aspnetcore.razor.taghelpers.taghelpercontext,microsoft.aspnetcore.razor.taghelpers.taghelperoutput）" /> 在指定的 <see cref="p:microsoft.aspnetcore.razor.taghelpers.taghelper.order" /> .首先执行较低的值.</para></summary>
      <remarks>Default order is <c>0</c>.<para>默认顺序为 <c>0</c>.</para></remarks>
    </member>
    <member name="M:Microsoft.AspNetCore.Razor.TagHelpers.TagHelper.Init(Microsoft.AspNetCore.Razor.TagHelpers.TagHelperContext)">
      <summary>Initializes the <see cref="T:Microsoft.AspNetCore.Razor.TagHelpers.ITagHelper" /> with the given <paramref name="context" />. Additions to
            <see cref="P:Microsoft.AspNetCore.Razor.TagHelpers.TagHelperContext.Items" /> should be done within this method to ensure they're added prior to
            executing the children.<para>初始化 <see cref="t:microsoft.aspnetcore.razor.taghelpers.itaghelper" /> 使用给定的 <paramref name="context" />.补充 <see cref="p:microsoft.aspnetcore.razor.taghelpers.taghelpercontext.items" /> 应在此方法中完成,以确保在 处决孩子.</para></summary>
      <param name="context">Contains information associated with the current HTML tag.<para>包含与当前 html 标记关联的信息.</para></param>
      <remarks>When more than one <see cref="T:Microsoft.AspNetCore.Razor.TagHelpers.ITagHelper" /> runs on the same element,
            <see cref="M:TagHelperOutput.GetChildContentAsync" /> may be invoked prior to <see cref="M:Microsoft.AspNetCore.Razor.TagHelpers.TagHelper.ProcessAsync(Microsoft.AspNetCore.Razor.TagHelpers.TagHelperContext,Microsoft.AspNetCore.Razor.TagHelpers.TagHelperOutput)" />.<para>当多个 <see cref="t:microsoft.aspnetcore.razor.taghelpers.itaghelper" /> 在同一元素上运行, <see cref="m:taghelperoutput.getchildcontentasync" /> 可以在 <see cref="m:microsoft.aspnetcore.razor.taghelpers.taghelper.processasync（microsoft.aspnetcore.razor.taghelpers.taghelpercontext,microsoft.aspnetcore.razor.taghelpers.taghelperoutput）" /> .</para></remarks>
    </member>
    <member name="M:Microsoft.AspNetCore.Razor.TagHelpers.TagHelper.Process(Microsoft.AspNetCore.Razor.TagHelpers.TagHelperContext,Microsoft.AspNetCore.Razor.TagHelpers.TagHelperOutput)">
      <summary>Synchronously executes the <see cref="T:Microsoft.AspNetCore.Razor.TagHelpers.TagHelper" /> with the given <paramref name="context" /> and
            <paramref name="output" />.<para>同步执行 <see cref="t:microsoft.aspnetcore.razor.taghelpers.taghelper" /> 使用给定的 <paramref name="context" /> 和 <paramref name="output" />.</para></summary>
      <param name="context">Contains information associated with the current HTML tag.<para>包含与当前 html 标记关联的信息.</para></param>
      <param name="output">A stateful HTML element used to generate an HTML tag.<para>用于生成 html 标记的有状态 html 元素.</para></param>
    </member>
    <member name="M:Microsoft.AspNetCore.Razor.TagHelpers.TagHelper.ProcessAsync(Microsoft.AspNetCore.Razor.TagHelpers.TagHelperContext,Microsoft.AspNetCore.Razor.TagHelpers.TagHelperOutput)">
      <summary>Asynchronously executes the <see cref="T:Microsoft.AspNetCore.Razor.TagHelpers.TagHelper" /> with the given <paramref name="context" /> and
            <paramref name="output" />.<para>异步执行 <see cref="t:microsoft.aspnetcore.razor.taghelpers.taghelper" /> 使用给定的 <paramref name="context" /> 和 <paramref name="output" />.</para></summary>
      <param name="context">Contains information associated with the current HTML tag.<para>包含与当前 html 标记关联的信息.</para></param>
      <param name="output">A stateful HTML element used to generate an HTML tag.<para>用于生成 html 标记的有状态 html 元素.</para></param>
      <returns>A <see cref="T:System.Threading.Tasks.Task" /> that on completion updates the <paramref name="output" />.<para>一个 <see cref="T:System.Threading.Tasks.Task" />,在完成时更新 <paramref name="output" />.</para></returns>
      <remarks>By default this calls into <see cref="M:Microsoft.AspNetCore.Razor.TagHelpers.TagHelper.Process(Microsoft.AspNetCore.Razor.TagHelpers.TagHelperContext,Microsoft.AspNetCore.Razor.TagHelpers.TagHelperOutput)" />.<para>默认情况下,这将调用 <see cref="m:microsoft.aspnetcore.razor.taghelpers.taghelper.process（microsoft.aspnetcore.razor.taghelpers.taghelpercontext,microsoft.aspnetcore.razor.taghelpers.taghelperoutput）" /> .</para></remarks>.
        </member>
    <member name="T:Microsoft.AspNetCore.Razor.TagHelpers.TagHelperAttribute">
      <summary>An HTML tag helper attribute.<para>html 标记帮助程序属性.</para></summary>
    </member>
    <member name="M:Microsoft.AspNetCore.Razor.TagHelpers.TagHelperAttribute.#ctor(System.String)">
      <summary>Instantiates a new instance of <see cref="T:Microsoft.AspNetCore.Razor.TagHelpers.TagHelperAttribute" /> with the specified <paramref name="name" />.
            <see cref="P:Microsoft.AspNetCore.Razor.TagHelpers.TagHelperAttribute.ValueStyle" /> is set to <see cref="F:Microsoft.AspNetCore.Razor.TagHelpers.HtmlAttributeValueStyle.Minimized" /> and <see cref="P:Microsoft.AspNetCore.Razor.TagHelpers.TagHelperAttribute.Value" /> to
            <c>null</c>.<para>实例化 <see cref="t:microsoft.aspnetcore.razor.taghelpers.taghelperattribute" /> 使用指定的 <paramref name="name" />. <see cref="p:microsoft.aspnetcore.razor.taghelpers.taghelperattribute.valuestyle" /> 设置为 <see cref="f:microsoft.aspnetcore.razor.taghelpers.htmlattributevaluestyle.minimized" /> 和 <see cref="p:microsoft.aspnetcore.razor.taghelpers.taghelperattribute.value" /> 自 <c>null</c>.</para></summary>
      <param name="name">The <see cref="P:Microsoft.AspNetCore.Razor.TagHelpers.TagHelperAttribute.Name" /> of the attribute.<para>这 <see cref="p:microsoft.aspnetcore.razor.taghelpers.taghelperattribute.name" /> 的属性.</para></param>
    </member>
    <member name="M:Microsoft.AspNetCore.Razor.TagHelpers.TagHelperAttribute.#ctor(System.String,System.Object)">
      <summary>Instantiates a new instance of <see cref="T:Microsoft.AspNetCore.Razor.TagHelpers.TagHelperAttribute" /> with the specified <paramref name="name" />
            and <paramref name="value" />. <see cref="P:Microsoft.AspNetCore.Razor.TagHelpers.TagHelperAttribute.ValueStyle" /> is set to <see cref="F:Microsoft.AspNetCore.Razor.TagHelpers.HtmlAttributeValueStyle.DoubleQuotes" />.<para>实例化 <see cref="t:microsoft.aspnetcore.razor.taghelpers.taghelperattribute" /> 使用指定的 <paramref name="name" /> 和 <paramref name="value" />. <see cref="p:microsoft.aspnetcore.razor.taghelpers.taghelperattribute.valuestyle" /> 设置为 <see cref="f:microsoft.aspnetcore.razor.taghelpers.htmlattributevaluestyle.doublequotes" /> .</para></summary>
      <param name="name">The <see cref="P:Microsoft.AspNetCore.Razor.TagHelpers.TagHelperAttribute.Name" /> of the attribute.<para>这 <see cref="p:microsoft.aspnetcore.razor.taghelpers.taghelperattribute.name" /> 的属性.</para></param>
      <param name="value">The <see cref="P:Microsoft.AspNetCore.Razor.TagHelpers.TagHelperAttribute.Value" /> of the attribute.<para><see cref="p:microsoft.aspnetcore.razor.taghelpers.taghelperattribute.value" /> 的属性.</para></param>
    </member>
    <member name="M:Microsoft.AspNetCore.Razor.TagHelpers.TagHelperAttribute.#ctor(System.String,System.Object,Microsoft.AspNetCore.Razor.TagHelpers.HtmlAttributeValueStyle)">
      <summary>Instantiates a new instance of <see cref="T:Microsoft.AspNetCore.Razor.TagHelpers.TagHelperAttribute" /> with the specified <paramref name="name" />,
            <paramref name="value" /> and <paramref name="valueStyle" />.<para>实例化 <see cref="t:microsoft.aspnetcore.razor.taghelpers.taghelperattribute" /> 使用指定的 <paramref name="name" />, <paramref name="value" /> 和 <paramref name="valueStyle" />.</para></summary>
      <param name="name">The <see cref="P:Microsoft.AspNetCore.Razor.TagHelpers.TagHelperAttribute.Name" /> of the new instance.<para>这 <see cref="p:microsoft.aspnetcore.razor.taghelpers.taghelperattribute.name" /> 的新实例.</para></param>
      <param name="value">The <see cref="P:Microsoft.AspNetCore.Razor.TagHelpers.TagHelperAttribute.Value" /> of the new instance.<para><see cref="p:microsoft.aspnetcore.razor.taghelpers.taghelperattribute.value" /> 的新实例.</para></param>
      <param name="valueStyle">The <see cref="P:Microsoft.AspNetCore.Razor.TagHelpers.TagHelperAttribute.ValueStyle" /> of the new instance.<para><see cref="p:microsoft.aspnetcore.razor.taghelpers.taghelperattribute.valuestyle" /> 的新实例.</para></param>
      <remarks>If <paramref name="valueStyle" /> is <see cref="F:Microsoft.AspNetCore.Razor.TagHelpers.HtmlAttributeValueStyle.Minimized" />,
            <paramref name="value" /> is ignored when this instance is rendered.<para>如果 <paramref name="valueStyle" /> 是 <see cref="f:microsoft.aspnetcore.razor.taghelpers.htmlattributevaluestyle.minimized" /> , 呈现此实例时将忽略 <paramref name="value" />.</para></remarks>
    </member>
    <member name="P:Microsoft.AspNetCore.Razor.TagHelpers.TagHelperAttribute.Name">
      <summary>Gets the name of the attribute.<para>获取属性的名称.</para></summary>
    </member>
    <member name="P:Microsoft.AspNetCore.Razor.TagHelpers.TagHelperAttribute.Value">
      <summary>Gets the value of the attribute.<para>获取属性的值.</para></summary>
    </member>
    <member name="P:Microsoft.AspNetCore.Razor.TagHelpers.TagHelperAttribute.ValueStyle">
      <summary>Gets the value style of the attribute.<para>获取属性的值样式.</para></summary>
    </member>
    <member name="M:Microsoft.AspNetCore.Razor.TagHelpers.TagHelperAttribute.Equals(Microsoft.AspNetCore.Razor.TagHelpers.TagHelperAttribute)">
      <inheritdoc />
      <remarks>
        <see cref="P:Microsoft.AspNetCore.Razor.TagHelpers.TagHelperAttribute.Name" /> is compared case-insensitively.<para></para></remarks>
    </member>
    <member name="M:Microsoft.AspNetCore.Razor.TagHelpers.TagHelperAttribute.WriteTo(System.IO.TextWriter,System.Text.Encodings.Web.HtmlEncoder)">
      <inheritdoc />
    </member>
    <member name="M:Microsoft.AspNetCore.Razor.TagHelpers.TagHelperAttribute.CopyTo(Microsoft.AspNetCore.Html.IHtmlContentBuilder)">
      <inheritdoc />
    </member>
    <member name="M:Microsoft.AspNetCore.Razor.TagHelpers.TagHelperAttribute.MoveTo(Microsoft.AspNetCore.Html.IHtmlContentBuilder)">
      <inheritdoc />
    </member>
    <member name="M:Microsoft.AspNetCore.Razor.TagHelpers.TagHelperAttribute.Equals(System.Object)">
      <inheritdoc />
    </member>
    <member name="M:Microsoft.AspNetCore.Razor.TagHelpers.TagHelperAttribute.GetHashCode">
      <inheritdoc />
    </member>
    <member name="T:Microsoft.AspNetCore.Razor.TagHelpers.TagHelperAttributeList">
      <summary>A collection of <see cref="T:Microsoft.AspNetCore.Razor.TagHelpers.TagHelperAttribute" />s.<para>一个集合 <see cref="t:microsoft.aspnetcore.razor.taghelpers.taghelperattribute" /> s.</para></summary>
    </member>
    <member name="M:Microsoft.AspNetCore.Razor.TagHelpers.TagHelperAttributeList.#ctor">
      <summary>Instantiates a new instance of <see cref="T:Microsoft.AspNetCore.Razor.TagHelpers.TagHelperAttributeList" /> with an empty collection.<para>实例化 <see cref="t:microsoft.aspnetcore.razor.taghelpers.taghelperattributelist" /> 与空集合.</para></summary>
    </member>
    <member name="M:Microsoft.AspNetCore.Razor.TagHelpers.TagHelperAttributeList.#ctor(System.Collections.Generic.IEnumerable{Microsoft.AspNetCore.Razor.TagHelpers.TagHelperAttribute})">
      <summary>Instantiates a new instance of <see cref="T:Microsoft.AspNetCore.Razor.TagHelpers.TagHelperAttributeList" /> with the specified
            <paramref name="attributes" />.<para>实例化 <see cref="t:microsoft.aspnetcore.razor.taghelpers.taghelperattributelist" /> 与指定的 <paramref name="attributes" />.</para></summary>
      <param name="attributes">The collection to wrap.<para>要包装的集合.</para></param>
    </member>
    <member name="M:Microsoft.AspNetCore.Razor.TagHelpers.TagHelperAttributeList.#ctor(System.Collections.Generic.List{Microsoft.AspNetCore.Razor.TagHelpers.TagHelperAttribute})">
      <summary>Instantiates a new instance of <see cref="T:Microsoft.AspNetCore.Razor.TagHelpers.TagHelperAttributeList" /> with the specified
            <paramref name="attributes" />.<para>实例化 <see cref="t:microsoft.aspnetcore.razor.taghelpers.taghelperattributelist" /> 与指定的 <paramref name="attributes" />.</para></summary>
      <param name="attributes">The collection to wrap.<para>要包装的集合.</para></param>
    </member>
    <member name="P:Microsoft.AspNetCore.Razor.TagHelpers.TagHelperAttributeList.Item(System.Int32)">
      <inheritdoc />
      <remarks>
        <paramref name="value" />'s <see cref="P:Microsoft.AspNetCore.Razor.TagHelpers.TagHelperAttribute.Name" /> must not be <c>null</c>.<para></para></remarks>
    </member>
    <member name="M:Microsoft.AspNetCore.Razor.TagHelpers.TagHelperAttributeList.SetAttribute(System.String,System.Object)">
      <summary>Replaces the first <see cref="T:Microsoft.AspNetCore.Razor.TagHelpers.TagHelperAttribute" /> with <see cref="P:Microsoft.AspNetCore.Razor.TagHelpers.TagHelperAttribute.Name" /> matching
            <paramref name="name" /> and removes any additional matching <see cref="T:Microsoft.AspNetCore.Razor.TagHelpers.TagHelperAttribute" />s. If a
            matching <see cref="T:Microsoft.AspNetCore.Razor.TagHelpers.TagHelperAttribute" /> is not found, adds a <see cref="T:Microsoft.AspNetCore.Razor.TagHelpers.TagHelperAttribute" /> with
            <paramref name="name" /> and <paramref name="value" /> to the end of the collection.<para>替换第一个 <see cref="t:microsoft.aspnetcore.razor.taghelpers.taghelperattribute" /> 跟 <see cref="p:microsoft.aspnetcore.razor.taghelpers.taghelperattribute.name" /> 匹配 <paramref name="name" /> 并删除任何其他匹配项 <see cref="t:microsoft.aspnetcore.razor.taghelpers.taghelperattribute" /> s.如果 匹配 <see cref="t:microsoft.aspnetcore.razor.taghelpers.taghelperattribute" /> 未找到,添加一个 <see cref="t:microsoft.aspnetcore.razor.taghelpers.taghelperattribute" /> 跟 <paramref name="name" /> 和 <paramref name="value" /> 到集合的末尾.</para></summary>
      <param name="name">The <see cref="P:Microsoft.AspNetCore.Razor.TagHelpers.TagHelperAttribute.Name" /> of the <see cref="T:Microsoft.AspNetCore.Razor.TagHelpers.TagHelperAttribute" /> to set.<para>这 <see cref="p:microsoft.aspnetcore.razor.taghelpers.taghelperattribute.name" /> 的 <see cref="t:microsoft.aspnetcore.razor.taghelpers.taghelperattribute" /> 来设置.</para></param>
      <param name="value">The <see cref="P:Microsoft.AspNetCore.Razor.TagHelpers.TagHelperAttribute.Value" /> to set.<para><see cref="p:microsoft.aspnetcore.razor.taghelpers.taghelperattribute.value" /> 来设置.</para></param>
      <remarks>
        <paramref name="name" /> is compared case-insensitively.<para><paramref name="name" /> 的比较不区分大小写.</para></remarks>
    </member>
    <member name="M:Microsoft.AspNetCore.Razor.TagHelpers.TagHelperAttributeList.SetAttribute(Microsoft.AspNetCore.Razor.TagHelpers.TagHelperAttribute)">
      <summary>Replaces the first <see cref="T:Microsoft.AspNetCore.Razor.TagHelpers.TagHelperAttribute" /> with <see cref="P:Microsoft.AspNetCore.Razor.TagHelpers.TagHelperAttribute.Name" /> matching
            <paramref name="attribute" />'s <see cref="P:Microsoft.AspNetCore.Razor.TagHelpers.TagHelperAttribute.Name" /> and removes any additional matching
            <see cref="T:Microsoft.AspNetCore.Razor.TagHelpers.TagHelperAttribute" />s. If a matching <see cref="T:Microsoft.AspNetCore.Razor.TagHelpers.TagHelperAttribute" /> is not found, adds the
            specified <paramref name="attribute" /> to the end of the collection.<para>替换第一个 <see cref="t:microsoft.aspnetcore.razor.taghelpers.taghelperattribute" /> 跟 <see cref="p:microsoft.aspnetcore.razor.taghelpers.taghelperattribute.name" /> 匹配 <paramref name="attribute" /> <see cref="p:microsoft.aspnetcore.razor.taghelpers.taghelperattribute.name" /> 并删除任何其他匹配项 <see cref="t:microsoft.aspnetcore.razor.taghelpers.taghelperattribute" /> s.如果匹配 <see cref="t:microsoft.aspnetcore.razor.taghelpers.taghelperattribute" /> 未找到,添加 将 <paramref name="attribute" /> 指定到集合的末尾.</para></summary>
      <param name="attribute">The <see cref="T:Microsoft.AspNetCore.Razor.TagHelpers.TagHelperAttribute" /> to set.<para>这 <see cref="t:microsoft.aspnetcore.razor.taghelpers.taghelperattribute" /> 来设置.</para></param>
      <remarks>
        <paramref name="attribute" />'s <see cref="P:Microsoft.AspNetCore.Razor.TagHelpers.TagHelperAttribute.Name" /> is compared
            case-insensitively.<para><paramref name="attribute" /> 的 <see cref="p:microsoft.aspnetcore.razor.taghelpers.taghelperattribute.name" /> 被比较 不区分大小写.</para></remarks>
    </member>
    <member name="P:Microsoft.AspNetCore.Razor.TagHelpers.TagHelperAttributeList.System#Collections#Generic#ICollection{Microsoft#AspNetCore#Razor#TagHelpers#TagHelperAttribute}#IsReadOnly">
      <inheritdoc />
    </member>
    <member name="M:Microsoft.AspNetCore.Razor.TagHelpers.TagHelperAttributeList.Add(System.String,System.Object)">
      <summary>Adds a <see cref="T:Microsoft.AspNetCore.Razor.TagHelpers.TagHelperAttribute" /> to the end of the collection with the specified
            <paramref name="name" /> and <paramref name="value" />.<para>添加一个 <see cref="t:microsoft.aspnetcore.razor.taghelpers.taghelperattribute" /> 到集合的末尾,并指定 <paramref name="name" /> 和 <paramref name="value" />.</para></summary>
      <param name="name">The <see cref="P:Microsoft.AspNetCore.Razor.TagHelpers.TagHelperAttribute.Name" /> of the attribute to add.<para>这 <see cref="p:microsoft.aspnetcore.razor.taghelpers.taghelperattribute.name" /></para></param>
      <param name="value">The <see cref="P:Microsoft.AspNetCore.Razor.TagHelpers.TagHelperAttribute.Value" /> of the attribute to add.<para><see cref="p:microsoft.aspnetcore.razor.taghelpers.taghelperattribute.value" /></para></param>
    </member>
    <member name="M:Microsoft.AspNetCore.Razor.TagHelpers.TagHelperAttributeList.Add(Microsoft.AspNetCore.Razor.TagHelpers.TagHelperAttribute)">
      <inheritdoc />
    </member>
    <member name="M:Microsoft.AspNetCore.Razor.TagHelpers.TagHelperAttributeList.Insert(System.Int32,Microsoft.AspNetCore.Razor.TagHelpers.TagHelperAttribute)">
      <inheritdoc />
    </member>
    <member name="M:Microsoft.AspNetCore.Razor.TagHelpers.TagHelperAttributeList.Remove(Microsoft.AspNetCore.Razor.TagHelpers.TagHelperAttribute)">
      <inheritdoc />
      <remarks>
        <paramref name="attribute" />s <see cref="P:Microsoft.AspNetCore.Razor.TagHelpers.TagHelperAttribute.Name" /> is compared case-insensitively.<para></para></remarks>
    </member>
    <member name="M:Microsoft.AspNetCore.Razor.TagHelpers.TagHelperAttributeList.RemoveAt(System.Int32)">
      <inheritdoc />
    </member>
    <member name="M:Microsoft.AspNetCore.Razor.TagHelpers.TagHelperAttributeList.RemoveAll(System.String)">
      <summary>Removes all <see cref="T:Microsoft.AspNetCore.Razor.TagHelpers.TagHelperAttribute" />s with <see cref="P:Microsoft.AspNetCore.Razor.TagHelpers.TagHelperAttribute.Name" /> matching
            <paramref name="name" />.<para>删除所有 <see cref="t:microsoft.aspnetcore.razor.taghelpers.taghelperattribute" /> s 与 <see cref="p:microsoft.aspnetcore.razor.taghelpers.taghelperattribute.name" /> 匹配 <paramref name="name" />.</para></summary>
      <param name="name">The <see cref="P:Microsoft.AspNetCore.Razor.TagHelpers.TagHelperAttribute.Name" /> of <see cref="T:Microsoft.AspNetCore.Razor.TagHelpers.TagHelperAttribute" />s to remove.<para>这 <see cref="p:microsoft.aspnetcore.razor.taghelpers.taghelperattribute.name" /> 之 <see cref="t:microsoft.aspnetcore.razor.taghelpers.taghelperattribute" /> s 要删除.</para></param>
      <returns>
        <c>true</c> if at least 1 <see cref="T:Microsoft.AspNetCore.Razor.TagHelpers.TagHelperAttribute" /> was removed; otherwise, <c>false</c>.<para><c>true</c> 如果至少为 1 <see cref="t:microsoft.aspnetcore.razor.taghelpers.taghelperattribute" /> 被删除;否则,<c>false</c>.</para></returns>
      <remarks>
        <paramref name="name" /> is compared case-insensitively.<para><paramref name="name" /> 的比较不区分大小写.</para></remarks>
    </member>
    <member name="M:Microsoft.AspNetCore.Razor.TagHelpers.TagHelperAttributeList.Clear">
      <inheritdoc />
    </member>
    <member name="T:Microsoft.AspNetCore.Razor.TagHelpers.TagHelperComponent">
      <summary>An abstract base class for <see cref="T:Microsoft.AspNetCore.Razor.TagHelpers.ITagHelperComponent" />.<para>的抽象基类 <see cref="t:microsoft.aspnetcore.razor.taghelpers.itaghelpercomponent" /> .</para></summary>
    </member>
    <member name="P:Microsoft.AspNetCore.Razor.TagHelpers.TagHelperComponent.Order">
      <inheritdoc />
      <remarks>Default order is <c>0</c>.<para></para></remarks>
    </member>
    <member name="M:Microsoft.AspNetCore.Razor.TagHelpers.TagHelperComponent.Init(Microsoft.AspNetCore.Razor.TagHelpers.TagHelperContext)">
      <inheritdoc />
    </member>
    <member name="M:Microsoft.AspNetCore.Razor.TagHelpers.TagHelperComponent.Process(Microsoft.AspNetCore.Razor.TagHelpers.TagHelperContext,Microsoft.AspNetCore.Razor.TagHelpers.TagHelperOutput)">
      <summary>Synchronously executes the <see cref="T:Microsoft.AspNetCore.Razor.TagHelpers.ITagHelperComponent" /> with the given <paramref name="context" /> and
            <paramref name="output" />.<para>同步执行 <see cref="t:microsoft.aspnetcore.razor.taghelpers.itaghelpercomponent" /> 使用给定的 <paramref name="context" /> 和 <paramref name="output" />.</para></summary>
      <param name="context">Contains information associated with the current HTML tag.<para>包含与当前 html 标记关联的信息.</para></param>
      <param name="output">A stateful HTML element used to generate an HTML tag.<para>用于生成 html 标记的有状态 html 元素.</para></param>
    </member>
    <member name="M:Microsoft.AspNetCore.Razor.TagHelpers.TagHelperComponent.ProcessAsync(Microsoft.AspNetCore.Razor.TagHelpers.TagHelperContext,Microsoft.AspNetCore.Razor.TagHelpers.TagHelperOutput)">
      <inheritdoc />
    </member>
    <member name="T:Microsoft.AspNetCore.Razor.TagHelpers.TagHelperContent">
      <summary>Abstract class used to buffer content returned by <see cref="T:Microsoft.AspNetCore.Razor.TagHelpers.ITagHelper" />s.<para>用于缓冲返回的内容的抽象类 <see cref="t:microsoft.aspnetcore.razor.taghelpers.itaghelper" /> s.</para></summary>
    </member>
    <member name="P:Microsoft.AspNetCore.Razor.TagHelpers.TagHelperContent.IsModified">
      <summary>Gets a value indicating whether the content was modified.<para>获取一个值,该值指示内容是否已修改.</para></summary>
    </member>
    <member name="P:Microsoft.AspNetCore.Razor.TagHelpers.TagHelperContent.IsEmptyOrWhiteSpace">
      <summary>Gets a value indicating whether the content is empty or whitespace.<para>获取一个值,该值指示内容是空的还是空格的.</para></summary>
    </member>
    <member name="M:Microsoft.AspNetCore.Razor.TagHelpers.TagHelperContent.SetHtmlContent(Microsoft.AspNetCore.Html.IHtmlContent)">
      <summary>Sets the content.<para>设置内容.</para></summary>
      <param name="htmlContent">The <see cref="T:Microsoft.AspNetCore.Html.IHtmlContent" /> that replaces the content.<para>这 <see cref="t:microsoft.aspnetcore.html.ihtmlcontent" /> 替换内容.</para></param>
      <returns>A reference to this instance after the set operation has completed.<para>在 set 操作完成后对此实例的引用.</para></returns>
    </member>
    <member name="M:Microsoft.AspNetCore.Razor.TagHelpers.TagHelperContent.SetContent(System.String)">
      <summary>Sets the content.<para>设置内容.</para></summary>
      <param name="unencoded">The <see cref="T:System.String" /> that replaces the content. The value is assume to be unencoded
            as-provided and will be HTML encoded before being written.<para>替换内容的 <see cref="T:System.String" />.假定该值未编码 按规定,并在编写之前进行 html 编码.</para></param>
      <returns>A reference to this instance after the set operation has completed.<para>在 set 操作完成后对此实例的引用.</para></returns>
    </member>
    <member name="M:Microsoft.AspNetCore.Razor.TagHelpers.TagHelperContent.SetHtmlContent(System.String)">
      <summary>Sets the content.<para>设置内容.</para></summary>
      <param name="encoded">The <see cref="T:System.String" /> that replaces the content. The value is assume to be HTML encoded
            as-provided and no further encoding will be performed.<para>替换内容的 <see cref="T:System.String" />.假定该值是 html 编码的 按规定执行,不会执行进一步的编码.</para></param>
      <returns>A reference to this instance after the set operation has completed.<para>在 set 操作完成后对此实例的引用.</para></returns>
    </member>
    <member name="M:Microsoft.AspNetCore.Razor.TagHelpers.TagHelperContent.Append(System.String)">
      <summary>Appends <paramref name="unencoded" /> to the existing content.<para>将 <paramref name="unencoded" /> 追加到现有内容.</para></summary>
      <param name="unencoded">The <see cref="T:System.String" /> to be appended.<para>要追加的 <see cref="T:System.String" />.</para></param>
      <returns>A reference to this instance after the append operation has completed.<para>追加操作完成后对此实例的引用.</para></returns>
    </member>
    <member name="M:Microsoft.AspNetCore.Razor.TagHelpers.TagHelperContent.AppendHtml(Microsoft.AspNetCore.Html.IHtmlContent)">
      <summary>Appends <paramref name="htmlContent" /> to the existing content.<para>将 <paramref name="htmlContent" /> 追加到现有内容.</para></summary>
      <param name="htmlContent">The <see cref="T:Microsoft.AspNetCore.Html.IHtmlContent" /> to be appended.<para>这 <see cref="t:microsoft.aspnetcore.html.ihtmlcontent" /> 待附加.</para></param>
      <returns>A reference to this instance after the append operation has completed.<para>追加操作完成后对此实例的引用.</para></returns>
    </member>
    <member name="M:Microsoft.AspNetCore.Razor.TagHelpers.TagHelperContent.AppendHtml(System.String)">
      <summary>Appends <paramref name="encoded" /> to the existing content. <paramref name="encoded" /> is assumed
            to be an HTML encoded <see cref="T:System.String" /> and no further encoding will be performed.<para>将 <paramref name="encoded" /> 追加到现有内容.假定为 <paramref name="encoded" /> 为 html 编码的 <see cref="T:System.String" />,并且不会执行进一步的编码.</para></summary>
      <param name="encoded">The <see cref="T:System.String" /> to be appended.<para>要追加的 <see cref="T:System.String" />.</para></param>
      <returns>A reference to this instance after the append operation has completed.<para>追加操作完成后对此实例的引用.</para></returns>
    </member>
    <member name="M:Microsoft.AspNetCore.Razor.TagHelpers.TagHelperContent.AppendFormat(System.String,System.Object[])">
      <summary>Appends the specified <paramref name="format" /> to the existing content after
            replacing each format item with the HTML encoded <see cref="T:System.String" /> representation of the
            corresponding item in the <paramref name="args" /> array.<para>将指定的 <paramref name="format" /> 追加到现有内容之后 将每个格式项替换为 html 编码的 <see cref="T:System.String" /> 表示形式 <paramref name="args" /> 数组中的相应项.</para></summary>
      <param name="format">The composite format <see cref="T:System.String" /> (see http://msdn.microsoft.com/en-us/library/txafckwd.aspx).<para>复合格式 <see cref="T:System.String" />（请参阅 http://msdn.microsoft.com/en-us/library/txafckwd.aspx）.</para></param>
      <param name="args">The object array to format.<para>要格式化的对象数组.</para></param>
      <returns>A reference to this instance after the append operation has completed.<para>追加操作完成后对此实例的引用.</para></returns>
    </member>
    <member name="M:Microsoft.AspNetCore.Razor.TagHelpers.TagHelperContent.AppendFormat(System.IFormatProvider,System.String,System.Object[])">
      <summary>Appends the specified <paramref name="format" /> to the existing content with information from the
            <paramref name="provider" /> after replacing each format item with the HTML encoded <see cref="T:System.String" />
            representation of the corresponding item in the <paramref name="args" /> array.<para>将指定的 <paramref name="format" /> 附加到现有内容,其中包含来自 <paramref name="provider" /> 将每个格式项替换为编码的 html <see cref="T:System.String" /> <paramref name="args" /> 数组中相应项的表示形式.</para></summary>
      <param name="provider">An object that supplies culture-specific formatting information.<para>提供区域性特定格式设置信息的对象.</para></param>
      <param name="format">The composite format <see cref="T:System.String" /> (see http://msdn.microsoft.com/en-us/library/txafckwd.aspx).<para>复合格式 <see cref="T:System.String" /> （请参阅 http://msdn.microsoft.com/en-us/library/txafckwd.aspx）.</para></param>
      <param name="args">The object array to format.<para>要格式化的对象数组.</para></param>
      <returns>A reference to this instance after the append operation has completed.<para>追加操作完成后对此实例的引用.</para></returns>
    </member>
    <member name="M:Microsoft.AspNetCore.Razor.TagHelpers.TagHelperContent.Clear">
      <summary>Clears the content.<para>清除内容.</para></summary>
      <returns>A reference to this instance after the clear operation has completed.<para>清除操作完成后对此实例的引用.</para></returns>
    </member>
    <member name="M:Microsoft.AspNetCore.Razor.TagHelpers.TagHelperContent.Reinitialize">
      <summary>Clears the <see cref="T:Microsoft.AspNetCore.Razor.TagHelpers.TagHelperContent" />,  so it can be reused.<para>清除 <see cref="t:microsoft.aspnetcore.razor.taghelpers.taghelpercontent" /> ,因此可以重复使用.</para></summary>
      <remarks>This method does more than what <see cref="M:Microsoft.AspNetCore.Razor.TagHelpers.TagHelperContent.Clear" /> does. It also resets the
            <see cref="P:Microsoft.AspNetCore.Razor.TagHelpers.TagHelperContent.IsModified" /> flag.<para>此方法的作用远不止于此 <see cref="m:microsoft.aspnetcore.razor.taghelpers.taghelpercontent.clear" /> 确实如此.它还会重置 <see cref="p:microsoft.aspnetcore.razor.taghelpers.taghelpercontent.ismodified" /> 旗.</para></remarks>
    </member>
    <member name="M:Microsoft.AspNetCore.Razor.TagHelpers.TagHelperContent.CopyTo(Microsoft.AspNetCore.Html.IHtmlContentBuilder)">
      <inheritdoc />
    </member>
    <member name="M:Microsoft.AspNetCore.Razor.TagHelpers.TagHelperContent.MoveTo(Microsoft.AspNetCore.Html.IHtmlContentBuilder)">
      <inheritdoc />
    </member>
    <member name="M:Microsoft.AspNetCore.Razor.TagHelpers.TagHelperContent.GetContent">
      <summary>Gets the content.<para>获取内容.</para></summary>
      <returns>A <see cref="T:System.String" /> containing the content.<para>包含内容的 <see cref="T:System.String" />.</para></returns>
    </member>
    <member name="M:Microsoft.AspNetCore.Razor.TagHelpers.TagHelperContent.GetContent(System.Text.Encodings.Web.HtmlEncoder)">
      <summary>Gets the content.<para>获取内容.</para></summary>
      <param name="encoder">The <see cref="T:System.Text.Encodings.Web.HtmlEncoder" />.<para>的 <see cref="T:System.Text.Encodings.Web.HtmlEncoder" />.</para></param>
      <returns>A <see cref="T:System.String" /> containing the content.<para>包含内容的 <see cref="T:System.String" />.</para></returns>
    </member>
    <member name="M:Microsoft.AspNetCore.Razor.TagHelpers.TagHelperContent.WriteTo(System.IO.TextWriter,System.Text.Encodings.Web.HtmlEncoder)">
      <inheritdoc />
    </member>
    <member name="M:Microsoft.AspNetCore.Razor.TagHelpers.TagHelperContent.Microsoft#AspNetCore#Html#IHtmlContentBuilder#AppendHtml(Microsoft.AspNetCore.Html.IHtmlContent)">
      <inheritdoc />
    </member>
    <member name="M:Microsoft.AspNetCore.Razor.TagHelpers.TagHelperContent.Microsoft#AspNetCore#Html#IHtmlContentBuilder#Append(System.String)">
      <inheritdoc />
    </member>
    <member name="M:Microsoft.AspNetCore.Razor.TagHelpers.TagHelperContent.Microsoft#AspNetCore#Html#IHtmlContentBuilder#AppendHtml(System.String)">
      <inheritdoc />
    </member>
    <member name="M:Microsoft.AspNetCore.Razor.TagHelpers.TagHelperContent.Microsoft#AspNetCore#Html#IHtmlContentBuilder#Clear">
      <inheritdoc />
    </member>
    <member name="T:Microsoft.AspNetCore.Razor.TagHelpers.TagHelperContext">
      <summary>Contains information related to the execution of <see cref="T:Microsoft.AspNetCore.Razor.TagHelpers.ITagHelper" />s.<para>包含与执行 <see cref="t:microsoft.aspnetcore.razor.taghelpers.itaghelper" /> s.</para></summary>
    </member>
    <member name="M:Microsoft.AspNetCore.Razor.TagHelpers.TagHelperContext.#ctor(System.String,Microsoft.AspNetCore.Razor.TagHelpers.TagHelperAttributeList,System.Collections.Generic.IDictionary{System.Object,System.Object},System.String)">
      <summary>Instantiates a new <see cref="T:Microsoft.AspNetCore.Razor.TagHelpers.TagHelperContext" />.<para>实例化一个新的 <see cref="t:microsoft.aspnetcore.razor.taghelpers.taghelpercontext" /> .</para></summary>
      <param name="tagName">The parsed HTML tag name of the element.<para>元素的解析 html 标记名称.</para></param>
      <param name="allAttributes">Every attribute associated with the current HTML element.<para>与当前 html 元素关联的每个属性.</para></param>
      <param name="items">Collection of items used to communicate with other <see cref="T:Microsoft.AspNetCore.Razor.TagHelpers.ITagHelper" />s.<para>用于与其他项目通信的项目集合 <see cref="t:microsoft.aspnetcore.razor.taghelpers.itaghelper" /> s.</para></param>
      <param name="uniqueId">The unique identifier for the source element this <see cref="T:Microsoft.AspNetCore.Razor.TagHelpers.TagHelperContext" />
            applies to.<para>源元素的唯一标识符 this <see cref="t:microsoft.aspnetcore.razor.taghelpers.taghelpercontext" /> 适用于.</para></param>
    </member>
    <member name="M:Microsoft.AspNetCore.Razor.TagHelpers.TagHelperContext.#ctor(Microsoft.AspNetCore.Razor.TagHelpers.TagHelperAttributeList,System.Collections.Generic.IDictionary{System.Object,System.Object},System.String)">
      <summary>Instantiates a new <see cref="T:Microsoft.AspNetCore.Razor.TagHelpers.TagHelperContext" />.<para>实例化一个新的 <see cref="t:microsoft.aspnetcore.razor.taghelpers.taghelpercontext" /> .</para></summary>
      <param name="allAttributes">Every attribute associated with the current HTML element.<para>与当前 html 元素关联的每个属性.</para></param>
      <param name="items">Collection of items used to communicate with other <see cref="T:Microsoft.AspNetCore.Razor.TagHelpers.ITagHelper" />s.<para>用于与其他项目通信的项目集合 <see cref="t:microsoft.aspnetcore.razor.taghelpers.itaghelper" /> s.</para></param>
      <param name="uniqueId">The unique identifier for the source element this <see cref="T:Microsoft.AspNetCore.Razor.TagHelpers.TagHelperContext" />
            applies to.<para>源元素的唯一标识符 this <see cref="t:microsoft.aspnetcore.razor.taghelpers.taghelpercontext" /> 适用于.</para></param>
    </member>
    <member name="P:Microsoft.AspNetCore.Razor.TagHelpers.TagHelperContext.TagName">
      <summary>The parsed HTML tag name of the element.<para>元素的解析 html 标记名称.</para></summary>
    </member>
    <member name="P:Microsoft.AspNetCore.Razor.TagHelpers.TagHelperContext.AllAttributes">
      <summary>Every attribute associated with the current HTML element.<para>与当前 html 元素关联的每个属性.</para></summary>
    </member>
    <member name="P:Microsoft.AspNetCore.Razor.TagHelpers.TagHelperContext.Items">
      <summary>Gets the collection of items used to communicate with other <see cref="T:Microsoft.AspNetCore.Razor.TagHelpers.ITagHelper" />s.<para>获取用于与其他项通信的项的集合 <see cref="t:microsoft.aspnetcore.razor.taghelpers.itaghelper" /> s.</para></summary>
      <remarks>This <see cref="T:System.Collections.Generic.IDictionary`2" /> is copy-on-write in order to ensure items added to this
            collection are visible only to other <see cref="T:Microsoft.AspNetCore.Razor.TagHelpers.ITagHelper" />s targeting child elements.<para>此 <see cref="T:System.Collections.Generic.IDictionary`2" /> 是写入时复制的,以确保添加到此的项目 集合仅对其他人可见 <see cref="t:microsoft.aspnetcore.razor.taghelpers.itaghelper" /> s 以子元素为目标.</para></remarks>
    </member>
    <member name="P:Microsoft.AspNetCore.Razor.TagHelpers.TagHelperContext.UniqueId">
      <summary>An identifier unique to the HTML element this context is for.<para>此上下文所针对的 html 元素所特有的标识符.</para></summary>
    </member>
    <member name="M:Microsoft.AspNetCore.Razor.TagHelpers.TagHelperContext.Reinitialize(System.String,System.Collections.Generic.IDictionary{System.Object,System.Object},System.String)">
      <summary>Clears the <see cref="T:Microsoft.AspNetCore.Razor.TagHelpers.TagHelperContext" /> and updates its state with the provided values.<para>清除 <see cref="t:microsoft.aspnetcore.razor.taghelpers.taghelpercontext" /> 并使用提供的值更新其状态.</para></summary>
      <param name="tagName">The HTML tag name to use.<para>要使用的 html 标记名称.</para></param>
      <param name="items">The <see cref="T:System.Collections.Generic.IDictionary`2" /> to use.<para>要使用的 <see cref="T:System.Collections.Generic.IDictionary`2" />.</para></param>
      <param name="uniqueId">The unique id to use.<para>要使用的唯一 id.</para></param>
    </member>
    <member name="M:Microsoft.AspNetCore.Razor.TagHelpers.TagHelperContext.Reinitialize(System.Collections.Generic.IDictionary{System.Object,System.Object},System.String)">
      <summary>Clears the <see cref="T:Microsoft.AspNetCore.Razor.TagHelpers.TagHelperContext" /> and updates its state with the provided values.<para>清除 <see cref="t:microsoft.aspnetcore.razor.taghelpers.taghelpercontext" /> 并使用提供的值更新其状态.</para></summary>
      <param name="items">The <see cref="T:System.Collections.Generic.IDictionary`2" /> to use.<para>要使用的 <see cref="T:System.Collections.Generic.IDictionary`2" />.</para></param>
      <param name="uniqueId">The unique id to use.<para>要使用的唯一 id.</para></param>
    </member>
    <member name="T:Microsoft.AspNetCore.Razor.TagHelpers.TagHelperOutput">
      <summary>Class used to represent the output of an <see cref="T:Microsoft.AspNetCore.Razor.TagHelpers.ITagHelper" />.<para>用于表示输出的类 <see cref="t:microsoft.aspnetcore.razor.taghelpers.itaghelper" /> .</para></summary>
    </member>
    <member name="M:Microsoft.AspNetCore.Razor.TagHelpers.TagHelperOutput.#ctor(System.String,Microsoft.AspNetCore.Razor.TagHelpers.TagHelperAttributeList,System.Func{System.Boolean,System.Text.Encodings.Web.HtmlEncoder,System.Threading.Tasks.Task{Microsoft.AspNetCore.Razor.TagHelpers.TagHelperContent}})">
      <summary>Instantiates a new instance of <see cref="T:Microsoft.AspNetCore.Razor.TagHelpers.TagHelperOutput" />.<para>实例化 <see cref="t:microsoft.aspnetcore.razor.taghelpers.taghelperoutput" /> .</para></summary>
      <param name="tagName">The HTML element's tag name.<para>html 元素的标记名称.</para></param>
      <param name="attributes">The HTML attributes.<para>html 属性.</para></param>
      <param name="getChildContentAsync">A delegate used to execute children asynchronously with the given <see cref="T:System.Text.Encodings.Web.HtmlEncoder" /> in scope and
            return their rendered content.<para>一个委托,用于在作用域中与给定的 <see cref="T:System.Text.Encodings.Web.HtmlEncoder" /> 异步执行子项,并且 返回其呈现的内容.</para></param>
    </member>
    <member name="P:Microsoft.AspNetCore.Razor.TagHelpers.TagHelperOutput.TagName">
      <summary>The HTML element's tag name.<para>html 元素的标记名称.</para></summary>
      <remarks>A whitespace or <c>null</c> value results in no start or end tag being rendered.<para>空格或 <c>null</c> 值会导致不呈现开始或结束标记.</para></remarks>
    </member>
    <member name="P:Microsoft.AspNetCore.Razor.TagHelpers.TagHelperOutput.PreElement">
      <summary>Content that precedes the HTML element.<para>html 元素之前的内容.</para></summary>
      <remarks>Value is rendered before the HTML element.<para>值在 html 元素之前呈现.</para></remarks>
    </member>
    <member name="P:Microsoft.AspNetCore.Razor.TagHelpers.TagHelperOutput.PreContent">
      <summary>The HTML element's pre content.<para>html 元素的前置内容.</para></summary>
      <remarks>Value is prepended to the <see cref="T:Microsoft.AspNetCore.Razor.TagHelpers.ITagHelper" />'s final output.<para>值附加到 <see cref="t:microsoft.aspnetcore.razor.taghelpers.itaghelper" /> 的最终输出.</para></remarks>
    </member>
    <member name="P:Microsoft.AspNetCore.Razor.TagHelpers.TagHelperOutput.Content">
      <summary>Get or set the HTML element's main content.<para>获取或设置 html 元素的主要内容.</para></summary>
      <remarks>Value occurs in the <see cref="T:Microsoft.AspNetCore.Razor.TagHelpers.ITagHelper" />'s final output after <see cref="P:Microsoft.AspNetCore.Razor.TagHelpers.TagHelperOutput.PreContent" /> and
            before <see cref="P:Microsoft.AspNetCore.Razor.TagHelpers.TagHelperOutput.PostContent" /><para>值出现在 <see cref="t:microsoft.aspnetcore.razor.taghelpers.itaghelper" /> 之后的最终输出 <see cref="p:microsoft.aspnetcore.razor.taghelpers.taghelperoutput.precontent" /> 和 以前 <see cref="p:microsoft.aspnetcore.razor.taghelpers.taghelperoutput.postcontent" /></para></remarks>
    </member>
    <member name="P:Microsoft.AspNetCore.Razor.TagHelpers.TagHelperOutput.PostContent">
      <summary>The HTML element's post content.<para>html 元素的帖子内容.</para></summary>
      <remarks>Value is appended to the <see cref="T:Microsoft.AspNetCore.Razor.TagHelpers.ITagHelper" />'s final output.<para>值将附加到 <see cref="t:microsoft.aspnetcore.razor.taghelpers.itaghelper" /> 的最终输出.</para></remarks>
    </member>
    <member name="P:Microsoft.AspNetCore.Razor.TagHelpers.TagHelperOutput.PostElement">
      <summary>Content that follows the HTML element.<para>html 元素后面的内容.</para></summary>
      <remarks>Value is rendered after the HTML element.<para>值在 html 元素之后呈现.</para></remarks>
    </member>
    <member name="P:Microsoft.AspNetCore.Razor.TagHelpers.TagHelperOutput.IsContentModified">
      <summary>
        <c>true</c> if <see cref="P:Microsoft.AspNetCore.Razor.TagHelpers.TagHelperOutput.Content" /> has been set, <c>false</c> otherwise.<para><c>true</c> 如果 <see cref="p:microsoft.aspnetcore.razor.taghelpers.taghelperoutput.content" /> 已设置,否则 <c>false</c>.</para></summary>
    </member>
    <member name="P:Microsoft.AspNetCore.Razor.TagHelpers.TagHelperOutput.TagMode">
      <summary>Syntax of the element in the generated HTML.<para>生成的 html 中元素的语法.</para></summary>
    </member>
    <member name="P:Microsoft.AspNetCore.Razor.TagHelpers.TagHelperOutput.Attributes">
      <summary>The HTML element's attributes.<para>html 元素的属性.</para></summary>
      <remarks>MVC will HTML encode <see cref="T:System.String" /> values when generating the start tag. It will not HTML encode
            a <c>Microsoft.AspNetCore.Mvc.Rendering.HtmlString</c> instance. MVC converts most other types to a
            <see cref="T:System.String" />, then HTML encodes the result.<para>mvc 将在生成开始标记时对 <see cref="T:System.String" /> 值进行 html 编码.它不会对 html 进行编码 a <c>microsoft.aspnetcore.mvc.rendering.htmlstring</c> instance.mvc 将大多数其他类型的转换为 <see cref="T:System.String" />,然后对结果进行 html 编码.</para></remarks>
    </member>
    <member name="M:Microsoft.AspNetCore.Razor.TagHelpers.TagHelperOutput.Reinitialize(System.String,Microsoft.AspNetCore.Razor.TagHelpers.TagMode)">
      <summary>Clears the <see cref="T:Microsoft.AspNetCore.Razor.TagHelpers.TagHelperOutput" /> and updates its state with the provided values.<para>清除 <see cref="t:microsoft.aspnetcore.razor.taghelpers.taghelperoutput" /> 并使用提供的值更新其状态.</para></summary>
      <param name="tagName">The tag name to use.<para>要使用的标记名称.</para></param>
      <param name="tagMode">The <see cref="P:Microsoft.AspNetCore.Razor.TagHelpers.TagHelperOutput.TagMode" /> to use.<para><see cref="p:microsoft.aspnetcore.razor.taghelpers.taghelperoutput.tagmode" /> 来使用.</para></param>
    </member>
    <member name="M:Microsoft.AspNetCore.Razor.TagHelpers.TagHelperOutput.SuppressOutput">
      <summary>Changes <see cref="T:Microsoft.AspNetCore.Razor.TagHelpers.TagHelperOutput" /> to generate nothing.<para>变化 <see cref="t:microsoft.aspnetcore.razor.taghelpers.taghelperoutput" /> 什么也没产生.</para></summary>
      <remarks>Sets <see cref="P:Microsoft.AspNetCore.Razor.TagHelpers.TagHelperOutput.TagName" /> to <c>null</c>, and clears <see cref="P:Microsoft.AspNetCore.Razor.TagHelpers.TagHelperOutput.PreElement" />, <see cref="P:Microsoft.AspNetCore.Razor.TagHelpers.TagHelperOutput.PreContent" />,
            <see cref="P:Microsoft.AspNetCore.Razor.TagHelpers.TagHelperOutput.Content" />, <see cref="P:Microsoft.AspNetCore.Razor.TagHelpers.TagHelperOutput.PostContent" />, and <see cref="P:Microsoft.AspNetCore.Razor.TagHelpers.TagHelperOutput.PostElement" /> to suppress output.<para>集 <see cref="p:microsoft.aspnetcore.razor.taghelpers.taghelperoutput.tagname" /> 到 <c>null</c>,然后清除 <see cref="p:microsoft.aspnetcore.razor.taghelpers.taghelperoutput.preelement" /> , <see cref="p:microsoft.aspnetcore.razor.taghelpers.taghelperoutput.precontent" /> , <see cref="p:microsoft.aspnetcore.razor.taghelpers.taghelperoutput.content" /> , <see cref="p:microsoft.aspnetcore.razor.taghelpers.taghelperoutput.postcontent" /> 和 <see cref="p:microsoft.aspnetcore.razor.taghelpers.taghelperoutput.postelement" /> 以抑制输出.</para></remarks>
    </member>
    <member name="M:Microsoft.AspNetCore.Razor.TagHelpers.TagHelperOutput.GetChildContentAsync">
      <summary>Executes children asynchronously and returns their rendered content.<para>异步执行子项并返回其呈现的内容.</para></summary>
      <returns>A <see cref="T:System.Threading.Tasks.Task" /> that on completion returns content rendered by children.<para>一个 <see cref="T:System.Threading.Tasks.Task" />,在完成时返回由子级呈现的内容.</para></returns>
      <remarks>This method is memoized. Multiple calls will not cause children to re-execute with the page's original
            <see cref="T:System.Text.Encodings.Web.HtmlEncoder" />.<para>记住此方法.多次调用不会导致子项使用页面的原始页面重新执行 <see cref="T:System.Text.Encodings.Web.HtmlEncoder" />.</para></remarks>
    </member>
    <member name="M:Microsoft.AspNetCore.Razor.TagHelpers.TagHelperOutput.GetChildContentAsync(System.Boolean)">
      <summary>Executes children asynchronously and returns their rendered content.<para>异步执行子项并返回其呈现的内容.</para></summary>
      <param name="useCachedResult">If <c>true</c>, multiple calls will not cause children to re-execute with the page's original
            <see cref="T:System.Text.Encodings.Web.HtmlEncoder" />; returns cached content.<para>如果 <c>true</c>,多次调用不会导致子项使用页面的原始页面重新执行 <see cref="T:System.Text.Encodings.Web.HtmlEncoder" />;返回缓存的内容.</para></param>
      <returns>A <see cref="T:System.Threading.Tasks.Task" /> that on completion returns content rendered by children.<para>一个 <see cref="T:System.Threading.Tasks.Task" />,在完成时返回由子级呈现的内容.</para></returns>
    </member>
    <member name="M:Microsoft.AspNetCore.Razor.TagHelpers.TagHelperOutput.GetChildContentAsync(System.Text.Encodings.Web.HtmlEncoder)">
      <summary>Executes children asynchronously with the given <paramref name="encoder" /> in scope and returns their
            rendered content.<para>使用作用域中的给定 <paramref name="encoder" /> 异步执行子项并返回其 呈现的内容.</para></summary>
      <param name="encoder">The <see cref="T:System.Text.Encodings.Web.HtmlEncoder" /> to use when the page handles non-<see cref="T:Microsoft.AspNetCore.Html.IHtmlContent" /> C# expressions.
            If <c>null</c>, executes children with the page's current <see cref="T:System.Text.Encodings.Web.HtmlEncoder" />.<para>当页面处理非 - <see cref="t:microsoft.aspnetcore.html.ihtmlcontent" /> c# 表达式. 如果为 <c>null</c>,则使用页面的当前 <see cref="T:System.Text.Encodings.Web.HtmlEncoder" /> 执行子项.</para></param>
      <returns>A <see cref="T:System.Threading.Tasks.Task" /> that on completion returns content rendered by children.<para>一个 <see cref="T:System.Threading.Tasks.Task" />,在完成时返回由子级呈现的内容.</para></returns>
      <remarks>This method is memoized. Multiple calls with the same <see cref="T:System.Text.Encodings.Web.HtmlEncoder" /> instance will not cause
            children to re-execute with that encoder in scope.<para>记住此方法.具有相同 <see cref="T:System.Text.Encodings.Web.HtmlEncoder" /> 实例的多次调用不会导致 要在作用域中使用该编码器重新执行的子项.</para></remarks>
    </member>
    <member name="M:Microsoft.AspNetCore.Razor.TagHelpers.TagHelperOutput.GetChildContentAsync(System.Boolean,System.Text.Encodings.Web.HtmlEncoder)">
      <summary>Executes children asynchronously with the given <paramref name="encoder" /> in scope and returns their
            rendered content.<para>使用作用域中的给定 <paramref name="encoder" /> 异步执行子项并返回其 呈现的内容.</para></summary>
      <param name="useCachedResult">If <c>true</c>, multiple calls with the same <see cref="T:System.Text.Encodings.Web.HtmlEncoder" /> will not cause children to
            re-execute; returns cached content.<para>如果 <c>true</c>,则具有相同 <see cref="T:System.Text.Encodings.Web.HtmlEncoder" /> 的多个调用不会导致孩子 重新执行;返回缓存的内容.</para></param>
      <param name="encoder">The <see cref="T:System.Text.Encodings.Web.HtmlEncoder" /> to use when the page handles non-<see cref="T:Microsoft.AspNetCore.Html.IHtmlContent" /> C# expressions.
            If <c>null</c>, executes children with the page's current <see cref="T:System.Text.Encodings.Web.HtmlEncoder" />.<para>页面处理非 <see cref="t:microsoft.aspnetcore.html.ihtmlcontent" /> c# 表达式. 如果为 <c>null</c>,则使用页面的当前 <see cref="T:System.Text.Encodings.Web.HtmlEncoder" /> 执行子项.</para></param>
      <returns>A <see cref="T:System.Threading.Tasks.Task" /> that on completion returns content rendered by children.<para>一个 <see cref="T:System.Threading.Tasks.Task" />,在完成时返回由子级呈现的内容.</para></returns>
    </member>
    <member name="M:Microsoft.AspNetCore.Razor.TagHelpers.TagHelperOutput.WriteTo(System.IO.TextWriter,System.Text.Encodings.Web.HtmlEncoder)">
      <inheritdoc />
    </member>
    <member name="T:Microsoft.AspNetCore.Razor.TagHelpers.TagMode">
      <summary>The mode in which an element should render.<para>元素应呈现的模式.</para></summary>
    </member>
    <member name="F:Microsoft.AspNetCore.Razor.TagHelpers.TagMode.StartTagAndEndTag">
      <summary>Include both start and end tags.<para>包括开始和结束标记.</para></summary>
    </member>
    <member name="F:Microsoft.AspNetCore.Razor.TagHelpers.TagMode.SelfClosing">
      <summary>A self-closed tag.<para>自闭式标记.</para></summary>
    </member>
    <member name="F:Microsoft.AspNetCore.Razor.TagHelpers.TagMode.StartTagOnly">
      <summary>Only a start tag.<para>只有一个开始标记.</para></summary>
    </member>
    <member name="T:Microsoft.AspNetCore.Razor.TagHelpers.TagStructure">
      <summary>The structure the element should be written in.<para>应写入元素的结构.</para></summary>
    </member>
    <member name="F:Microsoft.AspNetCore.Razor.TagHelpers.TagStructure.Unspecified">
      <summary>If no other tag helper applies to the same element and specifies a <see cref="T:Microsoft.AspNetCore.Razor.TagHelpers.TagStructure" />,
            <see cref="F:Microsoft.AspNetCore.Razor.TagHelpers.TagStructure.NormalOrSelfClosing" /> will be used.<para>如果没有其他标记帮助程序应用于同一元素并指定 <see cref="t:microsoft.aspnetcore.razor.taghelpers.tagstructure" /> , <see cref="f:microsoft.aspnetcore.razor.taghelpers.tagstructure.normalorselfclosesing" /> 将被使用.</para></summary>
    </member>
    <member name="F:Microsoft.AspNetCore.Razor.TagHelpers.TagStructure.NormalOrSelfClosing">
      <summary>Element can be written as &lt;my-tag-helper&gt;&lt;/my-tag-helper&gt; or &lt;my-tag-helper /&gt;.<para>元素可以写为 &lt;我的标签助手&gt;或 &lt;我的标签助手 /&gt;.</para></summary>
    </member>
    <member name="F:Microsoft.AspNetCore.Razor.TagHelpers.TagStructure.WithoutEndTag">
      <summary>Element can be written as &lt;my-tag-helper&gt; or &lt;my-tag-helper /&gt;.<para>元素可以写为 &lt;我的标签助手&gt;或 &lt;我的标签助手 /&gt;.</para></summary>
      <remarks>Elements with a <see cref="F:Microsoft.AspNetCore.Razor.TagHelpers.TagStructure.WithoutEndTag" /> structure will never have any content.<para>具有 <see cref="f:microsoft.aspnetcore.razor.taghelpers.tagstructure.withoutendtag" /> 结构永远不会有任何内容.</para></remarks>
    </member>
  </members>
</doc>