<?xml version="1.0"?>
<doc>
  <assembly>
    <name>Microsoft.AspNetCore.Mvc.Formatters.Xml</name>
  </assembly>
  <members>
    <member name="T:Microsoft.AspNetCore.Mvc.Formatters.Xml.DelegatingEnumerable`2">
      <summary>Serializes <see cref="T:System.Collections.Generic.IEnumerable`1" /> types by delegating them through a concrete implementation.<para>通过具体实现委派 <see cref="T:System.Collections.Generic.IEnumerable`1" /> 类型来序列化它们.</para></summary>
      <typeparam name="TWrapped">The wrapping or original type of the <see cref="T:System.Collections.Generic.IEnumerable`1" />
            to proxy.<para><see cref="T:System.Collections.Generic.IEnumerable`1" /> 的包装或原始类型 到代理.</para></typeparam>
      <typeparam name="TDeclared">The type parameter of the original <see cref="T:System.Collections.Generic.IEnumerable`1" />
            to proxy.<para>原始 <see cref="T:System.Collections.Generic.IEnumerable`1" /> 的类型参数 到代理.</para></typeparam>
    </member>
    <member name="M:Microsoft.AspNetCore.Mvc.Formatters.Xml.DelegatingEnumerable`2.#ctor">
      <summary>Initializes a <see cref="T:Microsoft.AspNetCore.Mvc.Formatters.Xml.DelegatingEnumerable`2" />.<para>初始化 <see cref="t:microsoft.aspnetcore.mvc.formatters.xml.delegatingenumerable`2" /> .</para></summary>
      <remarks>This constructor is necessary for <see cref="T:System.Runtime.Serialization.DataContractSerializer" />
            to serialize.<para>此构造函数对于 <see cref="T:System.Runtime.Serialization.DataContractSerializer" /> 是必需的 进行序列化.</para></remarks>
    </member>
    <member name="M:Microsoft.AspNetCore.Mvc.Formatters.Xml.DelegatingEnumerable`2.#ctor(System.Collections.Generic.IEnumerable{`1},Microsoft.AspNetCore.Mvc.Formatters.Xml.IWrapperProvider)">
      <summary>Initializes a <see cref="T:Microsoft.AspNetCore.Mvc.Formatters.Xml.DelegatingEnumerable`2" /> with the original
             <see cref="T:System.Collections.Generic.IEnumerable`1" /> and the wrapper provider for wrapping individual elements.<para>初始化 <see cref="t:microsoft.aspnetcore.mvc.formatters.xml.delegatingenumerable`2" /> 与原版 <see cref="T:System.Collections.Generic.IEnumerable`1" /> 和用于包装单个元素的包装器提供程序.</para></summary>
      <param name="source">The <see cref="T:System.Collections.Generic.IEnumerable`1" /> instance to get the enumerator from.<para>要从中获取枚举器的 <see cref="T:System.Collections.Generic.IEnumerable`1" /> 实例.</para></param>
      <param name="elementWrapperProvider">The wrapper provider for wrapping individual elements.<para>用于包装单个元素的包装器提供程序.</para></param>
    </member>
    <member name="M:Microsoft.AspNetCore.Mvc.Formatters.Xml.DelegatingEnumerable`2.GetEnumerator">
      <summary>Gets a delegating enumerator of the original <see cref="T:System.Collections.Generic.IEnumerable`1" /> source which is being
            wrapped.<para>获取原始 <see cref="T:System.Collections.Generic.IEnumerable`1" /> 源的委派枚举器,该枚举器正在 包裹.</para></summary>
      <returns>The delegating enumerator of the original <see cref="T:System.Collections.Generic.IEnumerable`1" /> source.<para>原始 <see cref="T:System.Collections.Generic.IEnumerable`1" /> 源的委派枚举器.</para></returns>
    </member>
    <member name="M:Microsoft.AspNetCore.Mvc.Formatters.Xml.DelegatingEnumerable`2.Add(System.Object)">
      <summary>The serializer requires every type it encounters can be serialized and deserialized.
            This type will never be used for deserialization, but we are required to implement the add
            method so that the type can be serialized. This will never be called.<para>序列化程序要求它遇到的每种类型都可以序列化和反序列化. 此类型永远不会用于反序列化,但我们需要实现 add 方法,以便可以序列化类型.这永远不会被调用.</para></summary>
      <param name="item">The item to add.<para>要添加的项.</para></param>
      <exception cref="T:System.NotImplementedException">Thrown unconditionally.<para>无条件抛出.</para></exception>
    </member>
    <member name="M:Microsoft.AspNetCore.Mvc.Formatters.Xml.DelegatingEnumerable`2.System#Collections#IEnumerable#GetEnumerator">
      <summary>Gets a delegating enumerator of the original <see cref="T:System.Collections.Generic.IEnumerable`1" /> source which is being
            wrapped.<para>获取原始 <see cref="T:System.Collections.Generic.IEnumerable`1" /> 源的委派枚举器,该枚举器正在 包裹.</para></summary>
      <returns>The delegating enumerator of the original <see cref="T:System.Collections.Generic.IEnumerable`1" /> source.<para>原始 <see cref="T:System.Collections.Generic.IEnumerable`1" /> 源的委派枚举器.</para></returns>
    </member>
    <member name="T:Microsoft.AspNetCore.Mvc.Formatters.Xml.DelegatingEnumerator`2">
      <summary>Delegates enumeration of elements to the original enumerator and wraps the items
            with the supplied <see cref="T:Microsoft.AspNetCore.Mvc.Formatters.Xml.IWrapperProvider" />.<para>将元素枚举委托给原始枚举器并包装项目 与提供的 <see cref="t:microsoft.aspnetcore.mvc.formatters.xml.iwrapperprovider" /> .</para></summary>
      <typeparam name="TWrapped">The type to which the individual elements need to be wrapped to.<para>各个元素需要包装到的类型.</para></typeparam>
      <typeparam name="TDeclared">The original type of the element being wrapped.<para>要包装的元素的原始类型.</para></typeparam>
    </member>
    <member name="M:Microsoft.AspNetCore.Mvc.Formatters.Xml.DelegatingEnumerator`2.#ctor(System.Collections.Generic.IEnumerator{`1},Microsoft.AspNetCore.Mvc.Formatters.Xml.IWrapperProvider)">
      <summary>Initializes a <see cref="T:Microsoft.AspNetCore.Mvc.Formatters.Xml.DelegatingEnumerable`2" /> which enumerates
            over the elements of the original enumerator and wraps them using the supplied
            <see cref="T:Microsoft.AspNetCore.Mvc.Formatters.Xml.IWrapperProvider" />.<para>初始化 <see cref="t:microsoft.aspnetcore.mvc.formatters.xml.delegatingenumerable`2" /> 枚举 在原始枚举器的元素上,并使用提供的 <see cref="t:microsoft.aspnetcore.mvc.formatters.xml.iwrapperprovider" /> .</para></summary>
      <param name="inner">The original enumerator.<para>原始枚举器.</para></param>
      <param name="wrapperProvider">The wrapper provider to wrap individual elements.<para>包装器提供程序,用于包装单个元素.</para></param>
    </member>
    <member name="P:Microsoft.AspNetCore.Mvc.Formatters.Xml.DelegatingEnumerator`2.Current">
      <inheritdoc />
    </member>
    <member name="P:Microsoft.AspNetCore.Mvc.Formatters.Xml.DelegatingEnumerator`2.System#Collections#IEnumerator#Current">
      <inheritdoc />
    </member>
    <member name="M:Microsoft.AspNetCore.Mvc.Formatters.Xml.DelegatingEnumerator`2.Dispose">
      <inheritdoc />
    </member>
    <member name="M:Microsoft.AspNetCore.Mvc.Formatters.Xml.DelegatingEnumerator`2.MoveNext">
      <inheritdoc />
    </member>
    <member name="M:Microsoft.AspNetCore.Mvc.Formatters.Xml.DelegatingEnumerator`2.Reset">
      <inheritdoc />
    </member>
    <member name="T:Microsoft.AspNetCore.Mvc.Formatters.Xml.EnumerableWrapperProvider">
      <summary>Provides a <see cref="T:Microsoft.AspNetCore.Mvc.Formatters.Xml.IWrapperProvider" /> for interface types which implement
            <see cref="T:System.Collections.Generic.IEnumerable`1" />.<para>提供一个 <see cref="t:microsoft.aspnetcore.mvc.formatters.xml.iwrapperprovider" /> 对于实现的接口类型 <see cref="T:System.Collections.Generic.IEnumerable`1" />.</para></summary>
    </member>
    <member name="M:Microsoft.AspNetCore.Mvc.Formatters.Xml.EnumerableWrapperProvider.#ctor(System.Type,Microsoft.AspNetCore.Mvc.Formatters.Xml.IWrapperProvider)">
      <summary>Initializes an instance of <see cref="T:Microsoft.AspNetCore.Mvc.Formatters.Xml.EnumerableWrapperProvider" />.<para>初始化 的实例 <see cref="t:microsoft.aspnetcore.mvc.formatters.xml.enumerablewrapperprovider" /> .</para></summary>
      <param name="sourceEnumerableOfT">Type of the original <see cref="T:System.Collections.Generic.IEnumerable`1" />
            that is being wrapped.<para>原始 <see cref="T:System.Collections.Generic.IEnumerable`1" /> 的类型 那正在被包裹.</para></param>
      <param name="elementWrapperProvider">The <see cref="T:Microsoft.AspNetCore.Mvc.Formatters.Xml.IWrapperProvider" /> for the element type.
            Can be null.<para><see cref="t:microsoft.aspnetcore.mvc.formatters.xml.iwrapperprovider" /> 对于元素类型. 可以为空.</para></param>
    </member>
    <member name="P:Microsoft.AspNetCore.Mvc.Formatters.Xml.EnumerableWrapperProvider.WrappingType">
      <inheritdoc />
    </member>
    <member name="M:Microsoft.AspNetCore.Mvc.Formatters.Xml.EnumerableWrapperProvider.Wrap(System.Object)">
      <inheritdoc />
    </member>
    <member name="T:Microsoft.AspNetCore.Mvc.Formatters.Xml.EnumerableWrapperProviderFactory">
      <summary>Creates an <see cref="T:Microsoft.AspNetCore.Mvc.Formatters.Xml.EnumerableWrapperProvider" /> for interface types implementing the
            <see cref="T:System.Collections.Generic.IEnumerable`1" /> type.<para>创建一个 <see cref="t:microsoft.aspnetcore.mvc.formatters.xml.enumerablewrapperprovider" /> 对于实现 <see cref="T:System.Collections.Generic.IEnumerable`1" /> 类型.</para></summary>
    </member>
    <member name="M:Microsoft.AspNetCore.Mvc.Formatters.Xml.EnumerableWrapperProviderFactory.#ctor(System.Collections.Generic.IEnumerable{Microsoft.AspNetCore.Mvc.Formatters.Xml.IWrapperProviderFactory})">
      <summary>Initializes an <see cref="T:Microsoft.AspNetCore.Mvc.Formatters.Xml.EnumerableWrapperProviderFactory" /> with a list
            <see cref="T:Microsoft.AspNetCore.Mvc.Formatters.Xml.IWrapperProviderFactory" />.<para>初始化一个 <see cref="t:microsoft.aspnetcore.mvc.formatters.xml.enumerablewrapperproviderfactory" /> 带列表 <see cref="t:microsoft.aspnetcore.mvc.formatters.xml.iwrapperproviderfactory" /> .</para></summary>
      <param name="wrapperProviderFactories">List of <see cref="T:Microsoft.AspNetCore.Mvc.Formatters.Xml.IWrapperProviderFactory" />.<para>目录 <see cref="t:microsoft.aspnetcore.mvc.formatters.xml.iwrapperproviderfactory" /> .</para></param>
    </member>
    <member name="M:Microsoft.AspNetCore.Mvc.Formatters.Xml.EnumerableWrapperProviderFactory.GetProvider(Microsoft.AspNetCore.Mvc.Formatters.Xml.WrapperProviderContext)">
      <summary>Gets an <see cref="T:Microsoft.AspNetCore.Mvc.Formatters.Xml.EnumerableWrapperProvider" /> for the provided context.<para>获取一个 <see cref="t:microsoft.aspnetcore.mvc.formatters.xml.enumerablewrapperprovider" /> 对于提供的上下文.</para></summary>
      <param name="context">The <see cref="T:Microsoft.AspNetCore.Mvc.Formatters.Xml.WrapperProviderContext" />.<para>这 <see cref="t:microsoft.aspnetcore.mvc.formatters.xml.wrapperprovidercontext" /> .</para></param>
      <returns>An instance of <see cref="T:Microsoft.AspNetCore.Mvc.Formatters.Xml.EnumerableWrapperProvider" /> if the declared type is
            an interface and implements <see cref="T:System.Collections.Generic.IEnumerable`1" />.<para>的实例 <see cref="t:microsoft.aspnetcore.mvc.formatters.xml.enumerablewrapperprovider" /> 如果声明的类型是 一个接口并实现 <see cref="T:System.Collections.Generic.IEnumerable`1" />.</para></returns>
    </member>
    <member name="T:Microsoft.AspNetCore.Mvc.Formatters.Xml.FormattingUtilities">
      <summary>Contains methods which are used by Xml input formatters.<para>包含 xml 输入格式化程序使用的方法.</para></summary>
    </member>
    <member name="M:Microsoft.AspNetCore.Mvc.Formatters.Xml.FormattingUtilities.GetDefaultXmlReaderQuotas">
      <summary>Gets the default Reader Quotas for XmlReader.<para>获取 xmlreader 的默认读取器配额.</para></summary>
      <returns>XmlReaderQuotas with default values<para>具有默认值的 xmlreaderquotas</para></returns>
    </member>
    <member name="M:Microsoft.AspNetCore.Mvc.Formatters.Xml.FormattingUtilities.GetDefaultXmlWriterSettings">
      <summary>Gets the default XmlWriterSettings.<para>获取默认的 xmlwritersettings .</para></summary>
      <returns>Default <see cref="T:System.Xml.XmlWriterSettings" /><para>默认 <see cref="T:System.Xml.XmlWriterSettings" /></para></returns>
    </member>
    <member name="T:Microsoft.AspNetCore.Mvc.Formatters.Xml.IUnwrappable">
      <summary>Defines an interface for objects to be un-wrappable after deserialization.<para>定义反序列化后不可包装的对象接口.</para></summary>
    </member>
    <member name="M:Microsoft.AspNetCore.Mvc.Formatters.Xml.IUnwrappable.Unwrap(System.Type)">
      <summary>Unwraps an object.<para>解开对象的包装.</para></summary>
      <param name="declaredType">The type to which the object should be un-wrapped to.<para>对象应解包到的类型.</para></param>
      <returns>The un-wrapped object.<para>解开包装的对象.</para></returns>
    </member>
    <member name="T:Microsoft.AspNetCore.Mvc.Formatters.Xml.IWrapperProvider">
      <summary>Defines an interface for wrapping objects for serialization or deserialization into xml.<para>定义一个接口,用于将序列化或反序列化的对象包装为 xml.</para></summary>
    </member>
    <member name="P:Microsoft.AspNetCore.Mvc.Formatters.Xml.IWrapperProvider.WrappingType">
      <summary>Gets the wrapping type.<para>获取包装类型.</para></summary>
    </member>
    <member name="M:Microsoft.AspNetCore.Mvc.Formatters.Xml.IWrapperProvider.Wrap(System.Object)">
      <summary>Wraps the given object to the wrapping type provided by <see cref="P:Microsoft.AspNetCore.Mvc.Formatters.Xml.IWrapperProvider.WrappingType" />.<para>将给定对象包装为 提供的包装类型 <see cref="p:microsoft.aspnetcore.mvc.formatters.xml.iwrapperprovider.wrappingtype" /> .</para></summary>
      <param name="original">The original non-wrapped object.<para>原始未换行的对象.</para></param>
      <returns>Returns a wrapped object.<para>返回换行的对象.</para></returns>
    </member>
    <member name="T:Microsoft.AspNetCore.Mvc.Formatters.Xml.IWrapperProviderFactory">
      <summary>Create a <see cref="T:Microsoft.AspNetCore.Mvc.Formatters.Xml.IWrapperProvider" /> given a <see cref="T:Microsoft.AspNetCore.Mvc.Formatters.Xml.WrapperProviderContext" />.<para>创建一个 <see cref="t:microsoft.aspnetcore.mvc.formatters.xml.iwrapperprovider" /> 给定一个 <see cref="t:microsoft.aspnetcore.mvc.formatters.xml.wrapperprovidercontext" /> .</para></summary>
    </member>
    <member name="M:Microsoft.AspNetCore.Mvc.Formatters.Xml.IWrapperProviderFactory.GetProvider(Microsoft.AspNetCore.Mvc.Formatters.Xml.WrapperProviderContext)">
      <summary>Gets the <see cref="T:Microsoft.AspNetCore.Mvc.Formatters.Xml.IWrapperProvider" /> for the provided context.<para>获取 <see cref="t:microsoft.aspnetcore.mvc.formatters.xml.iwrapperprovider" /> 对于提供的上下文.</para></summary>
      <param name="context">The <see cref="T:Microsoft.AspNetCore.Mvc.Formatters.Xml.WrapperProviderContext" />.<para>这 <see cref="t:microsoft.aspnetcore.mvc.formatters.xml.wrapperprovidercontext" /> .</para></param>
      <returns>A wrapping provider if the factory decides to wrap the type, else <c>null</c>.<para>如果工厂决定包装类型,则为包装提供程序,否则为 <c>null</c>.</para></returns>
    </member>
    <member name="T:Microsoft.AspNetCore.Mvc.Formatters.Xml.MvcXmlOptions">
      <summary>Provides configuration for XML formatters.<para>提供 xml 格式化程序的配置.</para></summary>
      <remarks>This class is currently empty.<para>此类当前为空.</para></remarks>
    </member>
    <member name="T:Microsoft.AspNetCore.Mvc.Formatters.Xml.ProblemDetailsWrapper">
      <summary>Wrapper class for <see cref="T:Microsoft.AspNetCore.Mvc.ProblemDetails" /> to enable it to be serialized by the xml formatters.<para>包装类 <see cref="t:microsoft.aspnetcore.mvc.problemdetails" /> 以使其能够由 xml 格式化程序序列化.</para></summary>
    </member>
    <member name="F:Microsoft.AspNetCore.Mvc.Formatters.Xml.ProblemDetailsWrapper.EmptyKey">
      <summary>Key used to represent dictionary elements with empty keys<para>用于表示具有空键的字典元素的键</para></summary>
    </member>
    <member name="M:Microsoft.AspNetCore.Mvc.Formatters.Xml.ProblemDetailsWrapper.#ctor">
      <summary>Initializes a new instance of <see cref="T:Microsoft.AspNetCore.Mvc.Formatters.Xml.ProblemDetailsWrapper" />.<para>初始化 的新实例 <see cref="t:microsoft.aspnetcore.mvc.formatters.xml.problemdetailswrapper" /> .</para></summary>
    </member>
    <member name="M:Microsoft.AspNetCore.Mvc.Formatters.Xml.ProblemDetailsWrapper.#ctor(Microsoft.AspNetCore.Mvc.ProblemDetails)">
      <summary>Initializes a new instance of <see cref="T:Microsoft.AspNetCore.Mvc.Formatters.Xml.ProblemDetailsWrapper" />.<para>初始化 的新实例 <see cref="t:microsoft.aspnetcore.mvc.formatters.xml.problemdetailswrapper" /> .</para></summary>
    </member>
    <member name="M:Microsoft.AspNetCore.Mvc.Formatters.Xml.ProblemDetailsWrapper.GetSchema">
      <inheritdoc />
    </member>
    <member name="M:Microsoft.AspNetCore.Mvc.Formatters.Xml.ProblemDetailsWrapper.ReadXml(System.Xml.XmlReader)">
      <inheritdoc />
    </member>
    <member name="M:Microsoft.AspNetCore.Mvc.Formatters.Xml.ProblemDetailsWrapper.ReadValue(System.Xml.XmlReader,System.String)">
      <summary>Reads the value for the specified <paramref name="name" /> from the <paramref name="reader" />.<para>从 <paramref name="reader" /> 读取指定 <paramref name="name" /> 的值.</para></summary>
      <param name="reader">The <see cref="T:System.Xml.XmlReader" />.<para>的 <see cref="T:System.Xml.XmlReader" />.</para></param>
      <param name="name">The name of the node.<para>节点的名称.</para></param>
    </member>
    <member name="M:Microsoft.AspNetCore.Mvc.Formatters.Xml.ProblemDetailsWrapper.WriteXml(System.Xml.XmlWriter)">
      <inheritdoc />
    </member>
    <member name="T:Microsoft.AspNetCore.Mvc.Formatters.Xml.SerializableErrorWrapper">
      <summary>Wrapper class for <see cref="P:Microsoft.AspNetCore.Mvc.Formatters.Xml.SerializableErrorWrapper.SerializableError" /> to enable it to be serialized by the xml formatters.<para>包装类 <see cref="p:microsoft.aspnetcore.mvc.formatters.xml.serializableerrorwrapper.serializableerror" /> 以使其能够由 xml 格式化程序序列化.</para></summary>
    </member>
    <member name="M:Microsoft.AspNetCore.Mvc.Formatters.Xml.SerializableErrorWrapper.#ctor">
      <summary>Initializes a new <see cref="T:Microsoft.AspNetCore.Mvc.Formatters.Xml.SerializableErrorWrapper" /><para>初始化一个新的 <see cref="t:microsoft.aspnetcore.mvc.formatters.xml.serializableerrorwrapper" /></para></summary>
    </member>
    <member name="M:Microsoft.AspNetCore.Mvc.Formatters.Xml.SerializableErrorWrapper.#ctor(Microsoft.AspNetCore.Mvc.SerializableError)">
      <summary>Initializes a new instance of the <see cref="T:Microsoft.AspNetCore.Mvc.Formatters.Xml.SerializableErrorWrapper" /> class.<para>初始化 <see cref="t:microsoft.aspnetcore.mvc.formatters.xml.serializableerrorwrapper" /> .class.</para></summary>
      <param name="error">The <see cref="P:Microsoft.AspNetCore.Mvc.Formatters.Xml.SerializableErrorWrapper.SerializableError" /> object that needs to be wrapped.<para>这 <see cref="p:microsoft.aspnetcore.mvc.formatters.xml.serializableerrorwrapper.serializableerror" /> 需要包装的对象.</para></param>
    </member>
    <member name="P:Microsoft.AspNetCore.Mvc.Formatters.Xml.SerializableErrorWrapper.SerializableError">
      <summary>Gets the wrapped object which is serialized/deserialized into XML
            representation.<para>获取序列化/反序列化为 xml 的包装对象 表示法.</para></summary>
    </member>
    <member name="M:Microsoft.AspNetCore.Mvc.Formatters.Xml.SerializableErrorWrapper.GetSchema">
      <inheritdoc />
    </member>
    <member name="M:Microsoft.AspNetCore.Mvc.Formatters.Xml.SerializableErrorWrapper.ReadXml(System.Xml.XmlReader)">
      <summary>Generates a <see cref="P:Microsoft.AspNetCore.Mvc.Formatters.Xml.SerializableErrorWrapper.SerializableError" /> object from its XML representation.<para>生成一个 <see cref="p:microsoft.aspnetcore.mvc.formatters.xml.serializableerrorwrapper.serializableerror" /> 对象,来自其 xml 表示形式.</para></summary>
      <param name="reader">The <see cref="T:System.Xml.XmlReader" /> stream from which the object is deserialized.<para>从中反序列化对象的 <see cref="T:System.Xml.XmlReader" /> 流.</para></param>
    </member>
    <member name="M:Microsoft.AspNetCore.Mvc.Formatters.Xml.SerializableErrorWrapper.WriteXml(System.Xml.XmlWriter)">
      <summary>Converts the wrapped <see cref="P:Microsoft.AspNetCore.Mvc.Formatters.Xml.SerializableErrorWrapper.SerializableError" /> object into its XML representation.<para>转换包装的 <see cref="p:microsoft.aspnetcore.mvc.formatters.xml.serializableerrorwrapper.serializableerror" /> 对象到其 xml 表示形式中.</para></summary>
      <param name="writer">The <see cref="T:System.Xml.XmlWriter" /> stream to which the object is serialized.<para>对象序列化到的 <see cref="T:System.Xml.XmlWriter" /> 流.</para></param>
    </member>
    <member name="M:Microsoft.AspNetCore.Mvc.Formatters.Xml.SerializableErrorWrapper.Unwrap(System.Type)">
      <inheritdoc />
    </member>
    <member name="T:Microsoft.AspNetCore.Mvc.Formatters.Xml.SerializableErrorWrapperProvider">
      <summary>Wraps the object of type <see cref="T:Microsoft.AspNetCore.Mvc.SerializableError" />.<para>包装类型的对象 <see cref="t:microsoft.aspnetcore.mvc.serializableerror" /> .</para></summary>
    </member>
    <member name="P:Microsoft.AspNetCore.Mvc.Formatters.Xml.SerializableErrorWrapperProvider.WrappingType">
      <inheritdoc />
    </member>
    <member name="M:Microsoft.AspNetCore.Mvc.Formatters.Xml.SerializableErrorWrapperProvider.Wrap(System.Object)">
      <inheritdoc />
    </member>
    <member name="T:Microsoft.AspNetCore.Mvc.Formatters.Xml.SerializableErrorWrapperProviderFactory">
      <summary>Creates an <see cref="T:Microsoft.AspNetCore.Mvc.Formatters.Xml.IWrapperProvider" /> for the type <see cref="T:Microsoft.AspNetCore.Mvc.SerializableError" />.<para>创建一个 <see cref="t:microsoft.aspnetcore.mvc.formatters.xml.iwrapperprovider" /> 对于类型 <see cref="t:microsoft.aspnetcore.mvc.serializableerror" /> .</para></summary>
    </member>
    <member name="M:Microsoft.AspNetCore.Mvc.Formatters.Xml.SerializableErrorWrapperProviderFactory.GetProvider(Microsoft.AspNetCore.Mvc.Formatters.Xml.WrapperProviderContext)">
      <summary>Creates an instance of <see cref="T:Microsoft.AspNetCore.Mvc.Formatters.Xml.SerializableErrorWrapperProvider" /> if the provided
            <paramref name="context" />'s <see cref="P:Microsoft.AspNetCore.Mvc.Formatters.Xml.WrapperProviderContext.DeclaredType" /> is
            <see cref="T:Microsoft.AspNetCore.Mvc.SerializableError" />.<para>创建 的实例 <see cref="t:microsoft.aspnetcore.mvc.formatters.xml.serializableerrorwrapperprovider" /> 如果提供 <paramref name="context" /> 的 <see cref="p:microsoft.aspnetcore.mvc.formatters.xml.wrapperprovidercontext.declaredtype" /> 是 <see cref="t:microsoft.aspnetcore.mvc.serializableerror" /> .</para></summary>
      <param name="context">The <see cref="T:Microsoft.AspNetCore.Mvc.Formatters.Xml.WrapperProviderContext" />.<para>这 <see cref="t:microsoft.aspnetcore.mvc.formatters.xml.wrapperprovidercontext" /> .</para></param>
      <returns>An instance of <see cref="T:Microsoft.AspNetCore.Mvc.Formatters.Xml.SerializableErrorWrapperProvider" /> if the provided <paramref name="context" />'s
            <see cref="P:Microsoft.AspNetCore.Mvc.Formatters.Xml.WrapperProviderContext.DeclaredType" /> is
            <see cref="T:Microsoft.AspNetCore.Mvc.SerializableError" />; otherwise <c>null</c>.<para>的实例 <see cref="t:microsoft.aspnetcore.mvc.formatters.xml.serializableerrorwrapperprovider" /> 如果提供的 <paramref name="context" /> <see cref="p:microsoft.aspnetcore.mvc.formatters.xml.wrapperprovidercontext.declaredtype" /> 是 <see cref="t:microsoft.aspnetcore.mvc.serializableerror" /> ;否则 <c>null</c>.</para></returns>
    </member>
    <member name="T:Microsoft.AspNetCore.Mvc.Formatters.Xml.ValidationProblemDetailsWrapper">
      <summary>Wrapper class for <see cref="T:Microsoft.AspNetCore.Mvc.ValidationProblemDetails" /> to enable it to be serialized by the xml formatters.<para>包装类 <see cref="t:microsoft.aspnetcore.mvc.validationproblemdetails" /> 以使其能够由 xml 格式化程序序列化.</para></summary>
    </member>
    <member name="M:Microsoft.AspNetCore.Mvc.Formatters.Xml.ValidationProblemDetailsWrapper.#ctor">
      <summary>Initializes a new instance of <see cref="T:Microsoft.AspNetCore.Mvc.Formatters.Xml.ValidationProblemDetailsWrapper" />.<para>初始化 的新实例 <see cref="t:microsoft.aspnetcore.mvc.formatters.xml.validationproblemdetailswrapper" /> .</para></summary>
    </member>
    <member name="M:Microsoft.AspNetCore.Mvc.Formatters.Xml.ValidationProblemDetailsWrapper.#ctor(Microsoft.AspNetCore.Mvc.ValidationProblemDetails)">
      <summary>Initializes a new instance of <see cref="T:Microsoft.AspNetCore.Mvc.Formatters.Xml.ValidationProblemDetailsWrapper" /> for the specified
            <paramref name="problemDetails" />.<para>初始化 的新实例 <see cref="t:microsoft.aspnetcore.mvc.formatters.xml.validationproblemdetailswrapper" /> 对于指定的 <paramref name="problemDetails" />.</para></summary>
      <param name="problemDetails">The <see cref="P:Microsoft.AspNetCore.Mvc.Formatters.Xml.ValidationProblemDetailsWrapper.ProblemDetails" />.<para>这 <see cref="p:microsoft.aspnetcore.mvc.formatters.xml.validationproblemdetailswrapper.problemdetails" /> .</para></param>
    </member>
    <member name="M:Microsoft.AspNetCore.Mvc.Formatters.Xml.ValidationProblemDetailsWrapper.ReadValue(System.Xml.XmlReader,System.String)">
      <inheritdoc />
    </member>
    <member name="M:Microsoft.AspNetCore.Mvc.Formatters.Xml.ValidationProblemDetailsWrapper.WriteXml(System.Xml.XmlWriter)">
      <inheritdoc />
    </member>
    <member name="T:Microsoft.AspNetCore.Mvc.Formatters.Xml.WrapperProviderContext">
      <summary>The context used by an <see cref="T:Microsoft.AspNetCore.Mvc.Formatters.Xml.IWrapperProvider" /> to wrap or un-wrap types.<para>使用的上下文 <see cref="t:microsoft.aspnetcore.mvc.formatters.xml.iwrapperprovider" /> 以换行或解开包装类型.</para></summary>
    </member>
    <member name="M:Microsoft.AspNetCore.Mvc.Formatters.Xml.WrapperProviderContext.#ctor(System.Type,System.Boolean)">
      <summary>Initializes a <see cref="T:Microsoft.AspNetCore.Mvc.Formatters.Xml.WrapperProviderContext" />.<para>初始化 <see cref="t:microsoft.aspnetcore.mvc.formatters.xml.wrapperprovidercontext" /> .</para></summary>
      <param name="declaredType">The declared type of the object that needs to be wrapped.<para>需要包装的对象的声明类型.</para></param>
      <param name="isSerialization">
        <see langword="true" /> if the wrapper provider is invoked during
            serialization, otherwise <see langword="false" />.<para><see langword="true" /> 如果在 序列化,否则为 <see langword="false" />.</para></param>
    </member>
    <member name="P:Microsoft.AspNetCore.Mvc.Formatters.Xml.WrapperProviderContext.DeclaredType">
      <summary>The declared type which could be wrapped/un-wrapped by a different type
            during serialization or deserialization.<para>可以由其他类型包装/解包装的声明类型 在序列化或反序列化期间.</para></summary>
    </member>
    <member name="P:Microsoft.AspNetCore.Mvc.Formatters.Xml.WrapperProviderContext.IsSerialization">
      <summary>
        <see langword="true" /> if a wrapper provider is invoked during serialization,
            <see langword="false" /> otherwise.<para><see langword="true" /> 如果在序列化期间调用包装器提供程序, <see langword="false" /> 否则.</para></summary>
    </member>
    <member name="T:Microsoft.AspNetCore.Mvc.Formatters.Xml.WrapperProviderFactoriesExtensions">
      <summary>Extension methods for <see cref="T:Microsoft.AspNetCore.Mvc.Formatters.Xml.IWrapperProviderFactory" />.<para>的扩展方法 <see cref="t:microsoft.aspnetcore.mvc.formatters.xml.iwrapperproviderfactory" /> .</para></summary>
    </member>
    <member name="M:Microsoft.AspNetCore.Mvc.Formatters.Xml.WrapperProviderFactoriesExtensions.GetWrapperProvider(System.Collections.Generic.IEnumerable{Microsoft.AspNetCore.Mvc.Formatters.Xml.IWrapperProviderFactory},Microsoft.AspNetCore.Mvc.Formatters.Xml.WrapperProviderContext)">
      <summary>Gets an instance of <see cref="T:Microsoft.AspNetCore.Mvc.Formatters.Xml.IWrapperProvider" /> for the supplied
            type.<para>获取 的实例 <see cref="t:microsoft.aspnetcore.mvc.formatters.xml.iwrapperprovider" /> 对于提供的 类型.</para></summary>
      <param name="wrapperProviderFactories">A list of <see cref="T:Microsoft.AspNetCore.Mvc.Formatters.Xml.IWrapperProviderFactory" />.<para>一个列表 <see cref="t:microsoft.aspnetcore.mvc.formatters.xml.iwrapperproviderfactory" /> .</para></param>
      <param name="wrapperProviderContext">The <see cref="T:Microsoft.AspNetCore.Mvc.Formatters.Xml.WrapperProviderContext" />.<para><see cref="t:microsoft.aspnetcore.mvc.formatters.xml.wrapperprovidercontext" /> .</para></param>
      <returns>An instance of <see cref="T:Microsoft.AspNetCore.Mvc.Formatters.Xml.IWrapperProvider" /> if there is a wrapping provider for the
            supplied type, else null.<para>的实例 <see cref="t:microsoft.aspnetcore.mvc.formatters.xml.iwrapperprovider" /> 如果有 提供的类型,否则为空.</para></returns>
    </member>
    <member name="P:Microsoft.AspNetCore.Mvc.Formatters.Xml.Resources.EnumerableWrapperProvider_InvalidSourceEnumerableOfT">
      <summary>The type must be an interface and must be or derive from '{0}'.<para>类型必须是接口,并且必须是或派生自"{0}".</para></summary>
    </member>
    <member name="M:Microsoft.AspNetCore.Mvc.Formatters.Xml.Resources.FormatEnumerableWrapperProvider_InvalidSourceEnumerableOfT(System.Object)">
      <summary>The type must be an interface and must be or derive from '{0}'.<para>类型必须是接口,并且必须是或派生自"{0}".</para></summary>
    </member>
    <member name="P:Microsoft.AspNetCore.Mvc.Formatters.Xml.Resources.ErrorDeserializingInputData">
      <summary>An error occurred while deserializing input data.<para>反序列化输入数据时出错.</para></summary>
    </member>
    <member name="P:Microsoft.AspNetCore.Mvc.Formatters.Xml.Resources.RequiredProperty_MustHaveDataMemberRequired">
      <summary>{0} does not recognize '{1}', so instead use '{2}' with '{3}' set to '{4}' for value type property '{5}' on type '{6}'.<para>{0}无法识别"{1}",因此在类型"{2}"的值类型属性"{3}"中使用"{4}",将"{5}"设置为"{6}".</para></summary>
    </member>
    <member name="M:Microsoft.AspNetCore.Mvc.Formatters.Xml.Resources.FormatRequiredProperty_MustHaveDataMemberRequired(System.Object,System.Object,System.Object,System.Object,System.Object,System.Object,System.Object)">
      <summary>{0} does not recognize '{1}', so instead use '{2}' with '{3}' set to '{4}' for value type property '{5}' on type '{6}'.<para>{0}无法识别"{1}",因此在类型"{2}"的值类型属性"{3}"中使用"{4}",将"{5}"设置为"{6}".</para></summary>
    </member>
    <member name="P:Microsoft.AspNetCore.Mvc.Formatters.Xml.Resources.WrapperProvider_MismatchType">
      <summary>The object to be wrapped must be of type '{0}' but was of type '{1}'.<para>要包装的对象必须类型为"{0}",但类型为"{1}".</para></summary>
    </member>
    <member name="M:Microsoft.AspNetCore.Mvc.Formatters.Xml.Resources.FormatWrapperProvider_MismatchType(System.Object,System.Object)">
      <summary>The object to be wrapped must be of type '{0}' but was of type '{1}'.<para>要包装的对象必须类型为"{0}",但类型为"{1}".</para></summary>
    </member>
    <member name="T:Microsoft.AspNetCore.Mvc.Formatters.XmlDataContractSerializerInputFormatter">
      <summary>This class handles deserialization of input XML data
            to strongly-typed objects using <see cref="T:System.Runtime.Serialization.DataContractSerializer" />.<para>此类处理输入 xml 数据的反序列化 到 <see cref="T:System.Runtime.Serialization.DataContractSerializer" /> 的强类型对象.</para></summary>
    </member>
    <member name="M:Microsoft.AspNetCore.Mvc.Formatters.XmlDataContractSerializerInputFormatter.#ctor(Microsoft.AspNetCore.Mvc.MvcOptions)">
      <summary>Initializes a new instance of <see cref="T:Microsoft.AspNetCore.Mvc.Formatters.XmlDataContractSerializerInputFormatter" />.<para>初始化 的新实例 <see cref="t:microsoft.aspnetcore.mvc.formatters.xmldatacontractserializerinputformatter" /> .</para></summary>
      <param name="options">The <see cref="T:Microsoft.AspNetCore.Mvc.MvcOptions" />.<para>这 <see cref="t:microsoft.aspnetcore.mvc.mvcoptions" /> .</para></param>
    </member>
    <member name="P:Microsoft.AspNetCore.Mvc.Formatters.XmlDataContractSerializerInputFormatter.WrapperProviderFactories">
      <summary>Gets the list of <see cref="T:Microsoft.AspNetCore.Mvc.Formatters.Xml.IWrapperProviderFactory" /> to
            provide the wrapping type for de-serialization.<para>获取列表 <see cref="t:microsoft.aspnetcore.mvc.formatters.xml.iwrapperproviderfactory" /> 自 提供用于反序列化的包装类型.</para></summary>
    </member>
    <member name="P:Microsoft.AspNetCore.Mvc.Formatters.XmlDataContractSerializerInputFormatter.MaxDepth">
      <summary>Indicates the acceptable input XML depth.<para>指示可接受的输入 xml 深度.</para></summary>
    </member>
    <member name="P:Microsoft.AspNetCore.Mvc.Formatters.XmlDataContractSerializerInputFormatter.XmlDictionaryReaderQuotas">
      <summary>The quotas include - DefaultMaxDepth, DefaultMaxStringContentLength, DefaultMaxArrayLength,
            DefaultMaxBytesPerRead, DefaultMaxNameTableCharCount<para>配额包括 - defaultmaxdepth, defaultmaxstringcontentlength, defaultmaxarraylength, defaultmaxbytesperread, defaultmaxnametablecharcount</para></summary>
    </member>
    <member name="P:Microsoft.AspNetCore.Mvc.Formatters.XmlDataContractSerializerInputFormatter.SerializerSettings">
      <summary>Gets or sets the <see cref="T:System.Runtime.Serialization.DataContractSerializerSettings" /> used to configure the
            <see cref="T:System.Runtime.Serialization.DataContractSerializer" />.<para>获取或设置用于配置 <see cref="T:System.Runtime.Serialization.DataContractSerializer" />.</para></summary>
    </member>
    <member name="P:Microsoft.AspNetCore.Mvc.Formatters.XmlDataContractSerializerInputFormatter.ExceptionPolicy">
      <inheritdoc />
    </member>
    <member name="M:Microsoft.AspNetCore.Mvc.Formatters.XmlDataContractSerializerInputFormatter.ReadRequestBodyAsync(Microsoft.AspNetCore.Mvc.Formatters.InputFormatterContext,System.Text.Encoding)">
      <inheritdoc />
    </member>
    <member name="M:Microsoft.AspNetCore.Mvc.Formatters.XmlDataContractSerializerInputFormatter.CanReadType(System.Type)">
      <inheritdoc />
    </member>
    <member name="M:Microsoft.AspNetCore.Mvc.Formatters.XmlDataContractSerializerInputFormatter.CreateXmlReader(System.IO.Stream,System.Text.Encoding)">
      <summary>Called during deserialization to get the <see cref="T:System.Xml.XmlReader" />.<para>在反序列化期间调用以获取 <see cref="T:System.Xml.XmlReader" />.</para></summary>
      <param name="readStream">The <see cref="T:System.IO.Stream" /> from which to read.<para>要从中读取的 <see cref="T:System.IO.Stream" />.</para></param>
      <param name="encoding">The <see cref="T:System.Text.Encoding" /> used to read the stream.<para>用于读取流的 <see cref="T:System.Text.Encoding" />.</para></param>
      <returns>The <see cref="T:System.Xml.XmlReader" /> used during deserialization.<para>反序列化期间使用的 <see cref="T:System.Xml.XmlReader" />.</para></returns>
    </member>
    <member name="M:Microsoft.AspNetCore.Mvc.Formatters.XmlDataContractSerializerInputFormatter.GetSerializableType(System.Type)">
      <summary>Gets the type to which the XML will be deserialized.<para>获取 xml 将反序列化为的类型.</para></summary>
      <param name="declaredType">The declared type.<para>声明的类型.</para></param>
      <returns>The type to which the XML will be deserialized.<para>xml 将反序列化为的类型.</para></returns>
    </member>
    <member name="M:Microsoft.AspNetCore.Mvc.Formatters.XmlDataContractSerializerInputFormatter.CreateSerializer(System.Type)">
      <summary>Called during deserialization to get the <see cref="T:System.Runtime.Serialization.DataContractSerializer" />.<para>在反序列化期间调用以获取 <see cref="T:System.Runtime.Serialization.DataContractSerializer" />.</para></summary>
      <param name="type">The type of object for which the serializer should be created.<para>应为其创建序列化程序的对象的类型.</para></param>
      <returns>The <see cref="T:System.Runtime.Serialization.DataContractSerializer" /> used during deserialization.<para>反序列化期间使用的 <see cref="T:System.Runtime.Serialization.DataContractSerializer" />.</para></returns>
    </member>
    <member name="M:Microsoft.AspNetCore.Mvc.Formatters.XmlDataContractSerializerInputFormatter.GetCachedSerializer(System.Type)">
      <summary>Gets the cached serializer or creates and caches the serializer for the given type.<para>获取缓存的序列化程序,或创建并缓存给定类型的序列化程序.</para></summary>
      <returns>The <see cref="T:System.Runtime.Serialization.DataContractSerializer" /> instance.<para><see cref="T:System.Runtime.Serialization.DataContractSerializer" /> 实例.</para></returns>
    </member>
    <member name="T:Microsoft.AspNetCore.Mvc.Formatters.XmlDataContractSerializerOutputFormatter">
      <summary>This class handles serialization of objects
            to XML using <see cref="T:System.Runtime.Serialization.DataContractSerializer" /><para>此类处理对象的序列化 使用 <see cref="T:System.Runtime.Serialization.DataContractSerializer" /> 到 xml</para></summary>
    </member>
    <member name="M:Microsoft.AspNetCore.Mvc.Formatters.XmlDataContractSerializerOutputFormatter.#ctor">
      <summary>Initializes a new instance of <see cref="T:Microsoft.AspNetCore.Mvc.Formatters.XmlDataContractSerializerOutputFormatter" />
            with default <see cref="T:System.Xml.XmlWriterSettings" />.<para>初始化 的新实例 <see cref="t:microsoft.aspnetcore.mvc.formatters.xmldatacontractserializeroutputformatter" /> 使用默认值 <see cref="T:System.Xml.XmlWriterSettings" />.</para></summary>
    </member>
    <member name="M:Microsoft.AspNetCore.Mvc.Formatters.XmlDataContractSerializerOutputFormatter.#ctor(Microsoft.Extensions.Logging.ILoggerFactory)">
      <summary>Initializes a new instance of <see cref="T:Microsoft.AspNetCore.Mvc.Formatters.XmlDataContractSerializerOutputFormatter" />
            with default <see cref="T:System.Xml.XmlWriterSettings" />.<para>初始化 的新实例 <see cref="t:microsoft.aspnetcore.mvc.formatters.xmldatacontractserializeroutputformatter" /> 使用默认值 <see cref="T:System.Xml.XmlWriterSettings" />.</para></summary>
      <param name="loggerFactory">The <see cref="T:Microsoft.Extensions.Logging.ILoggerFactory" />.<para>的 <see cref="T:Microsoft.Extensions.Logging.ILoggerFactory" />.</para></param>
    </member>
    <member name="M:Microsoft.AspNetCore.Mvc.Formatters.XmlDataContractSerializerOutputFormatter.#ctor(System.Xml.XmlWriterSettings)">
      <summary>Initializes a new instance of <see cref="T:Microsoft.AspNetCore.Mvc.Formatters.XmlDataContractSerializerOutputFormatter" />.<para>初始化 的新实例 <see cref="t:microsoft.aspnetcore.mvc.formatters.xmldatacontractserializeroutputformatter" /> .</para></summary>
      <param name="writerSettings">The settings to be used by the <see cref="T:System.Runtime.Serialization.DataContractSerializer" />.<para><see cref="T:System.Runtime.Serialization.DataContractSerializer" /> 要使用的设置.</para></param>
    </member>
    <member name="M:Microsoft.AspNetCore.Mvc.Formatters.XmlDataContractSerializerOutputFormatter.#ctor(System.Xml.XmlWriterSettings,Microsoft.Extensions.Logging.ILoggerFactory)">
      <summary>Initializes a new instance of <see cref="T:Microsoft.AspNetCore.Mvc.Formatters.XmlDataContractSerializerOutputFormatter" />.<para>初始化 的新实例 <see cref="t:microsoft.aspnetcore.mvc.formatters.xmldatacontractserializeroutputformatter" /> .</para></summary>
      <param name="writerSettings">The settings to be used by the <see cref="T:System.Runtime.Serialization.DataContractSerializer" />.<para><see cref="T:System.Runtime.Serialization.DataContractSerializer" /> 要使用的设置.</para></param>
      <param name="loggerFactory">The <see cref="T:Microsoft.Extensions.Logging.ILoggerFactory" />.<para><see cref="T:Microsoft.Extensions.Logging.ILoggerFactory" />.</para></param>
    </member>
    <member name="P:Microsoft.AspNetCore.Mvc.Formatters.XmlDataContractSerializerOutputFormatter.WrapperProviderFactories">
      <summary>Gets the list of <see cref="T:Microsoft.AspNetCore.Mvc.Formatters.Xml.IWrapperProviderFactory" /> to
            provide the wrapping type for serialization.<para>获取列表 <see cref="t:microsoft.aspnetcore.mvc.formatters.xml.iwrapperproviderfactory" /> 自 提供序列化的包装类型.</para></summary>
    </member>
    <member name="P:Microsoft.AspNetCore.Mvc.Formatters.XmlDataContractSerializerOutputFormatter.WriterSettings">
      <summary>Gets the settings to be used by the XmlWriter.<para>获取 xmlwriter 要使用的设置.</para></summary>
    </member>
    <member name="P:Microsoft.AspNetCore.Mvc.Formatters.XmlDataContractSerializerOutputFormatter.SerializerSettings">
      <summary>Gets or sets the <see cref="T:System.Runtime.Serialization.DataContractSerializerSettings" /> used to configure the
            <see cref="T:System.Runtime.Serialization.DataContractSerializer" />.<para>获取或设置用于配置 <see cref="T:System.Runtime.Serialization.DataContractSerializer" />.</para></summary>
    </member>
    <member name="M:Microsoft.AspNetCore.Mvc.Formatters.XmlDataContractSerializerOutputFormatter.GetSerializableType(System.Type)">
      <summary>Gets the type to be serialized.<para>获取要序列化的类型.</para></summary>
      <param name="type">The original type to be serialized<para>要序列化的原始类型</para></param>
      <returns>The original or wrapped type provided by any <see cref="T:Microsoft.AspNetCore.Mvc.Formatters.Xml.IWrapperProvider" />s.<para>由任何提供的原始或包装类型 <see cref="t:microsoft.aspnetcore.mvc.formatters.xml.iwrapperprovider" /> s.</para></returns>
    </member>
    <member name="M:Microsoft.AspNetCore.Mvc.Formatters.XmlDataContractSerializerOutputFormatter.CanWriteType(System.Type)">
      <inheritdoc />
    </member>
    <member name="M:Microsoft.AspNetCore.Mvc.Formatters.XmlDataContractSerializerOutputFormatter.CreateSerializer(System.Type)">
      <summary>Create a new instance of <see cref="T:System.Runtime.Serialization.DataContractSerializer" /> for the given object type.<para>为给定对象类型创建 <see cref="T:System.Runtime.Serialization.DataContractSerializer" /> 的新实例.</para></summary>
      <param name="type">The type of object for which the serializer should be created.<para>应为其创建序列化程序的对象的类型.</para></param>
      <returns>A new instance of <see cref="T:System.Runtime.Serialization.DataContractSerializer" /><para><see cref="T:System.Runtime.Serialization.DataContractSerializer" /> 的新实例</para></returns>
    </member>
    <member name="M:Microsoft.AspNetCore.Mvc.Formatters.XmlDataContractSerializerOutputFormatter.CreateXmlWriter(System.IO.TextWriter,System.Xml.XmlWriterSettings)">
      <summary>Creates a new instance of <see cref="T:System.Xml.XmlWriter" /> using the given <see cref="T:System.IO.TextWriter" /> and
            <see cref="T:System.Xml.XmlWriterSettings" />.<para>使用给定的 <see cref="T:System.IO.TextWriter" /> 创建 <see cref="T:System.Xml.XmlWriter" /> 的新实例,并且 <see cref="T:System.Xml.XmlWriterSettings" />.</para></summary>
      <param name="writer">The underlying <see cref="T:System.IO.TextWriter" /> which the <see cref="T:System.Xml.XmlWriter" /> should write to.<para><see cref="T:System.Xml.XmlWriter" /> 应写入的基础 <see cref="T:System.IO.TextWriter" />.</para></param>
      <param name="xmlWriterSettings">The <see cref="T:System.Xml.XmlWriterSettings" />.<para><see cref="T:System.Xml.XmlWriterSettings" />.</para></param>
      <returns>A new instance of <see cref="T:System.Xml.XmlWriter" /><para><see cref="T:System.Xml.XmlWriter" /> 的新实例</para></returns>
    </member>
    <member name="M:Microsoft.AspNetCore.Mvc.Formatters.XmlDataContractSerializerOutputFormatter.CreateXmlWriter(Microsoft.AspNetCore.Mvc.Formatters.OutputFormatterWriteContext,System.IO.TextWriter,System.Xml.XmlWriterSettings)">
      <summary>Creates a new instance of <see cref="T:System.Xml.XmlWriter" /> using the given <see cref="T:System.IO.TextWriter" /> and
            <see cref="T:System.Xml.XmlWriterSettings" />.<para>使用给定的 <see cref="T:System.IO.TextWriter" /> 创建 <see cref="T:System.Xml.XmlWriter" /> 的新实例,并且 <see cref="T:System.Xml.XmlWriterSettings" />.</para></summary>
      <param name="context">The formatter context associated with the call.<para>与调用关联的格式化程序上下文.</para></param>
      <param name="writer">The underlying <see cref="T:System.IO.TextWriter" /> which the <see cref="T:System.Xml.XmlWriter" /> should write to.<para><see cref="T:System.Xml.XmlWriter" /> 应写入的基础 <see cref="T:System.IO.TextWriter" />.</para></param>
      <param name="xmlWriterSettings">The <see cref="T:System.Xml.XmlWriterSettings" />.<para><see cref="T:System.Xml.XmlWriterSettings" />.</para></param>
      <returns>A new instance of <see cref="T:System.Xml.XmlWriter" />.<para><see cref="T:System.Xml.XmlWriter" /> 的新实例.</para></returns>
    </member>
    <member name="M:Microsoft.AspNetCore.Mvc.Formatters.XmlDataContractSerializerOutputFormatter.WriteResponseBodyAsync(Microsoft.AspNetCore.Mvc.Formatters.OutputFormatterWriteContext,System.Text.Encoding)">
      <inheritdoc />
    </member>
    <member name="M:Microsoft.AspNetCore.Mvc.Formatters.XmlDataContractSerializerOutputFormatter.GetCachedSerializer(System.Type)">
      <summary>Gets the cached serializer or creates and caches the serializer for the given type.<para>获取缓存的序列化程序,或创建并缓存给定类型的序列化程序.</para></summary>
      <returns>The <see cref="T:System.Runtime.Serialization.DataContractSerializer" /> instance.<para><see cref="T:System.Runtime.Serialization.DataContractSerializer" /> 实例.</para></returns>
    </member>
    <member name="T:Microsoft.AspNetCore.Mvc.Formatters.XmlSerializerInputFormatter">
      <summary>This class handles deserialization of input XML data
            to strongly-typed objects using <see cref="T:System.Xml.Serialization.XmlSerializer" /><para>此类处理输入 xml 数据的反序列化 使用 <see cref="T:System.Xml.Serialization.XmlSerializer" /> 的强类型对象</para></summary>
    </member>
    <member name="M:Microsoft.AspNetCore.Mvc.Formatters.XmlSerializerInputFormatter.#ctor(Microsoft.AspNetCore.Mvc.MvcOptions)">
      <summary>Initializes a new instance of <see cref="T:Microsoft.AspNetCore.Mvc.Formatters.XmlSerializerInputFormatter" />.<para>初始化 的新实例 <see cref="t:microsoft.aspnetcore.mvc.formatters.xmlserializerinputformatter" /> .</para></summary>
      <param name="options">The <see cref="T:Microsoft.AspNetCore.Mvc.MvcOptions" />.<para>这 <see cref="t:microsoft.aspnetcore.mvc.mvcoptions" /> .</para></param>
    </member>
    <member name="P:Microsoft.AspNetCore.Mvc.Formatters.XmlSerializerInputFormatter.WrapperProviderFactories">
      <summary>Gets the list of <see cref="T:Microsoft.AspNetCore.Mvc.Formatters.Xml.IWrapperProviderFactory" /> to
            provide the wrapping type for de-serialization.<para>获取列表 <see cref="t:microsoft.aspnetcore.mvc.formatters.xml.iwrapperproviderfactory" /> 自 提供用于反序列化的包装类型.</para></summary>
    </member>
    <member name="P:Microsoft.AspNetCore.Mvc.Formatters.XmlSerializerInputFormatter.MaxDepth">
      <summary>Indicates the acceptable input XML depth.<para>指示可接受的输入 xml 深度.</para></summary>
    </member>
    <member name="P:Microsoft.AspNetCore.Mvc.Formatters.XmlSerializerInputFormatter.XmlDictionaryReaderQuotas">
      <summary>The quotas include - DefaultMaxDepth, DefaultMaxStringContentLength, DefaultMaxArrayLength,
            DefaultMaxBytesPerRead, DefaultMaxNameTableCharCount<para>配额包括 - defaultmaxdepth, defaultmaxstringcontentlength, defaultmaxarraylength, defaultmaxbytesperread, defaultmaxnametablecharcount</para></summary>
    </member>
    <member name="P:Microsoft.AspNetCore.Mvc.Formatters.XmlSerializerInputFormatter.ExceptionPolicy">
      <inheritdoc />
    </member>
    <member name="M:Microsoft.AspNetCore.Mvc.Formatters.XmlSerializerInputFormatter.ReadRequestBodyAsync(Microsoft.AspNetCore.Mvc.Formatters.InputFormatterContext,System.Text.Encoding)">
      <inheritdoc />
    </member>
    <member name="M:Microsoft.AspNetCore.Mvc.Formatters.XmlSerializerInputFormatter.CanReadType(System.Type)">
      <inheritdoc />
    </member>
    <member name="M:Microsoft.AspNetCore.Mvc.Formatters.XmlSerializerInputFormatter.GetSerializableType(System.Type)">
      <summary>Gets the type to which the XML will be deserialized.<para>获取 xml 将反序列化为的类型.</para></summary>
      <param name="declaredType">The declared type.<para>声明的类型.</para></param>
      <returns>The type to which the XML will be deserialized.<para>xml 将反序列化为的类型.</para></returns>
    </member>
    <member name="M:Microsoft.AspNetCore.Mvc.Formatters.XmlSerializerInputFormatter.CreateXmlReader(System.IO.Stream,System.Text.Encoding,System.Type)">
      <summary>Called during deserialization to get the <see cref="T:System.Xml.XmlReader" />.<para>在反序列化期间调用以获取 <see cref="T:System.Xml.XmlReader" />.</para></summary>
      <param name="readStream">The <see cref="T:System.IO.Stream" /> from which to read.<para>要从中读取的 <see cref="T:System.IO.Stream" />.</para></param>
      <param name="encoding">The <see cref="T:System.Text.Encoding" /> used to read the stream.<para>用于读取流的 <see cref="T:System.Text.Encoding" />.</para></param>
      <param name="type">The <see cref="T:System.Type" /> that is to be deserialized.<para>要反序列化的 <see cref="T:System.Type" />.</para></param>
      <returns>The <see cref="T:System.Xml.XmlReader" /> used during deserialization.<para>反序列化期间使用的 <see cref="T:System.Xml.XmlReader" />.</para></returns>
    </member>
    <member name="M:Microsoft.AspNetCore.Mvc.Formatters.XmlSerializerInputFormatter.CreateXmlReader(System.IO.Stream,System.Text.Encoding)">
      <summary>Called during deserialization to get the <see cref="T:System.Xml.XmlReader" />.<para>在反序列化期间调用以获取 <see cref="T:System.Xml.XmlReader" />.</para></summary>
      <param name="readStream">The <see cref="T:System.IO.Stream" /> from which to read.<para>要从中读取的 <see cref="T:System.IO.Stream" />.</para></param>
      <param name="encoding">The <see cref="T:System.Text.Encoding" /> used to read the stream.<para>用于读取流的 <see cref="T:System.Text.Encoding" />.</para></param>
      <returns>The <see cref="T:System.Xml.XmlReader" /> used during deserialization.<para>反序列化期间使用的 <see cref="T:System.Xml.XmlReader" />.</para></returns>
    </member>
    <member name="M:Microsoft.AspNetCore.Mvc.Formatters.XmlSerializerInputFormatter.CreateSerializer(System.Type)">
      <summary>Called during deserialization to get the <see cref="T:System.Xml.Serialization.XmlSerializer" />.<para>在反序列化期间调用以获取 <see cref="T:System.Xml.Serialization.XmlSerializer" />.</para></summary>
      <returns>The <see cref="T:System.Xml.Serialization.XmlSerializer" /> used during deserialization.<para>反序列化期间使用的 <see cref="T:System.Xml.Serialization.XmlSerializer" />.</para></returns>
    </member>
    <member name="M:Microsoft.AspNetCore.Mvc.Formatters.XmlSerializerInputFormatter.GetCachedSerializer(System.Type)">
      <summary>Gets the cached serializer or creates and caches the serializer for the given type.<para>获取缓存的序列化程序,或创建并缓存给定类型的序列化程序.</para></summary>
      <returns>The <see cref="T:System.Xml.Serialization.XmlSerializer" /> instance.<para><see cref="T:System.Xml.Serialization.XmlSerializer" /> 实例.</para></returns>
    </member>
    <member name="T:Microsoft.AspNetCore.Mvc.Formatters.XmlSerializerOutputFormatter">
      <summary>This class handles serialization of objects
            to XML using <see cref="T:System.Xml.Serialization.XmlSerializer" /><para>此类处理对象的序列化 使用 <see cref="T:System.Xml.Serialization.XmlSerializer" /> 到 xml</para></summary>
    </member>
    <member name="M:Microsoft.AspNetCore.Mvc.Formatters.XmlSerializerOutputFormatter.#ctor">
      <summary>Initializes a new instance of <see cref="T:Microsoft.AspNetCore.Mvc.Formatters.XmlSerializerOutputFormatter" />
            with default <see cref="T:System.Xml.XmlWriterSettings" />.<para>初始化 的新实例 <see cref="t:microsoft.aspnetcore.mvc.formatters.xmlserializeroutputformatter" /> 使用默认值 <see cref="T:System.Xml.XmlWriterSettings" />.</para></summary>
    </member>
    <member name="M:Microsoft.AspNetCore.Mvc.Formatters.XmlSerializerOutputFormatter.#ctor(Microsoft.Extensions.Logging.ILoggerFactory)">
      <summary>Initializes a new instance of <see cref="T:Microsoft.AspNetCore.Mvc.Formatters.XmlSerializerOutputFormatter" />
            with default <see cref="T:System.Xml.XmlWriterSettings" />.<para>初始化 的新实例 <see cref="t:microsoft.aspnetcore.mvc.formatters.xmlserializeroutputformatter" /> 使用默认值 <see cref="T:System.Xml.XmlWriterSettings" />.</para></summary>
      <param name="loggerFactory">The <see cref="T:Microsoft.Extensions.Logging.ILoggerFactory" />.<para>的 <see cref="T:Microsoft.Extensions.Logging.ILoggerFactory" />.</para></param>
    </member>
    <member name="M:Microsoft.AspNetCore.Mvc.Formatters.XmlSerializerOutputFormatter.#ctor(System.Xml.XmlWriterSettings)">
      <summary>Initializes a new instance of <see cref="T:Microsoft.AspNetCore.Mvc.Formatters.XmlSerializerOutputFormatter" />.<para>初始化 的新实例 <see cref="t:microsoft.aspnetcore.mvc.formatters.xmlserializeroutputformatter" /> .</para></summary>
      <param name="writerSettings">The settings to be used by the <see cref="T:System.Xml.Serialization.XmlSerializer" />.<para><see cref="T:System.Xml.Serialization.XmlSerializer" /> 要使用的设置.</para></param>
    </member>
    <member name="M:Microsoft.AspNetCore.Mvc.Formatters.XmlSerializerOutputFormatter.#ctor(System.Xml.XmlWriterSettings,Microsoft.Extensions.Logging.ILoggerFactory)">
      <summary>Initializes a new instance of <see cref="T:Microsoft.AspNetCore.Mvc.Formatters.XmlSerializerOutputFormatter" /><para>初始化 的新实例 <see cref="t:microsoft.aspnetcore.mvc.formatters.xmlserializeroutputformatter" /></para></summary>
      <param name="writerSettings">The settings to be used by the <see cref="T:System.Xml.Serialization.XmlSerializer" />.<para><see cref="T:System.Xml.Serialization.XmlSerializer" /> 要使用的设置.</para></param>
      <param name="loggerFactory">The <see cref="T:Microsoft.Extensions.Logging.ILoggerFactory" />.<para><see cref="T:Microsoft.Extensions.Logging.ILoggerFactory" />.</para></param>
    </member>
    <member name="P:Microsoft.AspNetCore.Mvc.Formatters.XmlSerializerOutputFormatter.WrapperProviderFactories">
      <summary>Gets the list of <see cref="T:Microsoft.AspNetCore.Mvc.Formatters.Xml.IWrapperProviderFactory" /> to
            provide the wrapping type for serialization.<para>获取列表 <see cref="t:microsoft.aspnetcore.mvc.formatters.xml.iwrapperproviderfactory" /> 自 提供序列化的包装类型.</para></summary>
    </member>
    <member name="P:Microsoft.AspNetCore.Mvc.Formatters.XmlSerializerOutputFormatter.WriterSettings">
      <summary>Gets the settings to be used by the XmlWriter.<para>获取 xmlwriter 要使用的设置.</para></summary>
    </member>
    <member name="M:Microsoft.AspNetCore.Mvc.Formatters.XmlSerializerOutputFormatter.GetSerializableType(System.Type)">
      <summary>Gets the type to be serialized.<para>获取要序列化的类型.</para></summary>
      <param name="type">The original type to be serialized<para>要序列化的原始类型</para></param>
      <returns>The original or wrapped type provided by any <see cref="T:Microsoft.AspNetCore.Mvc.Formatters.Xml.IWrapperProvider" />.<para>由任何提供的原始或包装类型 <see cref="t:microsoft.aspnetcore.mvc.formatters.xml.iwrapperprovider" /> .</para></returns>
    </member>
    <member name="M:Microsoft.AspNetCore.Mvc.Formatters.XmlSerializerOutputFormatter.CanWriteType(System.Type)">
      <inheritdoc />
    </member>
    <member name="M:Microsoft.AspNetCore.Mvc.Formatters.XmlSerializerOutputFormatter.CreateSerializer(System.Type)">
      <summary>Create a new instance of <see cref="T:System.Xml.Serialization.XmlSerializer" /> for the given object type.<para>为给定对象类型创建 <see cref="T:System.Xml.Serialization.XmlSerializer" /> 的新实例.</para></summary>
      <param name="type">The type of object for which the serializer should be created.<para>应为其创建序列化程序的对象的类型.</para></param>
      <returns>A new instance of <see cref="T:System.Xml.Serialization.XmlSerializer" /><para><see cref="T:System.Xml.Serialization.XmlSerializer" /> 的新实例</para></returns>
    </member>
    <member name="M:Microsoft.AspNetCore.Mvc.Formatters.XmlSerializerOutputFormatter.CreateXmlWriter(System.IO.TextWriter,System.Xml.XmlWriterSettings)">
      <summary>Creates a new instance of <see cref="T:System.Xml.XmlWriter" /> using the given <see cref="T:System.IO.TextWriter" /> and
            <see cref="T:System.Xml.XmlWriterSettings" />.<para>使用给定的 <see cref="T:System.IO.TextWriter" /> 创建 <see cref="T:System.Xml.XmlWriter" /> 的新实例,并且 <see cref="T:System.Xml.XmlWriterSettings" />.</para></summary>
      <param name="writer">The underlying <see cref="T:System.IO.TextWriter" /> which the <see cref="T:System.Xml.XmlWriter" /> should write to.<para><see cref="T:System.Xml.XmlWriter" /> 应写入的基础 <see cref="T:System.IO.TextWriter" />.</para></param>
      <param name="xmlWriterSettings">The <see cref="T:System.Xml.XmlWriterSettings" />.<para><see cref="T:System.Xml.XmlWriterSettings" />.</para></param>
      <returns>A new instance of <see cref="T:System.Xml.XmlWriter" />.<para><see cref="T:System.Xml.XmlWriter" /> 的新实例.</para></returns>
    </member>
    <member name="M:Microsoft.AspNetCore.Mvc.Formatters.XmlSerializerOutputFormatter.CreateXmlWriter(Microsoft.AspNetCore.Mvc.Formatters.OutputFormatterWriteContext,System.IO.TextWriter,System.Xml.XmlWriterSettings)">
      <summary>Creates a new instance of <see cref="T:System.Xml.XmlWriter" /> using the given <see cref="T:System.IO.TextWriter" /> and
            <see cref="T:System.Xml.XmlWriterSettings" />.<para>使用给定的 <see cref="T:System.IO.TextWriter" /> 创建 <see cref="T:System.Xml.XmlWriter" /> 的新实例,并且 <see cref="T:System.Xml.XmlWriterSettings" />.</para></summary>
      <param name="context">The formatter context associated with the call.<para>与调用关联的格式化程序上下文.</para></param>
      <param name="writer">The underlying <see cref="T:System.IO.TextWriter" /> which the <see cref="T:System.Xml.XmlWriter" /> should write to.<para><see cref="T:System.Xml.XmlWriter" /> 应写入的基础 <see cref="T:System.IO.TextWriter" />.</para></param>
      <param name="xmlWriterSettings">The <see cref="T:System.Xml.XmlWriterSettings" />.<para><see cref="T:System.Xml.XmlWriterSettings" />.</para></param>
      <returns>A new instance of <see cref="T:System.Xml.XmlWriter" /><para><see cref="T:System.Xml.XmlWriter" /> 的新实例</para></returns>
    </member>
    <member name="M:Microsoft.AspNetCore.Mvc.Formatters.XmlSerializerOutputFormatter.WriteResponseBodyAsync(Microsoft.AspNetCore.Mvc.Formatters.OutputFormatterWriteContext,System.Text.Encoding)">
      <inheritdoc />
    </member>
    <member name="M:Microsoft.AspNetCore.Mvc.Formatters.XmlSerializerOutputFormatter.Serialize(System.Xml.Serialization.XmlSerializer,System.Xml.XmlWriter,System.Object)">
      <summary>Serializes value using the passed in <paramref name="xmlSerializer" /> and <paramref name="xmlWriter" />.<para>使用传入的 <paramref name="xmlSerializer" /> 和 <paramref name="xmlWriter" /> 序列化值.</para></summary>
      <param name="xmlSerializer">The serializer used to serialize the <paramref name="value" />.<para>用于序列化 <paramref name="value" /> 的序列化程序.</para></param>
      <param name="xmlWriter">The writer used by the serializer <paramref name="xmlSerializer" />
            to serialize the <paramref name="value" />.<para>序列化程序 <paramref name="xmlSerializer" /> 使用的编写器 以序列化 <paramref name="value" />.</para></param>
      <param name="value">The value to be serialized.<para>要序列化的值.</para></param>
    </member>
    <member name="M:Microsoft.AspNetCore.Mvc.Formatters.XmlSerializerOutputFormatter.GetCachedSerializer(System.Type)">
      <summary>Gets the cached serializer or creates and caches the serializer for the given type.<para>获取缓存的序列化程序,或创建并缓存给定类型的序列化程序.</para></summary>
      <returns>The <see cref="T:System.Xml.Serialization.XmlSerializer" /> instance.<para><see cref="T:System.Xml.Serialization.XmlSerializer" /> 实例.</para></returns>
    </member>
    <member name="T:Microsoft.AspNetCore.Mvc.ModelBinding.Metadata.DataMemberRequiredBindingMetadataProvider">
      <summary>An <see cref="T:Microsoft.AspNetCore.Mvc.ModelBinding.Metadata.IBindingMetadataProvider" /> for <see cref="P:System.Runtime.Serialization.DataMemberAttribute.IsRequired" />.<para>一 <see cref="t:microsoft.aspnetcore.mvc.modelbinding.metadata.ibindingmetadataprovider" /> 为 <see cref="p:system.runtime.serialization.datamemberattribute.isrequired" /> .</para></summary>
    </member>
    <member name="M:Microsoft.AspNetCore.Mvc.ModelBinding.Metadata.DataMemberRequiredBindingMetadataProvider.CreateBindingMetadata(Microsoft.AspNetCore.Mvc.ModelBinding.Metadata.BindingMetadataProviderContext)">
      <inheritdoc />
    </member>
    <member name="T:Microsoft.Extensions.DependencyInjection.MvcXmlMvcBuilderExtensions">
      <summary>Extension methods for adding XML formatters to MVC.<para>用于将 xml 格式化程序添加到 mvc 的扩展方法.</para></summary>
    </member>
    <member name="M:Microsoft.Extensions.DependencyInjection.MvcXmlMvcBuilderExtensions.AddXmlOptions(Microsoft.Extensions.DependencyInjection.IMvcBuilder,System.Action{Microsoft.AspNetCore.Mvc.Formatters.Xml.MvcXmlOptions})">
      <summary>Adds configuration of <see cref="T:Microsoft.AspNetCore.Mvc.Formatters.Xml.MvcXmlOptions" /> for the application.<para>添加配置 <see cref="t:microsoft.aspnetcore.mvc.formatters.xml.mvcxmloptions" /> 对于应用程序.</para></summary>
      <param name="builder">The <see cref="T:Microsoft.Extensions.DependencyInjection.IMvcBuilder" />.<para>的 <see cref="T:Microsoft.Extensions.DependencyInjection.IMvcBuilder" />.</para></param>
      <param name="setupAction">The <see cref="T:Microsoft.AspNetCore.Mvc.Formatters.Xml.MvcXmlOptions" /> which need to be configured.<para><see cref="t:microsoft.aspnetcore.mvc.formatters.xml.mvcxmloptions" /> 需要配置.</para></param>
    </member>
    <member name="M:Microsoft.Extensions.DependencyInjection.MvcXmlMvcBuilderExtensions.AddXmlDataContractSerializerFormatters(Microsoft.Extensions.DependencyInjection.IMvcBuilder)">
      <summary>Adds the XML DataContractSerializer formatters to MVC.<para>将 xml datacontractserializer 格式化程序添加到 mvc.</para></summary>
      <param name="builder">The <see cref="T:Microsoft.Extensions.DependencyInjection.IMvcBuilder" />.<para>的 <see cref="T:Microsoft.Extensions.DependencyInjection.IMvcBuilder" />.</para></param>
      <returns>The <see cref="T:Microsoft.Extensions.DependencyInjection.IMvcBuilder" />.<para>的 <see cref="T:Microsoft.Extensions.DependencyInjection.IMvcBuilder" />.</para></returns>
    </member>
    <member name="M:Microsoft.Extensions.DependencyInjection.MvcXmlMvcBuilderExtensions.AddXmlDataContractSerializerFormatters(Microsoft.Extensions.DependencyInjection.IMvcBuilder,System.Action{Microsoft.AspNetCore.Mvc.Formatters.Xml.MvcXmlOptions})">
      <summary>Adds the XML DataContractSerializer formatters to MVC.<para>将 xml datacontractserializer 格式化程序添加到 mvc.</para></summary>
      <param name="builder">The <see cref="T:Microsoft.Extensions.DependencyInjection.IMvcBuilder" />.<para>的 <see cref="T:Microsoft.Extensions.DependencyInjection.IMvcBuilder" />.</para></param>
      <param name="setupAction">The <see cref="T:Microsoft.AspNetCore.Mvc.Formatters.Xml.MvcXmlOptions" /> which need to be configured.<para><see cref="t:microsoft.aspnetcore.mvc.formatters.xml.mvcxmloptions" /> 需要配置.</para></param>
      <returns>The <see cref="T:Microsoft.Extensions.DependencyInjection.IMvcBuilder" />.<para>的 <see cref="T:Microsoft.Extensions.DependencyInjection.IMvcBuilder" />.</para></returns>
    </member>
    <member name="M:Microsoft.Extensions.DependencyInjection.MvcXmlMvcBuilderExtensions.AddXmlSerializerFormatters(Microsoft.Extensions.DependencyInjection.IMvcBuilder)">
      <summary>Adds the XML Serializer formatters to MVC.<para>将 xml 序列化程序格式化程序添加到 mvc.</para></summary>
      <param name="builder">The <see cref="T:Microsoft.Extensions.DependencyInjection.IMvcBuilder" />.<para>的 <see cref="T:Microsoft.Extensions.DependencyInjection.IMvcBuilder" />.</para></param>
      <returns>The <see cref="T:Microsoft.Extensions.DependencyInjection.IMvcBuilder" />.<para>的 <see cref="T:Microsoft.Extensions.DependencyInjection.IMvcBuilder" />.</para></returns>
    </member>
    <member name="M:Microsoft.Extensions.DependencyInjection.MvcXmlMvcBuilderExtensions.AddXmlSerializerFormatters(Microsoft.Extensions.DependencyInjection.IMvcBuilder,System.Action{Microsoft.AspNetCore.Mvc.Formatters.Xml.MvcXmlOptions})">
      <summary>Adds the XML Serializer formatters to MVC.<para>将 xml 序列化程序格式化程序添加到 mvc.</para></summary>
      <param name="builder">The <see cref="T:Microsoft.Extensions.DependencyInjection.IMvcBuilder" />.<para>的 <see cref="T:Microsoft.Extensions.DependencyInjection.IMvcBuilder" />.</para></param>
      <param name="setupAction">The <see cref="T:Microsoft.AspNetCore.Mvc.Formatters.Xml.MvcXmlOptions" /> which need to be configured.<para><see cref="t:microsoft.aspnetcore.mvc.formatters.xml.mvcxmloptions" /> 需要配置.</para></param>
      <returns>The <see cref="T:Microsoft.Extensions.DependencyInjection.IMvcBuilder" />.<para>的 <see cref="T:Microsoft.Extensions.DependencyInjection.IMvcBuilder" />.</para></returns>
    </member>
    <member name="T:Microsoft.Extensions.DependencyInjection.MvcXmlMvcCoreBuilderExtensions">
      <summary>Extension methods for adding XML formatters to MVC.<para>用于将 xml 格式化程序添加到 mvc 的扩展方法.</para></summary>
    </member>
    <member name="M:Microsoft.Extensions.DependencyInjection.MvcXmlMvcCoreBuilderExtensions.AddXmlOptions(Microsoft.Extensions.DependencyInjection.IMvcCoreBuilder,System.Action{Microsoft.AspNetCore.Mvc.Formatters.Xml.MvcXmlOptions})">
      <summary>Adds configuration of <see cref="T:Microsoft.AspNetCore.Mvc.Formatters.Xml.MvcXmlOptions" /> for the application.<para>添加配置 <see cref="t:microsoft.aspnetcore.mvc.formatters.xml.mvcxmloptions" /> 对于应用程序.</para></summary>
      <param name="builder">The <see cref="T:Microsoft.Extensions.DependencyInjection.IMvcCoreBuilder" />.<para>的 <see cref="T:Microsoft.Extensions.DependencyInjection.IMvcCoreBuilder" />.</para></param>
      <param name="setupAction">The <see cref="T:Microsoft.AspNetCore.Mvc.Formatters.Xml.MvcXmlOptions" /> which need to be configured.<para><see cref="t:microsoft.aspnetcore.mvc.formatters.xml.mvcxmloptions" /> 需要配置.</para></param>
      <returns>The <see cref="T:Microsoft.Extensions.DependencyInjection.IMvcCoreBuilder" />.<para>的 <see cref="T:Microsoft.Extensions.DependencyInjection.IMvcCoreBuilder" />.</para></returns>
    </member>
    <member name="M:Microsoft.Extensions.DependencyInjection.MvcXmlMvcCoreBuilderExtensions.AddXmlDataContractSerializerFormatters(Microsoft.Extensions.DependencyInjection.IMvcCoreBuilder)">
      <summary>Adds the XML DataContractSerializer formatters to MVC.<para>将 xml datacontractserializer 格式化程序添加到 mvc.</para></summary>
      <param name="builder">The <see cref="T:Microsoft.Extensions.DependencyInjection.IMvcCoreBuilder" />.<para>的 <see cref="T:Microsoft.Extensions.DependencyInjection.IMvcCoreBuilder" />.</para></param>
      <returns>The <see cref="T:Microsoft.Extensions.DependencyInjection.IMvcCoreBuilder" />.<para>的 <see cref="T:Microsoft.Extensions.DependencyInjection.IMvcCoreBuilder" />.</para></returns>
    </member>
    <member name="M:Microsoft.Extensions.DependencyInjection.MvcXmlMvcCoreBuilderExtensions.AddXmlDataContractSerializerFormatters(Microsoft.Extensions.DependencyInjection.IMvcCoreBuilder,System.Action{Microsoft.AspNetCore.Mvc.Formatters.Xml.MvcXmlOptions})">
      <summary>Adds the XML DataContractSerializer formatters to MVC.<para>将 xml datacontractserializer 格式化程序添加到 mvc.</para></summary>
      <param name="builder">The <see cref="T:Microsoft.Extensions.DependencyInjection.IMvcCoreBuilder" />.<para>的 <see cref="T:Microsoft.Extensions.DependencyInjection.IMvcCoreBuilder" />.</para></param>
      <param name="setupAction">The <see cref="T:Microsoft.AspNetCore.Mvc.Formatters.Xml.MvcXmlOptions" /> which need to be configured.<para><see cref="t:microsoft.aspnetcore.mvc.formatters.xml.mvcxmloptions" /> 需要配置.</para></param>
      <returns>The <see cref="T:Microsoft.Extensions.DependencyInjection.IMvcCoreBuilder" />.<para>的 <see cref="T:Microsoft.Extensions.DependencyInjection.IMvcCoreBuilder" />.</para></returns>
    </member>
    <member name="M:Microsoft.Extensions.DependencyInjection.MvcXmlMvcCoreBuilderExtensions.AddXmlSerializerFormatters(Microsoft.Extensions.DependencyInjection.IMvcCoreBuilder)">
      <summary>Adds the XML Serializer formatters to MVC.<para>将 xml 序列化程序格式化程序添加到 mvc.</para></summary>
      <param name="builder">The <see cref="T:Microsoft.Extensions.DependencyInjection.IMvcCoreBuilder" />.<para>的 <see cref="T:Microsoft.Extensions.DependencyInjection.IMvcCoreBuilder" />.</para></param>
      <returns>The <see cref="T:Microsoft.Extensions.DependencyInjection.IMvcCoreBuilder" />.<para>的 <see cref="T:Microsoft.Extensions.DependencyInjection.IMvcCoreBuilder" />.</para></returns>
    </member>
    <member name="M:Microsoft.Extensions.DependencyInjection.MvcXmlMvcCoreBuilderExtensions.AddXmlSerializerFormatters(Microsoft.Extensions.DependencyInjection.IMvcCoreBuilder,System.Action{Microsoft.AspNetCore.Mvc.Formatters.Xml.MvcXmlOptions})">
      <summary>Adds the XML Serializer formatters to MVC.<para>将 xml 序列化程序格式化程序添加到 mvc.</para></summary>
      <param name="builder">The <see cref="T:Microsoft.Extensions.DependencyInjection.IMvcCoreBuilder" />.<para>的 <see cref="T:Microsoft.Extensions.DependencyInjection.IMvcCoreBuilder" />.</para></param>
      <param name="setupAction">The <see cref="T:Microsoft.AspNetCore.Mvc.Formatters.Xml.MvcXmlOptions" /> which need to be configured.<para><see cref="t:microsoft.aspnetcore.mvc.formatters.xml.mvcxmloptions" /> 需要配置.</para></param>
            /// <returns>The <see cref="T:Microsoft.Extensions.DependencyInjection.IMvcCoreBuilder" />.<para>的 <see cref="T:Microsoft.Extensions.DependencyInjection.IMvcCoreBuilder" />.</para></returns></member>
    <member name="T:Microsoft.Extensions.DependencyInjection.XmlDataContractSerializerMvcOptionsSetup">
      <summary>A <see cref="T:Microsoft.Extensions.Options.IConfigureOptions`1" /> implementation which will add the
            data contract serializer formatters to <see cref="T:Microsoft.AspNetCore.Mvc.MvcOptions" />.<para>一个 <see cref="T:Microsoft.Extensions.Options.IConfigureOptions`1" /> 实现,它将添加 数据协定序列化程序格式化程序 <see cref="t:microsoft.aspnetcore.mvc.mvcoptions" /> .</para></summary>
    </member>
    <member name="M:Microsoft.Extensions.DependencyInjection.XmlDataContractSerializerMvcOptionsSetup.#ctor(Microsoft.Extensions.Logging.ILoggerFactory)">
      <summary>Initializes a new instance of <see cref="T:Microsoft.Extensions.DependencyInjection.XmlDataContractSerializerMvcOptionsSetup" />.<para>初始化 <see cref="T:Microsoft.Extensions.DependencyInjection.XmlDataContractSerializerMvcOptionsSetup" /> 的新实例.</para></summary>
      <param name="loggerFactory">The <see cref="T:Microsoft.Extensions.Logging.ILoggerFactory" />.<para>的 <see cref="T:Microsoft.Extensions.Logging.ILoggerFactory" />.</para></param>
    </member>
    <member name="M:Microsoft.Extensions.DependencyInjection.XmlDataContractSerializerMvcOptionsSetup.Configure(Microsoft.AspNetCore.Mvc.MvcOptions)">
      <summary>Adds the data contract serializer formatters to <see cref="T:Microsoft.AspNetCore.Mvc.MvcOptions" />.<para>将数据协定序列化程序格式化程序添加到 <see cref="t:microsoft.aspnetcore.mvc.mvcoptions" /> .</para></summary>
      <param name="options">The <see cref="T:Microsoft.AspNetCore.Mvc.MvcOptions" />.<para>这 <see cref="t:microsoft.aspnetcore.mvc.mvcoptions" /> .</para></param>
    </member>
    <member name="T:Microsoft.Extensions.DependencyInjection.XmlSerializerMvcOptionsSetup">
      <summary>A <see cref="T:Microsoft.Extensions.Options.IConfigureOptions`1" /> implementation which will add the
            XML serializer formatters to <see cref="T:Microsoft.AspNetCore.Mvc.MvcOptions" />.<para>一个 <see cref="T:Microsoft.Extensions.Options.IConfigureOptions`1" /> 实现,它将添加 xml 序列化程序格式化程序 <see cref="t:microsoft.aspnetcore.mvc.mvcoptions" /> .</para></summary>
    </member>
    <member name="M:Microsoft.Extensions.DependencyInjection.XmlSerializerMvcOptionsSetup.#ctor(Microsoft.Extensions.Logging.ILoggerFactory)">
      <summary>Initializes a new instance of <see cref="T:Microsoft.Extensions.DependencyInjection.XmlSerializerMvcOptionsSetup" />.<para>初始化 <see cref="T:Microsoft.Extensions.DependencyInjection.XmlSerializerMvcOptionsSetup" /> 的新实例.</para></summary>
      <param name="loggerFactory">The <see cref="T:Microsoft.Extensions.Logging.ILoggerFactory" />.<para>的 <see cref="T:Microsoft.Extensions.Logging.ILoggerFactory" />.</para></param>
    </member>
    <member name="M:Microsoft.Extensions.DependencyInjection.XmlSerializerMvcOptionsSetup.Configure(Microsoft.AspNetCore.Mvc.MvcOptions)">
      <summary>Adds the XML serializer formatters to <see cref="T:Microsoft.AspNetCore.Mvc.MvcOptions" />.<para>将 xml 序列化程序格式化程序添加到 <see cref="t:microsoft.aspnetcore.mvc.mvcoptions" /> .</para></summary>
      <param name="options">The <see cref="T:Microsoft.AspNetCore.Mvc.MvcOptions" />.<para>这 <see cref="t:microsoft.aspnetcore.mvc.mvcoptions" /> .</para></param>
    </member>
  </members>
</doc>