<?xml version="1.0"?>
<doc>
  <assembly>
    <name>Microsoft.AspNetCore.Identity</name>
  </assembly>
  <members>
    <member name="T:Microsoft.AspNetCore.Identity.AspNetRoleManager`1">
      <summary>Provides the APIs for managing roles in a persistence store.<para>提供用于管理暂留存储中的角色的 api.</para></summary>
      <typeparam name="TRole">The type encapsulating a role.<para>封装角色的类型.</para></typeparam>
    </member>
    <member name="M:Microsoft.AspNetCore.Identity.AspNetRoleManager`1.#ctor(Microsoft.AspNetCore.Identity.IRoleStore{`0},System.Collections.Generic.IEnumerable{Microsoft.AspNetCore.Identity.IRoleValidator{`0}},Microsoft.AspNetCore.Identity.ILookupNormalizer,Microsoft.AspNetCore.Identity.IdentityErrorDescriber,Microsoft.Extensions.Logging.ILogger{Microsoft.AspNetCore.Identity.RoleManager{`0}},Microsoft.AspNetCore.Http.IHttpContextAccessor)">
      <summary>Constructs a new instance of <see cref="T:Microsoft.AspNetCore.Identity.RoleManager`1" />.<para>构造 的新实例 <see cref="t:microsoft.aspnetcore.identity.rolemanager`1" /> .</para></summary>
      <param name="store">The persistence store the manager will operate over.<para>管理器将操作的持久性存储.</para></param>
      <param name="roleValidators">A collection of validators for roles.<para>角色验证程序的集合.</para></param>
      <param name="keyNormalizer">The normalizer to use when normalizing role names to keys.<para>将角色名称规范化为键时要使用的规范化程序.</para></param>
      <param name="errors">The <see cref="T:Microsoft.AspNetCore.Identity.IdentityErrorDescriber" /> used to provider error messages.<para><see cref="t:microsoft.aspnetcore.identity.identityerrordescriber" /> 用于提供错误消息.</para></param>
      <param name="logger">The logger used to log messages, warnings and errors.<para>用于记录消息、警告和错误的记录器.</para></param>
      <param name="contextAccessor">The accessor used to access the <see cref="T:Microsoft.AspNetCore.Http.HttpContext" />.<para>用于访问 <see cref="t:microsoft.aspnetcore.http.httpcontext" /> .</para></param>
    </member>
    <member name="P:Microsoft.AspNetCore.Identity.AspNetRoleManager`1.CancellationToken">
      <summary>The cancellation token associated with the current HttpContext.RequestAborted or CancellationToken.None if unavailable.<para>与当前 httpcontext.requestaborted 或 canceltoken.none 关联的取消令牌（如果不可用）.</para></summary>
    </member>
    <member name="T:Microsoft.AspNetCore.Identity.AspNetUserManager`1">
      <summary>Provides the APIs for managing user in a persistence store.<para>提供用于管理暂留存储中的用户的 api.</para></summary>
      <typeparam name="TUser">The type encapsulating a user.<para>封装用户的类型.</para></typeparam>
    </member>
    <member name="M:Microsoft.AspNetCore.Identity.AspNetUserManager`1.#ctor(Microsoft.AspNetCore.Identity.IUserStore{`0},Microsoft.Extensions.Options.IOptions{Microsoft.AspNetCore.Identity.IdentityOptions},Microsoft.AspNetCore.Identity.IPasswordHasher{`0},System.Collections.Generic.IEnumerable{Microsoft.AspNetCore.Identity.IUserValidator{`0}},System.Collections.Generic.IEnumerable{Microsoft.AspNetCore.Identity.IPasswordValidator{`0}},Microsoft.AspNetCore.Identity.ILookupNormalizer,Microsoft.AspNetCore.Identity.IdentityErrorDescriber,System.IServiceProvider,Microsoft.Extensions.Logging.ILogger{Microsoft.AspNetCore.Identity.UserManager{`0}})">
      <summary>Constructs a new instance of <see cref="T:Microsoft.AspNetCore.Identity.AspNetUserManager`1" />.<para>构造 的新实例 <see cref="t:microsoft.aspnetcore.identity.aspnetusermanager`1" /> .</para></summary>
      <param name="store">The persistence store the manager will operate over.<para>管理器将操作的持久性存储.</para></param>
      <param name="optionsAccessor">The accessor used to access the <see cref="T:Microsoft.AspNetCore.Identity.IdentityOptions" />.<para>用于访问 <see cref="t:microsoft.aspnetcore.identity.identityoptions" /> .</para></param>
      <param name="passwordHasher">The password hashing implementation to use when saving passwords.<para>保存密码时要使用的密码哈希实现.</para></param>
      <param name="userValidators">A collection of <see cref="T:Microsoft.AspNetCore.Identity.IUserValidator`1" /> to validate users against.<para>的集合 <see cref="t:microsoft.aspnetcore.identity.iuservalidator`1" /> 以验证用户.</para></param>
      <param name="passwordValidators">A collection of <see cref="T:Microsoft.AspNetCore.Identity.IPasswordValidator`1" /> to validate passwords against.<para>的集合 <see cref="t:microsoft.aspnetcore.identity.ipasswordvalidator`1" /> 以验证密码.</para></param>
      <param name="keyNormalizer">The <see cref="T:Microsoft.AspNetCore.Identity.ILookupNormalizer" /> to use when generating index keys for users.<para><see cref="t:microsoft.aspnetcore.identity.ilookupnormalizer" /> 在为用户生成索引键时使用.</para></param>
      <param name="errors">The <see cref="T:Microsoft.AspNetCore.Identity.IdentityErrorDescriber" /> used to provider error messages.<para><see cref="t:microsoft.aspnetcore.identity.identityerrordescriber" /> 用于提供错误消息.</para></param>
      <param name="services">The <see cref="T:System.IServiceProvider" /> used to resolve services.<para>用于解析服务的 <see cref="T:System.IServiceProvider" />.</para></param>
      <param name="logger">The logger used to log messages, warnings and errors.<para>用于记录消息、警告和错误的记录器.</para></param>
    </member>
    <member name="P:Microsoft.AspNetCore.Identity.AspNetUserManager`1.CancellationToken">
      <summary>The cancellation token associated with the current HttpContext.RequestAborted or CancellationToken.None if unavailable.<para>与当前 httpcontext.requestaborted 或 canceltoken.none 关联的取消令牌（如果不可用）.</para></summary>
    </member>
    <member name="T:Microsoft.AspNetCore.Identity.DataProtectionTokenProviderOptions">
      <summary>Contains options for the <see cref="T:Microsoft.AspNetCore.Identity.DataProtectorTokenProvider`1" />.<para>包含以下选项 <see cref="t:microsoft.aspnetcore.identity.dataprotectortokenprovider`1" /> .</para></summary>
    </member>
    <member name="P:Microsoft.AspNetCore.Identity.DataProtectionTokenProviderOptions.Name">
      <summary>Gets or sets the name of the <see cref="T:Microsoft.AspNetCore.Identity.DataProtectorTokenProvider`1" />. Defaults to DataProtectorTokenProvider.<para>获取或设置的名称 <see cref="t:microsoft.aspnetcore.identity.dataprotectortokenprovider`1" /> .默认为 dataprotectortokenprovider.</para></summary>
      <value>
            The name of the <see cref="T:Microsoft.AspNetCore.Identity.DataProtectorTokenProvider`1" />.
            </value>
    </member>
    <member name="P:Microsoft.AspNetCore.Identity.DataProtectionTokenProviderOptions.TokenLifespan">
      <summary>Gets or sets the amount of time a generated token remains valid. Defaults to 1 day.<para>获取或设置生成的令牌保持有效的时间量.默认为 1 天.</para></summary>
      <value>
            The amount of time a generated token remains valid.
            </value>
    </member>
    <member name="T:Microsoft.AspNetCore.Identity.DataProtectorTokenProvider`1">
      <summary>Provides protection and validation of identity tokens.<para>提供标识令牌的保护和验证.</para></summary>
      <typeparam name="TUser">The type used to represent a user.<para>用于表示用户的类型.</para></typeparam>
    </member>
    <member name="M:Microsoft.AspNetCore.Identity.DataProtectorTokenProvider`1.#ctor(Microsoft.AspNetCore.DataProtection.IDataProtectionProvider,Microsoft.Extensions.Options.IOptions{Microsoft.AspNetCore.Identity.DataProtectionTokenProviderOptions},Microsoft.Extensions.Logging.ILogger{Microsoft.AspNetCore.Identity.DataProtectorTokenProvider{`0}})">
      <summary>Initializes a new instance of the <see cref="T:Microsoft.AspNetCore.Identity.DataProtectorTokenProvider`1" /> class.<para>初始化 <see cref="t:microsoft.aspnetcore.identity.dataprotectortokenprovider`1" /> .class.</para></summary>
      <param name="dataProtectionProvider">The system data protection provider.<para>系统数据保护提供程序.</para></param>
      <param name="options">The configured <see cref="T:Microsoft.AspNetCore.Identity.DataProtectionTokenProviderOptions" />.<para>已配置 <see cref="t:microsoft.aspnetcore.identity.dataprotectiontokenprovideroptions" /> .</para></param>
      <param name="logger">The logger used to log messages, warnings and errors.<para>用于记录消息、警告和错误的记录器.</para></param>
    </member>
    <member name="P:Microsoft.AspNetCore.Identity.DataProtectorTokenProvider`1.Options">
      <summary>Gets the <see cref="T:Microsoft.AspNetCore.Identity.DataProtectionTokenProviderOptions" /> for this instance.<para>获取 <see cref="t:microsoft.aspnetcore.identity.dataprotectiontokenprovideroptions" /> 对于这个例子.</para></summary>
      <value>
            The <see cref="T:Microsoft.AspNetCore.Identity.DataProtectionTokenProviderOptions" /> for this instance.
            </value>
    </member>
    <member name="P:Microsoft.AspNetCore.Identity.DataProtectorTokenProvider`1.Protector">
      <summary>Gets the <see cref="T:Microsoft.AspNetCore.DataProtection.IDataProtector" /> for this instance.<para>获取 <see cref="t:microsoft.aspnetcore.dataprotection.idataprotector" /> 对于这个例子.</para></summary>
      <value>
            The <see cref="T:Microsoft.AspNetCore.DataProtection.IDataProtector" /> for this instance.
            </value>
    </member>
    <member name="P:Microsoft.AspNetCore.Identity.DataProtectorTokenProvider`1.Name">
      <summary>Gets the name of this instance.<para>获取此实例的名称.</para></summary>
      <value>
            The name of this instance.
            </value>
    </member>
    <member name="P:Microsoft.AspNetCore.Identity.DataProtectorTokenProvider`1.Logger">
      <summary>Gets the <see cref="T:Microsoft.Extensions.Logging.ILogger" /> used to log messages from the provider.<para>获取用于记录来自提供程序的消息的 <see cref="T:Microsoft.Extensions.Logging.ILogger" />.</para></summary>
      <value>
            The <see cref="T:Microsoft.Extensions.Logging.ILogger" /> used to log messages from the provider.
            </value>
    </member>
    <member name="M:Microsoft.AspNetCore.Identity.DataProtectorTokenProvider`1.GenerateAsync(System.String,Microsoft.AspNetCore.Identity.UserManager{`0},`0)">
      <summary>Generates a protected token for the specified <paramref name="user" /> as an asynchronous operation.<para>为指定的 <paramref name="user" /> 生成受保护的令牌作为异步操作.</para></summary>
      <param name="purpose">The purpose the token will be used for.<para>令牌将用于的目的.</para></param>
      <param name="manager">The <see cref="T:Microsoft.AspNetCore.Identity.UserManager`1" /> to retrieve user properties from.<para><see cref="t:microsoft.aspnetcore.identity.usermanager`1" /> 从中检索用户属性.</para></param>
      <param name="user">The <typeparamref name="TUser" /> the token will be generated from.<para>将从中生成令牌的 <typeparamref name="TUser" />.</para></param>
      <returns>A <see cref="T:System.Threading.Tasks.Task`1" /> representing the generated token.<para>一个 <see cref="T:System.Threading.Tasks.Task`1" /> 表示生成的令牌.</para></returns>
    </member>
    <member name="M:Microsoft.AspNetCore.Identity.DataProtectorTokenProvider`1.ValidateAsync(System.String,System.String,Microsoft.AspNetCore.Identity.UserManager{`0},`0)">
      <summary>Validates the protected <paramref name="token" /> for the specified <paramref name="user" /> and <paramref name="purpose" /> as an asynchronous operation.<para>将指定的 <paramref name="user" /> 和 <paramref name="purpose" /> 的受保护 <paramref name="token" /> 验证为异步操作.</para></summary>
      <param name="purpose">The purpose the token was be used for.<para>令牌的用途.</para></param>
      <param name="token">The token to validate.<para>要验证的令牌.</para></param>
      <param name="manager">The <see cref="T:Microsoft.AspNetCore.Identity.UserManager`1" /> to retrieve user properties from.<para><see cref="t:microsoft.aspnetcore.identity.usermanager`1" /> 从中检索用户属性.</para></param>
      <param name="user">The <typeparamref name="TUser" /> the token was generated for.<para>为其生成令牌的 <typeparamref name="TUser" />.</para></param>
      <returns>A <see cref="T:System.Threading.Tasks.Task`1" /> that represents the result of the asynchronous validation,
            containing true if the token is valid, otherwise false.<para>表示异步验证结果的 <see cref="T:System.Threading.Tasks.Task`1" />, 如果令牌有效,则包含 true,否则包含 false.</para></returns>
    </member>
    <member name="M:Microsoft.AspNetCore.Identity.DataProtectorTokenProvider`1.CanGenerateTwoFactorTokenAsync(Microsoft.AspNetCore.Identity.UserManager{`0},`0)">
      <summary>Returns a <see cref="T:System.Boolean" /> indicating whether a token generated by this instance
            can be used as a Two Factor Authentication token as an asynchronous operation.<para>返回一个 <see cref="T:System.Boolean" />,指示此实例是否生成的令牌 可用作双因素身份验证令牌作为异步操作.</para></summary>
      <param name="manager">The <see cref="T:Microsoft.AspNetCore.Identity.UserManager`1" /> to retrieve user properties from.<para>这 <see cref="t:microsoft.aspnetcore.identity.usermanager`1" /> 从中检索用户属性.</para></param>
      <param name="user">The <typeparamref name="TUser" /> the token was generated for.<para>为其生成令牌的 <typeparamref name="TUser" />.</para></param>
      <returns>A <see cref="T:System.Threading.Tasks.Task`1" /> that represents the result of the asynchronous query,
            containing true if a token generated by this instance can be used as a Two Factor Authentication token, otherwise false.<para>表示异步查询结果的 <see cref="T:System.Threading.Tasks.Task`1" />, 如果此实例生成的令牌可用作双因素身份验证令牌,则包含 true,否则为 false.</para></returns>
      <remarks>This method will always return false for instances of <see cref="T:Microsoft.AspNetCore.Identity.DataProtectorTokenProvider`1" />.<para>对于 <see cref="t:microsoft.aspnetcore.identity.dataprotectortokenprovider`1" /> .</para></remarks>
    </member>
    <member name="T:Microsoft.AspNetCore.Identity.StreamExtensions">
      <summary>Utility extensions to streams<para>流的实用程序扩展</para></summary>
    </member>
    <member name="T:Microsoft.AspNetCore.Identity.ExternalLoginInfo">
      <summary>Represents login information, source and externally source principal for a user record<para>表示用户记录的登录信息、源和外部源主体</para></summary>
    </member>
    <member name="M:Microsoft.AspNetCore.Identity.ExternalLoginInfo.#ctor(System.Security.Claims.ClaimsPrincipal,System.String,System.String,System.String)">
      <summary>Creates a new instance of <see cref="T:Microsoft.AspNetCore.Identity.ExternalLoginInfo" /><para>创建 的新实例 <see cref="t:microsoft.aspnetcore.identity.externallogininfo" /></para></summary>
      <param name="principal">The <see cref="T:System.Security.Claims.ClaimsPrincipal" /> to associate with this login.<para>要与此登录名关联的 <see cref="T:System.Security.Claims.ClaimsPrincipal" />.</para></param>
      <param name="loginProvider">The provider associated with this login information.<para>与此登录信息关联的提供程序.</para></param>
      <param name="providerKey">The unique identifier for this user provided by the login provider.<para>登录提供程序提供的此用户的唯一标识符.</para></param>
      <param name="displayName">The display name for the login provider.<para>登录提供程序的显示名称.</para></param>
    </member>
    <member name="P:Microsoft.AspNetCore.Identity.ExternalLoginInfo.Principal">
      <summary>Gets or sets the <see cref="T:System.Security.Claims.ClaimsPrincipal" /> associated with this login.<para>获取或设置与此登录名关联的 <see cref="T:System.Security.Claims.ClaimsPrincipal" />.</para></summary>
      <value>The <see cref="T:System.Security.Claims.ClaimsPrincipal" /> associated with this login.</value>
    </member>
    <member name="P:Microsoft.AspNetCore.Identity.ExternalLoginInfo.AuthenticationTokens">
      <summary>The <see cref="T:Microsoft.AspNetCore.Authentication.AuthenticationToken" />s associated with this login.<para>这 <see cref="t:microsoft.aspnetcore.authentication.authenticationtoken" /> 与此登录名相关联.</para></summary>
    </member>
    <member name="P:Microsoft.AspNetCore.Identity.ExternalLoginInfo.AuthenticationProperties">
      <summary>The <see cref="T:Microsoft.AspNetCore.Authentication.AuthenticationProperties" /> associated with this login.<para>这 <see cref="t:microsoft.aspnetcore.authentication.authenticationproperties" /> 与此登录相关联.</para></summary>
    </member>
    <member name="T:Microsoft.AspNetCore.Identity.IdentityBuilderExtensions">
      <summary>Helper functions for configuring identity services.<para>用于配置标识服务的帮助程序函数.</para></summary>
    </member>
    <member name="M:Microsoft.AspNetCore.Identity.IdentityBuilderExtensions.AddDefaultTokenProviders(Microsoft.AspNetCore.Identity.IdentityBuilder)">
      <summary>Adds the default token providers used to generate tokens for reset passwords, change email
            and change telephone number operations, and for two factor authentication token generation.<para>添加用于生成用于重置密码、更改电子邮件的令牌的默认令牌提供程序 并更改电话号码操作,以及生成双因素身份验证令牌.</para></summary>
      <param name="builder">The current <see cref="T:Microsoft.AspNetCore.Identity.IdentityBuilder" /> instance.<para>当前 <see cref="t:microsoft.aspnetcore.identity.identitybuilder" /> 实例.</para></param>
      <returns>The current <see cref="T:Microsoft.AspNetCore.Identity.IdentityBuilder" /> instance.<para>当前 <see cref="t:microsoft.aspnetcore.identity.identitybuilder" /> 实例.</para></returns>
    </member>
    <member name="M:Microsoft.AspNetCore.Identity.IdentityBuilderExtensions.AddSignInManager(Microsoft.AspNetCore.Identity.IdentityBuilder)">
      <summary>Adds a <see cref="T:Microsoft.AspNetCore.Identity.SignInManager`1" /> for the <see cref="P:Microsoft.AspNetCore.Identity.IdentityBuilder.UserType" />.<para>添加一个 <see cref="t:microsoft.aspnetcore.identity.signinmanager`1" /> 对于 <see cref="p:microsoft.aspnetcore.identity.identitybuilder.usertype" /> .</para></summary>
      <param name="builder">The current <see cref="T:Microsoft.AspNetCore.Identity.IdentityBuilder" /> instance.<para>当前 <see cref="t:microsoft.aspnetcore.identity.identitybuilder" /> 实例.</para></param>
      <returns>The current <see cref="T:Microsoft.AspNetCore.Identity.IdentityBuilder" /> instance.<para>当前 <see cref="t:microsoft.aspnetcore.identity.identitybuilder" /> 实例.</para></returns>
    </member>
    <member name="M:Microsoft.AspNetCore.Identity.IdentityBuilderExtensions.AddSignInManager``1(Microsoft.AspNetCore.Identity.IdentityBuilder)">
      <summary>Adds a <see cref="T:Microsoft.AspNetCore.Identity.SignInManager`1" /> for the <see cref="P:Microsoft.AspNetCore.Identity.IdentityBuilder.UserType" />.<para>添加一个 <see cref="t:microsoft.aspnetcore.identity.signinmanager`1" /> 对于 <see cref="p:microsoft.aspnetcore.identity.identitybuilder.usertype" /> .</para></summary>
      <typeparam name="TSignInManager">The type of the sign in manager to add.<para>要添加的登录管理器的类型.</para></typeparam>
      <param name="builder">The current <see cref="T:Microsoft.AspNetCore.Identity.IdentityBuilder" /> instance.<para>当前 <see cref="t:microsoft.aspnetcore.identity.identitybuilder" /> 实例.</para></param>
      <returns>The current <see cref="T:Microsoft.AspNetCore.Identity.IdentityBuilder" /> instance.<para>当前 <see cref="t:microsoft.aspnetcore.identity.identitybuilder" /> 实例.</para></returns>
    </member>
    <member name="T:Microsoft.AspNetCore.Identity.IdentityConstants">
      <summary>Represents all the options you can use to configure the cookies middleware used by the identity system.<para>表示可用于配置标识系统使用的 cookie 中间件的所有选项.</para></summary>
    </member>
    <member name="F:Microsoft.AspNetCore.Identity.IdentityConstants.ApplicationScheme">
      <summary>The scheme used to identify application authentication cookies.<para>用于标识应用程序身份验证 cookie 的方案.</para></summary>
    </member>
    <member name="F:Microsoft.AspNetCore.Identity.IdentityConstants.ExternalScheme">
      <summary>The scheme used to identify external authentication cookies.<para>用于标识外部身份验证 cookie 的方案.</para></summary>
    </member>
    <member name="F:Microsoft.AspNetCore.Identity.IdentityConstants.TwoFactorRememberMeScheme">
      <summary>The scheme used to identify Two Factor authentication cookies for saving the Remember Me state.<para>用于识别用于保存"记住我"状态的双因素身份验证 cookie 的方案.</para></summary>
    </member>
    <member name="F:Microsoft.AspNetCore.Identity.IdentityConstants.TwoFactorUserIdScheme">
      <summary>The scheme used to identify Two Factor authentication cookies for round tripping user identities.<para>用于识别往返用户身份的双因素身份验证 cookie 的方案.</para></summary>
    </member>
    <member name="T:Microsoft.AspNetCore.Identity.IdentityCookiesBuilder">
      <summary>Used to configure identity cookie options.<para>用于配置身份 cookie 选项.</para></summary>
    </member>
    <member name="P:Microsoft.AspNetCore.Identity.IdentityCookiesBuilder.ApplicationCookie">
      <summary>Used to configure the application cookie.<para>用于配置应用程序 cookie.</para></summary>
    </member>
    <member name="P:Microsoft.AspNetCore.Identity.IdentityCookiesBuilder.ExternalCookie">
      <summary>Used to configure the external cookie.<para>用于配置外部 cookie.</para></summary>
    </member>
    <member name="P:Microsoft.AspNetCore.Identity.IdentityCookiesBuilder.TwoFactorRememberMeCookie">
      <summary>Used to configure the two factor remember me cookie.<para>用于配置两个因素记住我 cookie.</para></summary>
    </member>
    <member name="P:Microsoft.AspNetCore.Identity.IdentityCookiesBuilder.TwoFactorUserIdCookie">
      <summary>Used to configure the two factor user id cookie.<para>用于配置双因素用户 id cookie.</para></summary>
    </member>
    <member name="T:Microsoft.AspNetCore.Identity.IdentityCookieAuthenticationBuilderExtensions">
      <summary>Helper functions for configuring identity services.<para>用于配置标识服务的帮助程序函数.</para></summary>
    </member>
    <member name="M:Microsoft.AspNetCore.Identity.IdentityCookieAuthenticationBuilderExtensions.AddIdentityCookies(Microsoft.AspNetCore.Authentication.AuthenticationBuilder)">
      <summary>Adds cookie authentication.<para>添加 cookie 身份验证.</para></summary>
      <param name="builder">The current <see cref="T:Microsoft.AspNetCore.Authentication.AuthenticationBuilder" /> instance.<para>当前 <see cref="t:microsoft.aspnetcore.authentication.authenticationbuilder" /> 实例.</para></param>
      <returns>The <see cref="T:Microsoft.AspNetCore.Identity.IdentityCookiesBuilder" /> which can be used to configure the identity cookies.<para>这 <see cref="t:microsoft.aspnetcore.identity.identitycookiesbuilder" /> 可用于配置身份 cookie.</para></returns>
    </member>
    <member name="M:Microsoft.AspNetCore.Identity.IdentityCookieAuthenticationBuilderExtensions.AddIdentityCookies(Microsoft.AspNetCore.Authentication.AuthenticationBuilder,System.Action{Microsoft.AspNetCore.Identity.IdentityCookiesBuilder})">
      <summary>Adds the cookie authentication needed for sign in manager.<para>添加登录管理器所需的 cookie 身份验证.</para></summary>
      <param name="builder">The current <see cref="T:Microsoft.AspNetCore.Authentication.AuthenticationBuilder" /> instance.<para>当前 <see cref="t:microsoft.aspnetcore.authentication.authenticationbuilder" /> 实例.用于配置 cookie 的</para></param>
      <param name="configureCookies">Action used to configure the cookies.<para>操作.</para></param>
      <returns>The <see cref="T:Microsoft.AspNetCore.Identity.IdentityCookiesBuilder" /> which can be used to configure the identity cookies.<para>这 <see cref="t:microsoft.aspnetcore.identity.identitycookiesbuilder" /> 可用于配置身份 cookie.</para></returns>
    </member>
    <member name="M:Microsoft.AspNetCore.Identity.IdentityCookieAuthenticationBuilderExtensions.AddApplicationCookie(Microsoft.AspNetCore.Authentication.AuthenticationBuilder)">
      <summary>Adds the identity application cookie.<para>添加标识应用程序 cookie.</para></summary>
      <param name="builder">The current <see cref="T:Microsoft.AspNetCore.Authentication.AuthenticationBuilder" /> instance.<para>当前 <see cref="t:microsoft.aspnetcore.authentication.authenticationbuilder" /> 实例.</para></param>
      <returns>The <see cref="T:Microsoft.Extensions.Options.OptionsBuilder`1" /> which can be used to configure the cookie authentication.<para>可用于配置 cookie 身份验证的 <see cref="T:Microsoft.Extensions.Options.OptionsBuilder`1" />.</para></returns>
    </member>
    <member name="M:Microsoft.AspNetCore.Identity.IdentityCookieAuthenticationBuilderExtensions.AddExternalCookie(Microsoft.AspNetCore.Authentication.AuthenticationBuilder)">
      <summary>Adds the identity cookie used for external logins.<para>添加用于外部登录的身份 cookie.</para></summary>
      <param name="builder">The current <see cref="T:Microsoft.AspNetCore.Authentication.AuthenticationBuilder" /> instance.<para>当前 <see cref="t:microsoft.aspnetcore.authentication.authenticationbuilder" /> 实例.</para></param>
      <returns>The <see cref="T:Microsoft.Extensions.Options.OptionsBuilder`1" /> which can be used to configure the cookie authentication.<para>可用于配置 cookie 身份验证的 <see cref="T:Microsoft.Extensions.Options.OptionsBuilder`1" />.</para></returns>
    </member>
    <member name="M:Microsoft.AspNetCore.Identity.IdentityCookieAuthenticationBuilderExtensions.AddTwoFactorRememberMeCookie(Microsoft.AspNetCore.Authentication.AuthenticationBuilder)">
      <summary>Adds the identity cookie used for two factor remember me.<para>添加了用于两个因素"记住我"的身份 cookie.</para></summary>
      <param name="builder">The current <see cref="T:Microsoft.AspNetCore.Authentication.AuthenticationBuilder" /> instance.<para>当前 <see cref="t:microsoft.aspnetcore.authentication.authenticationbuilder" /> 实例.</para></param>
      <returns>The <see cref="T:Microsoft.Extensions.Options.OptionsBuilder`1" /> which can be used to configure the cookie authentication.<para>可用于配置 cookie 身份验证的 <see cref="T:Microsoft.Extensions.Options.OptionsBuilder`1" />.</para></returns>
    </member>
    <member name="M:Microsoft.AspNetCore.Identity.IdentityCookieAuthenticationBuilderExtensions.AddTwoFactorUserIdCookie(Microsoft.AspNetCore.Authentication.AuthenticationBuilder)">
      <summary>Adds the identity cookie used for two factor logins.<para>添加用于双因素登录的身份 cookie.</para></summary>
      <param name="builder">The current <see cref="T:Microsoft.AspNetCore.Authentication.AuthenticationBuilder" /> instance.<para>当前 <see cref="t:microsoft.aspnetcore.authentication.authenticationbuilder" /> 实例.</para></param>
      <returns>The <see cref="T:Microsoft.Extensions.Options.OptionsBuilder`1" /> which can be used to configure the cookie authentication.<para>可用于配置 cookie 身份验证的 <see cref="T:Microsoft.Extensions.Options.OptionsBuilder`1" />.</para></returns>
    </member>
    <member name="T:Microsoft.AspNetCore.Identity.ISecurityStampValidator">
      <summary>Provides an abstraction for a validating a security stamp of an incoming identity, and regenerating or rejecting the
            identity based on the validation result.<para>提供用于验证传入标识的安全标记以及重新生成或拒绝 基于验证结果的标识.</para></summary>
    </member>
    <member name="M:Microsoft.AspNetCore.Identity.ISecurityStampValidator.ValidateAsync(Microsoft.AspNetCore.Authentication.Cookies.CookieValidatePrincipalContext)">
      <summary>Validates a security stamp of an identity as an asynchronous operation, and rebuilds the identity if the validation succeeds, otherwise rejects
            the identity.<para>将标识的安全标记验证为异步操作,如果验证成功,则重新生成标识,否则将拒绝 身份.</para></summary>
      <param name="context">The context containing the <see cref="T:System.Security.Claims.ClaimsPrincipal" />
            and <see cref="T:Microsoft.AspNetCore.Authentication.AuthenticationProperties" /> to validate.<para>包含 <see cref="T:System.Security.Claims.ClaimsPrincipal" /> 的上下文 和 <see cref="t:microsoft.aspnetcore.authentication.authenticationproperties" /> 进行验证.</para></param>
      <returns>The <see cref="T:System.Threading.Tasks.Task" /> that represents the asynchronous validation operation.<para>表示异步验证操作的 <see cref="T:System.Threading.Tasks.Task" />.</para></returns>
    </member>
    <member name="T:Microsoft.AspNetCore.Identity.ITwoFactorSecurityStampValidator">
      <summary>Used to validate the two factor remember client cookie security stamp.<para>用于验证两个因素记住客户端 cookie 安全标记.</para></summary>
    </member>
    <member name="T:Microsoft.AspNetCore.Identity.SecurityStampRefreshingPrincipalContext">
      <summary>Used to pass information during the SecurityStamp validation event.<para>用于在安全标记验证事件期间传递信息.</para></summary>
    </member>
    <member name="P:Microsoft.AspNetCore.Identity.SecurityStampRefreshingPrincipalContext.CurrentPrincipal">
      <summary>The principal contained in the current cookie.<para>当前 cookie 中包含的主体.</para></summary>
    </member>
    <member name="P:Microsoft.AspNetCore.Identity.SecurityStampRefreshingPrincipalContext.NewPrincipal">
      <summary>The new principal which should replace the current.<para>应取代当前主体的新主体.</para></summary>
    </member>
    <member name="T:Microsoft.AspNetCore.Identity.SecurityStampValidator`1">
      <summary>Provides default implementation of validation functions for security stamps.<para>提供安全标记验证函数的默认实现.</para></summary>
      <typeparam name="TUser">The type encapsulating a user.<para>封装用户的类型.</para></typeparam>
    </member>
    <member name="M:Microsoft.AspNetCore.Identity.SecurityStampValidator`1.#ctor(Microsoft.Extensions.Options.IOptions{Microsoft.AspNetCore.Identity.SecurityStampValidatorOptions},Microsoft.AspNetCore.Identity.SignInManager{`0},Microsoft.AspNetCore.Authentication.ISystemClock,Microsoft.Extensions.Logging.ILoggerFactory)">
      <summary>Creates a new instance of <see cref="T:Microsoft.AspNetCore.Identity.SecurityStampValidator`1" />.<para>创建 的新实例 <see cref="t:microsoft.aspnetcore.identity.securitystampvalidator`1" /> .</para></summary>
      <param name="options">Used to access the <see cref="T:Microsoft.AspNetCore.Identity.IdentityOptions" />.<para>用于访问 <see cref="t:microsoft.aspnetcore.identity.identityoptions" /> .</para></param>
      <param name="signInManager">The <see cref="T:Microsoft.AspNetCore.Identity.SignInManager`1" />.<para><see cref="t:microsoft.aspnetcore.identity.signinmanager`1" /> .</para></param>
      <param name="clock">The system clock.<para>系统时钟.</para></param>
      <param name="logger">The logger.<para>记录器.</para></param>
    </member>
    <member name="P:Microsoft.AspNetCore.Identity.SecurityStampValidator`1.SignInManager">
      <summary>The SignInManager.<para>登录管理器.</para></summary>
    </member>
    <member name="P:Microsoft.AspNetCore.Identity.SecurityStampValidator`1.Options">
      <summary>The <see cref="T:Microsoft.AspNetCore.Identity.SecurityStampValidatorOptions" />.<para>这 <see cref="t:microsoft.aspnetcore.identity.securitystampvalidatoroptions" /> .</para></summary>
    </member>
    <member name="P:Microsoft.AspNetCore.Identity.SecurityStampValidator`1.Clock">
      <summary>The <see cref="T:Microsoft.AspNetCore.Authentication.ISystemClock" />.<para>这 <see cref="t:microsoft.aspnetcore.authentication.isystemclock" /> .</para></summary>
    </member>
    <member name="P:Microsoft.AspNetCore.Identity.SecurityStampValidator`1.Logger">
      <summary>Gets the <see cref="T:Microsoft.Extensions.Logging.ILogger" /> used to log messages.<para>获取用于记录消息的 <see cref="T:Microsoft.Extensions.Logging.ILogger" />.</para></summary>
      <value>
            The <see cref="T:Microsoft.Extensions.Logging.ILogger" /> used to log messages.
            </value>
    </member>
    <member name="M:Microsoft.AspNetCore.Identity.SecurityStampValidator`1.SecurityStampVerified(`0,Microsoft.AspNetCore.Authentication.Cookies.CookieValidatePrincipalContext)">
      <summary>Called when the security stamp has been verified.<para>验证安全标记时调用.</para></summary>
      <param name="user">The user who has been verified.<para>已验证的用户.</para></param>
      <param name="context">The <see cref="T:Microsoft.AspNetCore.Authentication.Cookies.CookieValidatePrincipalContext" />.<para><see cref="t:microsoft.aspnetcore.authentication.cookies.cookievalidateprincipalcontext" /> .</para></param>
      <returns>A task.<para>一个任务.</para></returns>
    </member>
    <member name="M:Microsoft.AspNetCore.Identity.SecurityStampValidator`1.VerifySecurityStamp(System.Security.Claims.ClaimsPrincipal)">
      <summary>Verifies the principal's security stamp, returns the matching user if successful<para>验证主体的安全标记,如果成功,则返回匹配的用户</para></summary>
      <param name="principal">The principal to verify.<para>要验证的主体.</para></param>
      <returns>The verified user or null if verification fails.<para>已验证的用户,如果验证失败,则为 null.</para></returns>
    </member>
    <member name="M:Microsoft.AspNetCore.Identity.SecurityStampValidator`1.ValidateAsync(Microsoft.AspNetCore.Authentication.Cookies.CookieValidatePrincipalContext)">
      <summary>Validates a security stamp of an identity as an asynchronous operation, and rebuilds the identity if the validation succeeds, otherwise rejects
            the identity.<para>将标识的安全标记验证为异步操作,如果验证成功,则重新生成标识,否则将拒绝 身份.</para></summary>
      <param name="context">The context containing the <see cref="T:System.Security.Claims.ClaimsPrincipal" />
            and <see cref="T:Microsoft.AspNetCore.Authentication.AuthenticationProperties" /> to validate.<para>包含 <see cref="T:System.Security.Claims.ClaimsPrincipal" /> 的上下文 和 <see cref="t:microsoft.aspnetcore.authentication.authenticationproperties" /> 进行验证.</para></param>
      <returns>The <see cref="T:System.Threading.Tasks.Task" /> that represents the asynchronous validation operation.<para>表示异步验证操作的 <see cref="T:System.Threading.Tasks.Task" />.</para></returns>
    </member>
    <member name="T:Microsoft.AspNetCore.Identity.SecurityStampValidator">
      <summary>Static helper class used to configure a CookieAuthenticationNotifications to validate a cookie against a user's security
            stamp.<para>用于配置 cookie 身份验证的静态帮助程序类通知以根据用户的安全性验证 cookie 邮票.</para></summary>
    </member>
    <member name="M:Microsoft.AspNetCore.Identity.SecurityStampValidator.ValidatePrincipalAsync(Microsoft.AspNetCore.Authentication.Cookies.CookieValidatePrincipalContext)">
      <summary>Validates a principal against a user's stored security stamp.<para>根据用户存储的安全标记验证主体.</para></summary>
      <param name="context">The context containing the <see cref="T:System.Security.Claims.ClaimsPrincipal" />
            and <see cref="T:Microsoft.AspNetCore.Authentication.AuthenticationProperties" /> to validate.<para>包含 <see cref="T:System.Security.Claims.ClaimsPrincipal" /> 的上下文 和 <see cref="t:microsoft.aspnetcore.authentication.authenticationproperties" /> 进行验证.</para></param>
      <returns>The <see cref="T:System.Threading.Tasks.Task" /> that represents the asynchronous validation operation.<para>表示异步验证操作的 <see cref="T:System.Threading.Tasks.Task" />.</para></returns>
    </member>
    <member name="M:Microsoft.AspNetCore.Identity.SecurityStampValidator.ValidateAsync``1(Microsoft.AspNetCore.Authentication.Cookies.CookieValidatePrincipalContext)">
      <summary>Used to validate the <see cref="F:Microsoft.AspNetCore.Identity.IdentityConstants.TwoFactorUserIdScheme" /> and
            <see cref="F:Microsoft.AspNetCore.Identity.IdentityConstants.TwoFactorRememberMeScheme" /> cookies against the user's
            stored security stamp.<para>用于验证 <see cref="f:microsoft.aspnetcore.identity.identityconstants.twofactoruseridscheme" /> 和 <see cref="f:microsoft.aspnetcore.identity.identityconstants.twofactorremembermescheme" /> 针对用户的 存储的安全印章.</para></summary>
      <param name="context">The context containing the <see cref="T:System.Security.Claims.ClaimsPrincipal" />
            and <see cref="T:Microsoft.AspNetCore.Authentication.AuthenticationProperties" /> to validate.<para>包含 <see cref="T:System.Security.Claims.ClaimsPrincipal" /> 的上下文 和 <see cref="t:microsoft.aspnetcore.authentication.authenticationproperties" /> 进行验证.</para></param>
      <returns>
        <para>
        </para>
      </returns>
    </member>
    <member name="T:Microsoft.AspNetCore.Identity.SecurityStampValidatorOptions">
      <summary>Options for <see cref="T:Microsoft.AspNetCore.Identity.ISecurityStampValidator" />.<para>的选项 <see cref="t:microsoft.aspnetcore.identity.isecuritystampvalidator" /> .</para></summary>
    </member>
    <member name="P:Microsoft.AspNetCore.Identity.SecurityStampValidatorOptions.ValidationInterval">
      <summary>Gets or sets the <see cref="T:System.TimeSpan" /> after which security stamps are re-validated. Defaults to 30 minutes.<para>获取或设置 <see cref="T:System.TimeSpan" />,在此之后将重新验证安全标记.默认为 30 分钟.</para></summary>
      <value>
            The <see cref="T:System.TimeSpan" /> after which security stamps are re-validated.
            </value>
    </member>
    <member name="P:Microsoft.AspNetCore.Identity.SecurityStampValidatorOptions.OnRefreshingPrincipal">
      <summary>Invoked when the default security stamp validator replaces the user's ClaimsPrincipal in the cookie.<para>当默认安全标记验证程序替换 cookie 中的用户声明主体时调用.</para></summary>
    </member>
    <member name="T:Microsoft.AspNetCore.Identity.SignInManager`1">
      <summary>Provides the APIs for user sign in.<para>提供用于用户登录的 api.</para></summary>
      <typeparam name="TUser">The type encapsulating a user.<para>封装用户的类型.</para></typeparam>
    </member>
    <member name="M:Microsoft.AspNetCore.Identity.SignInManager`1.#ctor(Microsoft.AspNetCore.Identity.UserManager{`0},Microsoft.AspNetCore.Http.IHttpContextAccessor,Microsoft.AspNetCore.Identity.IUserClaimsPrincipalFactory{`0},Microsoft.Extensions.Options.IOptions{Microsoft.AspNetCore.Identity.IdentityOptions},Microsoft.Extensions.Logging.ILogger{Microsoft.AspNetCore.Identity.SignInManager{`0}},Microsoft.AspNetCore.Authentication.IAuthenticationSchemeProvider,Microsoft.AspNetCore.Identity.IUserConfirmation{`0})">
      <summary>Creates a new instance of <see cref="T:Microsoft.AspNetCore.Identity.SignInManager`1" />.<para>创建 的新实例 <see cref="t:microsoft.aspnetcore.identity.signinmanager`1" /> .</para></summary>
      <param name="userManager">An instance of <see cref="P:Microsoft.AspNetCore.Identity.SignInManager`1.UserManager" /> used to retrieve users from and persist users.<para>的实例 <see cref="p:microsoft.aspnetcore.identity.signinmanager`1.usermanager" /> 用于从用户中检索用户并保留用户.</para></param>
      <param name="contextAccessor">The accessor used to access the <see cref="T:Microsoft.AspNetCore.Http.HttpContext" />.<para>用于访问 <see cref="t:microsoft.aspnetcore.http.httpcontext" /> .</para></param>
      <param name="claimsFactory">The factory to use to create claims principals for a user.<para>用于为用户创建声明主体的工厂.</para></param>
      <param name="optionsAccessor">The accessor used to access the <see cref="T:Microsoft.AspNetCore.Identity.IdentityOptions" />.<para>用于访问 <see cref="t:microsoft.aspnetcore.identity.identityoptions" /> .</para></param>
      <param name="logger">The logger used to log messages, warnings and errors.<para>用于记录消息、警告和错误的记录器.</para></param>
      <param name="schemes">The scheme provider that is used enumerate the authentication schemes.<para>用于枚举身份验证方案的方案提供程序.</para></param>
      <param name="confirmation">The <see cref="T:Microsoft.AspNetCore.Identity.IUserConfirmation`1" /> used check whether a user account is confirmed.<para><see cref="t:microsoft.aspnetcore.identity.iuserconfirmation`1" /> 用于检查用户帐户是否已确认.</para></param>
    </member>
    <member name="P:Microsoft.AspNetCore.Identity.SignInManager`1.Logger">
      <summary>Gets the <see cref="T:Microsoft.Extensions.Logging.ILogger" /> used to log messages from the manager.<para>获取用于记录来自管理器的消息的 <see cref="T:Microsoft.Extensions.Logging.ILogger" />.</para></summary>
      <value>
            The <see cref="T:Microsoft.Extensions.Logging.ILogger" /> used to log messages from the manager.
            </value>
    </member>
    <member name="P:Microsoft.AspNetCore.Identity.SignInManager`1.UserManager">
      <summary>The <see cref="T:Microsoft.AspNetCore.Identity.UserManager`1" /> used.<para>这 <see cref="t:microsoft.aspnetcore.identity.usermanager`1" /> 使用.</para></summary>
    </member>
    <member name="P:Microsoft.AspNetCore.Identity.SignInManager`1.ClaimsFactory">
      <summary>The <see cref="T:Microsoft.AspNetCore.Identity.IUserClaimsPrincipalFactory`1" /> used.<para>这 <see cref="t:microsoft.aspnetcore.identity.iuserclaimsprincipalfactory`1" /> 使用.</para></summary>
    </member>
    <member name="P:Microsoft.AspNetCore.Identity.SignInManager`1.Options">
      <summary>The <see cref="T:Microsoft.AspNetCore.Identity.IdentityOptions" /> used.<para>这 <see cref="t:microsoft.aspnetcore.identity.identityoptions" /> 使用.</para></summary>
    </member>
    <member name="P:Microsoft.AspNetCore.Identity.SignInManager`1.Context">
      <summary>The <see cref="T:Microsoft.AspNetCore.Http.HttpContext" /> used.<para>这 <see cref="t:microsoft.aspnetcore.http.httpcontext" /> 使用.</para></summary>
    </member>
    <member name="M:Microsoft.AspNetCore.Identity.SignInManager`1.CreateUserPrincipalAsync(`0)">
      <summary>Creates a <see cref="T:System.Security.Claims.ClaimsPrincipal" /> for the specified <paramref name="user" />, as an asynchronous operation.<para>为指定的 <paramref name="user" /> 创建 <see cref="T:System.Security.Claims.ClaimsPrincipal" />,作为异步操作.</para></summary>
      <param name="user">The user to create a <see cref="T:System.Security.Claims.ClaimsPrincipal" /> for.<para>要为其创建 <see cref="T:System.Security.Claims.ClaimsPrincipal" /> 的用户.</para></param>
      <returns>The task object representing the asynchronous operation, containing the ClaimsPrincipal for the specified user.<para>表示异步操作的任务对象,包含指定用户的声明主体.</para></returns>
    </member>
    <member name="M:Microsoft.AspNetCore.Identity.SignInManager`1.IsSignedIn(System.Security.Claims.ClaimsPrincipal)">
      <summary>Returns true if the principal has an identity with the application cookie identity<para>如果主体具有具有应用程序 cookie 标识的标识,则返回 true</para></summary>
      <param name="principal">The <see cref="T:System.Security.Claims.ClaimsPrincipal" /> instance.<para><see cref="T:System.Security.Claims.ClaimsPrincipal" /> 实例.</para></param>
      <returns>True if the user is logged in with identity.<para>如果用户使用标识登录,则为 true.</para></returns>
    </member>
    <member name="M:Microsoft.AspNetCore.Identity.SignInManager`1.CanSignInAsync(`0)">
      <summary>Returns a flag indicating whether the specified user can sign in.<para>返回一个标志,指示指定的用户是否可以登录.</para></summary>
      <param name="user">The user whose sign-in status should be returned.<para>应返回其登录状态的用户.</para></param>
      <returns>The task object representing the asynchronous operation, containing a flag that is true
            if the specified user can sign-in, otherwise false.<para>表示异步操作的任务对象,包含 true 标志 如果指定的用户可以登录,否则为 false.</para></returns>
    </member>
    <member name="M:Microsoft.AspNetCore.Identity.SignInManager`1.RefreshSignInAsync(`0)">
      <summary>Signs in the specified <paramref name="user" />, whilst preserving the existing
            AuthenticationProperties of the current signed-in user like rememberMe, as an asynchronous operation.<para>在指定的 <paramref name="user" /> 中签名,同时保留现有的 身份验证当前登录用户（如 rememberme）的属性作为异步操作.</para></summary>
      <param name="user">The user to sign-in.<para>要登录的用户.</para></param>
      <returns>The task object representing the asynchronous operation.<para>表示异步操作的任务对象.</para></returns>
    </member>
    <member name="M:Microsoft.AspNetCore.Identity.SignInManager`1.SignInAsync(`0,System.Boolean,System.String)">
      <summary>Signs in the specified <paramref name="user" />.<para>在指定的 <paramref name="user" /> 中签名.</para></summary>
      <param name="user">The user to sign-in.<para>要登录的用户.</para></param>
      <param name="isPersistent">Flag indicating whether the sign-in cookie should persist after the browser is closed.<para>指示在关闭浏览器后是否应保留登录 cookie 的标志.</para></param>
      <param name="authenticationMethod">Name of the method used to authenticate the user.<para>用于对用户进行身份验证的方法的名称.</para></param>
      <returns>The task object representing the asynchronous operation.<para>表示异步操作的任务对象.</para></returns>
    </member>
    <member name="M:Microsoft.AspNetCore.Identity.SignInManager`1.SignInAsync(`0,Microsoft.AspNetCore.Authentication.AuthenticationProperties,System.String)">
      <summary>Signs in the specified <paramref name="user" />.<para>在指定的 <paramref name="user" /> 中签名.</para></summary>
      <param name="user">The user to sign-in.<para>要登录的用户.应用于登录和身份验证 cookie 的</para></param>
      <param name="authenticationProperties">Properties applied to the login and authentication cookie.<para>属性.</para></param>
      <param name="authenticationMethod">Name of the method used to authenticate the user.<para>用于对用户进行身份验证的方法的名称.</para></param>
      <returns>The task object representing the asynchronous operation.<para>表示异步操作的任务对象.</para></returns>
    </member>
    <member name="M:Microsoft.AspNetCore.Identity.SignInManager`1.SignInWithClaimsAsync(`0,System.Boolean,System.Collections.Generic.IEnumerable{System.Security.Claims.Claim})">
      <summary>Signs in the specified <paramref name="user" />.<para>在指定的 <paramref name="user" /> 中签名.</para></summary>
      <param name="user">The user to sign-in.<para>要登录的用户.</para></param>
      <param name="isPersistent">Flag indicating whether the sign-in cookie should persist after the browser is closed.<para>指示在关闭浏览器后是否应保留登录 cookie 的标志.</para></param>
      <param name="additionalClaims">Additional claims that will be stored in the cookie.<para>将存储在 cookie 中的其他声明.</para></param>
      <returns>The task object representing the asynchronous operation.<para>表示异步操作的任务对象.</para></returns>
    </member>
    <member name="M:Microsoft.AspNetCore.Identity.SignInManager`1.SignInWithClaimsAsync(`0,Microsoft.AspNetCore.Authentication.AuthenticationProperties,System.Collections.Generic.IEnumerable{System.Security.Claims.Claim})">
      <summary>Signs in the specified <paramref name="user" />.<para>在指定的 <paramref name="user" /> 中签名.</para></summary>
      <param name="user">The user to sign-in.<para>要登录的用户.应用于登录和身份验证 cookie 的</para></param>
      <param name="authenticationProperties">Properties applied to the login and authentication cookie.<para>属性.</para></param>
      <param name="additionalClaims">Additional claims that will be stored in the cookie.<para>将存储在 cookie 中的其他声明.</para></param>
      <returns>The task object representing the asynchronous operation.<para>表示异步操作的任务对象.</para></returns>
    </member>
    <member name="M:Microsoft.AspNetCore.Identity.SignInManager`1.SignOutAsync">
      <summary>Signs the current user out of the application.<para>将当前用户注销应用程序.</para></summary>
    </member>
    <member name="M:Microsoft.AspNetCore.Identity.SignInManager`1.ValidateSecurityStampAsync(System.Security.Claims.ClaimsPrincipal)">
      <summary>Validates the security stamp for the specified <paramref name="principal" /> against
            the persisted stamp for the current user, as an asynchronous operation.<para>根据 验证指定 <paramref name="principal" /> 的安全标记 作为异步操作的当前用户的持久标记.</para></summary>
      <param name="principal">The principal whose stamp should be validated.<para>应验证其印章的委托人.</para></param>
      <returns>The task object representing the asynchronous operation. The task will contain the <typeparamref name="TUser" />
            if the stamp matches the persisted value, otherwise it will return null.<para>表示异步操作的任务对象.该任务将包含 <typeparamref name="TUser" /> 如果戳记与持久化值匹配,否则将返回 null.</para></returns>
    </member>
    <member name="M:Microsoft.AspNetCore.Identity.SignInManager`1.ValidateTwoFactorSecurityStampAsync(System.Security.Claims.ClaimsPrincipal)">
      <summary>Validates the security stamp for the specified <paramref name="principal" /> from one of
            the two factor principals (remember client or user id) against
            the persisted stamp for the current user, as an asynchronous operation.<para>验证指定 <paramref name="principal" /> 的安全标记,从以下之一 两个因素主体（记住客户端或用户 id）反对 作为异步操作的当前用户的持久标记.</para></summary>
      <param name="principal">The principal whose stamp should be validated.<para>应验证其印章的委托人.</para></param>
      <returns>The task object representing the asynchronous operation. The task will contain the <typeparamref name="TUser" />
            if the stamp matches the persisted value, otherwise it will return null.<para>表示异步操作的任务对象.该任务将包含 <typeparamref name="TUser" /> 如果戳记与持久化值匹配,否则将返回 null.</para></returns>
    </member>
    <member name="M:Microsoft.AspNetCore.Identity.SignInManager`1.ValidateSecurityStampAsync(`0,System.String)">
      <summary>Validates the security stamp for the specified <paramref name="user" />.  If no user is specified, or if the store
            does not support security stamps, validation is considered successful.<para>验证指定 <paramref name="user" /> 的安全标记.如果未指定用户,或者如果存储 不支持安全标记,验证被视为成功.</para></summary>
      <param name="user">The user whose stamp should be validated.<para>应验证其图章的用户.</para></param>
      <param name="securityStamp">The expected security stamp value.<para>预期的安全标记值.</para></param>
      <returns>The result of the validation.<para>验证的结果.</para></returns>
    </member>
    <member name="M:Microsoft.AspNetCore.Identity.SignInManager`1.PasswordSignInAsync(`0,System.String,System.Boolean,System.Boolean)">
      <summary>Attempts to sign in the specified <paramref name="user" /> and <paramref name="password" /> combination
            as an asynchronous operation.<para>尝试登录指定的 <paramref name="user" /> 和 <paramref name="password" /> 组合 作为异步操作.</para></summary>
      <param name="user">The user to sign in.<para>要登录的用户.</para></param>
      <param name="password">The password to attempt to sign in with.<para>尝试登录时使用的密码.</para></param>
      <param name="isPersistent">Flag indicating whether the sign-in cookie should persist after the browser is closed.<para>指示在关闭浏览器后是否应保留登录 cookie 的标志.</para></param>
      <param name="lockoutOnFailure">Flag indicating if the user account should be locked if the sign in fails.<para>指示在登录失败时是否应锁定用户帐户的标志.</para></param>
      <returns>The task object representing the asynchronous operation containing the <see name="SignInResult" />
            for the sign-in attempt.<para>表示包含 <see name="SignInResult" /> 的异步操作的任务对象 用于登录尝试.</para></returns>
    </member>
    <member name="M:Microsoft.AspNetCore.Identity.SignInManager`1.PasswordSignInAsync(System.String,System.String,System.Boolean,System.Boolean)">
      <summary>Attempts to sign in the specified <paramref name="userName" /> and <paramref name="password" /> combination
            as an asynchronous operation.<para>尝试登录指定的 <paramref name="userName" /> 和 <paramref name="password" /> 组合 作为异步操作.</para></summary>
      <param name="userName">The user name to sign in.<para>要登录的用户名.</para></param>
      <param name="password">The password to attempt to sign in with.<para>尝试登录时使用的密码.</para></param>
      <param name="isPersistent">Flag indicating whether the sign-in cookie should persist after the browser is closed.<para>指示在关闭浏览器后是否应保留登录 cookie 的标志.</para></param>
      <param name="lockoutOnFailure">Flag indicating if the user account should be locked if the sign in fails.<para>指示在登录失败时是否应锁定用户帐户的标志.</para></param>
      <returns>The task object representing the asynchronous operation containing the <see name="SignInResult" />
            for the sign-in attempt.<para>表示包含 <see name="SignInResult" /> 的异步操作的任务对象 用于登录尝试.</para></returns>
    </member>
    <member name="M:Microsoft.AspNetCore.Identity.SignInManager`1.CheckPasswordSignInAsync(`0,System.String,System.Boolean)">
      <summary>Attempts a password sign in for a user.<para>尝试为用户登录密码.</para></summary>
      <param name="user">The user to sign in.<para>要登录的用户.</para></param>
      <param name="password">The password to attempt to sign in with.<para>尝试登录时使用的密码.</para></param>
      <param name="lockoutOnFailure">Flag indicating if the user account should be locked if the sign in fails.<para>指示在登录失败时是否应锁定用户帐户的标志.</para></param>
      <returns>The task object representing the asynchronous operation containing the <see name="SignInResult" />
            for the sign-in attempt.<para></para></returns>
      <returns>
        <para>
        </para>
      </returns>
    </member>
    <member name="M:Microsoft.AspNetCore.Identity.SignInManager`1.IsTwoFactorClientRememberedAsync(`0)">
      <summary>Returns a flag indicating if the current client browser has been remembered by two factor authentication
            for the user attempting to login, as an asynchronous operation.<para>返回一个标志,指示当前客户端浏览器是否已被双因素身份验证记住 对于尝试登录的用户,作为异步操作.</para></summary>
      <param name="user">The user attempting to login.<para>尝试登录的用户.</para></param>
      <returns>The task object representing the asynchronous operation containing true if the browser has been remembered
            for the current user.<para>表示包含 true 的异步操作的任务对象（如果浏览器已被记住） 对于当前用户.</para></returns>
    </member>
    <member name="M:Microsoft.AspNetCore.Identity.SignInManager`1.RememberTwoFactorClientAsync(`0)">
      <summary>Sets a flag on the browser to indicate the user has selected "Remember this browser" for two factor authentication purposes,
            as an asynchronous operation.<para>在浏览器上设置一个标志,以指示用户已选择"记住此浏览器"进行双因素身份验证, 作为异步操作.</para></summary>
      <param name="user">The user who choose "remember this browser".<para>选择"记住此浏览器"的用户.</para></param>
      <returns>The task object representing the asynchronous operation.<para>表示异步操作的任务对象.</para></returns>
    </member>
    <member name="M:Microsoft.AspNetCore.Identity.SignInManager`1.ForgetTwoFactorClientAsync">
      <summary>Clears the "Remember this browser flag" from the current browser, as an asynchronous operation.<para>从当前浏览器中清除"记住此浏览器标志"作为异步操作.</para></summary>
      <returns>The task object representing the asynchronous operation.<para>表示异步操作的任务对象.</para></returns>
    </member>
    <member name="M:Microsoft.AspNetCore.Identity.SignInManager`1.TwoFactorRecoveryCodeSignInAsync(System.String)">
      <summary>Signs in the user without two factor authentication using a two factor recovery code.<para>使用双重恢复代码在没有双重身份验证的情况下登录用户.</para></summary>
      <param name="recoveryCode">The two factor recovery code.<para>双因素恢复代码.</para></param>
      <returns>
        <para>
        </para>
      </returns>
    </member>
    <member name="M:Microsoft.AspNetCore.Identity.SignInManager`1.TwoFactorAuthenticatorSignInAsync(System.String,System.Boolean,System.Boolean)">
      <summary>Validates the sign in code from an authenticator app and creates and signs in the user, as an asynchronous operation.<para>验证来自身份验证器应用的登录代码,并作为异步操作创建和登录用户.</para></summary>
      <param name="code">The two factor authentication code to validate.<para>要验证的双因素身份验证代码.</para></param>
      <param name="isPersistent">Flag indicating whether the sign-in cookie should persist after the browser is closed.<para>指示在关闭浏览器后是否应保留登录 cookie 的标志.</para></param>
      <param name="rememberClient">Flag indicating whether the current browser should be remember, suppressing all further
            two factor authentication prompts.<para>指示是否应记住当前浏览器的标志,进一步禁止所有浏览器 双因素身份验证提示.</para></param>
      <returns>The task object representing the asynchronous operation containing the <see name="SignInResult" />
            for the sign-in attempt.<para>表示包含 <see name="SignInResult" /> 的异步操作的任务对象 用于登录尝试.</para></returns>
    </member>
    <member name="M:Microsoft.AspNetCore.Identity.SignInManager`1.TwoFactorSignInAsync(System.String,System.String,System.Boolean,System.Boolean)">
      <summary>Validates the two factor sign in code and creates and signs in the user, as an asynchronous operation.<para>验证双因素登录代码,并作为异步操作创建和登录用户.</para></summary>
      <param name="provider">The two factor authentication provider to validate the code against.<para>要验证代码的双因素身份验证提供程序.</para></param>
      <param name="code">The two factor authentication code to validate.<para>要验证的双因素身份验证代码.</para></param>
      <param name="isPersistent">Flag indicating whether the sign-in cookie should persist after the browser is closed.<para>指示在关闭浏览器后是否应保留登录 cookie 的标志.</para></param>
      <param name="rememberClient">Flag indicating whether the current browser should be remember, suppressing all further
            two factor authentication prompts.<para>指示是否应记住当前浏览器的标志,进一步禁止所有浏览器 双因素身份验证提示.</para></param>
      <returns>The task object representing the asynchronous operation containing the <see name="SignInResult" />
            for the sign-in attempt.<para>表示包含 <see name="SignInResult" /> 的异步操作的任务对象 用于登录尝试.</para></returns>
    </member>
    <member name="M:Microsoft.AspNetCore.Identity.SignInManager`1.GetTwoFactorAuthenticationUserAsync">
      <summary>Gets the <typeparamref name="TUser" /> for the current two factor authentication login, as an asynchronous operation.<para>获取当前双因素身份验证登录的 <typeparamref name="TUser" />,作为异步操作.</para></summary>
      <returns>The task object representing the asynchronous operation containing the <typeparamref name="TUser" />
            for the sign-in attempt.<para>表示包含 <typeparamref name="TUser" /> 的异步操作的任务对象 用于登录尝试.</para></returns>
    </member>
    <member name="M:Microsoft.AspNetCore.Identity.SignInManager`1.ExternalLoginSignInAsync(System.String,System.String,System.Boolean)">
      <summary>Signs in a user via a previously registered third party login, as an asynchronous operation.<para>通过以前注册的第三方登录名将用户登录,作为异步操作.</para></summary>
      <param name="loginProvider">The login provider to use.<para>要使用的登录提供程序.</para></param>
      <param name="providerKey">The unique provider identifier for the user.<para>用户的唯一提供程序标识符.</para></param>
      <param name="isPersistent">Flag indicating whether the sign-in cookie should persist after the browser is closed.<para>指示在关闭浏览器后是否应保留登录 cookie 的标志.</para></param>
      <returns>The task object representing the asynchronous operation containing the <see name="SignInResult" />
            for the sign-in attempt.<para>表示包含 <see name="SignInResult" /> 的异步操作的任务对象 用于登录尝试.</para></returns>
    </member>
    <member name="M:Microsoft.AspNetCore.Identity.SignInManager`1.ExternalLoginSignInAsync(System.String,System.String,System.Boolean,System.Boolean)">
      <summary>Signs in a user via a previously registered third party login, as an asynchronous operation.<para>通过以前注册的第三方登录名将用户登录,作为异步操作.</para></summary>
      <param name="loginProvider">The login provider to use.<para>要使用的登录提供程序.</para></param>
      <param name="providerKey">The unique provider identifier for the user.<para>用户的唯一提供程序标识符.</para></param>
      <param name="isPersistent">Flag indicating whether the sign-in cookie should persist after the browser is closed.<para>指示在关闭浏览器后是否应保留登录 cookie 的标志.</para></param>
      <param name="bypassTwoFactor">Flag indicating whether to bypass two factor authentication.<para>指示是否绕过双因素身份验证的标志.</para></param>
      <returns>The task object representing the asynchronous operation containing the <see name="SignInResult" />
            for the sign-in attempt.<para>表示包含 <see name="SignInResult" /> 的异步操作的任务对象 用于登录尝试.</para></returns>
    </member>
    <member name="M:Microsoft.AspNetCore.Identity.SignInManager`1.GetExternalAuthenticationSchemesAsync">
      <summary>Gets a collection of <see cref="T:Microsoft.AspNetCore.Authentication.AuthenticationScheme" />s for the known external login providers.<para>获取 <see cref="t:microsoft.aspnetcore.authentication.authenticationscheme" /> s 表示已知的外部登录提供程序.</para></summary>
      <returns>A collection of <see cref="T:Microsoft.AspNetCore.Authentication.AuthenticationScheme" />s for the known external login providers.<para>一个集合 <see cref="t:microsoft.aspnetcore.authentication.authenticationscheme" /> s 表示已知的外部登录提供程序.</para></returns>
    </member>
    <member name="M:Microsoft.AspNetCore.Identity.SignInManager`1.GetExternalLoginInfoAsync(System.String)">
      <summary>Gets the external login information for the current login, as an asynchronous operation.<para>作为异步操作获取当前登录的外部登录信息.</para></summary>
      <param name="expectedXsrf">Flag indication whether a Cross Site Request Forgery token was expected in the current request.<para>标记指示当前请求中是否预期存在跨站点请求伪造令牌.</para></param>
      <returns>The task object representing the asynchronous operation containing the <see name="ExternalLoginInfo" />
            for the sign-in attempt.<para>表示包含 <see name="ExternalLoginInfo" /> 的异步操作的任务对象 用于登录尝试.</para></returns>
    </member>
    <member name="M:Microsoft.AspNetCore.Identity.SignInManager`1.UpdateExternalAuthenticationTokensAsync(Microsoft.AspNetCore.Identity.ExternalLoginInfo)">
      <summary>Stores any authentication tokens found in the external authentication cookie into the associated user.<para>将外部身份验证 cookie 中找到的任何身份验证令牌存储到关联的用户中.</para></summary>
      <param name="externalLogin">The information from the external login provider.<para>来自外部登录提供程序的信息.</para></param>
      <returns>The <see cref="T:System.Threading.Tasks.Task" /> that represents the asynchronous operation, containing the <see cref="T:Microsoft.AspNetCore.Identity.IdentityResult" /> of the operation.<para>表示异步操作的 <see cref="T:System.Threading.Tasks.Task" />,包含 <see cref="t:microsoft.aspnetcore.identity.identityresult" /> 的操作.</para></returns>
    </member>
    <member name="M:Microsoft.AspNetCore.Identity.SignInManager`1.ConfigureExternalAuthenticationProperties(System.String,System.String,System.String)">
      <summary>Configures the redirect URL and user identifier for the specified external login <paramref name="provider" />.<para>为指定的外部登录 <paramref name="provider" /> 配置重定向 url 和用户标识符.</para></summary>
      <param name="provider">The provider to configure.<para>要配置的提供程序.</para></param>
      <param name="redirectUrl">The external login URL users should be redirected to during the login flow.<para>在登录流程期间应将用户重定向到的外部登录 url.</para></param>
      <param name="userId">The current user's identifier, which will be used to provide CSRF protection.<para>当前用户的标识符,用于提供 csrf 保护.</para></param>
      <returns>A configured <see cref="T:Microsoft.AspNetCore.Authentication.AuthenticationProperties" />.<para>a 已配置 <see cref="t:microsoft.aspnetcore.authentication.authenticationproperties" /> .</para></returns>
    </member>
    <member name="M:Microsoft.AspNetCore.Identity.SignInManager`1.StoreTwoFactorInfo(System.String,System.String)">
      <summary>Creates a claims principal for the specified 2fa information.<para>为指定的 2fa 信息创建声明主体.</para></summary>
      <param name="userId">The user whose is logging in via 2fa.<para>通过 2fa 登录的用户.</para></param>
      <param name="loginProvider">The 2fa provider.<para>2fa 提供程序.</para></param>
      <returns>A <see cref="T:System.Security.Claims.ClaimsPrincipal" /> containing the user 2fa information.<para>包含用户 2fa 信息的 <see cref="T:System.Security.Claims.ClaimsPrincipal" />.</para></returns>
    </member>
    <member name="M:Microsoft.AspNetCore.Identity.SignInManager`1.SignInOrTwoFactorAsync(`0,System.Boolean,System.String,System.Boolean)">
      <summary>Signs in the specified <paramref name="user" /> if <paramref name="bypassTwoFactor" /> is set to false.
            Otherwise stores the <paramref name="user" /> for use after a two factor check.<para>如果 <paramref name="bypassTwoFactor" /> 设置为 false,则在指定的 <paramref name="user" /> 中签名. 否则存储 <paramref name="user" /> 以供在双因素检查后使用.</para></summary>
      <param name="user">
        <para>
        </para>
      </param>
      <param name="isPersistent">Flag indicating whether the sign-in cookie should persist after the browser is closed.<para>指示在关闭浏览器后是否应保留登录 cookie 的标志.</para></param>
      <param name="loginProvider">The login provider to use. Default is null<para>要使用的登录提供程序.默认值为 null</para></param>
      <param name="bypassTwoFactor">Flag indicating whether to bypass two factor authentication. Default is false<para>标志,指示是否绕过双因素身份验证.默认值为 false</para></param>
      <returns>Returns a <see cref="T:Microsoft.AspNetCore.Identity.SignInResult" /><para>返回一个 <see cref="t:microsoft.aspnetcore.identity.signinresult" /></para></returns>
    </member>
    <member name="M:Microsoft.AspNetCore.Identity.SignInManager`1.IsLockedOut(`0)">
      <summary>Used to determine if a user is considered locked out.<para>用于确定用户是否被视为已锁定.</para></summary>
      <param name="user">The user.<para>用户.</para></param>
      <returns>Whether a user is considered locked out.<para>用户是否被视为锁定.</para></returns>
    </member>
    <member name="M:Microsoft.AspNetCore.Identity.SignInManager`1.LockedOut(`0)">
      <summary>Returns a locked out SignInResult.<para>返回锁定的登录结果.</para></summary>
      <param name="user">The user.<para>用户.</para></param>
      <returns>A locked out SignInResult<para>锁定的登录结果</para></returns>
    </member>
    <member name="M:Microsoft.AspNetCore.Identity.SignInManager`1.PreSignInCheck(`0)">
      <summary>Used to ensure that a user is allowed to sign in.<para>用于确保允许用户登录.</para></summary>
      <param name="user">The user<para>用户</para></param>
      <returns>Null if the user should be allowed to sign in, otherwise the SignInResult why they should be denied.<para>如果应允许用户登录,则为 null,否则应拒绝用户登录结果.</para></returns>
    </member>
    <member name="M:Microsoft.AspNetCore.Identity.SignInManager`1.ResetLockout(`0)">
      <summary>Used to reset a user's lockout count.<para>用于重置用户的锁定计数.</para></summary>
      <param name="user">The user<para>用户</para></param>
      <returns>The <see cref="T:System.Threading.Tasks.Task" /> that represents the asynchronous operation, containing the <see cref="T:Microsoft.AspNetCore.Identity.IdentityResult" /> of the operation.<para>表示异步操作的 <see cref="T:System.Threading.Tasks.Task" />,包含 <see cref="t:microsoft.aspnetcore.identity.identityresult" /> 的操作.</para></returns>
    </member>
    <member name="T:Microsoft.AspNetCore.Identity.TwoFactorSecurityStampValidator`1">
      <summary>Responsible for validation of two factor identity cookie security stamp.<para>负责验证双因素身份 cookie 安全标记.</para></summary>
      <typeparam name="TUser">The type encapsulating a user.<para>封装用户的类型.</para></typeparam>
    </member>
    <member name="M:Microsoft.AspNetCore.Identity.TwoFactorSecurityStampValidator`1.#ctor(Microsoft.Extensions.Options.IOptions{Microsoft.AspNetCore.Identity.SecurityStampValidatorOptions},Microsoft.AspNetCore.Identity.SignInManager{`0},Microsoft.AspNetCore.Authentication.ISystemClock,Microsoft.Extensions.Logging.ILoggerFactory)">
      <summary>Creates a new instance of <see cref="T:Microsoft.AspNetCore.Identity.SecurityStampValidator`1" />.<para>创建 的新实例 <see cref="t:microsoft.aspnetcore.identity.securitystampvalidator`1" /> .</para></summary>
      <param name="options">Used to access the <see cref="T:Microsoft.AspNetCore.Identity.IdentityOptions" />.<para>用于访问 <see cref="t:microsoft.aspnetcore.identity.identityoptions" /> .</para></param>
      <param name="signInManager">The <see cref="T:Microsoft.AspNetCore.Identity.SignInManager`1" />.<para><see cref="t:microsoft.aspnetcore.identity.signinmanager`1" /> .</para></param>
      <param name="clock">The system clock.<para>系统时钟.</para></param>
      <param name="logger">The logger.<para>记录器.</para></param>
    </member>
    <member name="M:Microsoft.AspNetCore.Identity.TwoFactorSecurityStampValidator`1.VerifySecurityStamp(System.Security.Claims.ClaimsPrincipal)">
      <summary>Verifies the principal's security stamp, returns the matching user if successful<para>验证主体的安全标记,如果成功,则返回匹配的用户</para></summary>
      <param name="principal">The principal to verify.<para>要验证的主体.</para></param>
      <returns>The verified user or null if verification fails.<para>已验证的用户,如果验证失败,则为 null.</para></returns>
    </member>
    <member name="M:Microsoft.AspNetCore.Identity.TwoFactorSecurityStampValidator`1.SecurityStampVerified(`0,Microsoft.AspNetCore.Authentication.Cookies.CookieValidatePrincipalContext)">
      <summary>Called when the security stamp has been verified.<para>验证安全标记时调用.</para></summary>
      <param name="user">The user who has been verified.<para>已验证的用户.</para></param>
      <param name="context">The <see cref="T:Microsoft.AspNetCore.Authentication.Cookies.CookieValidatePrincipalContext" />.<para><see cref="t:microsoft.aspnetcore.authentication.cookies.cookievalidateprincipalcontext" /> .</para></param>
      <returns>A task.<para>一个任务.</para></returns>
    </member>
    <member name="P:Microsoft.AspNetCore.Identity.Resources.InvalidManagerType">
      <summary>Type {0} must derive from {1}&lt;{2}&gt;.<para>类型 {0} 必须派生自 {1}&lt;{2}&gt;.</para></summary>
    </member>
    <member name="M:Microsoft.AspNetCore.Identity.Resources.FormatInvalidManagerType(System.Object,System.Object,System.Object)">
      <summary>Type {0} must derive from {1}&lt;{2}&gt;.<para>类型 {0} 必须派生自 {1}&lt;{2}&gt;.</para></summary>
    </member>
    <member name="P:Microsoft.AspNetCore.Identity.Resources.InvalidPasswordHasherCompatibilityMode">
      <summary>The provided PasswordHasherCompatibilityMode is invalid.<para>提供的 passwordhashercompatibility mode 无效.</para></summary>
    </member>
    <member name="P:Microsoft.AspNetCore.Identity.Resources.InvalidPasswordHasherIterationCount">
      <summary>The iteration count must be a positive integer.<para>迭代计数必须是正整数.</para></summary>
    </member>
    <member name="T:Microsoft.Extensions.DependencyInjection.IdentityServiceCollectionExtensions">
      <summary>Contains extension methods to <see cref="T:Microsoft.Extensions.DependencyInjection.IServiceCollection" /> for configuring identity services.<para>包含用于配置标识服务的 <see cref="T:Microsoft.Extensions.DependencyInjection.IServiceCollection" /> 的扩展方法.</para></summary>
    </member>
    <member name="M:Microsoft.Extensions.DependencyInjection.IdentityServiceCollectionExtensions.AddIdentity``2(Microsoft.Extensions.DependencyInjection.IServiceCollection)">
      <summary>Adds the default identity system configuration for the specified User and Role types.<para>为指定的用户和角色类型添加默认身份系统配置.</para></summary>
      <typeparam name="TUser">The type representing a User in the system.<para>表示系统中用户的类型.</para></typeparam>
      <typeparam name="TRole">The type representing a Role in the system.<para>表示系统中角色的类型.</para></typeparam>
      <param name="services">The services available in the application.<para>应用程序中可用的服务.</para></param>
      <returns>An <see cref="T:Microsoft.AspNetCore.Identity.IdentityBuilder" /> for creating and configuring the identity system.<para>一 <see cref="t:microsoft.aspnetcore.identity.identitybuilder" /> 用于创建和配置标识系统.</para></returns>
    </member>
    <member name="M:Microsoft.Extensions.DependencyInjection.IdentityServiceCollectionExtensions.AddIdentity``2(Microsoft.Extensions.DependencyInjection.IServiceCollection,System.Action{Microsoft.AspNetCore.Identity.IdentityOptions})">
      <summary>Adds and configures the identity system for the specified User and Role types.<para>为指定的用户和角色类型添加和配置身份系统.</para></summary>
      <typeparam name="TUser">The type representing a User in the system.<para>表示系统中用户的类型.</para></typeparam>
      <typeparam name="TRole">The type representing a Role in the system.<para>表示系统中角色的类型.</para></typeparam>
      <param name="services">The services available in the application.<para>应用程序中可用的服务.</para></param>
      <param name="setupAction">An action to configure the <see cref="T:Microsoft.AspNetCore.Identity.IdentityOptions" />.<para>用于配置 <see cref="t:microsoft.aspnetcore.identity.identityoptions" /> .</para></param>
      <returns>An <see cref="T:Microsoft.AspNetCore.Identity.IdentityBuilder" /> for creating and configuring the identity system.<para>一 <see cref="t:microsoft.aspnetcore.identity.identitybuilder" /> 用于创建和配置标识系统.</para></returns>
    </member>
    <member name="M:Microsoft.Extensions.DependencyInjection.IdentityServiceCollectionExtensions.ConfigureApplicationCookie(Microsoft.Extensions.DependencyInjection.IServiceCollection,System.Action{Microsoft.AspNetCore.Authentication.Cookies.CookieAuthenticationOptions})">
      <summary>Configures the application cookie.<para>配置应用程序 cookie.</para></summary>
      <param name="services">The services available in the application.<para>应用程序中可用的服务.</para></param>
      <param name="configure">An action to configure the <see cref="T:Microsoft.AspNetCore.Authentication.Cookies.CookieAuthenticationOptions" />.<para>用于配置 <see cref="t:microsoft.aspnetcore.authentication.cookies.cookieauthenticationoptions" /> .</para></param>
      <returns>The services.<para>服务.</para></returns>
    </member>
    <member name="M:Microsoft.Extensions.DependencyInjection.IdentityServiceCollectionExtensions.ConfigureExternalCookie(Microsoft.Extensions.DependencyInjection.IServiceCollection,System.Action{Microsoft.AspNetCore.Authentication.Cookies.CookieAuthenticationOptions})">
      <summary>Configure the external cookie.<para>配置外部饼干.</para></summary>
      <param name="services">The services available in the application.<para>应用程序中可用的服务.</para></param>
      <param name="configure">An action to configure the <see cref="T:Microsoft.AspNetCore.Authentication.Cookies.CookieAuthenticationOptions" />.<para>用于配置 <see cref="t:microsoft.aspnetcore.authentication.cookies.cookieauthenticationoptions" /> .</para></param>
      <returns>The services.<para>服务.</para></returns>
    </member>
  </members>
</doc>