<?xml version="1.0"?>
<doc>
  <assembly>
    <name>Microsoft.AspNetCore.Mvc.DataAnnotations</name>
  </assembly>
  <members>
    <member name="T:Microsoft.AspNetCore.Mvc.DataAnnotations.AttributeAdapterBase`1">
      <summary>An abstract subclass of <see cref="T:Microsoft.AspNetCore.Mvc.DataAnnotations.ValidationAttributeAdapter`1" /> which wraps up all the required
            interfaces for the adapters.<para>的抽象子类 <see cref="t:microsoft.aspnetcore.mvc.dataannotations.validationattributeadapter`1" /> 它总结了所有必需的内容 适配器的接口.</para></summary>
      <typeparam name="TAttribute">The type of <see cref="T:System.ComponentModel.DataAnnotations.ValidationAttribute" /> which is being wrapped.<para>的类型 <see cref="t:system.componentmodel.dataannotations.validationattribute" /> 正在被包裹.</para></typeparam>
    </member>
    <member name="M:Microsoft.AspNetCore.Mvc.DataAnnotations.AttributeAdapterBase`1.#ctor(`0,Microsoft.Extensions.Localization.IStringLocalizer)">
      <summary>Instantiates a new <see cref="T:Microsoft.AspNetCore.Mvc.DataAnnotations.AttributeAdapterBase`1" />.<para>实例化一个新的 <see cref="t:microsoft.aspnetcore.mvc.dataannotations.attributeadapterbase`1" /> .</para></summary>
      <param name="attribute">The <see cref="T:System.ComponentModel.DataAnnotations.ValidationAttribute" /> being wrapped.<para>这 <see cref="t:system.componentmodel.dataannotations.validationattribute" /> 被包裹.</para></param>
      <param name="stringLocalizer">The <see cref="T:Microsoft.Extensions.Localization.IStringLocalizer" /> to be used in error generation.<para>要在错误生成中使用的 <see cref="T:Microsoft.Extensions.Localization.IStringLocalizer" />.</para></param>
    </member>
    <member name="M:Microsoft.AspNetCore.Mvc.DataAnnotations.AttributeAdapterBase`1.GetErrorMessage(Microsoft.AspNetCore.Mvc.ModelBinding.Validation.ModelValidationContextBase)">
      <inheritdoc />
    </member>
    <member name="M:Microsoft.AspNetCore.Mvc.DataAnnotations.CompareAttributeAdapter.GetErrorMessage(Microsoft.AspNetCore.Mvc.ModelBinding.Validation.ModelValidationContextBase)">
      <inheritdoc />
    </member>
    <member name="T:Microsoft.AspNetCore.Mvc.DataAnnotations.DataAnnotationsClientModelValidatorProvider">
      <summary>An implementation of <see cref="T:Microsoft.AspNetCore.Mvc.ModelBinding.Validation.IClientModelValidatorProvider" /> which provides client validators
            for attributes which derive from <see cref="T:System.ComponentModel.DataAnnotations.ValidationAttribute" />. It also provides
            a validator for types which implement <see cref="T:Microsoft.AspNetCore.Mvc.ModelBinding.Validation.IClientModelValidator" />.
            The logic to support <see cref="T:Microsoft.AspNetCore.Mvc.ModelBinding.Validation.IClientModelValidator" />
            is implemented in <see cref="T:Microsoft.AspNetCore.Mvc.DataAnnotations.ValidationAttributeAdapter`1" />.<para>实现 <see cref="t:microsoft.aspnetcore.mvc.modelbinding.validation.iclientmodelvalidatorprovider" /> 提供客户端验证器 对于派生自的属性 <see cref="t:system.componentmodel.dataannotations.validationattribute" /> .它还提供 实现的类型的验证程序 <see cref="t:microsoft.aspnetcore.mvc.modelbinding.validation.iclientmodelvalidator" /> . 要支持的逻辑 <see cref="t:microsoft.aspnetcore.mvc.modelbinding.validation.iclientmodelvalidator" /> 在 中实现 <see cref="t:microsoft.aspnetcore.mvc.dataannotations.validationattributeadapter`1" /> .</para></summary>
    </member>
    <member name="M:Microsoft.AspNetCore.Mvc.DataAnnotations.DataAnnotationsClientModelValidatorProvider.#ctor(Microsoft.AspNetCore.Mvc.DataAnnotations.IValidationAttributeAdapterProvider,Microsoft.Extensions.Options.IOptions{Microsoft.AspNetCore.Mvc.DataAnnotations.MvcDataAnnotationsLocalizationOptions},Microsoft.Extensions.Localization.IStringLocalizerFactory)">
      <summary>Create a new instance of <see cref="T:Microsoft.AspNetCore.Mvc.DataAnnotations.DataAnnotationsClientModelValidatorProvider" />.<para>创建一个新实例 <see cref="t:microsoft.aspnetcore.mvc.dataannotations.dataannotationsclientmodelvalidatorprovider" /> .</para></summary>
      <param name="validationAttributeAdapterProvider">The <see cref="T:Microsoft.AspNetCore.Mvc.DataAnnotations.IValidationAttributeAdapterProvider" />
            that supplies <see cref="T:Microsoft.AspNetCore.Mvc.DataAnnotations.IAttributeAdapter" />s.<para>这 <see cref="t:microsoft.aspnetcore.mvc.dataannotations.ivalidationattributeadapterprovider" /> 供应 <see cref="t:microsoft.aspnetcore.mvc.dataannotations.iattributeadapter" /> s.</para></param>
      <param name="options">The <see cref="T:Microsoft.Extensions.Options.IOptions`1" />.<para>the <see cref="T:Microsoft.Extensions.Options.IOptions`1" />.</para></param>
      <param name="stringLocalizerFactory">The <see cref="T:Microsoft.Extensions.Localization.IStringLocalizerFactory" />.<para><see cref="T:Microsoft.Extensions.Localization.IStringLocalizerFactory" />.</para></param>
    </member>
    <member name="M:Microsoft.AspNetCore.Mvc.DataAnnotations.DataAnnotationsClientModelValidatorProvider.CreateValidators(Microsoft.AspNetCore.Mvc.ModelBinding.Validation.ClientValidatorProviderContext)">
      <inheritdoc />
    </member>
    <member name="T:Microsoft.AspNetCore.Mvc.DataAnnotations.DataAnnotationsMetadataProvider">
      <summary>An implementation of <see cref="T:Microsoft.AspNetCore.Mvc.ModelBinding.Metadata.IBindingMetadataProvider" /> and <see cref="T:Microsoft.AspNetCore.Mvc.ModelBinding.Metadata.IDisplayMetadataProvider" /> for
            the System.ComponentModel.DataAnnotations attribute classes.<para>实现 <see cref="t:microsoft.aspnetcore.mvc.modelbinding.metadata.ibindingmetadataprovider" /> 和 <see cref="t:microsoft.aspnetcore.mvc.modelbinding.metadata.idisplaymetadataprovider" /> 为 system.componentmodel.dataannotations 属性类.</para></summary>
    </member>
    <member name="M:Microsoft.AspNetCore.Mvc.DataAnnotations.DataAnnotationsMetadataProvider.CreateBindingMetadata(Microsoft.AspNetCore.Mvc.ModelBinding.Metadata.BindingMetadataProviderContext)">
      <inheritdoc />
    </member>
    <member name="M:Microsoft.AspNetCore.Mvc.DataAnnotations.DataAnnotationsMetadataProvider.CreateDisplayMetadata(Microsoft.AspNetCore.Mvc.ModelBinding.Metadata.DisplayMetadataProviderContext)">
      <inheritdoc />
    </member>
    <member name="M:Microsoft.AspNetCore.Mvc.DataAnnotations.DataAnnotationsMetadataProvider.CreateValidationMetadata(Microsoft.AspNetCore.Mvc.ModelBinding.Metadata.ValidationMetadataProviderContext)">
      <inheritdoc />
    </member>
    <member name="T:Microsoft.AspNetCore.Mvc.DataAnnotations.DataAnnotationsModelValidator">
      <summary>Validates based on the given <see cref="T:System.ComponentModel.DataAnnotations.ValidationAttribute" />.<para>根据给定的进行验证 <see cref="t:system.componentmodel.dataannotations.validationattribute" /> .</para></summary>
    </member>
    <member name="M:Microsoft.AspNetCore.Mvc.DataAnnotations.DataAnnotationsModelValidator.#ctor(Microsoft.AspNetCore.Mvc.DataAnnotations.IValidationAttributeAdapterProvider,System.ComponentModel.DataAnnotations.ValidationAttribute,Microsoft.Extensions.Localization.IStringLocalizer)">
      <summary>Create a new instance of <see cref="T:Microsoft.AspNetCore.Mvc.DataAnnotations.DataAnnotationsModelValidator" />.<para>创建一个新实例 <see cref="t:microsoft.aspnetcore.mvc.dataannotations.dataannotationsmodelvalidator" /> .</para></summary>
      <param name="attribute">The <see cref="T:System.ComponentModel.DataAnnotations.ValidationAttribute" /> that defines what we're validating.<para>这 <see cref="t:system.componentmodel.dataannotations.validationattribute" /> 这定义了我们正在验证的内容.</para></param>
      <param name="stringLocalizer">The <see cref="T:Microsoft.Extensions.Localization.IStringLocalizer" /> used to create messages.<para>用于创建消息的 <see cref="T:Microsoft.Extensions.Localization.IStringLocalizer" />.</para></param>
      <param name="validationAttributeAdapterProvider">The <see cref="T:Microsoft.AspNetCore.Mvc.DataAnnotations.IValidationAttributeAdapterProvider" />
            which <see cref="T:Microsoft.AspNetCore.Mvc.DataAnnotations.ValidationAttributeAdapter`1" />'s will be created from.<para><see cref="t:microsoft.aspnetcore.mvc.dataannotations.ivalidationattributeadapterprovider" /> 哪 <see cref="t:microsoft.aspnetcore.mvc.dataannotations.validationattributeadapter`1" /> 将从中创建.</para></param>
    </member>
    <member name="P:Microsoft.AspNetCore.Mvc.DataAnnotations.DataAnnotationsModelValidator.Attribute">
      <summary>The attribute being validated against.<para>要验证的属性.</para></summary>
    </member>
    <member name="M:Microsoft.AspNetCore.Mvc.DataAnnotations.DataAnnotationsModelValidator.Validate(Microsoft.AspNetCore.Mvc.ModelBinding.Validation.ModelValidationContext)">
      <summary>Validates the context against the <see cref="T:System.ComponentModel.DataAnnotations.ValidationAttribute" />.<para>根据 <see cref="t:system.componentmodel.dataannotations.validationattribute" /> .</para></summary>
      <param name="validationContext">The context being validated.<para>正在验证的上下文.</para></param>
      <returns>An enumerable of the validation results.<para>验证结果的枚举.</para></returns>
    </member>
    <member name="T:Microsoft.AspNetCore.Mvc.DataAnnotations.DataAnnotationsModelValidatorProvider">
      <summary>An implementation of <see cref="T:Microsoft.AspNetCore.Mvc.ModelBinding.Validation.IModelValidatorProvider" /> which provides validators
            for attributes which derive from <see cref="T:System.ComponentModel.DataAnnotations.ValidationAttribute" />. It also provides
            a validator for types which implement <see cref="T:System.ComponentModel.DataAnnotations.IValidatableObject" />.<para>实现 <see cref="t:microsoft.aspnetcore.mvc.modelbinding.validation.imodelvalidatorprovider" /> 提供验证器 对于派生自的属性 <see cref="t:system.componentmodel.dataannotations.validationattribute" /> .它还提供 实现的类型的验证程序 <see cref="t:system.componentmodel.dataannotations.ivalidatableobject" /> .</para></summary>
    </member>
    <member name="M:Microsoft.AspNetCore.Mvc.DataAnnotations.DataAnnotationsModelValidatorProvider.#ctor(Microsoft.AspNetCore.Mvc.DataAnnotations.IValidationAttributeAdapterProvider,Microsoft.Extensions.Options.IOptions{Microsoft.AspNetCore.Mvc.DataAnnotations.MvcDataAnnotationsLocalizationOptions},Microsoft.Extensions.Localization.IStringLocalizerFactory)">
      <summary>Create a new instance of <see cref="T:Microsoft.AspNetCore.Mvc.DataAnnotations.DataAnnotationsModelValidatorProvider" />.<para>创建一个新实例 <see cref="t:microsoft.aspnetcore.mvc.dataannotations.dataannotationsmodelvalidatorprovider" /> .</para></summary>
      <param name="validationAttributeAdapterProvider">The <see cref="T:Microsoft.AspNetCore.Mvc.DataAnnotations.IValidationAttributeAdapterProvider" />
            that supplies <see cref="T:Microsoft.AspNetCore.Mvc.DataAnnotations.IAttributeAdapter" />s.<para>这 <see cref="t:microsoft.aspnetcore.mvc.dataannotations.ivalidationattributeadapterprovider" /> 供应 <see cref="t:microsoft.aspnetcore.mvc.dataannotations.iattributeadapter" /> s.</para></param>
      <param name="options">The <see cref="T:Microsoft.Extensions.Options.IOptions`1" />.<para>the <see cref="T:Microsoft.Extensions.Options.IOptions`1" />.</para></param>
      <param name="stringLocalizerFactory">The <see cref="T:Microsoft.Extensions.Localization.IStringLocalizerFactory" />.<para><see cref="T:Microsoft.Extensions.Localization.IStringLocalizerFactory" />.</para></param>
      <remarks>
        <paramref name="options" /> and <paramref name="stringLocalizerFactory" />
            are nullable only for testing ease.<para><paramref name="options" /> 和 <paramref name="stringLocalizerFactory" /> 仅为便于测试而可为空.</para></remarks>
    </member>
    <member name="T:Microsoft.AspNetCore.Mvc.DataAnnotations.DataTypeAttributeAdapter">
      <summary>A validation adapter that is used to map <see cref="T:System.ComponentModel.DataAnnotations.DataTypeAttribute" />'s to a single client side validation
            rule.<para>用于映射的验证适配器 <see cref="t:system.componentmodel.dataannotations.datatypeattribute" /> 的单个客户端验证 统治.</para></summary>
    </member>
    <member name="M:Microsoft.AspNetCore.Mvc.DataAnnotations.DataTypeAttributeAdapter.GetErrorMessage(Microsoft.AspNetCore.Mvc.ModelBinding.Validation.ModelValidationContextBase)">
      <inheritdoc />
    </member>
    <member name="T:Microsoft.AspNetCore.Mvc.DataAnnotations.DefaultClientModelValidatorProvider">
      <summary>A default implementation of <see cref="T:Microsoft.AspNetCore.Mvc.ModelBinding.Validation.IClientModelValidatorProvider" />.<para>默认实现 <see cref="t:microsoft.aspnetcore.mvc.modelbinding.validation.iclientmodelvalidatorprovider" /> .</para></summary>
      <remarks>The <see cref="T:Microsoft.AspNetCore.Mvc.DataAnnotations.DefaultClientModelValidatorProvider" /> provides validators from
            <see cref="T:Microsoft.AspNetCore.Mvc.ModelBinding.Validation.IClientModelValidator" /> instances in <see cref="P:Microsoft.AspNetCore.Mvc.ModelBinding.ModelMetadata.ValidatorMetadata" />.<para>这 <see cref="t:microsoft.aspnetcore.mvc.dataannotations.defaultclientmodelvalidatorprovider" /> 提供来自 <see cref="t:microsoft.aspnetcore.mvc.modelbinding.validation.iclientmodelvalidator" /> 中的实例 <see cref="p:microsoft.aspnetcore.mvc.modelbinding.modelmetadata.validatormetadata" /> .</para></remarks>
    </member>
    <member name="M:Microsoft.AspNetCore.Mvc.DataAnnotations.DefaultClientModelValidatorProvider.CreateValidators(Microsoft.AspNetCore.Mvc.ModelBinding.Validation.ClientValidatorProviderContext)">
      <inheritdoc />
    </member>
    <member name="M:Microsoft.AspNetCore.Mvc.DataAnnotations.FileExtensionsAttributeAdapter.AddValidation(Microsoft.AspNetCore.Mvc.ModelBinding.Validation.ClientModelValidationContext)">
      <inheritdoc />
    </member>
    <member name="M:Microsoft.AspNetCore.Mvc.DataAnnotations.FileExtensionsAttributeAdapter.GetErrorMessage(Microsoft.AspNetCore.Mvc.ModelBinding.Validation.ModelValidationContextBase)">
      <inheritdoc />
    </member>
    <member name="T:Microsoft.AspNetCore.Mvc.DataAnnotations.IAttributeAdapter">
      <summary>Interface so that adapters provide their relevant values to error messages.<para>接口,以便适配器向错误消息提供其相关值.</para></summary>
    </member>
    <member name="M:Microsoft.AspNetCore.Mvc.DataAnnotations.IAttributeAdapter.GetErrorMessage(Microsoft.AspNetCore.Mvc.ModelBinding.Validation.ModelValidationContextBase)">
      <summary>Gets the error message.<para>获取错误消息.</para></summary>
      <param name="validationContext">The context to use in message creation.<para>要在消息创建中使用的上下文.</para></param>
      <returns>The localized error message.<para>本地化的错误消息.</para></returns>
    </member>
    <member name="T:Microsoft.AspNetCore.Mvc.DataAnnotations.IValidationAttributeAdapterProvider">
      <summary>Provider for supplying <see cref="T:Microsoft.AspNetCore.Mvc.DataAnnotations.IAttributeAdapter" />'s.<para>供应供应商 <see cref="t:microsoft.aspnetcore.mvc.dataannotations.iattributeadapter" /> 的.</para></summary>
    </member>
    <member name="M:Microsoft.AspNetCore.Mvc.DataAnnotations.IValidationAttributeAdapterProvider.GetAttributeAdapter(System.ComponentModel.DataAnnotations.ValidationAttribute,Microsoft.Extensions.Localization.IStringLocalizer)">
      <summary>Returns the <see cref="T:Microsoft.AspNetCore.Mvc.DataAnnotations.IAttributeAdapter" /> for the given <see cref="T:System.ComponentModel.DataAnnotations.ValidationAttribute" />.<para>返回 <see cref="t:microsoft.aspnetcore.mvc.dataannotations.iattributeadapter" /> 对于给定的 <see cref="t:system.componentmodel.dataannotations.validationattribute" /> .</para></summary>
      <param name="attribute">The <see cref="T:System.ComponentModel.DataAnnotations.ValidationAttribute" /> to create an <see cref="T:Microsoft.AspNetCore.Mvc.DataAnnotations.IAttributeAdapter" />
            for.<para>这 <see cref="t:system.componentmodel.dataannotations.validationattribute" /> 以创建一个 <see cref="t:microsoft.aspnetcore.mvc.dataannotations.iattributeadapter" /> 为.</para></param>
      <param name="stringLocalizer">The <see cref="T:Microsoft.Extensions.Localization.IStringLocalizer" /> which will be used to create messages.<para>将用于创建消息的 <see cref="T:Microsoft.Extensions.Localization.IStringLocalizer" />.</para></param>
      <returns>An <see cref="T:Microsoft.AspNetCore.Mvc.DataAnnotations.IAttributeAdapter" /> for the given <paramref name="attribute" />.<para>一 <see cref="t:microsoft.aspnetcore.mvc.dataannotations.iattributeadapter" /> 对于给定的 <paramref name="attribute" />.</para></returns>
    </member>
    <member name="M:Microsoft.AspNetCore.Mvc.DataAnnotations.MaxLengthAttributeAdapter.GetErrorMessage(Microsoft.AspNetCore.Mvc.ModelBinding.Validation.ModelValidationContextBase)">
      <inheritdoc />
    </member>
    <member name="M:Microsoft.AspNetCore.Mvc.DataAnnotations.MinLengthAttributeAdapter.GetErrorMessage(Microsoft.AspNetCore.Mvc.ModelBinding.Validation.ModelValidationContextBase)">
      <inheritdoc />
    </member>
    <member name="T:Microsoft.AspNetCore.Mvc.DataAnnotations.MvcDataAnnotationsLocalizationOptions">
      <summary>Provides programmatic configuration for DataAnnotations localization in the MVC framework.<para>为 mvc 框架中的数据注释本地化提供编程配置.</para></summary>
    </member>
    <member name="F:Microsoft.AspNetCore.Mvc.DataAnnotations.MvcDataAnnotationsLocalizationOptions.DataAnnotationLocalizerProvider">
      <summary>The delegate to invoke for creating <see cref="T:Microsoft.Extensions.Localization.IStringLocalizer" />.<para>要调用的用于创建 <see cref="T:Microsoft.Extensions.Localization.IStringLocalizer" /> 的委托.</para></summary>
    </member>
    <member name="T:Microsoft.AspNetCore.Mvc.DataAnnotations.NumericClientModelValidator">
      <summary>An implementation of <see cref="T:Microsoft.AspNetCore.Mvc.ModelBinding.Validation.IClientModelValidator" /> that provides the rule for validating
            numeric types.<para>实现 <see cref="t:microsoft.aspnetcore.mvc.modelbinding.validation.iclientmodelvalidator" /> 提供验证规则 数值类型.</para></summary>
    </member>
    <member name="M:Microsoft.AspNetCore.Mvc.DataAnnotations.NumericClientModelValidator.AddValidation(Microsoft.AspNetCore.Mvc.ModelBinding.Validation.ClientModelValidationContext)">
      <inheritdoc />
    </member>
    <member name="T:Microsoft.AspNetCore.Mvc.DataAnnotations.NumericClientModelValidatorProvider">
      <summary>An implementation of <see cref="T:Microsoft.AspNetCore.Mvc.ModelBinding.Validation.IClientModelValidatorProvider" /> which provides client validators
            for specific numeric types.<para>实现 <see cref="t:microsoft.aspnetcore.mvc.modelbinding.validation.iclientmodelvalidatorprovider" /> 提供客户端验证器 对于特定的数值类型.</para></summary>
    </member>
    <member name="M:Microsoft.AspNetCore.Mvc.DataAnnotations.NumericClientModelValidatorProvider.CreateValidators(Microsoft.AspNetCore.Mvc.ModelBinding.Validation.ClientValidatorProviderContext)">
      <inheritdoc />
    </member>
    <member name="M:Microsoft.AspNetCore.Mvc.DataAnnotations.RangeAttributeAdapter.GetErrorMessage(Microsoft.AspNetCore.Mvc.ModelBinding.Validation.ModelValidationContextBase)">
      <inheritdoc />
    </member>
    <member name="M:Microsoft.AspNetCore.Mvc.DataAnnotations.RegularExpressionAttributeAdapter.GetErrorMessage(Microsoft.AspNetCore.Mvc.ModelBinding.Validation.ModelValidationContextBase)">
      <inheritdoc />
    </member>
    <member name="T:Microsoft.AspNetCore.Mvc.DataAnnotations.RequiredAttributeAdapter">
      <summary>
        <see cref="T:Microsoft.AspNetCore.Mvc.DataAnnotations.AttributeAdapterBase`1" /> for <see cref="T:System.ComponentModel.DataAnnotations.RequiredAttribute" />.<para><see cref="t:microsoft.aspnetcore.mvc.dataannotations.attributeadapterbase`1" /> 为 <see cref="t:system.componentmodel.dataannotations.requiredattribute" /> .</para></summary>
    </member>
    <member name="M:Microsoft.AspNetCore.Mvc.DataAnnotations.RequiredAttributeAdapter.#ctor(System.ComponentModel.DataAnnotations.RequiredAttribute,Microsoft.Extensions.Localization.IStringLocalizer)">
      <summary>Initializes a new instance of <see cref="T:Microsoft.AspNetCore.Mvc.DataAnnotations.RequiredAttributeAdapter" />.<para>初始化 的新实例 <see cref="t:microsoft.aspnetcore.mvc.dataannotations.requiredattributeadapter" /> .</para></summary>
      <param name="attribute">The <see cref="T:System.ComponentModel.DataAnnotations.RequiredAttribute" />.<para>这 <see cref="t:system.componentmodel.dataannotations.requiredattribute" /> .</para></param>
      <param name="stringLocalizer">The <see cref="T:Microsoft.Extensions.Localization.IStringLocalizer" />.<para><see cref="T:Microsoft.Extensions.Localization.IStringLocalizer" />.</para></param>
    </member>
    <member name="M:Microsoft.AspNetCore.Mvc.DataAnnotations.RequiredAttributeAdapter.AddValidation(Microsoft.AspNetCore.Mvc.ModelBinding.Validation.ClientModelValidationContext)">
      <inheritdoc />
    </member>
    <member name="M:Microsoft.AspNetCore.Mvc.DataAnnotations.RequiredAttributeAdapter.GetErrorMessage(Microsoft.AspNetCore.Mvc.ModelBinding.Validation.ModelValidationContextBase)">
      <inheritdoc />
    </member>
    <member name="M:Microsoft.AspNetCore.Mvc.DataAnnotations.StringLengthAttributeAdapter.AddValidation(Microsoft.AspNetCore.Mvc.ModelBinding.Validation.ClientModelValidationContext)">
      <inheritdoc />
    </member>
    <member name="M:Microsoft.AspNetCore.Mvc.DataAnnotations.StringLengthAttributeAdapter.GetErrorMessage(Microsoft.AspNetCore.Mvc.ModelBinding.Validation.ModelValidationContextBase)">
      <inheritdoc />
    </member>
    <member name="T:Microsoft.AspNetCore.Mvc.DataAnnotations.ValidationAttributeAdapter`1">
      <summary>An implementation of <see cref="T:Microsoft.AspNetCore.Mvc.ModelBinding.Validation.IClientModelValidator" /> which understands data annotation attributes.<para>实现 <see cref="t:microsoft.aspnetcore.mvc.modelbinding.validation.iclientmodelvalidator" /> 它理解数据注释属性.</para></summary>
      <typeparam name="TAttribute">The type of the attribute.<para>属性的类型.</para></typeparam>
    </member>
    <member name="M:Microsoft.AspNetCore.Mvc.DataAnnotations.ValidationAttributeAdapter`1.#ctor(`0,Microsoft.Extensions.Localization.IStringLocalizer)">
      <summary>Create a new instance of <see cref="T:Microsoft.AspNetCore.Mvc.DataAnnotations.ValidationAttributeAdapter`1" />.<para>创建一个新实例 <see cref="t:microsoft.aspnetcore.mvc.dataannotations.validationattributeadapter`1" /> .</para></summary>
      <param name="attribute">The <typeparamref name="TAttribute" /> instance to validate.<para>这 <typeparamref name="tattribute" /> 要验证的实例.</para></param>
      <param name="stringLocalizer">The <see cref="T:Microsoft.Extensions.Localization.IStringLocalizer" />.<para><see cref="T:Microsoft.Extensions.Localization.IStringLocalizer" />.</para></param>
    </member>
    <member name="P:Microsoft.AspNetCore.Mvc.DataAnnotations.ValidationAttributeAdapter`1.Attribute">
      <summary>Gets the <typeparamref name="TAttribute" /> instance.<para>获取 <typeparamref name="tattribute" /> 实例.</para></summary>
    </member>
    <member name="M:Microsoft.AspNetCore.Mvc.DataAnnotations.ValidationAttributeAdapter`1.AddValidation(Microsoft.AspNetCore.Mvc.ModelBinding.Validation.ClientModelValidationContext)">
      <inheritdoc />
    </member>
    <member name="M:Microsoft.AspNetCore.Mvc.DataAnnotations.ValidationAttributeAdapter`1.MergeAttribute(System.Collections.Generic.IDictionary{System.String,System.String},System.String,System.String)">
      <summary>Adds the given <paramref name="key" /> and <paramref name="value" /> into
            <paramref name="attributes" /> if <paramref name="attributes" /> does not contain a value for
            <paramref name="key" />.<para>将给定的 <paramref name="key" /> 和 <paramref name="value" /> 添加到 <paramref name="attributes" /> 如果 <paramref name="attributes" /> 不包含 <paramref name="key" />.</para></summary>
      <param name="attributes">The HTML attributes dictionary.<para>html 属性字典.</para></param>
      <param name="key">The attribute key.<para>属性键.</para></param>
      <param name="value">The attribute value.<para>属性值.</para></param>
      <returns>
        <c>true</c> if an attribute was added, otherwise <c>false</c>.<para><c>true</c>,如果添加了属性,否则为 <c>false</c>.</para></returns>
    </member>
    <member name="M:Microsoft.AspNetCore.Mvc.DataAnnotations.ValidationAttributeAdapter`1.GetErrorMessage(Microsoft.AspNetCore.Mvc.ModelBinding.ModelMetadata,System.Object[])">
      <summary>Gets the error message formatted using the <see cref="P:Microsoft.AspNetCore.Mvc.DataAnnotations.ValidationAttributeAdapter`1.Attribute" />.<para>获取使用 <see cref="p:microsoft.aspnetcore.mvc.dataannotations.validationattributeadapter`1.attribute" /> .</para></summary>
      <param name="modelMetadata">The <see cref="T:Microsoft.AspNetCore.Mvc.ModelBinding.ModelMetadata" /> associated with the model annotated with
            <see cref="P:Microsoft.AspNetCore.Mvc.DataAnnotations.ValidationAttributeAdapter`1.Attribute" />.<para>这 <see cref="t:microsoft.aspnetcore.mvc.modelbinding.modelmetadata" /> 与注释为 的模型相关联 <see cref="p:microsoft.aspnetcore.mvc.dataannotations.validationattributeadapter`1.attribute" /> .</para></param>
      <param name="arguments">The value arguments which will be used in constructing the error message.<para>将在构造错误消息时使用的值参数.</para></param>
      <returns>Formatted error string.<para>格式化的错误字符串.</para></returns>
    </member>
    <member name="T:Microsoft.AspNetCore.Mvc.DataAnnotations.ValidationAttributeAdapterProvider">
      <summary>Creates an <see cref="T:Microsoft.AspNetCore.Mvc.DataAnnotations.IAttributeAdapter" /> for the given attribute.<para>创建一个 <see cref="t:microsoft.aspnetcore.mvc.dataannotations.iattributeadapter" /> 对于给定属性.</para></summary>
    </member>
    <member name="M:Microsoft.AspNetCore.Mvc.DataAnnotations.ValidationAttributeAdapterProvider.GetAttributeAdapter(System.ComponentModel.DataAnnotations.ValidationAttribute,Microsoft.Extensions.Localization.IStringLocalizer)">
      <summary>Creates an <see cref="T:Microsoft.AspNetCore.Mvc.DataAnnotations.IAttributeAdapter" /> for the given attribute.<para>创建一个 <see cref="t:microsoft.aspnetcore.mvc.dataannotations.iattributeadapter" /> 对于给定属性.</para></summary>
      <param name="attribute">The attribute to create an adapter for.<para>要为其创建适配器的属性.</para></param>
      <param name="stringLocalizer">The localizer to provide to the adapter.<para>要提供给适配器的本地化器.</para></param>
      <returns>An <see cref="T:Microsoft.AspNetCore.Mvc.DataAnnotations.IAttributeAdapter" /> for the given attribute.<para>一 <see cref="t:microsoft.aspnetcore.mvc.dataannotations.iattributeadapter" /> 对于给定属性.</para></returns>
    </member>
    <member name="T:Microsoft.AspNetCore.Mvc.DataAnnotations.ValidationProviderAttribute">
      <summary>Abstract class for grouping attributes of type <see cref="T:System.ComponentModel.DataAnnotations.ValidationAttribute" /> into
            one <see cref="T:System.Attribute" /><para>用于对类型属性进行分组的抽象类 <see cref="t:system.componentmodel.dataannotations.validationattribute" /> 到 一 <see cref="t:system.attribute" /></para></summary>
    </member>
    <member name="M:Microsoft.AspNetCore.Mvc.DataAnnotations.ValidationProviderAttribute.GetValidationAttributes">
      <summary>Gets <see cref="T:System.ComponentModel.DataAnnotations.ValidationAttribute" /> instances associated with this attribute.<para>得到 <see cref="t:system.componentmodel.dataannotations.validationattribute" /> 与此属性关联的实例.</para></summary>
      <returns>Sequence of <see cref="T:System.ComponentModel.DataAnnotations.ValidationAttribute" /> associated with this attribute.<para>的顺序 <see cref="t:system.componentmodel.dataannotations.validationattribute" /> 与此属性相关联.</para></returns>
    </member>
    <member name="P:Microsoft.AspNetCore.Mvc.DataAnnotations.Resources.ValidatableObjectAdapter_IncompatibleType">
      <summary>The model object inside the metadata claimed to be compatible with '{0}', but was actually '{1}'.<para>元数据中的模型对象声称与"{0}"兼容,但实际上是"{1}".</para></summary>
    </member>
    <member name="M:Microsoft.AspNetCore.Mvc.DataAnnotations.Resources.FormatValidatableObjectAdapter_IncompatibleType(System.Object,System.Object)">
      <summary>The model object inside the metadata claimed to be compatible with '{0}', but was actually '{1}'.<para>元数据中的模型对象声称与"{0}"兼容,但实际上是"{1}".</para></summary>
    </member>
    <member name="P:Microsoft.AspNetCore.Mvc.DataAnnotations.Resources.ArgumentCannotBeNullOrEmpty">
      <summary>Value cannot be null or empty.<para>值不能为空或空.</para></summary>
    </member>
    <member name="P:Microsoft.AspNetCore.Mvc.DataAnnotations.Resources.PropertyOfTypeCannotBeNull">
      <summary>The '{0}' property of '{1}' must not be null.<para>"{0}"的"{1}"属性不得为空.</para></summary>
    </member>
    <member name="M:Microsoft.AspNetCore.Mvc.DataAnnotations.Resources.FormatPropertyOfTypeCannotBeNull(System.Object,System.Object)">
      <summary>The '{0}' property of '{1}' must not be null.<para>"{0}"的"{1}"属性不得为空.</para></summary>
    </member>
    <member name="T:Microsoft.AspNetCore.Mvc.HiddenInputAttribute">
      <summary>Indicates associated property or all properties with the associated type should be edited using an
            &lt;input&gt; element of type "hidden".<para>指示应使用 &lt;输入&gt;类型为"隐藏"的元素.</para></summary>
      <remarks>When overriding a <see cref="T:Microsoft.AspNetCore.Mvc.HiddenInputAttribute" /> inherited from a base class, should apply both
            <c>[HiddenInput(DisplayValue = true)]</c> (if the inherited attribute had <c>DisplayValue = false</c>) and a
            <see cref="T:System.ComponentModel.DataAnnotations.UIHintAttribute" /> with some value other than "HiddenInput".<para>覆盖 <see cref="t:microsoft.aspnetcore.mvc.hiddeninputattribute" /> 从基类继承,应同时应用两者 <c>[HiddenInput(DisplayValue = true)]</c>（如果继承的属性具有 <c>DisplayValue = false</c>） 和 <see cref="t:system.componentmodel.dataannotations.uihintattribute" /> 具有"隐藏输入"以外的一些值.</para></remarks>
    </member>
    <member name="M:Microsoft.AspNetCore.Mvc.HiddenInputAttribute.#ctor">
      <summary>Instantiates a new instance of the <see cref="T:Microsoft.AspNetCore.Mvc.HiddenInputAttribute" /> class.<para>实例化 <see cref="t:microsoft.aspnetcore.mvc.hiddeninputattribute" /> .class.</para></summary>
    </member>
    <member name="P:Microsoft.AspNetCore.Mvc.HiddenInputAttribute.DisplayValue">
      <summary>Gets or sets a value indicating whether to display the value as well as provide a hidden &lt;input&gt;
            element. The default value is <c>true</c>.<para>获取或设置一个值,该值指示是否显示该值以及提供隐藏的 &lt;输入&gt; 元素.默认值为 <c>true</c>.</para></summary>
      <remarks>If <c>false</c>, also causes the default <see cref="T:System.Object" /> display and editor templates to return HTML
            lacking the usual per-property &lt;div&gt; wrapper around the associated property and the default display
            "HiddenInput" template to return <c>string.Empty</c> for the associated property. Thus the default
            <see cref="T:System.Object" /> display template effectively skips the property and the default <see cref="T:System.Object" />
            editor template returns only the hidden &lt;input&gt; element for the property.<para>如果 <c>false</c>,则还会导致默认的 <see cref="T:System.Object" /> 显示和编辑器模板返回 html 缺乏通常的每属性 &lt;迪夫&gt;关联属性和默认显示周围的包装器 "hiddeninput"模板,用于返回关联属性的 <c>string.Empty</c>.因此默认 <see cref="T:System.Object" /> 显示模板有效地跳过属性和默认的 <see cref="T:System.Object" /> 编辑器模板仅返回隐藏的 &lt;输入&gt;元素.</para></remarks>
    </member>
    <member name="T:Microsoft.Extensions.DependencyInjection.MvcDataAnnotationsLocalizationOptionsSetup">
      <summary>Sets up default options for <see cref="T:Microsoft.AspNetCore.Mvc.DataAnnotations.MvcDataAnnotationsLocalizationOptions" />.<para>设置默认选项 <see cref="t:microsoft.aspnetcore.mvc.dataannotations.mvcdataannotationslocalizationoptions" /> .</para></summary>
    </member>
    <member name="M:Microsoft.Extensions.DependencyInjection.MvcDataAnnotationsLocalizationOptionsSetup.Configure(Microsoft.AspNetCore.Mvc.DataAnnotations.MvcDataAnnotationsLocalizationOptions)">
      <inheritdoc />
    </member>
    <member name="T:Microsoft.Extensions.DependencyInjection.MvcDataAnnotationsMvcBuilderExtensions">
      <summary>Extension methods for configuring MVC data annotations localization.<para>用于配置 mvc 数据批注本地化的扩展方法.</para></summary>
    </member>
    <member name="M:Microsoft.Extensions.DependencyInjection.MvcDataAnnotationsMvcBuilderExtensions.AddDataAnnotationsLocalization(Microsoft.Extensions.DependencyInjection.IMvcBuilder)">
      <summary>Adds MVC data annotations localization to the application.<para>将 mvc 数据注释本地化添加到应用程序.</para></summary>
      <param name="builder">The <see cref="T:Microsoft.Extensions.DependencyInjection.IMvcBuilder" />.<para>的 <see cref="T:Microsoft.Extensions.DependencyInjection.IMvcBuilder" />.</para></param>
      <returns>The <see cref="T:Microsoft.Extensions.DependencyInjection.IMvcBuilder" />.<para>的 <see cref="T:Microsoft.Extensions.DependencyInjection.IMvcBuilder" />.</para></returns>
    </member>
    <member name="M:Microsoft.Extensions.DependencyInjection.MvcDataAnnotationsMvcBuilderExtensions.AddDataAnnotationsLocalization(Microsoft.Extensions.DependencyInjection.IMvcBuilder,System.Action{Microsoft.AspNetCore.Mvc.DataAnnotations.MvcDataAnnotationsLocalizationOptions})">
      <summary>Adds MVC data annotations localization to the application.<para>将 mvc 数据注释本地化添加到应用程序.</para></summary>
      <param name="builder">The <see cref="T:Microsoft.Extensions.DependencyInjection.IMvcBuilder" />.<para>的 <see cref="T:Microsoft.Extensions.DependencyInjection.IMvcBuilder" />.</para></param>
      <param name="setupAction">The action to configure <see cref="T:Microsoft.AspNetCore.Mvc.DataAnnotations.MvcDataAnnotationsLocalizationOptions" />.<para>要配置的操作 <see cref="t:microsoft.aspnetcore.mvc.dataannotations.mvcdataannotationslocalizationoptions" /> .</para></param>
      <returns>The <see cref="T:Microsoft.Extensions.DependencyInjection.IMvcBuilder" />.<para>的 <see cref="T:Microsoft.Extensions.DependencyInjection.IMvcBuilder" />.</para></returns>
    </member>
    <member name="T:Microsoft.Extensions.DependencyInjection.MvcDataAnnotationsMvcCoreBuilderExtensions">
      <summary>Extensions for configuring MVC data annotations using an <see cref="T:Microsoft.Extensions.DependencyInjection.IMvcBuilder" />.<para>用于使用 <see cref="T:Microsoft.Extensions.DependencyInjection.IMvcBuilder" /> 配置 mvc 数据注释的扩展.</para></summary>
    </member>
    <member name="M:Microsoft.Extensions.DependencyInjection.MvcDataAnnotationsMvcCoreBuilderExtensions.AddDataAnnotations(Microsoft.Extensions.DependencyInjection.IMvcCoreBuilder)">
      <summary>Registers MVC data annotations.<para>注册 mvc 数据注释.</para></summary>
      <param name="builder">The <see cref="T:Microsoft.Extensions.DependencyInjection.IMvcBuilder" />.<para>的 <see cref="T:Microsoft.Extensions.DependencyInjection.IMvcBuilder" />.</para></param>
      <returns>The <see cref="T:Microsoft.Extensions.DependencyInjection.IMvcBuilder" />.<para>的 <see cref="T:Microsoft.Extensions.DependencyInjection.IMvcBuilder" />.</para></returns>
    </member>
    <member name="M:Microsoft.Extensions.DependencyInjection.MvcDataAnnotationsMvcCoreBuilderExtensions.AddDataAnnotationsLocalization(Microsoft.Extensions.DependencyInjection.IMvcCoreBuilder)">
      <summary>Adds MVC data annotations localization to the application.<para>将 mvc 数据注释本地化添加到应用程序.</para></summary>
      <param name="builder">The <see cref="T:Microsoft.Extensions.DependencyInjection.IMvcCoreBuilder" />.<para>的 <see cref="T:Microsoft.Extensions.DependencyInjection.IMvcCoreBuilder" />.</para></param>
      <returns>The <see cref="T:Microsoft.Extensions.DependencyInjection.IMvcCoreBuilder" />.<para>的 <see cref="T:Microsoft.Extensions.DependencyInjection.IMvcCoreBuilder" />.</para></returns>
    </member>
    <member name="M:Microsoft.Extensions.DependencyInjection.MvcDataAnnotationsMvcCoreBuilderExtensions.AddDataAnnotationsLocalization(Microsoft.Extensions.DependencyInjection.IMvcCoreBuilder,System.Action{Microsoft.AspNetCore.Mvc.DataAnnotations.MvcDataAnnotationsLocalizationOptions})">
      <summary>Registers an action to configure <see cref="T:Microsoft.AspNetCore.Mvc.DataAnnotations.MvcDataAnnotationsLocalizationOptions" /> for MVC data
            annotations localization.<para>注册要配置的操作 <see cref="t:microsoft.aspnetcore.mvc.dataannotations.mvcdataannotationslocalizationoptions" /> 对于 mvc 数据 批注本地化.</para></summary>
      <param name="builder">The <see cref="T:Microsoft.Extensions.DependencyInjection.IMvcBuilder" />.<para>的 <see cref="T:Microsoft.Extensions.DependencyInjection.IMvcBuilder" />.</para></param>
      <param name="setupAction">An <see cref="T:System.Action`1" />.<para>一个 <see cref="t:system.action`1" /> .</para></param>
      <returns>The <see cref="T:Microsoft.Extensions.DependencyInjection.IMvcBuilder" />.<para>的 <see cref="T:Microsoft.Extensions.DependencyInjection.IMvcBuilder" />.</para></returns>
    </member>
    <member name="T:Microsoft.Extensions.DependencyInjection.MvcDataAnnotationsMvcOptionsSetup">
      <summary>Sets up default options for <see cref="T:Microsoft.AspNetCore.Mvc.MvcOptions" />.<para>设置默认选项 <see cref="t:microsoft.aspnetcore.mvc.mvcoptions" /> .</para></summary>
    </member>
  </members>
</doc>