<?xml version="1.0"?>
<doc>
  <assembly>
    <name>Microsoft.AspNetCore.Server.Kestrel.Transport.Sockets</name>
  </assembly>
  <members>
    <member name="T:Microsoft.AspNetCore.Server.Kestrel.Transport.Sockets.SocketConnectionContextFactory">
      <summary>A factory for socket based connections contexts.<para>基于套接字的连接上下文的工厂.</para></summary>
    </member>
    <member name="M:Microsoft.AspNetCore.Server.Kestrel.Transport.Sockets.SocketConnectionContextFactory.#ctor(Microsoft.AspNetCore.Server.Kestrel.Transport.Sockets.SocketConnectionFactoryOptions,Microsoft.Extensions.Logging.ILogger)">
      <summary>Creates the <see cref="T:Microsoft.AspNetCore.Server.Kestrel.Transport.Sockets.SocketConnectionContextFactory" />.<para>创建 <see cref="t:microsoft.aspnetcore.server.kestrel.transport.sockets.socketconnectioncontextfactory" /> .</para></summary>
      <param name="options">The options.<para>选项.</para></param>
      <param name="logger">The logger.<para>记录器.</para></param>
    </member>
    <member name="M:Microsoft.AspNetCore.Server.Kestrel.Transport.Sockets.SocketConnectionContextFactory.Create(System.Net.Sockets.Socket)">
      <summary>Create a <see cref="T:Microsoft.AspNetCore.Connections.ConnectionContext" /> for a socket.<para>创建一个 <see cref="t:microsoft.aspnetcore.connections.connectioncontext" /> 对于插座.</para></summary>
      <param name="socket">The socket for the connection.<para>连接的套接字.</para></param>
      <returns>
        <para>
        </para>
      </returns>
    </member>
    <member name="M:Microsoft.AspNetCore.Server.Kestrel.Transport.Sockets.SocketConnectionContextFactory.Dispose">
      <inheritdoc />
    </member>
    <member name="T:Microsoft.AspNetCore.Server.Kestrel.Transport.Sockets.SocketConnectionFactoryOptions">
      <summary>Options for <see cref="T:Microsoft.AspNetCore.Server.Kestrel.Transport.Sockets.SocketConnectionContextFactory" />.<para>的选项 <see cref="t:microsoft.aspnetcore.server.kestrel.transport.sockets.socketconnectioncontextfactory" /> .</para></summary>
    </member>
    <member name="M:Microsoft.AspNetCore.Server.Kestrel.Transport.Sockets.SocketConnectionFactoryOptions.#ctor">
      <summary>Create a new instance.<para>创建新实例.</para></summary>
    </member>
    <member name="P:Microsoft.AspNetCore.Server.Kestrel.Transport.Sockets.SocketConnectionFactoryOptions.IOQueueCount">
      <summary>The number of I/O queues used to process requests. Set to 0 to directly schedule I/O to the ThreadPool.<para>用于处理请求的 i/o 队列数.设置为 0 可直接调度线程池的 i/o.</para></summary>
      <remarks>Defaults to <see cref="P:System.Environment.ProcessorCount" /> rounded down and clamped between 1 and 16.<para>默认值为 <see cref="P:System.Environment.ProcessorCount" />,向下舍入并夹在 1 到 16 之间.</para></remarks>
    </member>
    <member name="P:Microsoft.AspNetCore.Server.Kestrel.Transport.Sockets.SocketConnectionFactoryOptions.WaitForDataBeforeAllocatingBuffer">
      <summary>Wait until there is data available to allocate a buffer. Setting this to false can increase throughput at the cost of increased memory usage.<para>等到有数据可用于分配缓冲区.将其设置为 false 可以增加吞吐量,但代价是内存使用量增加.</para></summary>
      <remarks>Defaults to true.<para>默认值为 true.</para></remarks>
    </member>
    <member name="P:Microsoft.AspNetCore.Server.Kestrel.Transport.Sockets.SocketConnectionFactoryOptions.MaxReadBufferSize">
      <summary>Gets or sets the maximum unconsumed incoming bytes the transport will buffer.<para>获取或设置传输将缓冲的最大未使用的传入字节数.</para></summary>
    </member>
    <member name="P:Microsoft.AspNetCore.Server.Kestrel.Transport.Sockets.SocketConnectionFactoryOptions.MaxWriteBufferSize">
      <summary>Gets or sets the maximum outgoing bytes the transport will buffer before applying write backpressure.<para>获取或设置传输在应用写入背压之前将缓冲的最大传出字节数.</para></summary>
    </member>
    <member name="P:Microsoft.AspNetCore.Server.Kestrel.Transport.Sockets.SocketConnectionFactoryOptions.UnsafePreferInlineScheduling">
      <summary>Inline application and transport continuations instead of dispatching to the threadpool.<para>内联应用程序和传输延续,而不是调度到线程池.</para></summary>
      <remarks>This will run application code on the IO thread which is why this is unsafe.
            It is recommended to set the DOTNET_SYSTEM_NET_SOCKETS_INLINE_COMPLETIONS environment variable to '1' when using this setting to also inline the completions
            at the runtime layer as well.
            This setting can make performance worse if there is expensive work that will end up holding onto the IO thread for longer than needed.
            Test to make sure this setting helps performance.<para>这将在 io 线程上运行应用程序代码,这就是不安全的原因. 使用此设置时,建议将dotnet_system_net_sockets_inline_completions环境变量设置为"1",以便也内联完成 在运行时层也是如此. 如果昂贵的工作最终会保留 io 线程的时间超过所需时间,则此设置可能会使性能变差. 测试以确保此设置有助于提高性能.</para></remarks>
    </member>
    <member name="T:Microsoft.AspNetCore.Server.Kestrel.Transport.Sockets.SocketTransportFactory">
      <summary>A factory for socket based connections.<para>基于套接字的连接工厂.</para></summary>
    </member>
    <member name="M:Microsoft.AspNetCore.Server.Kestrel.Transport.Sockets.SocketTransportFactory.#ctor(Microsoft.Extensions.Options.IOptions{Microsoft.AspNetCore.Server.Kestrel.Transport.Sockets.SocketTransportOptions},Microsoft.Extensions.Logging.ILoggerFactory)">
      <summary>Initializes a new instance of the <see cref="T:Microsoft.AspNetCore.Server.Kestrel.Transport.Sockets.SocketTransportFactory" /> class.<para>初始化 <see cref="t:microsoft.aspnetcore.server.kestrel.transport.sockets.sockettransportfactory" /> .class.</para></summary>
      <param name="options">The transport options.<para>运输选项.</para></param>
      <param name="loggerFactory">The logger factory.<para>记录器工厂.</para></param>
    </member>
    <member name="M:Microsoft.AspNetCore.Server.Kestrel.Transport.Sockets.SocketTransportFactory.BindAsync(System.Net.EndPoint,System.Threading.CancellationToken)">
      <inheritdoc />
    </member>
    <member name="T:Microsoft.AspNetCore.Server.Kestrel.Transport.Sockets.SocketTransportOptions">
      <summary>Options for socket based transports.<para>基于套接字的传输选项.</para></summary>
    </member>
    <member name="P:Microsoft.AspNetCore.Server.Kestrel.Transport.Sockets.SocketTransportOptions.IOQueueCount">
      <summary>The number of I/O queues used to process requests. Set to 0 to directly schedule I/O to the ThreadPool.<para>用于处理请求的 i/o 队列数.设置为 0 可直接调度线程池的 i/o.</para></summary>
      <remarks>Defaults to <see cref="P:System.Environment.ProcessorCount" /> rounded down and clamped between 1 and 16.<para>默认值为 <see cref="P:System.Environment.ProcessorCount" />,向下舍入并夹在 1 到 16 之间.</para></remarks>
    </member>
    <member name="P:Microsoft.AspNetCore.Server.Kestrel.Transport.Sockets.SocketTransportOptions.WaitForDataBeforeAllocatingBuffer">
      <summary>Wait until there is data available to allocate a buffer. Setting this to false can increase throughput at the cost of increased memory usage.<para>等到有数据可用于分配缓冲区.将其设置为 false 可以增加吞吐量,但代价是内存使用量增加.</para></summary>
      <remarks>Defaults to true.<para>默认值为 true.</para></remarks>
    </member>
    <member name="P:Microsoft.AspNetCore.Server.Kestrel.Transport.Sockets.SocketTransportOptions.NoDelay">
      <summary>Set to false to enable Nagle's algorithm for all connections.<para>设置为 false 以为所有连接启用 nagle 算法.</para></summary>
      <remarks>Defaults to true.<para>默认值为 true.</para></remarks>
    </member>
    <member name="P:Microsoft.AspNetCore.Server.Kestrel.Transport.Sockets.SocketTransportOptions.Backlog">
      <summary>The maximum length of the pending connection queue.<para>挂起的连接队列的最大长度.</para></summary>
      <remarks>Defaults to 512 pending connections.<para>默认为 512 个挂起的连接.</para></remarks>
    </member>
    <member name="P:Microsoft.AspNetCore.Server.Kestrel.Transport.Sockets.SocketTransportOptions.MaxReadBufferSize">
      <summary>Gets or sets the maximum unconsumed incoming bytes the transport will buffer.
            <para>
            A value of <see langword="null" /> or 0 disables backpressure entirely allowing unlimited buffering.
            Unlimited server buffering is a security risk given untrusted clients.
            </para><para>获取或设置传输将缓冲的最大未使用的传入字节数. <para> 值为 <see langword="null" /> 或 0 完全禁用背压,允许无限缓冲. 对于不受信任的客户端,无限制的服务器缓冲是一种安全风险. </para></para></summary>
      <remarks>Defaults to 1 MiB.<para>默认为 1 mib.</para></remarks>
    </member>
    <member name="P:Microsoft.AspNetCore.Server.Kestrel.Transport.Sockets.SocketTransportOptions.MaxWriteBufferSize">
      <summary>Gets or sets the maximum outgoing bytes the transport will buffer before applying write backpressure.
            <para>
            A value of <see langword="null" /> or 0 disables backpressure entirely allowing unlimited buffering.
            Unlimited server buffering is a security risk given untrusted clients.
            </para><para>获取或设置传输在应用写入背压之前将缓冲的最大传出字节数. <para> 值为 <see langword="null" /> 或 0 完全禁用背压,允许无限缓冲. 对于不受信任的客户端,无限制的服务器缓冲是一种安全风险. </para></para></summary>
      <remarks>Defaults to 64 KiB.<para>默认值为 64 kib.</para></remarks>
    </member>
    <member name="P:Microsoft.AspNetCore.Server.Kestrel.Transport.Sockets.SocketTransportOptions.UnsafePreferInlineScheduling">
      <summary>Inline application and transport continuations instead of dispatching to the threadpool.<para>内联应用程序和传输延续,而不是调度到线程池.</para></summary>
      <remarks>This will run application code on the IO thread which is why this is unsafe.
            It is recommended to set the DOTNET_SYSTEM_NET_SOCKETS_INLINE_COMPLETIONS environment variable to '1' when using this setting to also inline the completions
            at the runtime layer as well.
            This setting can make performance worse if there is expensive work that will end up holding onto the IO thread for longer than needed.
            Test to make sure this setting helps performance.<para>默认为 false.</para></remarks>
      <remarks>Defaults to false.<para>默认为 false.</para></remarks>
    </member>
    <member name="P:Microsoft.AspNetCore.Server.Kestrel.Transport.Sockets.SocketTransportOptions.CreateBoundListenSocket">
      <summary>A function used to create a new <see cref="T:System.Net.Sockets.Socket" /> to listen with. If
            not set, <see cref="M:Microsoft.AspNetCore.Server.Kestrel.Transport.Sockets.SocketTransportOptions.CreateDefaultBoundListenSocket(System.Net.EndPoint)" /> is used.<para>用于创建新的 <see cref="T:System.Net.Sockets.Socket" /> 进行侦听的函数.如果 未设置, <see cref="m:microsoft.aspnetcore.server.kestrel.transport.sockets.sockettransportoptions.createdefaultboundlistensocket（system.net.endpoint）" /> 被使用.</para></summary>
      <remarks>Implementors are expected to call <see cref="M:System.Net.Sockets.Socket.Bind(System.Net.EndPoint)" /> on the
            <see cref="T:System.Net.Sockets.Socket" />. Please note that <see cref="M:Microsoft.AspNetCore.Server.Kestrel.Transport.Sockets.SocketTransportOptions.CreateDefaultBoundListenSocket(System.Net.EndPoint)" />
            calls <see cref="M:System.Net.Sockets.Socket.Bind(System.Net.EndPoint)" /> as part of its implementation, so implementors
            using this method do not need to call it again.<para>默认为 <see cref="m:microsoft.aspnetcore.server.kestrel.transport.sockets.sockettransportoptions.createdefaultboundlistensocket（system.net.endpoint）" /> .</para></remarks>
      <remarks>Defaults to <see cref="M:Microsoft.AspNetCore.Server.Kestrel.Transport.Sockets.SocketTransportOptions.CreateDefaultBoundListenSocket(System.Net.EndPoint)" />.<para>默认为 <see cref="m:microsoft.aspnetcore.server.kestrel.transport.sockets.sockettransportoptions.createdefaultboundlistensocket（system.net.endpoint）" /> .</para></remarks>
    </member>
    <member name="M:Microsoft.AspNetCore.Server.Kestrel.Transport.Sockets.SocketTransportOptions.CreateDefaultBoundListenSocket(System.Net.EndPoint)">
      <summary>Creates a default instance of <see cref="T:System.Net.Sockets.Socket" /> for the given <see cref="T:System.Net.EndPoint" />
            that can be used by a connection listener to listen for inbound requests. <see cref="M:System.Net.Sockets.Socket.Bind(System.Net.EndPoint)" />
            is called by this method.<para>为给定的 <see cref="T:System.Net.EndPoint" /> 创建 <see cref="T:System.Net.Sockets.Socket" /> 的默认实例 连接侦听器可以使用它来侦听入站请求.<see cref="M:System.Net.Sockets.Socket.Bind(System.Net.EndPoint)" /> 通过此方法调用.</para></summary>
      <param name="endpoint">An <see cref="T:System.Net.EndPoint" />.<para>一个 <see cref="T:System.Net.EndPoint" />.</para></param>
      <returns>A <see cref="T:System.Net.Sockets.Socket" /> instance.<para>一个 <see cref="T:System.Net.Sockets.Socket" /> 实例.</para></returns>
    </member>
    <member name="P:Microsoft.AspNetCore.Server.Kestrel.Transport.Sockets.SocketsStrings.OnlyIPEndPointsSupported">
      <summary>Only ListenType.IPEndPoint is supported by the Socket Transport. https://go.microsoft.com/fwlink/?linkid=874850<para>套接字传输仅支持 listentype.ipendpoint.https://go.microsoft.com/fwlink/?linkid=874850</para></summary>
    </member>
    <member name="P:Microsoft.AspNetCore.Server.Kestrel.Transport.Sockets.SocketsStrings.TransportAlreadyBound">
      <summary>Transport is already bound.<para>传输已绑定.</para></summary>
    </member>
    <member name="T:Microsoft.AspNetCore.Hosting.WebHostBuilderSocketExtensions">
      <summary>
        <see cref="T:Microsoft.AspNetCore.Hosting.IWebHostBuilder" /> extension methods to configure the Socket transport to be used by Kestrel.<para><see cref="t:microsoft.aspnetcore.hosting.iwebhostbuilder" /> 用于配置 kestrel 要使用的套接字传输的扩展方法.</para></summary>
    </member>
    <member name="M:Microsoft.AspNetCore.Hosting.WebHostBuilderSocketExtensions.UseSockets(Microsoft.AspNetCore.Hosting.IWebHostBuilder)">
      <summary>Specify Sockets as the transport to be used by Kestrel.<para>将套接字指定为 kestrel 要使用的传输.</para></summary>
      <param name="hostBuilder">The Microsoft.AspNetCore.Hosting.IWebHostBuilder to configure.<para>要配置的microsoft.aspnetcore.hosting.iwebhostbuilder.</para></param>
      <returns>The Microsoft.AspNetCore.Hosting.IWebHostBuilder.<para>microsoft.aspnetcore.hosting.iwebhostbuilder.</para></returns>
    </member>
    <member name="M:Microsoft.AspNetCore.Hosting.WebHostBuilderSocketExtensions.UseSockets(Microsoft.AspNetCore.Hosting.IWebHostBuilder,System.Action{Microsoft.AspNetCore.Server.Kestrel.Transport.Sockets.SocketTransportOptions})">
      <summary>Specify Sockets as the transport to be used by Kestrel.<para>将套接字指定为 kestrel 要使用的传输.</para></summary>
      <param name="hostBuilder">The Microsoft.AspNetCore.Hosting.IWebHostBuilder to configure.<para>要配置的microsoft.aspnetcore.hosting.iwebhostbuilder.</para></param>
      <param name="configureOptions">A callback to configure transport options.<para>用于配置传输选项的回调.</para></param>
      <returns>The Microsoft.AspNetCore.Hosting.IWebHostBuilder.<para>microsoft.aspnetcore.hosting.iwebhostbuilder.</para></returns>
    </member>
    <member name="T:System.Buffers.DiagnosticMemoryPool">
      <summary>Used to allocate and distribute re-usable blocks of memory.<para>用于分配和分发可重用的内存块.</para></summary>
    </member>
    <member name="F:System.Buffers.DiagnosticMemoryPool.AnySize">
      <summary>This default value passed in to Rent to use the default value for the pool.<para>此默认值传入 rent 以使用池的默认值.</para></summary>
    </member>
    <member name="T:System.Buffers.DiagnosticPoolBlock">
      <summary>Block tracking object used by the byte buffer memory pool. A slab is a large allocation which is divided into smaller blocks. The
            individual blocks are then treated as independent array segments.<para>字节缓冲内存池使用的块跟踪对象.板坯是一个大分配,分为较小的块.这 然后将单个块视为独立的数组段.</para></summary>
    </member>
    <member name="F:System.Buffers.DiagnosticPoolBlock._pool">
      <summary>Back-reference to the memory pool which this block was allocated from. It may only be returned to this pool.<para>对从中分配此块的内存池的反向引用.它只能返回到此池中.</para></summary>
    </member>
    <member name="M:System.Buffers.DiagnosticPoolBlock.#ctor(System.Buffers.DiagnosticMemoryPool,System.Buffers.IMemoryOwner{System.Byte})">
      <summary>This object cannot be instantiated outside of the static Create method<para>此对象不能在静态 create 方法外部实例化</para></summary>
    </member>
    <member name="T:System.Buffers.MemoryPoolBlock">
      <summary>Wraps an array allocated in the pinned object heap in a reusable block of managed memory<para>将固定对象堆中分配的数组包装在可重用的托管内存块中</para></summary>
    </member>
    <member name="P:System.Buffers.MemoryPoolBlock.Pool">
      <summary>Back-reference to the memory pool which this block was allocated from. It may only be returned to this pool.<para>对从中分配此块的内存池的反向引用.它只能返回到此池中.</para></summary>
    </member>
    <member name="T:System.Buffers.PinnedBlockMemoryPool">
      <summary>Used to allocate and distribute re-usable blocks of memory.<para>用于分配和分发可重用的内存块.</para></summary>
    </member>
    <member name="F:System.Buffers.PinnedBlockMemoryPool._blockSize">
      <summary>The size of a block. 4096 is chosen because most operating systems use 4k pages.<para>块的大小.选择 4096 是因为大多数操作系统使用 4k 页面.</para></summary>
    </member>
    <member name="P:System.Buffers.PinnedBlockMemoryPool.MaxBufferSize">
      <summary>Max allocation block size for pooled blocks,
            larger values can be leased but they will be disposed after use rather than returned to the pool.<para>池块的最大分配块大小, 较大的价值可以租用,但它们将在使用后处理,而不是返回池中.</para></summary>
    </member>
    <member name="P:System.Buffers.PinnedBlockMemoryPool.BlockSize">
      <summary>The size of a block. 4096 is chosen because most operating systems use 4k pages.<para>块的大小.选择 4096 是因为大多数操作系统使用 4k 页面.</para></summary>
    </member>
    <member name="F:System.Buffers.PinnedBlockMemoryPool._blocks">
      <summary>Thread-safe collection of blocks which are currently in the pool. A slab will pre-allocate all of the block tracking objects
            and add them to this collection. When memory is requested it is taken from here first, and when it is returned it is re-added.<para>当前在池中的块的线程安全集合.板将预先分配所有块跟踪对象 并将它们添加到此集合中.当请求内存时,首先从此处获取内存,当它返回时,将重新添加内存.</para></summary>
    </member>
    <member name="F:System.Buffers.PinnedBlockMemoryPool._isDisposed">
      <summary>This is part of implementing the IDisposable pattern.<para>这是实现 idisposable 模式的一部分.</para></summary>
    </member>
    <member name="F:System.Buffers.PinnedBlockMemoryPool.AnySize">
      <summary>This default value passed in to Rent to use the default value for the pool.<para>此默认值传入 rent 以使用池的默认值.</para></summary>
    </member>
    <member name="M:System.Buffers.PinnedBlockMemoryPool.Return(System.Buffers.MemoryPoolBlock)">
      <summary>Called to return a block to the pool. Once Return has been called the memory no longer belongs to the caller, and
            Very Bad Things will happen if the memory is read of modified subsequently. If a caller fails to call Return and the
            block tracking object is garbage collected, the block tracking object's finalizer will automatically re-create and return
            a new tracking object into the pool. This will only happen if there is a bug in the server, however it is necessary to avoid
            leaving "dead zones" in the slab due to lost block tracking objects.<para>调用以将块返回到池.调用 return 后,内存不再属于调用方,并且 如果随后读取修改的内存,将发生非常糟糕的事情.如果呼叫者未能呼叫 return 并且 块跟踪对象被垃圾回收,块跟踪对象的终结器会自动重新创建并返回 池中的新跟踪对象.仅当服务器中存在错误时,才会发生这种情况,但是有必要避免 由于丢失块跟踪对象,在平板中留下"死区".</para></summary>
      <param name="block">The block to return. It must have been acquired by calling Lease on the same memory pool instance.<para>要返回的块.它必须是通过在同一内存池实例上调用 lease 来获取的.</para></param>
    </member>
  </members>
</doc>