<?xml version="1.0"?>
<doc>
  <assembly>
    <name>Microsoft.AspNetCore.SignalR.Common</name>
  </assembly>
  <members>
    <member name="T:Microsoft.AspNetCore.SignalR.HubException">
      <summary>The exception thrown from a hub when an error occurs.<para>发生错误时从中心引发的异常.</para></summary>
      <remarks>Exceptions often contain sensitive information, such as connection information. Because of this, SignalR does not expose the details
            of exceptions that occur on the server to the client. However, instances of <see cref="T:Microsoft.AspNetCore.SignalR.HubException" /><b>are</b> sent to the client.<para>异常通常包含敏感信息,例如连接信息.因此,signalr 不会公开详细信息 服务器上发生的客户端异常.但是,实例 <see cref="t:microsoft.aspnetcore.signalr.hubexception" /> <b>are</b> 发送到客户端.</para></remarks>
    </member>
    <member name="M:Microsoft.AspNetCore.SignalR.HubException.#ctor">
      <summary>Initializes a new instance of the <see cref="T:Microsoft.AspNetCore.SignalR.HubException" /> class.<para>初始化 <see cref="t:microsoft.aspnetcore.signalr.hubexception" /> .class.</para></summary>
    </member>
    <member name="M:Microsoft.AspNetCore.SignalR.HubException.#ctor(System.String)">
      <summary>Initializes a new instance of the <see cref="T:Microsoft.AspNetCore.SignalR.HubException" /> class
            with a specified error message.<para>初始化 <see cref="t:microsoft.aspnetcore.signalr.hubexception" /> .class 带有指定的错误消息.</para></summary>
      <param name="message">The error message that explains the reason for the exception.<para>解释异常原因的错误消息.</para></param>
    </member>
    <member name="M:Microsoft.AspNetCore.SignalR.HubException.#ctor(System.String,System.Exception)">
      <summary>Initializes a new instance of the <see cref="T:Microsoft.AspNetCore.SignalR.HubException" /> class
            with a specified error message and a reference to the inner exception that is the cause of this exception.<para>初始化 <see cref="t:microsoft.aspnetcore.signalr.hubexception" /> .class 具有指定的错误消息和对导致此异常的内部异常的引用.</para></summary>
      <param name="message">The error message that explains the reason for the exception.<para>解释异常原因的错误消息.</para></param>
      <param name="innerException">The exception that is the cause of the current exception, or <c>null</c> if no inner exception is specified.<para>导致当前异常的异常,如果未指定内部异常,则为 <c>null</c>.</para></param>
    </member>
    <member name="M:Microsoft.AspNetCore.SignalR.HubException.#ctor(System.Runtime.Serialization.SerializationInfo,System.Runtime.Serialization.StreamingContext)">
      <summary>Initializes a new instance of the <see cref="T:Microsoft.AspNetCore.SignalR.HubException" /> class.<para>初始化 <see cref="t:microsoft.aspnetcore.signalr.hubexception" /> .class.</para></summary>
      <param name="info">The <see cref="T:System.Runtime.Serialization.SerializationInfo" /> that holds the serialized object data about the exception being thrown.<para>保存有关引发的异常的序列化对象数据的 <see cref="T:System.Runtime.Serialization.SerializationInfo" />.</para></param>
      <param name="context">The <see cref="T:System.Runtime.Serialization.StreamingContext" /> that contains contextual information about the source or destination.<para>包含有关源或目标的上下文信息的 <see cref="T:System.Runtime.Serialization.StreamingContext" />.</para></param>
      <exception cref="T:System.ArgumentNullException">The <paramref name="info" /> parameter is <c>null</c>.<para><paramref name="info" /> 参数是 <c>null</c>.</para></exception>
      <exception cref="T:System.Runtime.Serialization.SerializationException">The class name is <c>null</c> or <see cref="P:System.Exception.HResult" /> is zero (0).<para>类名为 <c>null</c> 或 <see cref="P:System.Exception.HResult" /> 为零 （0）.</para></exception>
    </member>
    <member name="T:Microsoft.AspNetCore.SignalR.IInvocationBinder">
      <summary>Class used by <see cref="T:Microsoft.AspNetCore.SignalR.Protocol.IHubProtocol" />s to get the <see cref="T:System.Type" />(s) expected by the hub message being deserialized.<para>使用的类 <see cref="t:microsoft.aspnetcore.signalr.protocol.ihubprotocol" /> s 以获取正在反序列化的中心消息所需的 <see cref="T:System.Type" />（s）.</para></summary>
    </member>
    <member name="M:Microsoft.AspNetCore.SignalR.IInvocationBinder.GetReturnType(System.String)">
      <summary>Gets the <see cref="T:System.Type" /> the invocation represented by the <paramref name="invocationId" /> is expected to contain.<para>获取 <paramref name="invocationId" /> 表示的调用应包含的 <see cref="T:System.Type" />.</para></summary>
      <param name="invocationId">The ID of the invocation being received.<para>正在接收的调用的 id.</para></param>
      <returns>The <see cref="T:System.Type" /> the invocation is expected to contain.<para>调用应包含的 <see cref="T:System.Type" />.</para></returns>
    </member>
    <member name="M:Microsoft.AspNetCore.SignalR.IInvocationBinder.GetParameterTypes(System.String)">
      <summary>Gets the list of <see cref="T:System.Type" />s the method represented by <paramref name="methodName" /> takes as arguments.<para>获取 <paramref name="methodName" /> 表示的方法作为参数的 <see cref="T:System.Type" /> 的列表.</para></summary>
      <param name="methodName">The name of the method being called.<para>要调用的方法的名称.</para></param>
      <returns>A list of <see cref="T:System.Type" />s the method takes as arguments.<para>该方法作为参数的 <see cref="T:System.Type" /> 的列表.</para></returns>
    </member>
    <member name="M:Microsoft.AspNetCore.SignalR.IInvocationBinder.GetStreamItemType(System.String)">
      <summary>Gets the <see cref="T:System.Type" /> the stream item is expected to contain.<para>获取流项应包含的 <see cref="T:System.Type" />.</para></summary>
      <param name="streamId">The ID of the stream the stream item is a part of.<para>流项目所属的流的 id.</para></param>
      <returns>The <see cref="T:System.Type" /> of the item the stream contains.<para>流包含的项目的 <see cref="T:System.Type" />.</para></returns>
    </member>
    <member name="M:Microsoft.AspNetCore.SignalR.IInvocationBinder.GetTarget(System.ReadOnlySpan{System.Byte})">
      <summary>Gets the <see cref="T:System.String" /> representation for the target from bytes.<para>从字节中获取目标的 <see cref="T:System.String" /> 表示形式.</para></summary>
      <param name="utf8Bytes">The target name as a utf8 sequence.<para>作为 utf8 序列的目标名称.</para></param>
      <returns>A string that represents the target or null if the target string couldn't be determined.<para>表示目标的字符串,如果无法确定目标字符串,则为 null.</para></returns>
    </member>
    <member name="T:Microsoft.AspNetCore.SignalR.ISignalRBuilder">
      <summary>A builder abstraction for configuring SignalR object instances.<para>用于配置 signalr 对象实例的生成器抽象.</para></summary>
    </member>
    <member name="P:Microsoft.AspNetCore.SignalR.ISignalRBuilder.Services">
      <summary>Gets the builder service collection.<para>获取生成器服务集合.</para></summary>
    </member>
    <member name="T:Microsoft.AspNetCore.SignalR.Protocol.CancelInvocationMessage">
      <summary>The <see cref="T:Microsoft.AspNetCore.SignalR.Protocol.CancelInvocationMessage" /> represents a cancellation of a streaming method.<para>这 <see cref="t:microsoft.aspnetcore.signalr.protocol.cancelinvocationmessage" /> 表示流式处理方法的取消.</para></summary>
    </member>
    <member name="M:Microsoft.AspNetCore.SignalR.Protocol.CancelInvocationMessage.#ctor(System.String)">
      <summary>Initializes a new instance of the <see cref="T:Microsoft.AspNetCore.SignalR.Protocol.CancelInvocationMessage" /> class.<para>初始化 <see cref="t:microsoft.aspnetcore.signalr.protocol.cancelinvocationmessage" /> .class.</para></summary>
      <param name="invocationId">The ID of the hub method invocation being canceled.<para>要取消的中心方法调用的 id.</para></param>
    </member>
    <member name="T:Microsoft.AspNetCore.SignalR.Protocol.CloseMessage">
      <summary>The message sent when closing a connection.<para>关闭连接时发送的消息.</para></summary>
    </member>
    <member name="F:Microsoft.AspNetCore.SignalR.Protocol.CloseMessage.Empty">
      <summary>An empty close message with no error and <see cref="P:Microsoft.AspNetCore.SignalR.Protocol.CloseMessage.AllowReconnect" /> set to <see langword="false" />.<para>一个空的关闭消息,没有错误,并且 <see cref="p:microsoft.aspnetcore.signalr.protocol.closemessage.allowreconnect" /> 设置为 <see langword="false" />.</para></summary>
    </member>
    <member name="P:Microsoft.AspNetCore.SignalR.Protocol.CloseMessage.Error">
      <summary>Gets the optional error message.<para>获取可选错误消息.</para></summary>
    </member>
    <member name="P:Microsoft.AspNetCore.SignalR.Protocol.CloseMessage.AllowReconnect">
      <summary>If <see langword="false" />, clients with automatic reconnects enabled should not attempt to automatically reconnect after receiving the <see cref="T:Microsoft.AspNetCore.SignalR.Protocol.CloseMessage" />.<para>如果 <see langword="false" />,启用了自动重新连接的客户端在收到 <see cref="t:microsoft.aspnetcore.signalr.protocol.closemessage" /> .</para></summary>
    </member>
    <member name="M:Microsoft.AspNetCore.SignalR.Protocol.CloseMessage.#ctor(System.String)">
      <summary>Initializes a new instance of the <see cref="T:Microsoft.AspNetCore.SignalR.Protocol.CloseMessage" /> class with an optional error message and <see cref="P:Microsoft.AspNetCore.SignalR.Protocol.CloseMessage.AllowReconnect" /> set to <see langword="false" />.<para>初始化 <see cref="t:microsoft.aspnetcore.signalr.protocol.closemessage" /> 带有可选错误消息的类和 <see cref="p:microsoft.aspnetcore.signalr.protocol.closemessage.allowreconnect" /> 设置为 <see langword="false" />.</para></summary>
      <param name="error">An optional error message.<para>可选错误消息.</para></param>
    </member>
    <member name="M:Microsoft.AspNetCore.SignalR.Protocol.CloseMessage.#ctor(System.String,System.Boolean)">
      <summary>Initializes a new instance of the <see cref="T:Microsoft.AspNetCore.SignalR.Protocol.CloseMessage" /> class with an optional error message and a <see cref="T:System.Boolean" /> indicating whether or not a client with
            automatic reconnects enabled should attempt to reconnect upon receiving the message.<para>初始化 <see cref="t:microsoft.aspnetcore.signalr.protocol.closemessage" /> 类,带有可选的错误消息和 <see cref="T:System.Boolean" />,指示客户端是否具有 启用自动重新连接应在收到消息后尝试重新连接.</para></summary>
      <param name="error">An optional error message.<para>可选错误消息.</para></param>
      <param name="allowReconnect">
        <see langword="true" />, if client with automatic reconnects enabled should attempt to reconnect after receiving the <see cref="T:Microsoft.AspNetCore.SignalR.Protocol.CloseMessage" />;
            <see langword="false" />, if the client should not try to reconnect whether or not automatic reconnects are enabled.<para><see langword="true" />,如果启用了自动重新连接的客户端应在收到 <see cref="t:microsoft.aspnetcore.signalr.protocol.closemessage" /> ; <see langword="false" />,如果客户端不应尝试重新连接,无论是否启用了自动重新连接.</para></param>
    </member>
    <member name="T:Microsoft.AspNetCore.SignalR.Protocol.CompletionMessage">
      <summary>Represents an invocation that has completed. If there is an error then the invocation didn't complete successfully.<para>表示已完成的调用.如果出现错误,则调用未成功完成.</para></summary>
    </member>
    <member name="P:Microsoft.AspNetCore.SignalR.Protocol.CompletionMessage.Error">
      <summary>Optional error message if the invocation wasn't completed successfully. This must be null if there is a result.<para>调用未成功完成时的可选错误消息.如果有结果,则此值必须为 null.</para></summary>
    </member>
    <member name="P:Microsoft.AspNetCore.SignalR.Protocol.CompletionMessage.Result">
      <summary>Optional result from the invocation. This must be null if there is an error.
            This can also be null if there wasn't a result from the method invocation.<para>调用的可选结果.如果出现错误,则此值必须为 null. 如果方法调用没有结果,这也可以为 null.</para></summary>
    </member>
    <member name="P:Microsoft.AspNetCore.SignalR.Protocol.CompletionMessage.HasResult">
      <summary>Specifies whether the completion contains a result.<para>指定完成是否包含结果.</para></summary>
    </member>
    <member name="M:Microsoft.AspNetCore.SignalR.Protocol.CompletionMessage.#ctor(System.String,System.String,System.Object,System.Boolean)">
      <summary>Constructs a <see cref="T:Microsoft.AspNetCore.SignalR.Protocol.CompletionMessage" />.<para>构造一个 <see cref="t:microsoft.aspnetcore.signalr.protocol.completionmessage" /> .</para></summary>
      <param name="invocationId">The ID of the invocation that has completed.<para>已完成的调用的 id.</para></param>
      <param name="error">An optional error if the invocation failed.<para>调用失败时的可选错误.</para></param>
      <param name="result">An optional result if the invocation returns a result.<para>如果调用返回结果,则为可选结果.</para></param>
      <param name="hasResult">Specifies whether the completion contains a result.<para>指定完成是否包含结果.</para></param>
    </member>
    <member name="M:Microsoft.AspNetCore.SignalR.Protocol.CompletionMessage.ToString">
      <inheritdoc />
    </member>
    <member name="M:Microsoft.AspNetCore.SignalR.Protocol.CompletionMessage.WithError(System.String,System.String)">
      <summary>Constructs a <see cref="T:Microsoft.AspNetCore.SignalR.Protocol.CompletionMessage" /> with an error.<para>构造一个 <see cref="t:microsoft.aspnetcore.signalr.protocol.completionmessage" /> 有错误.</para></summary>
      <param name="invocationId">The ID of the invocation that is being completed.<para>正在完成的调用的 id.</para></param>
      <param name="error">The error that occurred during the invocation.<para>调用期间发生的错误.</para></param>
      <returns>The constructed <see cref="T:Microsoft.AspNetCore.SignalR.Protocol.CompletionMessage" />.<para>构建的 <see cref="t:microsoft.aspnetcore.signalr.protocol.completionmessage" /> .</para></returns>
    </member>
    <member name="M:Microsoft.AspNetCore.SignalR.Protocol.CompletionMessage.WithResult(System.String,System.Object)">
      <summary>Constructs a <see cref="T:Microsoft.AspNetCore.SignalR.Protocol.CompletionMessage" /> with a result.<para>构造一个 <see cref="t:microsoft.aspnetcore.signalr.protocol.completionmessage" /> 结果.</para></summary>
      <param name="invocationId">The ID of the invocation that is being completed.<para>正在完成的调用的 id.</para></param>
      <param name="payload">The result from the invocation.<para>调用的结果.</para></param>
      <returns>The constructed <see cref="T:Microsoft.AspNetCore.SignalR.Protocol.CompletionMessage" />.<para>构建的 <see cref="t:microsoft.aspnetcore.signalr.protocol.completionmessage" /> .</para></returns>
    </member>
    <member name="M:Microsoft.AspNetCore.SignalR.Protocol.CompletionMessage.Empty(System.String)">
      <summary>Constructs a <see cref="T:Microsoft.AspNetCore.SignalR.Protocol.CompletionMessage" /> without an error or result.
            This means the invocation was successful but there is no return value.<para>构造一个 <see cref="t:microsoft.aspnetcore.signalr.protocol.completionmessage" /> 没有错误或结果. 这意味着调用成功,但没有返回值.</para></summary>
      <param name="invocationId">The ID of the invocation that is being completed.<para>正在完成的调用的 id.</para></param>
      <returns>The constructed <see cref="T:Microsoft.AspNetCore.SignalR.Protocol.CompletionMessage" />.<para>构建的 <see cref="t:microsoft.aspnetcore.signalr.protocol.completionmessage" /> .</para></returns>
    </member>
    <member name="T:Microsoft.AspNetCore.SignalR.Protocol.HandshakeProtocol">
      <summary>A helper class for working with SignalR handshakes.<para>用于处理 signalr 握手的帮助程序类.</para></summary>
    </member>
    <member name="M:Microsoft.AspNetCore.SignalR.Protocol.HandshakeProtocol.GetSuccessfulHandshake(Microsoft.AspNetCore.SignalR.Protocol.IHubProtocol)">
      <summary>Gets the bytes of a successful handshake message.<para>获取成功握手消息的字节数.</para></summary>
      <param name="protocol">The protocol being used for the connection.<para>用于连接的协议.</para></param>
      <returns>The bytes of a successful handshake message.<para>成功握手消息的字节数.</para></returns>
    </member>
    <member name="M:Microsoft.AspNetCore.SignalR.Protocol.HandshakeProtocol.WriteRequestMessage(Microsoft.AspNetCore.SignalR.Protocol.HandshakeRequestMessage,System.Buffers.IBufferWriter{System.Byte})">
      <summary>Writes the serialized representation of a <see cref="T:Microsoft.AspNetCore.SignalR.Protocol.HandshakeRequestMessage" /> to the specified writer.<para>写入 <see cref="t:microsoft.aspnetcore.signalr.protocol.handshakerequestmessage" /> 到指定的编写器.</para></summary>
      <param name="requestMessage">The message to write.<para>要写入的消息.</para></param>
      <param name="output">The output writer.<para>输出编写器.</para></param>
    </member>
    <member name="M:Microsoft.AspNetCore.SignalR.Protocol.HandshakeProtocol.WriteResponseMessage(Microsoft.AspNetCore.SignalR.Protocol.HandshakeResponseMessage,System.Buffers.IBufferWriter{System.Byte})">
      <summary>Writes the serialized representation of a <see cref="T:Microsoft.AspNetCore.SignalR.Protocol.HandshakeResponseMessage" /> to the specified writer.<para>写入 <see cref="t:microsoft.aspnetcore.signalr.protocol.handshakeresponsemessage" /> 到指定的编写器.</para></summary>
      <param name="responseMessage">The message to write.<para>要写入的消息.</para></param>
      <param name="output">The output writer.<para>输出编写器.</para></param>
    </member>
    <member name="M:Microsoft.AspNetCore.SignalR.Protocol.HandshakeProtocol.TryParseResponseMessage(System.Buffers.ReadOnlySequence{System.Byte}@,Microsoft.AspNetCore.SignalR.Protocol.HandshakeResponseMessage@)">
      <summary>Creates a new <see cref="T:Microsoft.AspNetCore.SignalR.Protocol.HandshakeResponseMessage" /> from the specified serialized representation.<para>创建一个新的 <see cref="t:microsoft.aspnetcore.signalr.protocol.handshakeresponsemessage" /> 从指定的序列化表示形式.</para></summary>
      <param name="buffer">The serialized representation of the message.<para>消息的序列化表示形式.</para></param>
      <param name="responseMessage">When this method returns, contains the parsed message.<para>此方法返回时,包含已分析的消息.</para></param>
      <returns>A value that is <c>true</c> if the <see cref="T:Microsoft.AspNetCore.SignalR.Protocol.HandshakeResponseMessage" /> was successfully parsed; otherwise, <c>false</c>.<para>一个值为 <c>true</c>,如果 <see cref="t:microsoft.aspnetcore.signalr.protocol.handshakeresponsemessage" /> 已成功解析;否则,<c>false</c>.</para></returns>
    </member>
    <member name="M:Microsoft.AspNetCore.SignalR.Protocol.HandshakeProtocol.TryParseRequestMessage(System.Buffers.ReadOnlySequence{System.Byte}@,Microsoft.AspNetCore.SignalR.Protocol.HandshakeRequestMessage@)">
      <summary>Creates a new <see cref="T:Microsoft.AspNetCore.SignalR.Protocol.HandshakeRequestMessage" /> from the specified serialized representation.<para>创建一个新的 <see cref="t:microsoft.aspnetcore.signalr.protocol.handshakerequestmessage" /> 从指定的序列化表示形式.</para></summary>
      <param name="buffer">The serialized representation of the message.<para>消息的序列化表示形式.</para></param>
      <param name="requestMessage">When this method returns, contains the parsed message.<para>此方法返回时,包含已分析的消息.</para></param>
      <returns>A value that is <c>true</c> if the <see cref="T:Microsoft.AspNetCore.SignalR.Protocol.HandshakeRequestMessage" /> was successfully parsed; otherwise, <c>false</c>.<para>一个值为 <c>true</c>,如果 <see cref="t:microsoft.aspnetcore.signalr.protocol.handshakerequestmessage" /> 已成功解析;否则,<c>false</c>.</para></returns>
    </member>
    <member name="T:Microsoft.AspNetCore.SignalR.Protocol.HandshakeRequestMessage">
      <summary>A handshake request message.<para>握手请求消息.</para></summary>
    </member>
    <member name="M:Microsoft.AspNetCore.SignalR.Protocol.HandshakeRequestMessage.#ctor(System.String,System.Int32)">
      <summary>Initializes a new instance of the <see cref="T:Microsoft.AspNetCore.SignalR.Protocol.HandshakeRequestMessage" /> class.<para>初始化 <see cref="t:microsoft.aspnetcore.signalr.protocol.handshakerequestmessage" /> .class.</para></summary>
      <param name="protocol">The requested protocol name.<para>请求的协议名称.</para></param>
      <param name="version">The requested protocol version.<para>请求的协议版本.</para></param>
    </member>
    <member name="P:Microsoft.AspNetCore.SignalR.Protocol.HandshakeRequestMessage.Protocol">
      <summary>Gets the requested protocol name.<para>获取请求的协议名称.</para></summary>
    </member>
    <member name="P:Microsoft.AspNetCore.SignalR.Protocol.HandshakeRequestMessage.Version">
      <summary>Gets the requested protocol version.<para>获取请求的协议版本.</para></summary>
    </member>
    <member name="T:Microsoft.AspNetCore.SignalR.Protocol.HandshakeResponseMessage">
      <summary>A handshake response message.<para>握手响应消息.</para></summary>
    </member>
    <member name="F:Microsoft.AspNetCore.SignalR.Protocol.HandshakeResponseMessage.Empty">
      <summary>An empty response message with no error.<para>没有错误的空响应消息.</para></summary>
    </member>
    <member name="P:Microsoft.AspNetCore.SignalR.Protocol.HandshakeResponseMessage.Error">
      <summary>Gets the optional error message.<para>获取可选错误消息.</para></summary>
    </member>
    <member name="M:Microsoft.AspNetCore.SignalR.Protocol.HandshakeResponseMessage.#ctor(System.String)">
      <summary>Initializes a new instance of the <see cref="T:Microsoft.AspNetCore.SignalR.Protocol.HandshakeResponseMessage" /> class.
            An error response does need a minor version. Since the handshake has failed, any extra data will be ignored.<para>初始化 <see cref="t:microsoft.aspnetcore.signalr.protocol.handshakeresponsemessage" /> .class. 错误响应确实需要次要版本.由于握手失败,任何额外的数据都将被忽略.</para></summary>
      <param name="error">Error encountered by the server, indicating why the handshake has failed.<para>服务器遇到错误,指示握手失败的原因.</para></param>
    </member>
    <member name="T:Microsoft.AspNetCore.SignalR.Protocol.HubInvocationMessage">
      <summary>A base class for hub messages related to a specific invocation.<para>与特定调用相关的中心消息的基类.</para></summary>
    </member>
    <member name="P:Microsoft.AspNetCore.SignalR.Protocol.HubInvocationMessage.Headers">
      <summary>Gets or sets a name/value collection of headers.<para>获取或设置标头的名称/值集合.</para></summary>
    </member>
    <member name="P:Microsoft.AspNetCore.SignalR.Protocol.HubInvocationMessage.InvocationId">
      <summary>Gets the invocation ID.<para>获取调用 id.</para></summary>
    </member>
    <member name="M:Microsoft.AspNetCore.SignalR.Protocol.HubInvocationMessage.#ctor(System.String)">
      <summary>Initializes a new instance of the <see cref="T:Microsoft.AspNetCore.SignalR.Protocol.HubInvocationMessage" /> class.<para>初始化 <see cref="t:microsoft.aspnetcore.signalr.protocol.hubinvocationmessage" /> .class.</para></summary>
      <param name="invocationId">The invocation ID.<para>调用 id.</para></param>
    </member>
    <member name="T:Microsoft.AspNetCore.SignalR.Protocol.HubMessage">
      <summary>A base class for hub messages.<para>中心消息的基类.</para></summary>
    </member>
    <member name="T:Microsoft.AspNetCore.SignalR.Protocol.HubMethodInvocationMessage">
      <summary>A base class for hub messages representing an invocation.<para>表示调用的中心消息的基类.</para></summary>
    </member>
    <member name="P:Microsoft.AspNetCore.SignalR.Protocol.HubMethodInvocationMessage.Target">
      <summary>Gets the target method name.<para>获取目标方法名称.</para></summary>
    </member>
    <member name="P:Microsoft.AspNetCore.SignalR.Protocol.HubMethodInvocationMessage.Arguments">
      <summary>Gets the target method arguments.<para>获取目标方法参数.</para></summary>
    </member>
    <member name="P:Microsoft.AspNetCore.SignalR.Protocol.HubMethodInvocationMessage.StreamIds">
      <summary>The target methods stream IDs.<para>目标方法流 id.</para></summary>
    </member>
    <member name="M:Microsoft.AspNetCore.SignalR.Protocol.HubMethodInvocationMessage.#ctor(System.String,System.String,System.Object[],System.String[])">
      <summary>Initializes a new instance of the <see cref="T:Microsoft.AspNetCore.SignalR.Protocol.HubMethodInvocationMessage" /> class.<para>初始化 <see cref="t:microsoft.aspnetcore.signalr.protocol.hubmethodinvocationmessage" /> .class.</para></summary>
      <param name="invocationId">The invocation ID.<para>调用 id.</para></param>
      <param name="target">The target method name.<para>目标方法名称.</para></param>
      <param name="arguments">The target method arguments.<para>目标方法参数.</para></param>
      <param name="streamIds">The target methods stream IDs.<para>目标方法流 id.</para></param>
    </member>
    <member name="M:Microsoft.AspNetCore.SignalR.Protocol.HubMethodInvocationMessage.#ctor(System.String,System.String,System.Object[])">
      <summary>Initializes a new instance of the <see cref="T:Microsoft.AspNetCore.SignalR.Protocol.HubMethodInvocationMessage" /> class.<para>初始化 <see cref="t:microsoft.aspnetcore.signalr.protocol.hubmethodinvocationmessage" /> .class.</para></summary>
      <param name="invocationId">The invocation ID.<para>调用 id.</para></param>
      <param name="target">The target method name.<para>目标方法名称.</para></param>
      <param name="arguments">The target method arguments.<para>目标方法参数.</para></param>
    </member>
    <member name="T:Microsoft.AspNetCore.SignalR.Protocol.InvocationMessage">
      <summary>A hub message representing a non-streaming invocation.<para>表示非流式处理调用的中心消息.</para></summary>
    </member>
    <member name="M:Microsoft.AspNetCore.SignalR.Protocol.InvocationMessage.#ctor(System.String,System.Object[])">
      <summary>Initializes a new instance of the <see cref="T:Microsoft.AspNetCore.SignalR.Protocol.InvocationMessage" /> class.<para>初始化 <see cref="t:microsoft.aspnetcore.signalr.protocol.invocationmessage" /> .class.</para></summary>
      <param name="target">The target method name.<para>目标方法名称.</para></param>
      <param name="arguments">The target method arguments.<para>目标方法参数.</para></param>
    </member>
    <member name="M:Microsoft.AspNetCore.SignalR.Protocol.InvocationMessage.#ctor(System.String,System.String,System.Object[])">
      <summary>Initializes a new instance of the <see cref="T:Microsoft.AspNetCore.SignalR.Protocol.InvocationMessage" /> class.<para>初始化 <see cref="t:microsoft.aspnetcore.signalr.protocol.invocationmessage" /> .class.</para></summary>
      <param name="invocationId">The invocation ID.<para>调用 id.</para></param>
      <param name="target">The target method name.<para>目标方法名称.</para></param>
      <param name="arguments">The target method arguments.<para>目标方法参数.</para></param>
    </member>
    <member name="M:Microsoft.AspNetCore.SignalR.Protocol.InvocationMessage.#ctor(System.String,System.String,System.Object[],System.String[])">
      <summary>Initializes a new instance of the <see cref="T:Microsoft.AspNetCore.SignalR.Protocol.InvocationMessage" /> class.<para>初始化 <see cref="t:microsoft.aspnetcore.signalr.protocol.invocationmessage" /> .class.</para></summary>
      <param name="invocationId">The invocation ID.<para>调用 id.</para></param>
      <param name="target">The target method name.<para>目标方法名称.</para></param>
      <param name="arguments">The target method arguments.<para>目标方法参数.</para></param>
      <param name="streamIds">The target methods stream IDs.<para>目标方法流 id.</para></param>
    </member>
    <member name="M:Microsoft.AspNetCore.SignalR.Protocol.InvocationMessage.ToString">
      <inheritdoc />
    </member>
    <member name="T:Microsoft.AspNetCore.SignalR.Protocol.StreamInvocationMessage">
      <summary>A hub message representing a streaming invocation.<para>表示流式处理调用的中心消息.</para></summary>
    </member>
    <member name="M:Microsoft.AspNetCore.SignalR.Protocol.StreamInvocationMessage.#ctor(System.String,System.String,System.Object[])">
      <summary>Initializes a new instance of the <see cref="T:Microsoft.AspNetCore.SignalR.Protocol.StreamInvocationMessage" /> class.<para>初始化 <see cref="t:microsoft.aspnetcore.signalr.protocol.streaminvocationmessage" /> .class.</para></summary>
      <param name="invocationId">The invocation ID.<para>调用 id.</para></param>
      <param name="target">The target method name.<para>目标方法名称.</para></param>
      <param name="arguments">The target method arguments.<para>目标方法参数.</para></param>
    </member>
    <member name="M:Microsoft.AspNetCore.SignalR.Protocol.StreamInvocationMessage.#ctor(System.String,System.String,System.Object[],System.String[])">
      <summary>Initializes a new instance of the <see cref="T:Microsoft.AspNetCore.SignalR.Protocol.StreamInvocationMessage" /> class.<para>初始化 <see cref="t:microsoft.aspnetcore.signalr.protocol.streaminvocationmessage" /> .class.</para></summary>
      <param name="invocationId">The invocation ID.<para>调用 id.</para></param>
      <param name="target">The target method name.<para>目标方法名称.</para></param>
      <param name="arguments">The target method arguments.<para>目标方法参数.</para></param>
      <param name="streamIds">The target methods stream IDs.<para>目标方法流 id.</para></param>
    </member>
    <member name="M:Microsoft.AspNetCore.SignalR.Protocol.StreamInvocationMessage.ToString">
      <inheritdoc />
    </member>
    <member name="T:Microsoft.AspNetCore.SignalR.Protocol.HubProtocolConstants">
      <summary>Constants related to the SignalR hub protocol.<para>与 signalr 中心协议相关的常量.</para></summary>
    </member>
    <member name="F:Microsoft.AspNetCore.SignalR.Protocol.HubProtocolConstants.InvocationMessageType">
      <summary>Represents the invocation message type.<para>表示调用消息类型.</para></summary>
    </member>
    <member name="F:Microsoft.AspNetCore.SignalR.Protocol.HubProtocolConstants.StreamItemMessageType">
      <summary>Represents the stream item message type.<para>表示流项消息类型.</para></summary>
    </member>
    <member name="F:Microsoft.AspNetCore.SignalR.Protocol.HubProtocolConstants.CompletionMessageType">
      <summary>Represents the completion message type.<para>表示完成消息类型.</para></summary>
    </member>
    <member name="F:Microsoft.AspNetCore.SignalR.Protocol.HubProtocolConstants.StreamInvocationMessageType">
      <summary>Represents the stream invocation message type.<para>表示流调用消息类型.</para></summary>
    </member>
    <member name="F:Microsoft.AspNetCore.SignalR.Protocol.HubProtocolConstants.CancelInvocationMessageType">
      <summary>Represents the cancel invocation message type.<para>表示取消调用消息类型.</para></summary>
    </member>
    <member name="F:Microsoft.AspNetCore.SignalR.Protocol.HubProtocolConstants.PingMessageType">
      <summary>Represents the ping message type.<para>表示 ping 消息类型.</para></summary>
    </member>
    <member name="F:Microsoft.AspNetCore.SignalR.Protocol.HubProtocolConstants.CloseMessageType">
      <summary>Represents the close message type.<para>表示关闭消息类型.</para></summary>
    </member>
    <member name="T:Microsoft.AspNetCore.SignalR.Protocol.HubProtocolExtensions">
      <summary>Extension methods for <see cref="T:Microsoft.AspNetCore.SignalR.Protocol.IHubProtocol" />.<para>的扩展方法 <see cref="t:microsoft.aspnetcore.signalr.protocol.ihubprotocol" /> .</para></summary>
    </member>
    <member name="M:Microsoft.AspNetCore.SignalR.Protocol.HubProtocolExtensions.GetMessageBytes(Microsoft.AspNetCore.SignalR.Protocol.IHubProtocol,Microsoft.AspNetCore.SignalR.Protocol.HubMessage)">
      <summary>Converts the specified <see cref="T:Microsoft.AspNetCore.SignalR.Protocol.HubMessage" /> to its serialized representation.<para>转换指定的 <see cref="t:microsoft.aspnetcore.signalr.protocol.hubmessage" /> 到其序列化表示形式.</para></summary>
      <param name="hubProtocol">The hub protocol.<para>中心协议.</para></param>
      <param name="message">The message to convert to bytes.<para>要转换为字节的消息.</para></param>
      <returns>The serialized representation of the specified message.<para>指定消息的序列化表示形式.</para></returns>
    </member>
    <member name="T:Microsoft.AspNetCore.SignalR.Protocol.IHubProtocol">
      <summary>A protocol abstraction for communicating with SignalR hubs.<para>用于与 signalr 中心通信的协议抽象.</para></summary>
    </member>
    <member name="P:Microsoft.AspNetCore.SignalR.Protocol.IHubProtocol.Name">
      <summary>Gets the name of the protocol. The name is used by SignalR to resolve the protocol between the client and server.<para>获取协议的名称.该名称由 signalr 用于解析客户端和服务器之间的协议.</para></summary>
    </member>
    <member name="P:Microsoft.AspNetCore.SignalR.Protocol.IHubProtocol.Version">
      <summary>Gets the major version of the protocol.<para>获取协议的主要版本.</para></summary>
    </member>
    <member name="P:Microsoft.AspNetCore.SignalR.Protocol.IHubProtocol.TransferFormat">
      <summary>Gets the transfer format of the protocol.<para>获取协议的传输格式.</para></summary>
    </member>
    <member name="M:Microsoft.AspNetCore.SignalR.Protocol.IHubProtocol.TryParseMessage(System.Buffers.ReadOnlySequence{System.Byte}@,Microsoft.AspNetCore.SignalR.IInvocationBinder,Microsoft.AspNetCore.SignalR.Protocol.HubMessage@)">
      <summary>Creates a new <see cref="T:Microsoft.AspNetCore.SignalR.Protocol.HubMessage" /> from the specified serialized representation, and using the specified binder.<para>创建一个新的 <see cref="t:microsoft.aspnetcore.signalr.protocol.hubmessage" /> 从指定的序列化表示形式,并使用指定的绑定程序.</para></summary>
      <param name="input">The serialized representation of the message.<para>消息的序列化表示形式.</para></param>
      <param name="binder">The binder used to parse the message.<para>用于解析消息的绑定程序.</para></param>
      <param name="message">When this method returns <c>true</c>, contains the parsed message.<para>当此方法返回 <c>true</c> 时,包含已分析的消息.</para></param>
      <returns>A value that is <c>true</c> if the <see cref="T:Microsoft.AspNetCore.SignalR.Protocol.HubMessage" /> was successfully parsed; otherwise, <c>false</c>.<para>一个值为 <c>true</c>,如果 <see cref="t:microsoft.aspnetcore.signalr.protocol.hubmessage" /> 已成功解析;否则,<c>false</c>.</para></returns>
    </member>
    <member name="M:Microsoft.AspNetCore.SignalR.Protocol.IHubProtocol.WriteMessage(Microsoft.AspNetCore.SignalR.Protocol.HubMessage,System.Buffers.IBufferWriter{System.Byte})">
      <summary>Writes the specified <see cref="T:Microsoft.AspNetCore.SignalR.Protocol.HubMessage" /> to a writer.<para>写入指定的 <see cref="t:microsoft.aspnetcore.signalr.protocol.hubmessage" /> 给作家.</para></summary>
      <param name="message">The message to write.<para>要写入的消息.</para></param>
      <param name="output">The output writer.<para>输出编写器.</para></param>
    </member>
    <member name="M:Microsoft.AspNetCore.SignalR.Protocol.IHubProtocol.GetMessageBytes(Microsoft.AspNetCore.SignalR.Protocol.HubMessage)">
      <summary>Converts the specified <see cref="T:Microsoft.AspNetCore.SignalR.Protocol.HubMessage" /> to its serialized representation.<para>转换指定的 <see cref="t:microsoft.aspnetcore.signalr.protocol.hubmessage" /> 到其序列化表示形式.</para></summary>
      <param name="message">The message to convert.<para>要转换的消息.</para></param>
      <returns>The serialized representation of the message.<para>消息的序列化表示形式.</para></returns>
    </member>
    <member name="M:Microsoft.AspNetCore.SignalR.Protocol.IHubProtocol.IsVersionSupported(System.Int32)">
      <summary>Gets a value indicating whether the protocol supports the specified version.<para>获取一个值,该值指示协议是否支持指定的版本.</para></summary>
      <param name="version">The version.<para>版本.</para></param>
      <returns>A value indicating whether the protocol supports the specified version.<para>指示协议是否支持指定版本的值.</para></returns>
    </member>
    <member name="T:Microsoft.AspNetCore.SignalR.Protocol.InvocationBindingFailureMessage">
      <summary>Represents a failure to bind arguments for an invocation. This does not represent an actual
            message that is sent on the wire, it is returned by <see cref="M:Microsoft.AspNetCore.SignalR.Protocol.IHubProtocol.TryParseMessage(System.Buffers.ReadOnlySequence{System.Byte}@,Microsoft.AspNetCore.SignalR.IInvocationBinder,Microsoft.AspNetCore.SignalR.Protocol.HubMessage@)" />
            to indicate that a binding failure occurred when parsing an invocation. The invocation ID is associated
            so that the error can be sent back to the client, associated with the appropriate invocation ID.<para>表示绑定调用参数失败.这并不代表实际 在网络上发送的消息,由 <see cref="m:microsoft.aspnetcore.signalr.protocol.ihubprotocol.tryparsemessage（system.buffers.readonlysequence{system.byte}@,microsoft.aspnetcore.signalr.iinvocationbinder,microsoft.aspnetcore.signalr.protocol.hubmessage@）" /> 以指示解析调用时发生绑定失败.调用 id 已关联 以便可以将错误发送回客户端,并与相应的调用 id 相关联.</para></summary>
    </member>
    <member name="P:Microsoft.AspNetCore.SignalR.Protocol.InvocationBindingFailureMessage.BindingFailure">
      <summary>Gets the exception thrown during binding.<para>获取绑定期间引发的异常.</para></summary>
    </member>
    <member name="P:Microsoft.AspNetCore.SignalR.Protocol.InvocationBindingFailureMessage.Target">
      <summary>Gets the target method name.<para>获取目标方法名称.</para></summary>
    </member>
    <member name="M:Microsoft.AspNetCore.SignalR.Protocol.InvocationBindingFailureMessage.#ctor(System.String,System.String,System.Runtime.ExceptionServices.ExceptionDispatchInfo)">
      <summary>Initializes a new instance of the <see cref="T:Microsoft.AspNetCore.SignalR.Protocol.InvocationBindingFailureMessage" /> class.<para>初始化 <see cref="t:microsoft.aspnetcore.signalr.protocol.invocationbindingfailuremessage" /> .class.</para></summary>
      <param name="invocationId">The invocation ID.<para>调用 id.</para></param>
      <param name="target">The target method name.<para>目标方法名称.</para></param>
      <param name="bindingFailure">The exception thrown during binding.<para>绑定期间引发的异常.</para></param>
    </member>
    <member name="T:Microsoft.AspNetCore.SignalR.Protocol.PingMessage">
      <summary>A keep-alive message to let the other side of the connection know that the connection is still alive.<para>保持活动状态的消息,让连接的另一端知道连接仍处于活动状态.</para></summary>
    </member>
    <member name="F:Microsoft.AspNetCore.SignalR.Protocol.PingMessage.Instance">
      <summary>A static instance of the PingMessage to remove unneeded allocations.<para>pingmessage 的静态实例,用于删除不需要的分配.</para></summary>
    </member>
    <member name="T:Microsoft.AspNetCore.SignalR.Protocol.RawResult">
      <summary>Type returned to <see cref="T:Microsoft.AspNetCore.SignalR.Protocol.IHubProtocol" /> implementations to let them know the object being deserialized should be
            stored as raw serialized bytes in the format of the protocol being used.<para>类型返回到 <see cref="t:microsoft.aspnetcore.signalr.protocol.ihubprotocol" /> 让他们知道被反序列化的对象应该是 以所用协议的格式存储为原始序列化字节.</para></summary>
      <example>
            In Json that would mean storing the byte representation of ascii {"prop":10} as an example.
            </example>
    </member>
    <member name="M:Microsoft.AspNetCore.SignalR.Protocol.RawResult.#ctor(System.Buffers.ReadOnlySequence{System.Byte})">
      <summary>Stores the raw serialized bytes of a <see cref="P:Microsoft.AspNetCore.SignalR.Protocol.CompletionMessage.Result" /> for forwarding to another server.
            Will copy the passed in bytes to internal storage.<para>存储 <see cref="p:microsoft.aspnetcore.signalr.protocol.completionmessage.result" /> 用于转发到另一台服务器. 将传递的字节复制到内部存储.</para></summary>
      <param name="rawBytes">The raw bytes from the client.<para>来自客户端的原始字节数.</para></param>
    </member>
    <member name="P:Microsoft.AspNetCore.SignalR.Protocol.RawResult.RawSerializedData">
      <summary>The raw serialized bytes from the client.<para>来自客户端的原始序列化字节.</para></summary>
    </member>
    <member name="T:Microsoft.AspNetCore.SignalR.Protocol.StreamBindingFailureMessage">
      <summary>Represents a failure to bind arguments for a StreamDataMessage. This does not represent an actual
            message that is sent on the wire, it is returned by <see cref="M:Microsoft.AspNetCore.SignalR.Protocol.IHubProtocol.TryParseMessage(System.Buffers.ReadOnlySequence{System.Byte}@,Microsoft.AspNetCore.SignalR.IInvocationBinder,Microsoft.AspNetCore.SignalR.Protocol.HubMessage@)" />
            to indicate that a binding failure occurred when parsing a StreamDataMessage. The stream ID is associated
            so that the error can be sent to the relevant hub method.<para>表示绑定流数据消息的参数失败.这并不代表实际 在网络上发送的消息,由 <see cref="m:microsoft.aspnetcore.signalr.protocol.ihubprotocol.tryparsemessage（system.buffers.readonlysequence{system.byte}@,microsoft.aspnetcore.signalr.iinvocationbinder,microsoft.aspnetcore.signalr.protocol.hubmessage@）" /> 以指示在分析流数据消息时发生绑定失败.流 id 已关联 以便可以将错误发送到相关的集线器方法.</para></summary>
    </member>
    <member name="P:Microsoft.AspNetCore.SignalR.Protocol.StreamBindingFailureMessage.Id">
      <summary>Gets the id of the relevant stream<para>获取相关流的 id</para></summary>
    </member>
    <member name="P:Microsoft.AspNetCore.SignalR.Protocol.StreamBindingFailureMessage.BindingFailure">
      <summary>Gets the exception thrown during binding.<para>获取绑定期间引发的异常.</para></summary>
    </member>
    <member name="M:Microsoft.AspNetCore.SignalR.Protocol.StreamBindingFailureMessage.#ctor(System.String,System.Runtime.ExceptionServices.ExceptionDispatchInfo)">
      <summary>Initializes a new instance of the <see cref="T:Microsoft.AspNetCore.SignalR.Protocol.InvocationBindingFailureMessage" /> class.<para>初始化 <see cref="t:microsoft.aspnetcore.signalr.protocol.invocationbindingfailuremessage" /> .class.</para></summary>
      <param name="id">The stream ID.<para>流 id.</para></param>
      <param name="bindingFailure">The exception thrown during binding.<para>绑定期间引发的异常.</para></param>
    </member>
    <member name="T:Microsoft.AspNetCore.SignalR.Protocol.StreamItemMessage">
      <summary>Represents a single item of an active stream.<para>表示活动流的单个项目.</para></summary>
    </member>
    <member name="P:Microsoft.AspNetCore.SignalR.Protocol.StreamItemMessage.Item">
      <summary>The single item from a stream.<para>流中的单个项目.</para></summary>
    </member>
    <member name="M:Microsoft.AspNetCore.SignalR.Protocol.StreamItemMessage.#ctor(System.String,System.Object)">
      <summary>Constructs a <see cref="T:Microsoft.AspNetCore.SignalR.Protocol.StreamItemMessage" />.<para>构造一个 <see cref="t:microsoft.aspnetcore.signalr.protocol.streamitemmessage" /> .</para></summary>
      <param name="invocationId">The ID of the stream.<para>流的 id.</para></param>
      <param name="item">An item from the stream.<para>流中的项目.</para></param>
    </member>
    <member name="M:Microsoft.AspNetCore.SignalR.Protocol.StreamItemMessage.ToString">
      <inheritdoc />
    </member>
    <member name="T:Microsoft.AspNetCore.Internal.MemoryBufferWriter.WrittenBuffers">
      <summary>Holds the written segments from a MemoryBufferWriter and is no longer attached to a MemoryBufferWriter.
            You are now responsible for calling Dispose on this type to return the memory to the pool.<para>保存来自 memorybufferwriter 的写入段,并且不再附加到 memorybufferwriter. 您现在负责在此类型上调用 dispose 以将内存返回到池中.</para></summary>
    </member>
    <member name="T:Microsoft.AspNetCore.Internal.MemoryBufferWriter.CompletedBuffer">
      <summary>Holds a byte[] from the pool and a size value. Basically a Memory but guaranteed to be backed by an ArrayPool byte[], so that we know we can return it.<para>保存池中的字节 [] 和大小值.基本上是一个内存,但保证由 arraypool byte[] 支持,以便我们知道我们可以返回它.</para></summary>
    </member>
  </members>
</doc>