<?xml version="1.0"?>
<doc>
  <assembly>
    <name>Microsoft.AspNetCore.WebSockets</name>
  </assembly>
  <members>
    <member name="T:Microsoft.AspNetCore.WebSockets.ExtendedWebSocketAcceptContext">
      <summary>Extends the <see cref="T:Microsoft.AspNetCore.Http.WebSocketAcceptContext" /> class with additional properties.<para>扩展 <see cref="t:microsoft.aspnetcore.http.websocketacceptcontext" /> 具有附加属性的类.</para></summary>
    </member>
    <member name="P:Microsoft.AspNetCore.WebSockets.ExtendedWebSocketAcceptContext.SubProtocol">
      <inheritdoc />
    </member>
    <member name="P:Microsoft.AspNetCore.WebSockets.ExtendedWebSocketAcceptContext.ReceiveBufferSize">
      <summary>This property is obsolete and has no effect.<para>此属性已过时,不起作用.</para></summary>
    </member>
    <member name="P:Microsoft.AspNetCore.WebSockets.ExtendedWebSocketAcceptContext.KeepAliveInterval">
      <summary>The interval to send pong frames. This is a heart-beat that keeps the connection alive.<para>发送乒乓球帧的间隔.这是保持连接活跃的心跳.</para></summary>
    </member>
    <member name="M:Microsoft.AspNetCore.WebSockets.HandshakeHelpers.IsRequestKeyValid(System.String)">
      <summary>Validates the Sec-WebSocket-Key request header<para>验证 sec-websocket-key 请求标头</para></summary>
      <param name="value">
        <para>
        </para>
      </param>
      <returns>
        <para>
        </para>
      </returns>
    </member>
    <member name="T:Microsoft.AspNetCore.WebSockets.ServerWebSocket">
      <summary>Used in ASP.NET Core to wrap a WebSocket with its associated HttpContext so that when the WebSocket is aborted
            the underlying HttpContext is aborted. All other methods are delegated to the underlying WebSocket.<para>在 core 中使用 asp.net 以包装 websocket 及其关联的 httpcontext,以便在 websocket 中止时 底层 httpcontext 已中止.所有其他方法都委托给基础 websocket.</para></summary>
    </member>
    <member name="F:Microsoft.AspNetCore.WebSockets.WebSocketDeflateConstants.MaxExtensionLength">
      <summary>The maximum length that this extension can have, assuming that we're not using extra white space.
            <para />
            "permessage-deflate; client_max_window_bits=15; client_no_context_takeover; server_max_window_bits=15; server_no_context_takeover"<para>此扩展可以具有的最大长度（假设我们没有使用额外的空格）. &lt;段/&gt; "放气;client_max_window_bits=15;client_no_context_takeover;server_max_window_bits=15;server_no_context_takeover"</para></summary>
    </member>
    <member name="T:Microsoft.AspNetCore.WebSockets.WebSocketMiddleware">
      <summary>Enables accepting WebSocket requests by adding a <see cref="T:Microsoft.AspNetCore.Http.Features.IHttpWebSocketFeature" />
            to the <see cref="T:Microsoft.AspNetCore.Http.HttpContext" /> if the request is a valid WebSocket request.<para>通过添加 <see cref="t:microsoft.aspnetcore.http.features.ihttpwebsocketfeature" /> 到 <see cref="t:microsoft.aspnetcore.http.httpcontext" /> 如果请求是有效的 websocket 请求.</para></summary>
    </member>
    <member name="M:Microsoft.AspNetCore.WebSockets.WebSocketMiddleware.#ctor(Microsoft.AspNetCore.Http.RequestDelegate,Microsoft.Extensions.Options.IOptions{Microsoft.AspNetCore.Builder.WebSocketOptions},Microsoft.Extensions.Logging.ILoggerFactory)">
      <summary>Creates a new instance of the <see cref="T:Microsoft.AspNetCore.WebSockets.WebSocketMiddleware" />.<para>创建 <see cref="t:microsoft.aspnetcore.websockets.websocketmiddleware" /> .</para></summary>
      <param name="next">The next middleware in the pipeline.<para>管道中的下一个中间件.</para></param>
      <param name="options">The configuration options.<para>配置选项.</para></param>
      <param name="loggerFactory">An <see cref="T:Microsoft.Extensions.Logging.ILoggerFactory" /> instance used to create loggers.<para>用于创建记录器的 <see cref="T:Microsoft.Extensions.Logging.ILoggerFactory" /> 实例.</para></param>
    </member>
    <member name="M:Microsoft.AspNetCore.WebSockets.WebSocketMiddleware.Invoke(Microsoft.AspNetCore.Http.HttpContext)">
      <summary>Processes a request to determine if it is a WebSocket request, and if so,
            sets the <see cref="T:Microsoft.AspNetCore.Http.Features.IHttpWebSocketFeature" /> on the <see cref="P:Microsoft.AspNetCore.Http.HttpContext.Features" />.<para>处理请求以确定它是否是 websocket 请求,如果是, 设置 <see cref="t:microsoft.aspnetcore.http.features.ihttpwebsocketfeature" /> 在 <see cref="p:microsoft.aspnetcore.http.httpcontext.features" /> .</para></summary>
      <param name="context">The <see cref="T:Microsoft.AspNetCore.Http.HttpContext" /> representing the request.<para>这 <see cref="t:microsoft.aspnetcore.http.httpcontext" /> 表示请求.</para></param>
      <returns>The <see cref="T:System.Threading.Tasks.Task" /> that represents the completion of the middleware pipeline.<para>表示中间件管道完成的 <see cref="T:System.Threading.Tasks.Task" />.</para></returns>
    </member>
    <member name="T:Microsoft.AspNetCore.WebSockets.WebSocketsDependencyInjectionExtensions">
      <summary>Extension method for <see cref="T:Microsoft.Extensions.DependencyInjection.IServiceCollection" /> to add WebSockets configuration.<para>用于添加 websockets 配置的 <see cref="T:Microsoft.Extensions.DependencyInjection.IServiceCollection" /> 的扩展方法.</para></summary>
    </member>
    <member name="M:Microsoft.AspNetCore.WebSockets.WebSocketsDependencyInjectionExtensions.AddWebSockets(Microsoft.Extensions.DependencyInjection.IServiceCollection,System.Action{Microsoft.AspNetCore.Builder.WebSocketOptions})">
      <summary>Extension method for <see cref="T:Microsoft.Extensions.DependencyInjection.IServiceCollection" /> to add WebSockets configuration.<para>用于添加 websockets 配置的 <see cref="T:Microsoft.Extensions.DependencyInjection.IServiceCollection" /> 的扩展方法.</para></summary>
      <param name="services">The service collection to add WebSockets specific configuration to.<para>要将 websocket 特定配置添加到的服务集合.</para></param>
      <param name="configure">The configuration callback to setup <see cref="T:Microsoft.AspNetCore.Builder.WebSocketOptions" />.<para>安装程序的配置回调 <see cref="t:microsoft.aspnetcore.builder.websocketoptions" /> .</para></param>
      <returns>
        <para>
        </para>
      </returns>
    </member>
    <member name="T:Microsoft.AspNetCore.Builder.WebSocketMiddlewareExtensions">
      <summary>
        <see cref="T:Microsoft.AspNetCore.Builder.IApplicationBuilder" /> extension methods to add and configure <see cref="T:Microsoft.AspNetCore.WebSockets.WebSocketMiddleware" />.<para><see cref="t:microsoft.aspnetcore.builder.iapplicationbuilder" /> 添加和配置的扩展方法 <see cref="t:microsoft.aspnetcore.websockets.websocketmiddleware" /> .</para></summary>
    </member>
    <member name="M:Microsoft.AspNetCore.Builder.WebSocketMiddlewareExtensions.UseWebSockets(Microsoft.AspNetCore.Builder.IApplicationBuilder)">
      <summary>Adds the <see cref="T:Microsoft.AspNetCore.WebSockets.WebSocketMiddleware" /> to the request pipeline.<para>添加 <see cref="t:microsoft.aspnetcore.websockets.websocketmiddleware" /> 到请求管道.</para></summary>
      <param name="app">The <see cref="T:Microsoft.AspNetCore.Builder.IApplicationBuilder" /> to configure.<para>这 <see cref="t:microsoft.aspnetcore.builder.iapplicationbuilder" /> 进行配置.</para></param>
      <returns>The <see cref="T:Microsoft.AspNetCore.Builder.IApplicationBuilder" />.<para>这 <see cref="t:microsoft.aspnetcore.builder.iapplicationbuilder" /> .</para></returns>
    </member>
    <member name="M:Microsoft.AspNetCore.Builder.WebSocketMiddlewareExtensions.UseWebSockets(Microsoft.AspNetCore.Builder.IApplicationBuilder,Microsoft.AspNetCore.Builder.WebSocketOptions)">
      <summary>Adds the <see cref="T:Microsoft.AspNetCore.WebSockets.WebSocketMiddleware" /> to the request pipeline.<para>添加 <see cref="t:microsoft.aspnetcore.websockets.websocketmiddleware" /> 到请求管道.</para></summary>
      <param name="app">The <see cref="T:Microsoft.AspNetCore.Builder.IApplicationBuilder" /> to configure.<para>这 <see cref="t:microsoft.aspnetcore.builder.iapplicationbuilder" /> 进行配置.</para></param>
      <param name="options">The <see cref="T:Microsoft.AspNetCore.Builder.WebSocketOptions" /> to be used for the <see cref="T:Microsoft.AspNetCore.WebSockets.WebSocketMiddleware" />.<para><see cref="t:microsoft.aspnetcore.builder.websocketoptions" /> 用于 <see cref="t:microsoft.aspnetcore.websockets.websocketmiddleware" /> .</para></param>
      <returns>The <see cref="T:Microsoft.AspNetCore.Builder.IApplicationBuilder" />.<para>这 <see cref="t:microsoft.aspnetcore.builder.iapplicationbuilder" /> .</para></returns>
    </member>
    <member name="T:Microsoft.AspNetCore.Builder.WebSocketOptions">
      <summary>Configuration options for the WebSocketMiddleware.<para>websocket 中间件的配置选项.</para></summary>
    </member>
    <member name="M:Microsoft.AspNetCore.Builder.WebSocketOptions.#ctor">
      <summary>Constructs the <see cref="T:Microsoft.AspNetCore.Builder.WebSocketOptions" /> class with default values.<para>构造 <see cref="t:microsoft.aspnetcore.builder.websocketoptions" /> 具有默认值的类.</para></summary>
    </member>
    <member name="P:Microsoft.AspNetCore.Builder.WebSocketOptions.KeepAliveInterval">
      <summary>Gets or sets the frequency at which to send Ping/Pong keep-alive control frames.
            The default is two minutes.<para>获取或设置发送 ping/pong 保持活动状态控制帧的频率. 默认值为两分钟.</para></summary>
    </member>
    <member name="P:Microsoft.AspNetCore.Builder.WebSocketOptions.ReceiveBufferSize">
      <summary>Gets or sets the size of the protocol buffer used to receive and parse frames.
            The default is 4kb.<para>获取或设置用于接收和分析帧的协议缓冲区的大小. 默认值为 4kb.</para></summary>
    </member>
    <member name="P:Microsoft.AspNetCore.Builder.WebSocketOptions.AllowedOrigins">
      <summary>Set the Origin header values allowed for WebSocket requests to prevent Cross-Site WebSocket Hijacking.
            By default all Origins are allowed.<para>设置 websocket 请求允许的源标头值,以防止跨站点 websocket 劫持. 默认情况下,允许所有源.</para></summary>
    </member>
    <member name="M:System.Text.ValueStringBuilder.GetPinnableReference">
      <summary>Get a pinnable reference to the builder.
            Does not ensure there is a null char after <see cref="P:System.Text.ValueStringBuilder.Length" />
            This overload is pattern matched in the C# 7.3+ compiler so you can omit
            the explicit method call, and write eg "fixed (char* c = builder)"<para>获取对生成器的可固定引用. 不确保 <see cref="P:System.Text.ValueStringBuilder.Length" /> 之后有空字符 此重载在 c# 7.3+ 编译器中与模式匹配,因此可以省略 显式方法调用,并编写例如"fixed （char* c=builder）"</para></summary>
    </member>
    <member name="M:System.Text.ValueStringBuilder.GetPinnableReference(System.Boolean)">
      <summary>Get a pinnable reference to the builder.<para>获取对生成器的可固定引用.</para></summary>
      <param name="terminate">Ensures that the builder has a null char after <see cref="P:System.Text.ValueStringBuilder.Length" /><para>确保生成器在 <see cref="P:System.Text.ValueStringBuilder.Length" /></para></param>
    </member>
    <member name="P:System.Text.ValueStringBuilder.RawChars">
      <summary>Returns the underlying storage of the builder.<para>返回生成器的基础存储.</para></summary>
    </member>
    <member name="M:System.Text.ValueStringBuilder.AsSpan(System.Boolean)">
      <summary>Returns a span around the contents of the builder.<para>返回生成器内容周围的范围.</para></summary>
      <param name="terminate">Ensures that the builder has a null char after <see cref="P:System.Text.ValueStringBuilder.Length" /><para>确保生成器在 <see cref="P:System.Text.ValueStringBuilder.Length" /></para></param>
    </member>
    <member name="M:System.Text.ValueStringBuilder.Grow(System.Int32)">
      <summary>Resize the internal buffer either by doubling current buffer size or
            by adding <paramref name="additionalCapacityBeyondPos" /> to
            <see cref="F:System.Text.ValueStringBuilder._pos" /> whichever is greater.<para>通过将当前缓冲区大小加倍或 通过将 <paramref name="additionalCapacityBeyondPos" /> 添加到 <see cref="F:System.Text.ValueStringBuilder._pos" /> 以较大者为准.</para></summary>
      <param name="additionalCapacityBeyondPos">Number of chars requested beyond current position.<para>超出当前位置的请求字符数.</para></param>
    </member>
  </members>
</doc>