<?xml version="1.0"?>
<doc>
  <assembly>
    <name>Microsoft.Extensions.Configuration.Json</name>
  </assembly>
  <members>
    <member name="T:Microsoft.Extensions.Configuration.JsonConfigurationExtensions">
      <summary>Extension methods for adding <see cref="T:Microsoft.Extensions.Configuration.Json.JsonConfigurationProvider" />.<para>用于添加 <see cref="T:Microsoft.Extensions.Configuration.Json.JsonConfigurationProvider" /> 的扩展方法.</para></summary>
    </member>
    <member name="M:Microsoft.Extensions.Configuration.JsonConfigurationExtensions.AddJsonFile(Microsoft.Extensions.Configuration.IConfigurationBuilder,System.String)">
      <summary>Adds the JSON configuration provider at <paramref name="path" /> to <paramref name="builder" />.<para>将 <paramref name="path" /> 处的 json 配置提供程序添加到 <paramref name="builder" />.</para></summary>
      <param name="builder">The <see cref="T:Microsoft.Extensions.Configuration.IConfigurationBuilder" /> to add to.<para>要添加到的 <see cref="T:Microsoft.Extensions.Configuration.IConfigurationBuilder" />.</para></param>
      <param name="path">Path relative to the base path stored in
            <see cref="P:Microsoft.Extensions.Configuration.IConfigurationBuilder.Properties" /> of <paramref name="builder" />.<para>相对于存储在 中的基本路径的路径 <see cref="P:Microsoft.Extensions.Configuration.IConfigurationBuilder.Properties" /> 的 <paramref name="builder" />.</para></param>
      <returns>The <see cref="T:Microsoft.Extensions.Configuration.IConfigurationBuilder" />.<para>的 <see cref="T:Microsoft.Extensions.Configuration.IConfigurationBuilder" />.</para></returns>
    </member>
    <member name="M:Microsoft.Extensions.Configuration.JsonConfigurationExtensions.AddJsonFile(Microsoft.Extensions.Configuration.IConfigurationBuilder,System.String,System.Boolean)">
      <summary>Adds the JSON configuration provider at <paramref name="path" /> to <paramref name="builder" />.<para>将 <paramref name="path" /> 处的 json 配置提供程序添加到 <paramref name="builder" />.</para></summary>
      <param name="builder">The <see cref="T:Microsoft.Extensions.Configuration.IConfigurationBuilder" /> to add to.<para>要添加到的 <see cref="T:Microsoft.Extensions.Configuration.IConfigurationBuilder" />.</para></param>
      <param name="path">Path relative to the base path stored in
            <see cref="P:Microsoft.Extensions.Configuration.IConfigurationBuilder.Properties" /> of <paramref name="builder" />.<para>相对于存储在 中的基本路径的路径 <see cref="P:Microsoft.Extensions.Configuration.IConfigurationBuilder.Properties" /> 的 <paramref name="builder" />.</para></param>
      <param name="optional">Whether the file is optional.<para>文件是否可选.</para></param>
      <returns>The <see cref="T:Microsoft.Extensions.Configuration.IConfigurationBuilder" />.<para>的 <see cref="T:Microsoft.Extensions.Configuration.IConfigurationBuilder" />.</para></returns>
    </member>
    <member name="M:Microsoft.Extensions.Configuration.JsonConfigurationExtensions.AddJsonFile(Microsoft.Extensions.Configuration.IConfigurationBuilder,System.String,System.Boolean,System.Boolean)">
      <summary>Adds the JSON configuration provider at <paramref name="path" /> to <paramref name="builder" />.<para>将 <paramref name="path" /> 处的 json 配置提供程序添加到 <paramref name="builder" />.</para></summary>
      <param name="builder">The <see cref="T:Microsoft.Extensions.Configuration.IConfigurationBuilder" /> to add to.<para>要添加到的 <see cref="T:Microsoft.Extensions.Configuration.IConfigurationBuilder" />.</para></param>
      <param name="path">Path relative to the base path stored in
            <see cref="P:Microsoft.Extensions.Configuration.IConfigurationBuilder.Properties" /> of <paramref name="builder" />.<para>相对于存储在 中的基本路径的路径 <see cref="P:Microsoft.Extensions.Configuration.IConfigurationBuilder.Properties" /> 的 <paramref name="builder" />.</para></param>
      <param name="optional">Whether the file is optional.<para>文件是否可选.</para></param>
      <param name="reloadOnChange">Whether the configuration should be reloaded if the file changes.<para>如果文件发生更改,是否应重新加载配置.</para></param>
      <returns>The <see cref="T:Microsoft.Extensions.Configuration.IConfigurationBuilder" />.<para>的 <see cref="T:Microsoft.Extensions.Configuration.IConfigurationBuilder" />.</para></returns>
    </member>
    <member name="M:Microsoft.Extensions.Configuration.JsonConfigurationExtensions.AddJsonFile(Microsoft.Extensions.Configuration.IConfigurationBuilder,Microsoft.Extensions.FileProviders.IFileProvider,System.String,System.Boolean,System.Boolean)">
      <summary>Adds a JSON configuration source to <paramref name="builder" />.<para>将 json 配置源添加到 <paramref name="builder" />.</para></summary>
      <param name="builder">The <see cref="T:Microsoft.Extensions.Configuration.IConfigurationBuilder" /> to add to.<para>要添加到的 <see cref="T:Microsoft.Extensions.Configuration.IConfigurationBuilder" />.</para></param>
      <param name="provider">The <see cref="T:Microsoft.Extensions.FileProviders.IFileProvider" /> to use to access the file.<para>用于访问文件的 <see cref="T:Microsoft.Extensions.FileProviders.IFileProvider" />.</para></param>
      <param name="path">Path relative to the base path stored in
            <see cref="P:Microsoft.Extensions.Configuration.IConfigurationBuilder.Properties" /> of <paramref name="builder" />.<para>相对于存储在 中的基本路径的路径 <see cref="P:Microsoft.Extensions.Configuration.IConfigurationBuilder.Properties" /> 的 <paramref name="builder" />.</para></param>
      <param name="optional">Whether the file is optional.<para>文件是否可选.</para></param>
      <param name="reloadOnChange">Whether the configuration should be reloaded if the file changes.<para>如果文件发生更改,是否应重新加载配置.</para></param>
      <returns>The <see cref="T:Microsoft.Extensions.Configuration.IConfigurationBuilder" />.<para>的 <see cref="T:Microsoft.Extensions.Configuration.IConfigurationBuilder" />.</para></returns>
    </member>
    <member name="M:Microsoft.Extensions.Configuration.JsonConfigurationExtensions.AddJsonFile(Microsoft.Extensions.Configuration.IConfigurationBuilder,System.Action{Microsoft.Extensions.Configuration.Json.JsonConfigurationSource})">
      <summary>Adds a JSON configuration source to <paramref name="builder" />.<para>将 json 配置源添加到 <paramref name="builder" />.</para></summary>
      <param name="builder">The <see cref="T:Microsoft.Extensions.Configuration.IConfigurationBuilder" /> to add to.<para>要添加到的 <see cref="T:Microsoft.Extensions.Configuration.IConfigurationBuilder" />.</para></param>
      <param name="configureSource">Configures the source.<para>配置源.</para></param>
      <returns>The <see cref="T:Microsoft.Extensions.Configuration.IConfigurationBuilder" />.<para>的 <see cref="T:Microsoft.Extensions.Configuration.IConfigurationBuilder" />.</para></returns>
    </member>
    <member name="M:Microsoft.Extensions.Configuration.JsonConfigurationExtensions.AddJsonStream(Microsoft.Extensions.Configuration.IConfigurationBuilder,System.IO.Stream)">
      <summary>Adds a JSON configuration source to <paramref name="builder" />.<para>将 json 配置源添加到 <paramref name="builder" />.</para></summary>
      <param name="builder">The <see cref="T:Microsoft.Extensions.Configuration.IConfigurationBuilder" /> to add to.<para>要添加到的 <see cref="T:Microsoft.Extensions.Configuration.IConfigurationBuilder" />.</para></param>
      <param name="stream">The <see cref="T:System.IO.Stream" /> to read the json configuration data from.<para>要从中读取 json 配置数据的 <see cref="T:System.IO.Stream" />.</para></param>
      <returns>The <see cref="T:Microsoft.Extensions.Configuration.IConfigurationBuilder" />.<para>的 <see cref="T:Microsoft.Extensions.Configuration.IConfigurationBuilder" />.</para></returns>
    </member>
    <member name="T:Microsoft.Extensions.Configuration.Json.JsonConfigurationProvider">
      <summary>A JSON file based <see cref="T:Microsoft.Extensions.Configuration.FileConfigurationProvider" />.<para>基于 <see cref="T:Microsoft.Extensions.Configuration.FileConfigurationProvider" /> 的 json 文件.</para></summary>
    </member>
    <member name="M:Microsoft.Extensions.Configuration.Json.JsonConfigurationProvider.#ctor(Microsoft.Extensions.Configuration.Json.JsonConfigurationSource)">
      <summary>Initializes a new instance with the specified source.<para>使用指定的源初始化新实例.</para></summary>
      <param name="source">The source settings.<para>源设置.</para></param>
    </member>
    <member name="M:Microsoft.Extensions.Configuration.Json.JsonConfigurationProvider.Load(System.IO.Stream)">
      <summary>Loads the JSON data from a stream.<para>从流加载 json 数据.</para></summary>
      <param name="stream">The stream to read.<para>要读取的流.</para></param>
    </member>
    <member name="T:Microsoft.Extensions.Configuration.Json.JsonConfigurationSource">
      <summary>Represents a JSON file as an <see cref="T:Microsoft.Extensions.Configuration.IConfigurationSource" />.<para>将 json 文件表示为 <see cref="T:Microsoft.Extensions.Configuration.IConfigurationSource" />.</para></summary>
    </member>
    <member name="M:Microsoft.Extensions.Configuration.Json.JsonConfigurationSource.Build(Microsoft.Extensions.Configuration.IConfigurationBuilder)">
      <summary>Builds the <see cref="T:Microsoft.Extensions.Configuration.Json.JsonConfigurationProvider" /> for this source.<para>为此源生成 <see cref="T:Microsoft.Extensions.Configuration.Json.JsonConfigurationProvider" />.</para></summary>
      <param name="builder">The <see cref="T:Microsoft.Extensions.Configuration.IConfigurationBuilder" />.<para>的 <see cref="T:Microsoft.Extensions.Configuration.IConfigurationBuilder" />.</para></param>
      <returns>A <see cref="T:Microsoft.Extensions.Configuration.Json.JsonConfigurationProvider" /><para>a <see cref="T:Microsoft.Extensions.Configuration.Json.JsonConfigurationProvider" /></para></returns>
    </member>
    <member name="T:Microsoft.Extensions.Configuration.Json.JsonStreamConfigurationProvider">
      <summary>Loads configuration key/values from a json stream into a provider.<para>将配置键/值从 json 流加载到提供程序中.</para></summary>
    </member>
    <member name="M:Microsoft.Extensions.Configuration.Json.JsonStreamConfigurationProvider.#ctor(Microsoft.Extensions.Configuration.Json.JsonStreamConfigurationSource)">
      <summary>Constructor.<para>构造 函数.</para></summary>
      <param name="source">The <see cref="T:Microsoft.Extensions.Configuration.Json.JsonStreamConfigurationSource" />.<para>的 <see cref="T:Microsoft.Extensions.Configuration.Json.JsonStreamConfigurationSource" />.</para></param>
    </member>
    <member name="M:Microsoft.Extensions.Configuration.Json.JsonStreamConfigurationProvider.Load(System.IO.Stream)">
      <summary>Loads json configuration key/values from a stream into a provider.<para>将 json 配置键/值从流加载到提供程序中.</para></summary>
      <param name="stream">The json <see cref="T:System.IO.Stream" /> to load configuration data from.<para>要从中加载配置数据的 json <see cref="T:System.IO.Stream" />.</para></param>
    </member>
    <member name="T:Microsoft.Extensions.Configuration.Json.JsonStreamConfigurationSource">
      <summary>Represents a JSON file as an <see cref="T:Microsoft.Extensions.Configuration.IConfigurationSource" />.<para>将 json 文件表示为 <see cref="T:Microsoft.Extensions.Configuration.IConfigurationSource" />.</para></summary>
    </member>
    <member name="M:Microsoft.Extensions.Configuration.Json.JsonStreamConfigurationSource.Build(Microsoft.Extensions.Configuration.IConfigurationBuilder)">
      <summary>Builds the <see cref="T:Microsoft.Extensions.Configuration.Json.JsonStreamConfigurationProvider" /> for this source.<para>为此源生成 <see cref="T:Microsoft.Extensions.Configuration.Json.JsonStreamConfigurationProvider" />.</para></summary>
      <param name="builder">The <see cref="T:Microsoft.Extensions.Configuration.IConfigurationBuilder" />.<para>的 <see cref="T:Microsoft.Extensions.Configuration.IConfigurationBuilder" />.</para></param>
      <returns>An <see cref="T:Microsoft.Extensions.Configuration.Json.JsonStreamConfigurationProvider" /><para>一个 <see cref="T:Microsoft.Extensions.Configuration.Json.JsonStreamConfigurationProvider" /></para></returns>
    </member>
    <member name="M:System.ThrowHelper.ThrowIfNull(System.Object,System.String)">
      <summary>Throws an <see cref="T:System.ArgumentNullException" /> if <paramref name="argument" /> is null.<para>抛出一个 <see cref="t:system.argumentnullexception" /> 如果 <paramref name="argument" /> 为空.</para></summary>
      <param name="argument">The reference type argument to validate as non-null.<para>要验证为非 null 的引用类型参数.</para></param>
      <param name="paramName">The name of the parameter with which <paramref name="argument" /> corresponds.<para><paramref name="argument" /> 对应的参数的名称.</para></param>
    </member>
    <member name="P:System.SR.Error_InvalidFilePath">
      <summary>File path must be a non-empty string.<para>文件路径必须是非空字符串.</para></summary>
    </member>
    <member name="P:System.SR.Error_InvalidTopLevelJSONElement">
      <summary>Top-level JSON element must be an object. Instead, '{0}' was found.<para>顶级 json 元素必须是对象.相反,找到了"{0}".</para></summary>
    </member>
    <member name="P:System.SR.Error_JSONParseError">
      <summary>Could not parse the JSON file.<para>无法解析 json 文件.</para></summary>
    </member>
    <member name="P:System.SR.Error_KeyIsDuplicated">
      <summary>A duplicate key '{0}' was found.<para>找到重复的键"{0}".</para></summary>
    </member>
    <member name="P:System.SR.Error_UnsupportedJSONToken">
      <summary>Unsupported JSON token '{0}' was found.<para>找到不受支持的 json 令牌"{0}".</para></summary>
    </member>
  </members>
</doc>