<?xml version="1.0"?>
<doc>
  <assembly>
    <name>Microsoft.AspNetCore.Antiforgery</name>
  </assembly>
  <members>
    <member name="T:Microsoft.AspNetCore.Antiforgery.AntiforgeryOptions">
      <summary>Provides programmatic configuration for the antiforgery token system.<para>为防伪令牌系统提供编程配置.</para></summary>
    </member>
    <member name="F:Microsoft.AspNetCore.Antiforgery.AntiforgeryOptions.DefaultCookiePrefix">
      <summary>The default cookie prefix, which is ".AspNetCore.Antiforgery.".<para>默认的 cookie 前缀,即".aspnetcore.antiforgery".</para></summary>
    </member>
    <member name="P:Microsoft.AspNetCore.Antiforgery.AntiforgeryOptions.Cookie">
      <summary>Determines the settings used to create the antiforgery cookies.<para>确定用于创建防伪 cookie 的设置.</para></summary>
      <remarks>
        <para>
            If an explicit <see cref="P:Microsoft.AspNetCore.Http.CookieBuilder.Name" /> is not provided, the system will automatically generate a
            unique name that begins with <see cref="F:Microsoft.AspNetCore.Antiforgery.AntiforgeryOptions.DefaultCookiePrefix" />.
            </para>
        <para>
          <see cref="P:Microsoft.AspNetCore.Http.CookieBuilder.SameSite" /> defaults to <see cref="F:Microsoft.AspNetCore.Http.SameSiteMode.Strict" />.
            <see cref="P:Microsoft.AspNetCore.Http.CookieBuilder.HttpOnly" /> defaults to <c>true</c>.
            <see cref="P:Microsoft.AspNetCore.Http.CookieBuilder.IsEssential" /> defaults to <c>true</c>. The cookie used by the antiforgery system
            is part of a security system that is necessary when using cookie-based authentication. It should be
            considered required for the application to function.
            <see cref="P:Microsoft.AspNetCore.Http.CookieBuilder.SecurePolicy" /> defaults to <see cref="F:Microsoft.AspNetCore.Http.CookieSecurePolicy.None" />.
            </para>
        <para>
          <para> 如果显式 <see cref="p:microsoft.aspnetcore.http.cookiebuilder.name" /> 未提供,系统将自动生成一个 以 开头的唯一名称 <see cref="f:microsoft.aspnetcore.antiforgery.antiforgeryoptions.defaultcookieprefix" /> . </para>
          <para> <see cref="p:microsoft.aspnetcore.http.cookiebuilder.samesite" /> 默认为 <see cref="f:microsoft.aspnetcore.http.samesitemode.strict" /> . <see cref="p:microsoft.aspnetcore.http.cookiebuilder.httponly" /> 默认为 <c>true</c>. <see cref="p:microsoft.aspnetcore.http.cookiebuilder.isessential" /> 默认为 <c>true</c>.防伪系统使用的饼干 是使用基于 cookie 的身份验证时必需的安全系统的一部分.它应该是 认为应用程序正常运行是必需的. <see cref="p:microsoft.aspnetcore.http.cookiebuilder.securepolicy" /> 默认为 <see cref="f:microsoft.aspnetcore.http.cookiesecurepolicy.none" /> . </para>
        </para>
      </remarks>
    </member>
    <member name="P:Microsoft.AspNetCore.Antiforgery.AntiforgeryOptions.FormFieldName">
      <summary>Specifies the name of the antiforgery token field that is used by the antiforgery system.<para>指定防伪系统使用的防伪令牌字段的名称.</para></summary>
    </member>
    <member name="P:Microsoft.AspNetCore.Antiforgery.AntiforgeryOptions.HeaderName">
      <summary>Specifies the name of the header value that is used by the antiforgery system. If <c>null</c> then
            antiforgery validation will only consider form data.<para>指定防伪系统使用的标头值的名称.如果 <c>null</c> 则 防伪验证将仅考虑表单数据.</para></summary>
    </member>
    <member name="P:Microsoft.AspNetCore.Antiforgery.AntiforgeryOptions.SuppressXFrameOptionsHeader">
      <summary>Specifies whether to suppress the generation of X-Frame-Options header
            which is used to prevent ClickJacking. By default, the X-Frame-Options
            header is generated with the value SAMEORIGIN. If this setting is 'true',
            the X-Frame-Options header will not be generated for the response.<para>指定是否禁止生成 x 帧选项标头 用于防止点击劫持.默认情况下,x 帧选项 标头使用值 sameorigin 生成.如果此设置为"true"  , 不会为响应生成 x 帧选项标头.</para></summary>
    </member>
    <member name="T:Microsoft.AspNetCore.Antiforgery.AntiforgeryTokenSet">
      <summary>The antiforgery token pair (cookie and request token) for a request.<para>请求的防伪令牌对（cookie 和请求令牌）.</para></summary>
    </member>
    <member name="M:Microsoft.AspNetCore.Antiforgery.AntiforgeryTokenSet.#ctor(System.String,System.String,System.String,System.String)">
      <summary>Creates the antiforgery token pair (cookie and request token) for a request.<para>为请求创建防伪令牌对（cookie 和请求令牌）.</para></summary>
      <param name="requestToken">The token that is supplied in the request.<para>请求中提供的令牌.</para></param>
      <param name="cookieToken">The token that is supplied in the request cookie.<para>请求 cookie 中提供的令牌.</para></param>
      <param name="formFieldName">The name of the form field used for the request token.<para>用于请求令牌的表单字段的名称.</para></param>
      <param name="headerName">The name of the header used for the request token.<para>用于请求令牌的标头的名称.</para></param>
    </member>
    <member name="P:Microsoft.AspNetCore.Antiforgery.AntiforgeryTokenSet.RequestToken">
      <summary>Gets the request token.<para>获取请求令牌.</para></summary>
    </member>
    <member name="P:Microsoft.AspNetCore.Antiforgery.AntiforgeryTokenSet.FormFieldName">
      <summary>Gets the name of the form field used for the request token.<para>获取用于请求令牌的表单域的名称.</para></summary>
    </member>
    <member name="P:Microsoft.AspNetCore.Antiforgery.AntiforgeryTokenSet.HeaderName">
      <summary>Gets the name of the header used for the request token.<para>获取用于请求令牌的标头的名称.</para></summary>
    </member>
    <member name="P:Microsoft.AspNetCore.Antiforgery.AntiforgeryTokenSet.CookieToken">
      <summary>Gets the cookie token.<para>获取饼干令牌.</para></summary>
    </member>
    <member name="T:Microsoft.AspNetCore.Antiforgery.AntiforgeryValidationException">
      <summary>The <see cref="T:System.Exception" /> that is thrown when the antiforgery token validation fails.<para>防伪令牌验证失败时引发的 <see cref="T:System.Exception" />.</para></summary>
    </member>
    <member name="M:Microsoft.AspNetCore.Antiforgery.AntiforgeryValidationException.#ctor(System.String)">
      <summary>Creates a new instance of <see cref="T:Microsoft.AspNetCore.Antiforgery.AntiforgeryValidationException" /> with the specified
            exception message.<para>创建 的新实例 <see cref="t:microsoft.aspnetcore.antiforgery.antiforgeryvalidationexception" /> 与指定的 异常消息.</para></summary>
      <param name="message">The message that describes the error.<para>描述错误的消息.</para></param>
    </member>
    <member name="M:Microsoft.AspNetCore.Antiforgery.AntiforgeryValidationException.#ctor(System.String,System.Exception)">
      <summary>Creates a new instance of <see cref="T:Microsoft.AspNetCore.Antiforgery.AntiforgeryValidationException" /> with the specified
            exception message and inner exception.<para>创建 的新实例 <see cref="t:microsoft.aspnetcore.antiforgery.antiforgeryvalidationexception" /> 与指定的 异常消息和内部异常.</para></summary>
      <param name="message">The message that describes the error.<para>描述错误的消息.</para></param>
      <param name="innerException">The inner <see cref="T:System.Exception" />.<para>内部 <see cref="T:System.Exception" />.</para></param>
    </member>
    <member name="T:Microsoft.AspNetCore.Antiforgery.IAntiforgery">
      <summary>Provides access to the antiforgery system, which provides protection against
            Cross-site Request Forgery (XSRF, also called CSRF) attacks.<para>提供对防伪系统的访问,该系统提供针对 跨站点请求伪造（xsrf,也称为csrf）攻击.</para></summary>
    </member>
    <member name="M:Microsoft.AspNetCore.Antiforgery.IAntiforgery.GetAndStoreTokens(Microsoft.AspNetCore.Http.HttpContext)">
      <summary>Generates an <see cref="T:Microsoft.AspNetCore.Antiforgery.AntiforgeryTokenSet" /> for this request and stores the cookie token
            in the response. This operation also sets the "Cache-control" and "Pragma" headers to "no-cache" and
            the "X-Frame-Options" header to "SAMEORIGIN".<para>生成一个 <see cref="t:microsoft.aspnetcore.antiforgery.antiforgerytokenset" /> 对于此请求并存储 cookie 令牌 在响应中.此操作还将"缓存控制"和"杂注"标头设置为"无缓存"和 "x-frame-options"标题为"sameorigin".</para></summary>
      <param name="httpContext">The <see cref="T:Microsoft.AspNetCore.Http.HttpContext" /> associated with the current request.<para>这 <see cref="t:microsoft.aspnetcore.http.httpcontext" /> 与当前请求关联.</para></param>
      <returns>An <see cref="T:Microsoft.AspNetCore.Antiforgery.AntiforgeryTokenSet" /> with tokens for the response.<para>一 <see cref="t:microsoft.aspnetcore.antiforgery.antiforgerytokenset" /> 带有响应的令牌.</para></returns>
      <remarks>This method has a side effect:
            A response cookie is set if there is no valid cookie associated with the request.<para>此方法有一个副作用: 如果没有与请求关联的有效 cookie,则会设置响应 cookie.</para></remarks>
    </member>
    <member name="M:Microsoft.AspNetCore.Antiforgery.IAntiforgery.GetTokens(Microsoft.AspNetCore.Http.HttpContext)">
      <summary>Generates an <see cref="T:Microsoft.AspNetCore.Antiforgery.AntiforgeryTokenSet" /> for this request.<para>生成一个 <see cref="t:microsoft.aspnetcore.antiforgery.antiforgerytokenset" /> 对于此请求.</para></summary>
      <param name="httpContext">The <see cref="T:Microsoft.AspNetCore.Http.HttpContext" /> associated with the current request.<para>这 <see cref="t:microsoft.aspnetcore.http.httpcontext" /> 与当前请求关联.</para></param>
      <returns>The <see cref="T:Microsoft.AspNetCore.Antiforgery.AntiforgeryTokenSet" /> for this request.<para>这 <see cref="t:microsoft.aspnetcore.antiforgery.antiforgerytokenset" /> 对于此请求.</para></returns>
      <remarks>Unlike <see cref="M:Microsoft.AspNetCore.Antiforgery.IAntiforgery.GetAndStoreTokens(Microsoft.AspNetCore.Http.HttpContext)" />, this method has no side effect. The caller
            is responsible for setting the response cookie and injecting the returned
            form token as appropriate.<para>与 <see cref="m:microsoft.aspnetcore.antiforgery.iantiforgery.getandstoretokens（microsoft.aspnetcore.http.httpcontext）" /> ,此方法没有副作用.调用方 负责设置响应 cookie 并注入返回的 根据需要形成令牌.</para></remarks>
    </member>
    <member name="M:Microsoft.AspNetCore.Antiforgery.IAntiforgery.IsRequestValidAsync(Microsoft.AspNetCore.Http.HttpContext)">
      <summary>Asynchronously returns a value indicating whether the request passes antiforgery validation. If the
            request uses a safe HTTP method (GET, HEAD, OPTIONS, TRACE), the antiforgery token is not validated.<para>异步返回一个值,该值指示请求是否通过防伪验证.如果 请求使用安全的http方法（get,head,options,trace）,防伪令牌不经过验证.</para></summary>
      <param name="httpContext">The <see cref="T:Microsoft.AspNetCore.Http.HttpContext" /> associated with the current request.<para>这 <see cref="t:microsoft.aspnetcore.http.httpcontext" /> 与当前请求关联.</para></param>
      <returns>A <see cref="T:System.Threading.Tasks.Task`1" /> that, when completed, returns <c>true</c> if the request uses a safe HTTP
            method or contains a valid antiforgery token, otherwise returns <c>false</c>.<para>一个 <see cref="T:System.Threading.Tasks.Task`1" />,完成后,如果请求使用安全的 http 返回 <c>true</c> 方法或包含有效的防伪令牌,否则返回 <c>false</c>.</para></returns>
    </member>
    <member name="M:Microsoft.AspNetCore.Antiforgery.IAntiforgery.ValidateRequestAsync(Microsoft.AspNetCore.Http.HttpContext)">
      <summary>Validates an antiforgery token that was supplied as part of the request.<para>验证作为请求的一部分提供的防伪令牌.</para></summary>
      <param name="httpContext">The <see cref="T:Microsoft.AspNetCore.Http.HttpContext" /> associated with the current request.<para>这 <see cref="t:microsoft.aspnetcore.http.httpcontext" /> 与当前请求关联.</para></param>
      <returns>A <see cref="T:System.Threading.Tasks.Task" /> that completes when validation has completed.<para>验证完成后完成的 <see cref="T:System.Threading.Tasks.Task" />.</para></returns>
      <exception cref="T:Microsoft.AspNetCore.Antiforgery.AntiforgeryValidationException">Thrown when the request does not include a valid antiforgery token.<para>当请求不包含有效的防伪令牌时引发.</para></exception>
    </member>
    <member name="M:Microsoft.AspNetCore.Antiforgery.IAntiforgery.SetCookieTokenAndHeader(Microsoft.AspNetCore.Http.HttpContext)">
      <summary>Generates and stores an antiforgery cookie token if one is not available or not valid.<para>生成并存储防伪 cookie 令牌（如果令牌不可用或无效）.</para></summary>
      <param name="httpContext">The <see cref="T:Microsoft.AspNetCore.Http.HttpContext" /> associated with the current request.<para>这 <see cref="t:microsoft.aspnetcore.http.httpcontext" /> 与当前请求关联.</para></param>
    </member>
    <member name="T:Microsoft.AspNetCore.Antiforgery.IAntiforgeryAdditionalDataProvider">
      <summary>Allows providing or validating additional custom data for antiforgery tokens.
            For example, the developer could use this to supply a nonce when the token is
            generated, then validate it when the token is validated.<para>允许为防伪令牌提供或验证其他自定义数据. 例如,开发人员可以使用它来在令牌 生成,然后在验证令牌时对其进行验证.</para></summary>
      <remarks>The antiforgery system already embeds the client's username within the
            generated tokens. This interface provides and consumes <em>supplemental</em>
            data. If an incoming antiforgery token contains supplemental data but no
            additional data provider is configured, the supplemental data will not be
            validated.<para>防伪系统已经将客户的用户名嵌入到 生成的令牌.此接口提供并使用 <em>supplemental</em> 数据.如果传入的防伪令牌包含补充数据,但没有 配置了附加数据提供程序,则不会 验证.</para></remarks>
    </member>
    <member name="M:Microsoft.AspNetCore.Antiforgery.IAntiforgeryAdditionalDataProvider.GetAdditionalData(Microsoft.AspNetCore.Http.HttpContext)">
      <summary>Provides additional data to be stored for the antiforgery tokens generated
            during this request.<para>为生成的防伪令牌提供要存储的其他数据 在此请求期间.</para></summary>
      <param name="context">Information about the current request.<para>有关当前请求的信息.</para></param>
      <returns>Supplemental data to embed within the antiforgery token.<para>要嵌入防伪令牌中的补充数据.</para></returns>
    </member>
    <member name="M:Microsoft.AspNetCore.Antiforgery.IAntiforgeryAdditionalDataProvider.ValidateAdditionalData(Microsoft.AspNetCore.Http.HttpContext,System.String)">
      <summary>Validates additional data that was embedded inside an incoming antiforgery
            token.<para>验证嵌入在传入防伪设备中的其他数据 令 牌.</para></summary>
      <param name="context">Information about the current request.<para>有关当前请求的信息.</para></param>
      <param name="additionalData">Supplemental data that was embedded within the token.<para>令牌中嵌入的补充数据.</para></param>
      <returns>True if the data is valid; false if the data is invalid.<para>如果数据有效,则为 true;如果数据无效,则为 false.</para></returns>
    </member>
    <member name="T:Microsoft.AspNetCore.Antiforgery.AntiforgeryFeature">
      <summary>Used to hold per-request state.<para>用于保存每个请求的状态.</para></summary>
    </member>
    <member name="T:Microsoft.AspNetCore.Antiforgery.DefaultAntiforgery">
      <summary>Provides access to the antiforgery system, which provides protection against
            Cross-site Request Forgery (XSRF, also called CSRF) attacks.<para>提供对防伪系统的访问,该系统提供针对 跨站点请求伪造（xsrf,也称为csrf）攻击.</para></summary>
    </member>
    <member name="M:Microsoft.AspNetCore.Antiforgery.DefaultAntiforgery.GetAndStoreTokens(Microsoft.AspNetCore.Http.HttpContext)">
      <inheritdoc />
    </member>
    <member name="M:Microsoft.AspNetCore.Antiforgery.DefaultAntiforgery.GetTokens(Microsoft.AspNetCore.Http.HttpContext)">
      <inheritdoc />
    </member>
    <member name="M:Microsoft.AspNetCore.Antiforgery.DefaultAntiforgery.IsRequestValidAsync(Microsoft.AspNetCore.Http.HttpContext)">
      <inheritdoc />
    </member>
    <member name="M:Microsoft.AspNetCore.Antiforgery.DefaultAntiforgery.ValidateRequestAsync(Microsoft.AspNetCore.Http.HttpContext)">
      <inheritdoc />
    </member>
    <member name="M:Microsoft.AspNetCore.Antiforgery.DefaultAntiforgery.SetCookieTokenAndHeader(Microsoft.AspNetCore.Http.HttpContext)">
      <inheritdoc />
    </member>
    <member name="M:Microsoft.AspNetCore.Antiforgery.DefaultAntiforgery.SetDoNotCacheHeaders(Microsoft.AspNetCore.Http.HttpContext)">
      <summary>Sets the 'Cache-Control' header to 'no-cache, no-store' and 'Pragma' header to 'no-cache' overriding any user set value.<para>将"缓存控件"标头设置为"无缓存,无存储",将"pragma"标头设置为"无缓存",覆盖任何用户设置的值.</para></summary>
      <param name="httpContext">The <see cref="T:Microsoft.AspNetCore.Http.HttpContext" />.<para>这 <see cref="t:microsoft.aspnetcore.http.httpcontext" /> .</para></param>
    </member>
    <member name="T:Microsoft.AspNetCore.Antiforgery.DefaultAntiforgeryAdditionalDataProvider">
      <summary>A default <see cref="T:Microsoft.AspNetCore.Antiforgery.IAntiforgeryAdditionalDataProvider" /> implementation.<para>默认值 <see cref="t:microsoft.aspnetcore.antiforgery.iantiforgeryadditionaldataprovider" /> 实现.</para></summary>
    </member>
    <member name="M:Microsoft.AspNetCore.Antiforgery.DefaultAntiforgeryAdditionalDataProvider.GetAdditionalData(Microsoft.AspNetCore.Http.HttpContext)">
      <inheritdoc />
    </member>
    <member name="M:Microsoft.AspNetCore.Antiforgery.DefaultAntiforgeryAdditionalDataProvider.ValidateAdditionalData(Microsoft.AspNetCore.Http.HttpContext,System.String)">
      <inheritdoc />
    </member>
    <member name="M:Microsoft.AspNetCore.Antiforgery.DefaultAntiforgeryTokenGenerator.GenerateCookieToken">
      <inheritdoc />
    </member>
    <member name="M:Microsoft.AspNetCore.Antiforgery.DefaultAntiforgeryTokenGenerator.GenerateRequestToken(Microsoft.AspNetCore.Http.HttpContext,Microsoft.AspNetCore.Antiforgery.AntiforgeryToken)">
      <inheritdoc />
    </member>
    <member name="M:Microsoft.AspNetCore.Antiforgery.DefaultAntiforgeryTokenGenerator.IsCookieTokenValid(Microsoft.AspNetCore.Antiforgery.AntiforgeryToken)">
      <inheritdoc />
    </member>
    <member name="M:Microsoft.AspNetCore.Antiforgery.DefaultAntiforgeryTokenGenerator.TryValidateTokenSet(Microsoft.AspNetCore.Http.HttpContext,Microsoft.AspNetCore.Antiforgery.AntiforgeryToken,Microsoft.AspNetCore.Antiforgery.AntiforgeryToken,System.String@)">
      <inheritdoc />
    </member>
    <member name="T:Microsoft.AspNetCore.Antiforgery.DefaultClaimUidExtractor">
      <summary>Default implementation of <see cref="T:Microsoft.AspNetCore.Antiforgery.IClaimUidExtractor" />.<para>默认实现 <see cref="t:microsoft.aspnetcore.antiforgery.iclaimuidextractor" /> .</para></summary>
    </member>
    <member name="M:Microsoft.AspNetCore.Antiforgery.DefaultClaimUidExtractor.ExtractClaimUid(System.Security.Claims.ClaimsPrincipal)">
      <inheritdoc />
    </member>
    <member name="T:Microsoft.AspNetCore.Antiforgery.IAntiforgeryTokenGenerator">
      <summary>Generates and validates antiforgery tokens.<para>生成并验证防伪令牌.</para></summary>
    </member>
    <member name="M:Microsoft.AspNetCore.Antiforgery.IAntiforgeryTokenGenerator.GenerateCookieToken">
      <summary>Generates a new random cookie token.<para>生成新的随机 cookie 令牌.</para></summary>
      <returns>An <see cref="T:Microsoft.AspNetCore.Antiforgery.AntiforgeryToken" />.<para>一 <see cref="t:microsoft.aspnetcore.antiforgery.antiforgerytoken" /> .</para></returns>
    </member>
    <member name="M:Microsoft.AspNetCore.Antiforgery.IAntiforgeryTokenGenerator.GenerateRequestToken(Microsoft.AspNetCore.Http.HttpContext,Microsoft.AspNetCore.Antiforgery.AntiforgeryToken)">
      <summary>Generates a request token corresponding to <paramref name="cookieToken" />.<para>生成与 <paramref name="cookieToken" /> 对应的请求令牌.</para></summary>
      <param name="httpContext">The <see cref="T:Microsoft.AspNetCore.Http.HttpContext" /> associated with the current request.<para>这 <see cref="t:microsoft.aspnetcore.http.httpcontext" /> 与当前请求关联.</para></param>
      <param name="cookieToken">A valid cookie token.<para>有效的 cookie 令牌.</para></param>
      <returns>An <see cref="T:Microsoft.AspNetCore.Antiforgery.AntiforgeryToken" />.<para>一 <see cref="t:microsoft.aspnetcore.antiforgery.antiforgerytoken" /> .</para></returns>
    </member>
    <member name="M:Microsoft.AspNetCore.Antiforgery.IAntiforgeryTokenGenerator.IsCookieTokenValid(Microsoft.AspNetCore.Antiforgery.AntiforgeryToken)">
      <summary>Attempts to validate a cookie token.<para>尝试验证 cookie 令牌.</para></summary>
      <param name="cookieToken">A valid cookie token.<para>有效的 cookie 令牌.</para></param>
      <returns>
        <c>true</c> if the cookie token is valid, otherwise <c>false</c>.<para><c>true</c> 如果 cookie 令牌有效,否则 <c>false</c>.</para></returns>
    </member>
    <member name="M:Microsoft.AspNetCore.Antiforgery.IAntiforgeryTokenGenerator.TryValidateTokenSet(Microsoft.AspNetCore.Http.HttpContext,Microsoft.AspNetCore.Antiforgery.AntiforgeryToken,Microsoft.AspNetCore.Antiforgery.AntiforgeryToken,System.String@)">
      <summary>Attempts to validate a cookie and request token set for the given <paramref name="httpContext" />.<para>尝试验证 cookie 并为给定的 <paramref name="httpContext" /> 请求令牌集.</para></summary>
      <param name="httpContext">The <see cref="T:Microsoft.AspNetCore.Http.HttpContext" /> associated with the current request.<para>这 <see cref="t:microsoft.aspnetcore.http.httpcontext" /> 与当前请求关联.</para></param>
      <param name="cookieToken">A cookie token.<para>一个饼干令牌.</para></param>
      <param name="requestToken">A request token.<para>请求令牌.如果令牌无效,</para></param>
      <param name="message">Will be set to the validation message if the tokens are invalid, otherwise <c>null</c>.<para>将设置为验证消息,否则为 <c>null</c>.</para></param>
      <returns>
        <c>true</c> if the tokens are valid, otherwise <c>false</c>.<para><c>true</c> 如果令牌有效,否则为 <c>false</c>.</para></returns>
    </member>
    <member name="M:Microsoft.AspNetCore.Antiforgery.IAntiforgeryTokenStore.GetRequestTokensAsync(Microsoft.AspNetCore.Http.HttpContext)">
      <summary>Gets the cookie and request tokens from the request.<para>获取 cookie 并从请求中请求令牌.</para></summary>
      <param name="httpContext">The <see cref="T:Microsoft.AspNetCore.Http.HttpContext" /> for the current request.<para>这 <see cref="t:microsoft.aspnetcore.http.httpcontext" /> 对于当前请求.</para></param>
      <returns>The <see cref="T:Microsoft.AspNetCore.Antiforgery.AntiforgeryTokenSet" />.<para>这 <see cref="t:microsoft.aspnetcore.antiforgery.antiforgerytokenset" /> .</para></returns>
    </member>
    <member name="T:Microsoft.AspNetCore.Antiforgery.IClaimUidExtractor">
      <summary>This interface can extract unique identifers for a <see cref="T:System.Security.Claims.ClaimsPrincipal" />.<para>此接口可以提取 <see cref="T:System.Security.Claims.ClaimsPrincipal" /> 的唯一标识符.</para></summary>
    </member>
    <member name="M:Microsoft.AspNetCore.Antiforgery.IClaimUidExtractor.ExtractClaimUid(System.Security.Claims.ClaimsPrincipal)">
      <summary>Extracts claims identifier.<para>提取声明标识符.</para></summary>
      <param name="claimsPrincipal">The <see cref="T:System.Security.Claims.ClaimsPrincipal" />.<para>的 <see cref="T:System.Security.Claims.ClaimsPrincipal" />.</para></param>
      <returns>The claims identifier.<para>声明标识符.</para></returns>
    </member>
    <member name="P:Microsoft.AspNetCore.Antiforgery.Resources.AntiforgeryTokenValidator_AuthenticatedUserWithoutUsername">
      <summary>The provided identity of type '{0}' is marked {1} = {2} but does not have a value for {3}. By default, the antiforgery system requires that all authenticated identities have a unique {3}. If it is not possible to provide a unique {3} for this identity, con ...<para>提供的类型为"{0}"的标识标记为 {1}={2},但没有 {3} 的值.默认情况下,防伪系统要求所有经过身份验证的身份都具有唯一的{3}.如果无法为此标识提供唯一的{3},则...</para></summary>
    </member>
    <member name="M:Microsoft.AspNetCore.Antiforgery.Resources.FormatAntiforgeryTokenValidator_AuthenticatedUserWithoutUsername(System.Object,System.Object,System.Object,System.Object,System.Object,System.Object)">
      <summary>The provided identity of type '{0}' is marked {1} = {2} but does not have a value for {3}. By default, the antiforgery system requires that all authenticated identities have a unique {3}. If it is not possible to provide a unique {3} for this identity, con ...<para>提供的类型为"{0}"的标识标记为 {1}={2},但没有 {3} 的值.默认情况下,防伪系统要求所有经过身份验证的身份都具有唯一的{3}.如果无法为此标识提供唯一的{3},则...</para></summary>
    </member>
    <member name="P:Microsoft.AspNetCore.Antiforgery.Resources.AntiforgeryToken_AdditionalDataCheckFailed">
      <summary>The provided antiforgery token failed a custom data check.<para>提供的防伪令牌未通过自定义数据检查.</para></summary>
    </member>
    <member name="P:Microsoft.AspNetCore.Antiforgery.Resources.AntiforgeryToken_ClaimUidMismatch">
      <summary>The provided antiforgery token was meant for a different claims-based user than the current user.<para>提供的防伪令牌适用于与当前用户不同的基于声明的用户.</para></summary>
    </member>
    <member name="P:Microsoft.AspNetCore.Antiforgery.Resources.AntiforgeryToken_DeserializationFailed">
      <summary>The antiforgery token could not be decrypted.<para>无法解密防伪令牌.</para></summary>
    </member>
    <member name="P:Microsoft.AspNetCore.Antiforgery.Resources.AntiforgeryToken_SecurityTokenMismatch">
      <summary>The antiforgery cookie token and request token do not match.<para>防伪 cookie 令牌和请求令牌不匹配.</para></summary>
    </member>
    <member name="P:Microsoft.AspNetCore.Antiforgery.Resources.AntiforgeryToken_TokensSwapped">
      <summary>Validation of the provided antiforgery token failed. The cookie token and the request token were swapped.<para>验证提供的防伪令牌失败.交换了 cookie 令牌和请求令牌.</para></summary>
    </member>
    <member name="P:Microsoft.AspNetCore.Antiforgery.Resources.AntiforgeryToken_UnableToReadRequest">
      <summary>Unable to read the antiforgery request token from the posted form.<para>无法从发布的表单中读取防伪请求令牌.</para></summary>
    </member>
    <member name="P:Microsoft.AspNetCore.Antiforgery.Resources.AntiforgeryToken_UsernameMismatch">
      <summary>The provided antiforgery token was meant for user "{0}", but the current user is "{1}".<para>提供的防伪令牌适用于用户"{0}",但当前用户为"{1}".</para></summary>
    </member>
    <member name="M:Microsoft.AspNetCore.Antiforgery.Resources.FormatAntiforgeryToken_UsernameMismatch(System.Object,System.Object)">
      <summary>The provided antiforgery token was meant for user "{0}", but the current user is "{1}".<para>提供的防伪令牌适用于用户"{0}",但当前用户为"{1}".</para></summary>
    </member>
    <member name="P:Microsoft.AspNetCore.Antiforgery.Resources.Antiforgery_CookieToken_IsInvalid">
      <summary>The antiforgery cookie token is invalid.<para>防伪 cookie 令牌无效.</para></summary>
    </member>
    <member name="P:Microsoft.AspNetCore.Antiforgery.Resources.Antiforgery_CookieToken_MustBeProvided">
      <summary>The required antiforgery cookie "{0}" is not present.<para>所需的防伪饼干"{0}"不存在.</para></summary>
    </member>
    <member name="M:Microsoft.AspNetCore.Antiforgery.Resources.FormatAntiforgery_CookieToken_MustBeProvided(System.Object)">
      <summary>The required antiforgery cookie "{0}" is not present.<para>所需的防伪饼干"{0}"不存在.</para></summary>
    </member>
    <member name="P:Microsoft.AspNetCore.Antiforgery.Resources.Antiforgery_CookieToken_MustBeProvided_Generic">
      <summary>The required antiforgery cookie token must be provided.<para>必须提供所需的防伪 cookie 令牌.</para></summary>
    </member>
    <member name="P:Microsoft.AspNetCore.Antiforgery.Resources.Antiforgery_FormToken_MustBeProvided">
      <summary>The required antiforgery form field "{0}" is not present.<para>所需的防伪表单字段"{0}"不存在.</para></summary>
    </member>
    <member name="M:Microsoft.AspNetCore.Antiforgery.Resources.FormatAntiforgery_FormToken_MustBeProvided(System.Object)">
      <summary>The required antiforgery form field "{0}" is not present.<para>所需的防伪表单字段"{0}"不存在.</para></summary>
    </member>
    <member name="P:Microsoft.AspNetCore.Antiforgery.Resources.Antiforgery_HeaderToken_MustBeProvided">
      <summary>The required antiforgery header value "{0}" is not present.<para>所需的防伪标头值"{0}"不存在.</para></summary>
    </member>
    <member name="M:Microsoft.AspNetCore.Antiforgery.Resources.FormatAntiforgery_HeaderToken_MustBeProvided(System.Object)">
      <summary>The required antiforgery header value "{0}" is not present.<para>所需的防伪标头值"{0}"不存在.</para></summary>
    </member>
    <member name="P:Microsoft.AspNetCore.Antiforgery.Resources.Antiforgery_RequestToken_MustBeProvided">
      <summary>The required antiforgery request token was not provided in either form field "{0}" or header value "{1}".<para>表单字段"{0}"或标头值"{1}"中均未提供所需的防伪请求令牌.</para></summary>
    </member>
    <member name="M:Microsoft.AspNetCore.Antiforgery.Resources.FormatAntiforgery_RequestToken_MustBeProvided(System.Object,System.Object)">
      <summary>The required antiforgery request token was not provided in either form field "{0}" or header value "{1}".<para>表单字段"{0}"或标头值"{1}"中均未提供所需的防伪请求令牌.</para></summary>
    </member>
    <member name="P:Microsoft.AspNetCore.Antiforgery.Resources.Antiforgery_RequestToken_MustBeProvided_Generic">
      <summary>The required antiforgery request token must be provided.<para>必须提供所需的防伪请求令牌.</para></summary>
    </member>
    <member name="P:Microsoft.AspNetCore.Antiforgery.Resources.Antiforgery_RequiresSSL">
      <summary>The antiforgery system has the configuration value {optionName} = {value}, but the current request is not an SSL request.<para>防伪系统的配置值为 {optionname}={value},但当前请求不是 ssl 请求.</para></summary>
    </member>
    <member name="M:Microsoft.AspNetCore.Antiforgery.Resources.FormatAntiforgery_RequiresSSL(System.Object,System.Object)">
      <summary>The antiforgery system has the configuration value {optionName} = {value}, but the current request is not an SSL request.<para>防伪系统的配置值为 {optionname}={value},但当前请求不是 ssl 请求.</para></summary>
    </member>
    <member name="P:Microsoft.AspNetCore.Antiforgery.Resources.ArgumentCannotBeNullOrEmpty">
      <summary>Value cannot be null or empty.<para>值不能为空或空.</para></summary>
    </member>
    <member name="T:Microsoft.Extensions.DependencyInjection.AntiforgeryServiceCollectionExtensions">
      <summary>Extension methods for setting up antiforgery services in an <see cref="T:Microsoft.Extensions.DependencyInjection.IServiceCollection" />.<para>用于在 <see cref="T:Microsoft.Extensions.DependencyInjection.IServiceCollection" /> 中设置防伪服务的扩展方法.</para></summary>
    </member>
    <member name="M:Microsoft.Extensions.DependencyInjection.AntiforgeryServiceCollectionExtensions.AddAntiforgery(Microsoft.Extensions.DependencyInjection.IServiceCollection)">
      <summary>Adds antiforgery services to the specified <see cref="T:Microsoft.Extensions.DependencyInjection.IServiceCollection" />.<para>将防伪服务添加到指定的 <see cref="T:Microsoft.Extensions.DependencyInjection.IServiceCollection" />.</para></summary>
      <param name="services">The <see cref="T:Microsoft.Extensions.DependencyInjection.IServiceCollection" /> to add services to.<para>要向其添加服务的 <see cref="T:Microsoft.Extensions.DependencyInjection.IServiceCollection" />.</para></param>
      <returns>The <see cref="T:Microsoft.Extensions.DependencyInjection.IServiceCollection" /> so that additional calls can be chained.<para><see cref="T:Microsoft.Extensions.DependencyInjection.IServiceCollection" />,以便可以链接其他调用.</para></returns>
    </member>
    <member name="M:Microsoft.Extensions.DependencyInjection.AntiforgeryServiceCollectionExtensions.AddAntiforgery(Microsoft.Extensions.DependencyInjection.IServiceCollection,System.Action{Microsoft.AspNetCore.Antiforgery.AntiforgeryOptions})">
      <summary>Adds antiforgery services to the specified <see cref="T:Microsoft.Extensions.DependencyInjection.IServiceCollection" />.<para>将防伪服务添加到指定的 <see cref="T:Microsoft.Extensions.DependencyInjection.IServiceCollection" />.</para></summary>
      <param name="services">The <see cref="T:Microsoft.Extensions.DependencyInjection.IServiceCollection" /> to add services to.<para>要向其添加服务的 <see cref="T:Microsoft.Extensions.DependencyInjection.IServiceCollection" />.</para></param>
      <param name="setupAction">An <see cref="T:System.Action`1" /> to configure the provided <see cref="T:Microsoft.AspNetCore.Antiforgery.AntiforgeryOptions" />.<para>一个 <see cref="t:system.action`1" /> 配置提供的 <see cref="t:microsoft.aspnetcore.antiforgery.antiforgeryoptions" /> .</para></param>
      <returns>The <see cref="T:Microsoft.Extensions.DependencyInjection.IServiceCollection" /> so that additional calls can be chained.<para><see cref="T:Microsoft.Extensions.DependencyInjection.IServiceCollection" />,以便可以链接其他调用.</para></returns>
    </member>
  </members>
</doc>