<?xml version="1.0"?>
<doc>
  <assembly>
    <name>Microsoft.AspNetCore.Diagnostics.Abstractions</name>
  </assembly>
  <members>
    <member name="T:Microsoft.AspNetCore.Diagnostics.CompilationFailure">
      <summary>Describes a failure compiling a specific file.<para>描述编译特定文件失败.</para></summary>
    </member>
    <member name="M:Microsoft.AspNetCore.Diagnostics.CompilationFailure.#ctor(System.String,System.String,System.String,System.Collections.Generic.IEnumerable{Microsoft.AspNetCore.Diagnostics.DiagnosticMessage})">
      <summary>Initializes a new instance of <see cref="T:Microsoft.AspNetCore.Diagnostics.CompilationFailure" />.<para>初始化 的新实例 <see cref="t:microsoft.aspnetcore.diagnostics.compilationfailure" /> .</para></summary>
      <param name="sourceFilePath">Path for the file that produced the compilation failure.<para>导致编译失败的文件的路径.</para></param>
      <param name="sourceFileContent">Contents of the file being compiled.<para>正在编译的文件的内容.</para></param>
      <param name="compiledContent">For templated languages (such as Asp.Net Core Razor), the generated content.<para>对于模板化语言（例如 asp.net core razor）,生成的内容.</para></param>
      <param name="messages">One or or more <see cref="T:Microsoft.AspNetCore.Diagnostics.DiagnosticMessage" /> instances.<para>一个或多个 <see cref="t:microsoft.aspnetcore.diagnostics.diagnosticmessage" /> 实例.</para></param>
    </member>
    <member name="M:Microsoft.AspNetCore.Diagnostics.CompilationFailure.#ctor(System.String,System.String,System.String,System.Collections.Generic.IEnumerable{Microsoft.AspNetCore.Diagnostics.DiagnosticMessage},System.String)">
      <summary>Initializes a new instance of <see cref="T:Microsoft.AspNetCore.Diagnostics.CompilationFailure" />.<para>初始化 的新实例 <see cref="t:microsoft.aspnetcore.diagnostics.compilationfailure" /> .</para></summary>
      <param name="sourceFilePath">Path for the file that produced the compilation failure.<para>导致编译失败的文件的路径.</para></param>
      <param name="sourceFileContent">Contents of the file being compiled.<para>正在编译的文件的内容.</para></param>
      <param name="compiledContent">For templated languages (such as Asp.Net Core Razor), the generated content.<para>对于模板化语言（例如 asp.net core razor）,生成的内容.</para></param>
      <param name="messages">One or or more <see cref="T:Microsoft.AspNetCore.Diagnostics.DiagnosticMessage" /> instances.<para>一个或多个 <see cref="t:microsoft.aspnetcore.diagnostics.diagnosticmessage" /> 实例.</para></param>
      <param name="failureSummary">Summary message or instructions to fix the failure.<para>用于修复故障的摘要消息或说明.</para></param>
    </member>
    <member name="P:Microsoft.AspNetCore.Diagnostics.CompilationFailure.SourceFilePath">
      <summary>Path of the file that produced the compilation failure.<para>导致编译失败的文件的路径.</para></summary>
    </member>
    <member name="P:Microsoft.AspNetCore.Diagnostics.CompilationFailure.SourceFileContent">
      <summary>Contents of the file.<para>文件的内容.</para></summary>
    </member>
    <member name="P:Microsoft.AspNetCore.Diagnostics.CompilationFailure.CompiledContent">
      <summary>Contents being compiled.<para>正在编译的内容.</para></summary>
      <remarks>For templated files, the <see cref="P:Microsoft.AspNetCore.Diagnostics.CompilationFailure.SourceFileContent" /> represents the original content and
            <see cref="P:Microsoft.AspNetCore.Diagnostics.CompilationFailure.CompiledContent" /> represents the transformed content. This property can be null if
            the exception is encountered during transformation.<para>对于模板化文件, <see cref="p:microsoft.aspnetcore.diagnostics.compilationfailure.sourcefilecontent" /> 代表原始内容和 <see cref="p:microsoft.aspnetcore.diagnostics.compilationfailure.compiledcontent" /> 表示转换后的内容.如果 转换过程中遇到异常.</para></remarks>
    </member>
    <member name="P:Microsoft.AspNetCore.Diagnostics.CompilationFailure.Messages">
      <summary>Gets a sequence of <see cref="T:Microsoft.AspNetCore.Diagnostics.DiagnosticMessage" /> produced as a result of compilation.<para>获取 <see cref="t:microsoft.aspnetcore.diagnostics.diagnosticmessage" /> 作为汇编的结果产生.</para></summary>
    </member>
    <member name="P:Microsoft.AspNetCore.Diagnostics.CompilationFailure.FailureSummary">
      <summary>Summary message or instructions to fix the failure.<para>用于修复故障的摘要消息或说明.</para></summary>
    </member>
    <member name="T:Microsoft.AspNetCore.Diagnostics.DiagnosticMessage">
      <summary>A single diagnostic message.<para>一条诊断消息.</para></summary>
    </member>
    <member name="M:Microsoft.AspNetCore.Diagnostics.DiagnosticMessage.#ctor(System.String,System.String,System.String,System.Int32,System.Int32,System.Int32,System.Int32)">
      <summary>Initializes a new instance of <see cref="T:Microsoft.AspNetCore.Diagnostics.DiagnosticMessage" />.<para>初始化 的新实例 <see cref="t:microsoft.aspnetcore.diagnostics.diagnosticmessage" /> .</para></summary>
      <param name="message">The error message.<para>错误消息.</para></param>
      <param name="formattedMessage">The formatted error message.<para>格式化的错误消息.</para></param>
      <param name="filePath">The path of the file that produced the message.<para>生成消息的文件的路径.</para></param>
      <param name="startLine">The one-based line index for the start of the compilation error.<para>编译错误开始的从 1 开始的行索引.</para></param>
      <param name="startColumn">The zero-based column index for the start of the compilation error.<para>编译错误开始的从零开始的列索引.</para></param>
      <param name="endLine">The one-based line index for the end of the compilation error.<para>编译错误末尾的从 1 开始的行索引.</para></param>
      <param name="endColumn">The zero-based column index for the end of the compilation error.<para>编译错误末尾的从零开始的列索引.</para></param>
    </member>
    <member name="P:Microsoft.AspNetCore.Diagnostics.DiagnosticMessage.SourceFilePath">
      <summary>Path of the file that produced the message.<para>生成消息的文件的路径.</para></summary>
    </member>
    <member name="P:Microsoft.AspNetCore.Diagnostics.DiagnosticMessage.Message">
      <summary>Gets the error message.<para>获取错误消息.</para></summary>
    </member>
    <member name="P:Microsoft.AspNetCore.Diagnostics.DiagnosticMessage.StartLine">
      <summary>Gets the one-based line index for the start of the compilation error.<para>获取编译错误开始时的从 1 开始的行索引.</para></summary>
    </member>
    <member name="P:Microsoft.AspNetCore.Diagnostics.DiagnosticMessage.StartColumn">
      <summary>Gets the zero-based column index for the start of the compilation error.<para>获取编译错误开始时的从零开始的列索引.</para></summary>
    </member>
    <member name="P:Microsoft.AspNetCore.Diagnostics.DiagnosticMessage.EndLine">
      <summary>Gets the one-based line index for the end of the compilation error.<para>获取编译错误末尾的从 1 开始的行索引.</para></summary>
    </member>
    <member name="P:Microsoft.AspNetCore.Diagnostics.DiagnosticMessage.EndColumn">
      <summary>Gets the zero-based column index for the end of the compilation error.<para>获取编译错误末尾的从零开始的列索引.</para></summary>
    </member>
    <member name="P:Microsoft.AspNetCore.Diagnostics.DiagnosticMessage.FormattedMessage">
      <summary>Gets the formatted error message.<para>获取格式化的错误消息.</para></summary>
    </member>
    <member name="T:Microsoft.AspNetCore.Diagnostics.ErrorContext">
      <summary>Provides context about the error currently being handled by the DeveloperExceptionPageMiddleware.<para>提供有关当前由 developerexceptionpagemiddleware 处理的错误的上下文.</para></summary>
    </member>
    <member name="M:Microsoft.AspNetCore.Diagnostics.ErrorContext.#ctor(Microsoft.AspNetCore.Http.HttpContext,System.Exception)">
      <summary>Initializes the ErrorContext with the specified <see cref="P:Microsoft.AspNetCore.Diagnostics.ErrorContext.HttpContext" /> and <see cref="P:Microsoft.AspNetCore.Diagnostics.ErrorContext.Exception" />.<para>使用指定的 <see cref="p:microsoft.aspnetcore.diagnostics.errorcontext.httpcontext" /> 和 <see cref="p:microsoft.aspnetcore.diagnostics.errorcontext.exception" /> .</para></summary>
      <param name="httpContext">
        <para>
        </para>
      </param>
      <param name="exception">
        <para>
        </para>
      </param>
    </member>
    <member name="P:Microsoft.AspNetCore.Diagnostics.ErrorContext.HttpContext">
      <summary>The <see cref="P:Microsoft.AspNetCore.Diagnostics.ErrorContext.HttpContext" />.<para>这 <see cref="p:microsoft.aspnetcore.diagnostics.errorcontext.httpcontext" /> .</para></summary>
    </member>
    <member name="P:Microsoft.AspNetCore.Diagnostics.ErrorContext.Exception">
      <summary>The <see cref="P:Microsoft.AspNetCore.Diagnostics.ErrorContext.Exception" /> thrown during request processing.<para>这 <see cref="p:microsoft.aspnetcore.diagnostics.errorcontext.exception" /> 在请求处理期间引发.</para></summary>
    </member>
    <member name="T:Microsoft.AspNetCore.Diagnostics.ICompilationException">
      <summary>Specifies the contract for an exception representing compilation failure.<para>指定表示编译失败的异常的协定.</para></summary>
      <remarks>This interface is implemented on exceptions thrown during compilation to enable consumers
            to read compilation-related data out of the exception<para>此接口在编译期间引发的异常上实现,以使使用者能够 从异常中读取与编译相关的数据</para></remarks>
    </member>
    <member name="P:Microsoft.AspNetCore.Diagnostics.ICompilationException.CompilationFailures">
      <summary>Gets a sequence of <see cref="T:Microsoft.AspNetCore.Diagnostics.CompilationFailure" /> with compilation failures.<para>获取 <see cref="t:microsoft.aspnetcore.diagnostics.compilationfailure" /> 编译失败.</para></summary>
    </member>
    <member name="T:Microsoft.AspNetCore.Diagnostics.IDeveloperPageExceptionFilter">
      <summary>Provides an extensibility point for changing the behavior of the DeveloperExceptionPageMiddleware.<para>提供用于更改 developerexceptionpagemiddleware 行为的扩展点.</para></summary>
    </member>
    <member name="M:Microsoft.AspNetCore.Diagnostics.IDeveloperPageExceptionFilter.HandleExceptionAsync(Microsoft.AspNetCore.Diagnostics.ErrorContext,System.Func{Microsoft.AspNetCore.Diagnostics.ErrorContext,System.Threading.Tasks.Task})">
      <summary>An exception handling method that is used to either format the exception or delegate to the next handler in the chain.<para>一种异常处理方法,用于设置异常格式或委托给链中的下一个处理程序.</para></summary>
      <param name="errorContext">The error context.<para>错误上下文.</para></param>
      <param name="next">The next filter in the pipeline.<para>管道中的下一个筛选器.</para></param>
      <returns>A task the completes when the handler is done executing.<para>处理程序执行完毕后完成的任务.</para></returns>
    </member>
    <member name="T:Microsoft.AspNetCore.Diagnostics.IExceptionHandlerFeature">
      <summary>Represents a feature containing the error of the original request to be examined by an exception handler.<para>表示包含要由异常处理程序检查的原始请求的错误的功能.</para></summary>
    </member>
    <member name="P:Microsoft.AspNetCore.Diagnostics.IExceptionHandlerFeature.Error">
      <summary>The error encountered during the original request<para>原始请求期间遇到的错误</para></summary>
    </member>
    <member name="P:Microsoft.AspNetCore.Diagnostics.IExceptionHandlerFeature.Path">
      <summary>The portion of the request path that identifies the requested resource. The value
            is un-escaped.<para>请求路径中标识所请求资源的部分.价值 是无法逃脱的.</para></summary>
    </member>
    <member name="P:Microsoft.AspNetCore.Diagnostics.IExceptionHandlerFeature.Endpoint">
      <summary>Gets the selected <see cref="T:Microsoft.AspNetCore.Http.Endpoint" /> for the original request.<para>获取所选的 <see cref="t:microsoft.aspnetcore.http.endpoint" /> 对于原始请求.</para></summary>
    </member>
    <member name="P:Microsoft.AspNetCore.Diagnostics.IExceptionHandlerFeature.RouteValues">
      <summary>Gets the <see cref="T:Microsoft.AspNetCore.Routing.RouteValueDictionary" /> associated with the original request.<para>获取 <see cref="t:microsoft.aspnetcore.routing.routevaluedictionary" /> 与原始请求关联.</para></summary>
    </member>
    <member name="T:Microsoft.AspNetCore.Diagnostics.IExceptionHandlerPathFeature">
      <summary>Represents an exception handler with the original path of the request.<para>表示具有请求原始路径的异常处理程序.</para></summary>
    </member>
    <member name="P:Microsoft.AspNetCore.Diagnostics.IExceptionHandlerPathFeature.Path">
      <summary>The portion of the request path that identifies the requested resource. The value
            is un-escaped.<para>请求路径中标识所请求资源的部分.价值 是无法逃脱的.</para></summary>
    </member>
    <member name="T:Microsoft.AspNetCore.Diagnostics.IStatusCodePagesFeature">
      <summary>Represents the Status code pages feature.<para>表示状态代码页功能.</para></summary>
    </member>
    <member name="P:Microsoft.AspNetCore.Diagnostics.IStatusCodePagesFeature.Enabled">
      <summary>Indicates if the status code middleware will handle responses.<para>指示状态代码中间件是否将处理响应.</para></summary>
    </member>
    <member name="T:Microsoft.AspNetCore.Diagnostics.IStatusCodeReExecuteFeature">
      <summary>Represents a feature containing the path details of the original request. This feature is provided by the
            StatusCodePagesMiddleware when it re-execute the request pipeline with an alternative path to generate the
            response body.<para>表示包含原始请求的路径详细信息的功能.此功能由 状态代码页中间件,当它使用备用路径重新执行请求管道以生成 响应正文.</para></summary>
    </member>
    <member name="P:Microsoft.AspNetCore.Diagnostics.IStatusCodeReExecuteFeature.OriginalPathBase">
      <summary>The <see cref="P:Microsoft.AspNetCore.Http.HttpRequest.PathBase" /> of the original request.<para>这 <see cref="p:microsoft.aspnetcore.http.httprequest.pathbase" /> 的原始请求.</para></summary>
    </member>
    <member name="P:Microsoft.AspNetCore.Diagnostics.IStatusCodeReExecuteFeature.OriginalPath">
      <summary>The <see cref="P:Microsoft.AspNetCore.Http.HttpRequest.Path" /> of the original request.<para>这 <see cref="p:microsoft.aspnetcore.http.httprequest.path" /> 的原始请求.</para></summary>
    </member>
    <member name="P:Microsoft.AspNetCore.Diagnostics.IStatusCodeReExecuteFeature.OriginalQueryString">
      <summary>The <see cref="P:Microsoft.AspNetCore.Http.HttpRequest.QueryString" /> of the original request.<para>这 <see cref="p:microsoft.aspnetcore.http.httprequest.querystring" /> 的原始请求.</para></summary>
    </member>
    <member name="P:Microsoft.AspNetCore.Diagnostics.IStatusCodeReExecuteFeature.Endpoint">
      <summary>Gets the selected <see cref="T:Microsoft.AspNetCore.Http.Endpoint" /> for the original request.<para>获取所选的 <see cref="t:microsoft.aspnetcore.http.endpoint" /> 对于原始请求.</para></summary>
    </member>
    <member name="P:Microsoft.AspNetCore.Diagnostics.IStatusCodeReExecuteFeature.RouteValues">
      <summary>Gets the <see cref="T:Microsoft.AspNetCore.Routing.RouteValueDictionary" /> associated with the original request.<para>获取 <see cref="t:microsoft.aspnetcore.routing.routevaluedictionary" /> 与原始请求关联.</para></summary>
    </member>
  </members>
</doc>