<?xml version="1.0"?>
<doc>
  <assembly>
    <name>Microsoft.Extensions.Hosting</name>
  </assembly>
  <members>
    <member name="T:Microsoft.Extensions.Hosting.BackgroundServiceExceptionBehavior">
      <summary>Specifies a behavior that the <see cref="T:Microsoft.Extensions.Hosting.IHost" /> will honor if an
            unhandled exception occurs in one of its <see cref="T:Microsoft.Extensions.Hosting.BackgroundService" /> instances.<para>指定 <see cref="T:Microsoft.Extensions.Hosting.IHost" /> 将遵循的行为,如果 未经处理的异常发生在其 <see cref="T:Microsoft.Extensions.Hosting.BackgroundService" /> 实例之一中.</para></summary>
    </member>
    <member name="F:Microsoft.Extensions.Hosting.BackgroundServiceExceptionBehavior.StopHost">
      <summary>Stops the <see cref="T:Microsoft.Extensions.Hosting.IHost" /> instance.<para>停止 <see cref="T:Microsoft.Extensions.Hosting.IHost" /> 实例.</para></summary>
      <remarks>If a <see cref="T:Microsoft.Extensions.Hosting.BackgroundService" /> throws an exception, the <see cref="T:Microsoft.Extensions.Hosting.IHost" /> instance stops, and the process continues.<para>如果 <see cref="T:Microsoft.Extensions.Hosting.BackgroundService" /> 引发异常,则 <see cref="T:Microsoft.Extensions.Hosting.IHost" /> 实例将停止,并且该过程将继续.</para></remarks>
    </member>
    <member name="F:Microsoft.Extensions.Hosting.BackgroundServiceExceptionBehavior.Ignore">
      <summary>Ignore exceptions thrown in <see cref="T:Microsoft.Extensions.Hosting.BackgroundService" />.<para>忽略 <see cref="T:Microsoft.Extensions.Hosting.BackgroundService" /> 中引发的异常.</para></summary>
      <remarks>If a <see cref="T:Microsoft.Extensions.Hosting.BackgroundService" /> throws an exception, the <see cref="T:Microsoft.Extensions.Hosting.IHost" /> will log the error, but otherwise ignore it.
            The <see cref="T:Microsoft.Extensions.Hosting.BackgroundService" /> is not restarted.<para>如果 <see cref="T:Microsoft.Extensions.Hosting.BackgroundService" /> 引发异常,则 <see cref="T:Microsoft.Extensions.Hosting.IHost" /> 将记录错误,但会忽略它. <see cref="T:Microsoft.Extensions.Hosting.BackgroundService" /> 不会重新启动.</para></remarks>
    </member>
    <member name="P:Microsoft.Extensions.Hosting.ConsoleLifetimeOptions.SuppressStatusMessages">
      <summary>Indicates if host lifetime status messages should be suppressed such as on startup.
            The default is false.<para>指示是否应禁止显示主机生存期状态消息,例如启动时. 默认值为 false.</para></summary>
    </member>
    <member name="T:Microsoft.Extensions.Hosting.Host">
      <summary>Provides convenience methods for creating instances of <see cref="T:Microsoft.Extensions.Hosting.IHostBuilder" /> with pre-configured defaults.<para>提供用于创建具有预配置默认值的 <see cref="T:Microsoft.Extensions.Hosting.IHostBuilder" /> 实例的便捷方法.</para></summary>
    </member>
    <member name="M:Microsoft.Extensions.Hosting.Host.CreateDefaultBuilder">
      <summary>Initializes a new instance of the <see cref="T:Microsoft.Extensions.Hosting.HostBuilder" /> class with pre-configured defaults.<para>使用预配置的默认值初始化 <see cref="T:Microsoft.Extensions.Hosting.HostBuilder" /> 类的新实例.</para></summary>
      <remarks>The following defaults are applied to the returned <see cref="T:Microsoft.Extensions.Hosting.HostBuilder" />:
              <list type="bullet"><item><description>set the <see cref="P:Microsoft.Extensions.Hosting.IHostEnvironment.ContentRootPath" /> to the result of <see cref="M:System.IO.Directory.GetCurrentDirectory" /></description></item><item><description>load host <see cref="T:Microsoft.Extensions.Configuration.IConfiguration" /> from "DOTNET_" prefixed environment variables</description></item><item><description>load app <see cref="T:Microsoft.Extensions.Configuration.IConfiguration" /> from 'appsettings.json' and 'appsettings.[<see cref="P:Microsoft.Extensions.Hosting.IHostEnvironment.EnvironmentName" />].json'</description></item><item><description>load app <see cref="T:Microsoft.Extensions.Configuration.IConfiguration" /> from User Secrets when <see cref="P:Microsoft.Extensions.Hosting.IHostEnvironment.EnvironmentName" /> is 'Development' using the entry assembly</description></item><item><description>load app <see cref="T:Microsoft.Extensions.Configuration.IConfiguration" /> from environment variables</description></item><item><description>configure the <see cref="T:Microsoft.Extensions.Logging.ILoggerFactory" /> to log to the console, debug, and event source output</description></item><item><description>enables scope validation on the dependency injection container when <see cref="P:Microsoft.Extensions.Hosting.IHostEnvironment.EnvironmentName" /> is 'Development'</description></item></list><para>以下默认值应用于返回的 <see cref="T:Microsoft.Extensions.Hosting.HostBuilder" />: <list type="bullet"><item>  <description>  设置 <see cref="p:microsoft.extensions.hosting.ihostenvironment.contentrootpath" /> 到的结果 <see cref="m:system.io.directory.getcurrentdirectory" /> </description>  </item>  <item>  <description>  load host <see cref="t:microsoft.extensions.configuration.iconfiguration" /> 从 "dotnet_"前缀的环境变量</description>  </item>  <item>  <description>  加载应用程序 <see cref="t:microsoft.extensions.configuration.iconfiguration" /> 来自"appsettings.json"和"appsettings".[ <see cref="p:microsoft.extensions.hosting.ihostenvironment.environmentname" /> ].json`</description>  </item>  <item>  <description>  load app <see cref="t:microsoft.extensions.configuration.iconfiguration" /> 从用户机密时 <see cref="p:microsoft.extensions.hosting.ihostenvironment.environmentname" /> 是使用条目程序集的"开发"</description>  </item>  <item>  <description>  加载应用程序 <see cref="t:microsoft.extensions.configuration.iconfiguration" /> 从环境变量</description>  </item>  <item>  <description>  配置 <see cref="t:microsoft.extensions.logging.iloggerfactory" /> 要记录到控制台、调试和事件源输出</description>  </item>  <item>  <description>  在以下情况下对依赖项注入容器启用范围验证 <see cref="p:microsoft.extensions.hosting.ihostenvironment.environmentname" /> 是 `development`</description>  </item>  </list></para></remarks>
      <returns>The initialized <see cref="T:Microsoft.Extensions.Hosting.IHostBuilder" />.<para>初始化的 <see cref="T:Microsoft.Extensions.Hosting.IHostBuilder" />.</para></returns>
    </member>
    <member name="M:Microsoft.Extensions.Hosting.Host.CreateDefaultBuilder(System.String[])">
      <summary>Initializes a new instance of the <see cref="T:Microsoft.Extensions.Hosting.HostBuilder" /> class with pre-configured defaults.<para>使用预配置的默认值初始化 <see cref="T:Microsoft.Extensions.Hosting.HostBuilder" /> 类的新实例.</para></summary>
      <remarks>The following defaults are applied to the returned <see cref="T:Microsoft.Extensions.Hosting.HostBuilder" />:
              <list type="bullet"><item><description>set the <see cref="P:Microsoft.Extensions.Hosting.IHostEnvironment.ContentRootPath" /> to the result of <see cref="M:System.IO.Directory.GetCurrentDirectory" /></description></item><item><description>load host <see cref="T:Microsoft.Extensions.Configuration.IConfiguration" /> from "DOTNET_" prefixed environment variables</description></item><item><description>load host <see cref="T:Microsoft.Extensions.Configuration.IConfiguration" /> from supplied command line args</description></item><item><description>load app <see cref="T:Microsoft.Extensions.Configuration.IConfiguration" /> from 'appsettings.json' and 'appsettings.[<see cref="P:Microsoft.Extensions.Hosting.IHostEnvironment.EnvironmentName" />].json'</description></item><item><description>load app <see cref="T:Microsoft.Extensions.Configuration.IConfiguration" /> from User Secrets when <see cref="P:Microsoft.Extensions.Hosting.IHostEnvironment.EnvironmentName" /> is 'Development' using the entry assembly</description></item><item><description>load app <see cref="T:Microsoft.Extensions.Configuration.IConfiguration" /> from environment variables</description></item><item><description>load app <see cref="T:Microsoft.Extensions.Configuration.IConfiguration" /> from supplied command line args</description></item><item><description>configure the <see cref="T:Microsoft.Extensions.Logging.ILoggerFactory" /> to log to the console, debug, and event source output</description></item><item><description>enables scope validation on the dependency injection container when <see cref="P:Microsoft.Extensions.Hosting.IHostEnvironment.EnvironmentName" /> is 'Development'</description></item></list><para>以下默认值应用于返回的 <see cref="T:Microsoft.Extensions.Hosting.HostBuilder" />: <list type="bullet"><item>  <description>  设置 <see cref="p:microsoft.extensions.hosting.ihostenvironment.contentrootpath" /> 到的结果 <see cref="m:system.io.directory.getcurrentdirectory" /> </description>  </item>  <item>  <description>  load host <see cref="t:microsoft.extensions.configuration.iconfiguration" /> 从 "dotnet_"前缀的环境变量</description>  </item>  <item>  <description>  加载主机 <see cref="t:microsoft.extensions.configuration.iconfiguration" /> 从提供的命令行 args</description>  </item>  <item>  <description>  加载应用程序 <see cref="t:microsoft.extensions.configuration.iconfiguration" /> 来自"appsettings.json"和"appsettings".[ <see cref="p:microsoft.extensions.hosting.ihostenvironment.environmentname" /> ].json`</description>  </item>  <item>  <description>  load app <see cref="t:microsoft.extensions.configuration.iconfiguration" /> 从用户机密时 <see cref="p:microsoft.extensions.hosting.ihostenvironment.environmentname" /> 是使用条目程序集的"开发"</description>  </item>  <item>  <description>  加载应用程序 <see cref="t:microsoft.extensions.configuration.iconfiguration" /> 来自环境变量</description>  </item>  <item>  <description>  加载应用 <see cref="t:microsoft.extensions.configuration.iconfiguration" /> 从提供的命令行 args</description>  </item>  <item>  <description>  配置 <see cref="t:microsoft.extensions.logging.iloggerfactory" /> 要记录到控制台、调试和事件源输出</description>  </item>  <item>  <description>  在以下情况下对依赖项注入容器启用范围验证 <see cref="p:microsoft.extensions.hosting.ihostenvironment.environmentname" /> 是 `development`</description>  </item>  </list></para></remarks>
      <param name="args">The command line args.<para>命令行参数</para></param>
      <returns>The initialized <see cref="T:Microsoft.Extensions.Hosting.IHostBuilder" />.<para>初始化的 <see cref="T:Microsoft.Extensions.Hosting.IHostBuilder" />.</para></returns>
    </member>
    <member name="M:Microsoft.Extensions.Hosting.Host.CreateApplicationBuilder">
      <summary>Initializes a new instance of the <see cref="T:Microsoft.Extensions.Hosting.HostApplicationBuilder" /> class with pre-configured defaults.<para>初始化 <see cref="t:microsoft.extensions.hosting.hostapplicationbuilder" /> 具有预配置默认值的类.</para></summary>
      <remarks>The following defaults are applied to the returned <see cref="T:Microsoft.Extensions.Hosting.HostApplicationBuilder" />:
              <list type="bullet"><item><description>set the <see cref="P:Microsoft.Extensions.Hosting.IHostEnvironment.ContentRootPath" /> to the result of <see cref="M:System.IO.Directory.GetCurrentDirectory" /></description></item><item><description>load host <see cref="T:Microsoft.Extensions.Configuration.IConfiguration" /> from "DOTNET_" prefixed environment variables</description></item><item><description>load host <see cref="T:Microsoft.Extensions.Configuration.IConfiguration" /> from supplied command line args</description></item><item><description>load app <see cref="T:Microsoft.Extensions.Configuration.IConfiguration" /> from 'appsettings.json' and 'appsettings.[<see cref="P:Microsoft.Extensions.Hosting.IHostEnvironment.EnvironmentName" />].json'</description></item><item><description>load app <see cref="T:Microsoft.Extensions.Configuration.IConfiguration" /> from User Secrets when <see cref="P:Microsoft.Extensions.Hosting.IHostEnvironment.EnvironmentName" /> is 'Development' using the entry assembly</description></item><item><description>load app <see cref="T:Microsoft.Extensions.Configuration.IConfiguration" /> from environment variables</description></item><item><description>load app <see cref="T:Microsoft.Extensions.Configuration.IConfiguration" /> from supplied command line args</description></item><item><description>configure the <see cref="T:Microsoft.Extensions.Logging.ILoggerFactory" /> to log to the console, debug, and event source output</description></item><item><description>enables scope validation on the dependency injection container when <see cref="P:Microsoft.Extensions.Hosting.IHostEnvironment.EnvironmentName" /> is 'Development'</description></item></list><para>以下默认值应用于返回的 <see cref="t:microsoft.extensions.hosting.hostapplicationbuilder" /> : <list type="bullet"><item>  <description>  设置 <see cref="p:microsoft.extensions.hosting.ihostenvironment.contentrootpath" /> 到的结果 <see cref="m:system.io.directory.getcurrentdirectory" /> </description>  </item>  <item>  <description>  load host <see cref="t:microsoft.extensions.configuration.iconfiguration" /> 从 "dotnet_"前缀的环境变量</description>  </item>  <item>  <description>  加载主机 <see cref="t:microsoft.extensions.configuration.iconfiguration" /> 从提供的命令行 args</description>  </item>  <item>  <description>  加载应用程序 <see cref="t:microsoft.extensions.configuration.iconfiguration" /> 来自"appsettings.json"和"appsettings".[ <see cref="p:microsoft.extensions.hosting.ihostenvironment.environmentname" /> ].json`</description>  </item>  <item>  <description>  load app <see cref="t:microsoft.extensions.configuration.iconfiguration" /> 从用户机密时 <see cref="p:microsoft.extensions.hosting.ihostenvironment.environmentname" /> 是使用条目程序集的"开发"</description>  </item>  <item>  <description>  加载应用程序 <see cref="t:microsoft.extensions.configuration.iconfiguration" /> 来自环境变量</description>  </item>  <item>  <description>  加载应用 <see cref="t:microsoft.extensions.configuration.iconfiguration" /> 从提供的命令行 args</description>  </item>  <item>  <description>  配置 <see cref="t:microsoft.extensions.logging.iloggerfactory" /> 要记录到控制台、调试和事件源输出</description>  </item>  <item>  <description>  在以下情况下对依赖项注入容器启用范围验证 <see cref="p:microsoft.extensions.hosting.ihostenvironment.environmentname" /> 是 `development`</description>  </item>  </list></para></remarks>
    </member>
    <member name="M:Microsoft.Extensions.Hosting.Host.CreateApplicationBuilder(System.String[])">
      <summary>Initializes a new instance of the <see cref="T:Microsoft.Extensions.Hosting.HostApplicationBuilder" /> class with pre-configured defaults.<para>初始化 <see cref="t:microsoft.extensions.hosting.hostapplicationbuilder" /> 具有预配置默认值的类.</para></summary>
      <remarks>The following defaults are applied to the returned <see cref="T:Microsoft.Extensions.Hosting.HostApplicationBuilder" />:
              <list type="bullet"><item><description>set the <see cref="P:Microsoft.Extensions.Hosting.IHostEnvironment.ContentRootPath" /> to the result of <see cref="M:System.IO.Directory.GetCurrentDirectory" /></description></item><item><description>load host <see cref="T:Microsoft.Extensions.Configuration.IConfiguration" /> from "DOTNET_" prefixed environment variables</description></item><item><description>load host <see cref="T:Microsoft.Extensions.Configuration.IConfiguration" /> from supplied command line args</description></item><item><description>load app <see cref="T:Microsoft.Extensions.Configuration.IConfiguration" /> from 'appsettings.json' and 'appsettings.[<see cref="P:Microsoft.Extensions.Hosting.IHostEnvironment.EnvironmentName" />].json'</description></item><item><description>load app <see cref="T:Microsoft.Extensions.Configuration.IConfiguration" /> from User Secrets when <see cref="P:Microsoft.Extensions.Hosting.IHostEnvironment.EnvironmentName" /> is 'Development' using the entry assembly</description></item><item><description>load app <see cref="T:Microsoft.Extensions.Configuration.IConfiguration" /> from environment variables</description></item><item><description>load app <see cref="T:Microsoft.Extensions.Configuration.IConfiguration" /> from supplied command line args</description></item><item><description>configure the <see cref="T:Microsoft.Extensions.Logging.ILoggerFactory" /> to log to the console, debug, and event source output</description></item><item><description>enables scope validation on the dependency injection container when <see cref="P:Microsoft.Extensions.Hosting.IHostEnvironment.EnvironmentName" /> is 'Development'</description></item></list><para>以下默认值应用于返回的 <see cref="t:microsoft.extensions.hosting.hostapplicationbuilder" /> : <list type="bullet"><item>  <description>  设置 <see cref="p:microsoft.extensions.hosting.ihostenvironment.contentrootpath" /> 到的结果 <see cref="m:system.io.directory.getcurrentdirectory" /> </description>  </item>  <item>  <description>  load host <see cref="t:microsoft.extensions.configuration.iconfiguration" /> 从 "dotnet_"前缀的环境变量</description>  </item>  <item>  <description>  加载主机 <see cref="t:microsoft.extensions.configuration.iconfiguration" /> 从提供的命令行 args</description>  </item>  <item>  <description>  加载应用程序 <see cref="t:microsoft.extensions.configuration.iconfiguration" /> 来自"appsettings.json"和"appsettings".[ <see cref="p:microsoft.extensions.hosting.ihostenvironment.environmentname" /> ].json`</description>  </item>  <item>  <description>  load app <see cref="t:microsoft.extensions.configuration.iconfiguration" /> 从用户机密时 <see cref="p:microsoft.extensions.hosting.ihostenvironment.environmentname" /> 是使用条目程序集的"开发"</description>  </item>  <item>  <description>  加载应用程序 <see cref="t:microsoft.extensions.configuration.iconfiguration" /> 来自环境变量</description>  </item>  <item>  <description>  加载应用 <see cref="t:microsoft.extensions.configuration.iconfiguration" /> 从提供的命令行 args</description>  </item>  <item>  <description>  配置 <see cref="t:microsoft.extensions.logging.iloggerfactory" /> 要记录到控制台、调试和事件源输出</description>  </item>  <item>  <description>  在以下情况下对依赖项注入容器启用范围验证 <see cref="p:microsoft.extensions.hosting.ihostenvironment.environmentname" /> 是 `development`</description>  </item>  </list></para></remarks>
      <param name="args">The command line args.<para>命令行参数</para></param>
    </member>
    <member name="T:Microsoft.Extensions.Hosting.HostApplicationBuilder">
      <summary>A builder for hosted applications and services which helps manage configuration, logging, lifetime and more.<para>托管应用程序和服务的构建器,可帮助管理配置、日志记录、生存期等.</para></summary>
    </member>
    <member name="M:Microsoft.Extensions.Hosting.HostApplicationBuilder.#ctor">
      <summary>Initializes a new instance of the <see cref="T:Microsoft.Extensions.Hosting.HostApplicationBuilder" /> class with preconfigured defaults.<para>初始化 <see cref="t:microsoft.extensions.hosting.hostapplicationbuilder" /> 具有预配置默认值的类.</para></summary>
      <remarks>The following defaults are applied to the returned <see cref="T:Microsoft.Extensions.Hosting.HostApplicationBuilder" />:
              <list type="bullet"><item><description>set the <see cref="P:Microsoft.Extensions.Hosting.IHostEnvironment.ContentRootPath" /> to the result of <see cref="M:System.IO.Directory.GetCurrentDirectory" /></description></item><item><description>load host <see cref="T:Microsoft.Extensions.Configuration.IConfiguration" /> from "DOTNET_" prefixed environment variables</description></item><item><description>load host <see cref="T:Microsoft.Extensions.Configuration.IConfiguration" /> from supplied command line args</description></item><item><description>load app <see cref="T:Microsoft.Extensions.Configuration.IConfiguration" /> from 'appsettings.json' and 'appsettings.[<see cref="P:Microsoft.Extensions.Hosting.IHostEnvironment.EnvironmentName" />].json'</description></item><item><description>load app <see cref="T:Microsoft.Extensions.Configuration.IConfiguration" /> from User Secrets when <see cref="P:Microsoft.Extensions.Hosting.IHostEnvironment.EnvironmentName" /> is 'Development' using the entry assembly</description></item><item><description>load app <see cref="T:Microsoft.Extensions.Configuration.IConfiguration" /> from environment variables</description></item><item><description>load app <see cref="T:Microsoft.Extensions.Configuration.IConfiguration" /> from supplied command line args</description></item><item><description>configure the <see cref="T:Microsoft.Extensions.Logging.ILoggerFactory" /> to log to the console, debug, and event source output</description></item><item><description>enables scope validation on the dependency injection container when <see cref="P:Microsoft.Extensions.Hosting.IHostEnvironment.EnvironmentName" /> is 'Development'</description></item></list><para>以下默认值应用于返回的 <see cref="t:microsoft.extensions.hosting.hostapplicationbuilder" /> : <list type="bullet"><item>  <description>  设置 <see cref="p:microsoft.extensions.hosting.ihostenvironment.contentrootpath" /> 到的结果 <see cref="m:system.io.directory.getcurrentdirectory" /> </description>  </item>  <item>  <description>  load host <see cref="t:microsoft.extensions.configuration.iconfiguration" /> 从 "dotnet_"前缀的环境变量</description>  </item>  <item>  <description>  加载主机 <see cref="t:microsoft.extensions.configuration.iconfiguration" /> 从提供的命令行 args</description>  </item>  <item>  <description>  加载应用程序 <see cref="t:microsoft.extensions.configuration.iconfiguration" /> 来自"appsettings.json"和"appsettings".[ <see cref="p:microsoft.extensions.hosting.ihostenvironment.environmentname" /> ].json`</description>  </item>  <item>  <description>  load app <see cref="t:microsoft.extensions.configuration.iconfiguration" /> 从用户机密时 <see cref="p:microsoft.extensions.hosting.ihostenvironment.environmentname" /> 是使用条目程序集的"开发"</description>  </item>  <item>  <description>  加载应用程序 <see cref="t:microsoft.extensions.configuration.iconfiguration" /> 来自环境变量</description>  </item>  <item>  <description>  加载应用 <see cref="t:microsoft.extensions.configuration.iconfiguration" /> 从提供的命令行 args</description>  </item>  <item>  <description>  配置 <see cref="t:microsoft.extensions.logging.iloggerfactory" /> 要记录到控制台、调试和事件源输出</description>  </item>  <item>  <description>  在以下情况下对依赖项注入容器启用范围验证 <see cref="p:microsoft.extensions.hosting.ihostenvironment.environmentname" /> 是 `development`</description>  </item>  </list></para></remarks>
    </member>
    <member name="M:Microsoft.Extensions.Hosting.HostApplicationBuilder.#ctor(System.String[])">
      <summary>Initializes a new instance of the <see cref="T:Microsoft.Extensions.Hosting.HostApplicationBuilder" /> class with preconfigured defaults.<para>初始化 <see cref="t:microsoft.extensions.hosting.hostapplicationbuilder" /> 具有预配置默认值的类.</para></summary>
      <remarks>The following defaults are applied to the returned <see cref="T:Microsoft.Extensions.Hosting.HostApplicationBuilder" />:
              <list type="bullet"><item><description>set the <see cref="P:Microsoft.Extensions.Hosting.IHostEnvironment.ContentRootPath" /> to the result of <see cref="M:System.IO.Directory.GetCurrentDirectory" /></description></item><item><description>load host <see cref="T:Microsoft.Extensions.Configuration.IConfiguration" /> from "DOTNET_" prefixed environment variables</description></item><item><description>load host <see cref="T:Microsoft.Extensions.Configuration.IConfiguration" /> from supplied command line args</description></item><item><description>load app <see cref="T:Microsoft.Extensions.Configuration.IConfiguration" /> from 'appsettings.json' and 'appsettings.[<see cref="P:Microsoft.Extensions.Hosting.IHostEnvironment.EnvironmentName" />].json'</description></item><item><description>load app <see cref="T:Microsoft.Extensions.Configuration.IConfiguration" /> from User Secrets when <see cref="P:Microsoft.Extensions.Hosting.IHostEnvironment.EnvironmentName" /> is 'Development' using the entry assembly</description></item><item><description>load app <see cref="T:Microsoft.Extensions.Configuration.IConfiguration" /> from environment variables</description></item><item><description>load app <see cref="T:Microsoft.Extensions.Configuration.IConfiguration" /> from supplied command line args</description></item><item><description>configure the <see cref="T:Microsoft.Extensions.Logging.ILoggerFactory" /> to log to the console, debug, and event source output</description></item><item><description>enables scope validation on the dependency injection container when <see cref="P:Microsoft.Extensions.Hosting.IHostEnvironment.EnvironmentName" /> is 'Development'</description></item></list><para>以下默认值应用于返回的 <see cref="t:microsoft.extensions.hosting.hostapplicationbuilder" /> : <list type="bullet"><item>  <description>  设置 <see cref="p:microsoft.extensions.hosting.ihostenvironment.contentrootpath" /> 到的结果 <see cref="m:system.io.directory.getcurrentdirectory" /> </description>  </item>  <item>  <description>  load host <see cref="t:microsoft.extensions.configuration.iconfiguration" /> 从 "dotnet_"前缀的环境变量</description>  </item>  <item>  <description>  加载主机 <see cref="t:microsoft.extensions.configuration.iconfiguration" /> 从提供的命令行 args</description>  </item>  <item>  <description>  加载应用程序 <see cref="t:microsoft.extensions.configuration.iconfiguration" /> 来自"appsettings.json"和"appsettings".[ <see cref="p:microsoft.extensions.hosting.ihostenvironment.environmentname" /> ].json`</description>  </item>  <item>  <description>  load app <see cref="t:microsoft.extensions.configuration.iconfiguration" /> 从用户机密时 <see cref="p:microsoft.extensions.hosting.ihostenvironment.environmentname" /> 是使用条目程序集的"开发"</description>  </item>  <item>  <description>  加载应用程序 <see cref="t:microsoft.extensions.configuration.iconfiguration" /> 来自环境变量</description>  </item>  <item>  <description>  加载应用 <see cref="t:microsoft.extensions.configuration.iconfiguration" /> 从提供的命令行 args</description>  </item>  <item>  <description>  配置 <see cref="t:microsoft.extensions.logging.iloggerfactory" /> 要记录到控制台、调试和事件源输出</description>  </item>  <item>  <description>  在以下情况下对依赖项注入容器启用范围验证 <see cref="p:microsoft.extensions.hosting.ihostenvironment.environmentname" /> 是 `development`</description>  </item>  </list></para></remarks>
      <param name="args">The command line args.<para>命令行参数</para></param>
    </member>
    <member name="M:Microsoft.Extensions.Hosting.HostApplicationBuilder.#ctor(Microsoft.Extensions.Hosting.HostApplicationBuilderSettings)">
      <summary>Initializes a new instance of the <see cref="T:Microsoft.Extensions.Hosting.HostApplicationBuilder" />.<para>初始化 <see cref="t:microsoft.extensions.hosting.hostapplicationbuilder" /> .</para></summary>
      <param name="settings">Settings controlling initial configuration and whether default settings should be used.<para>控制初始配置以及是否应使用默认设置的设置.</para></param>
    </member>
    <member name="P:Microsoft.Extensions.Hosting.HostApplicationBuilder.Environment">
      <summary>Provides information about the hosting environment an application is running in.<para>提供有关运行应用程序的宿主环境的信息.</para></summary>
    </member>
    <member name="P:Microsoft.Extensions.Hosting.HostApplicationBuilder.Configuration">
      <summary>A collection of services for the application to compose. This is useful for adding user provided or framework provided services.<para>供应用程序组合的服务集合.这对于添加用户提供的或框架提供的服务非常有用.</para></summary>
    </member>
    <member name="P:Microsoft.Extensions.Hosting.HostApplicationBuilder.Services">
      <summary>A collection of services for the application to compose. This is useful for adding user provided or framework provided services.<para>供应用程序组合的服务集合.这对于添加用户提供的或框架提供的服务非常有用.</para></summary>
    </member>
    <member name="P:Microsoft.Extensions.Hosting.HostApplicationBuilder.Logging">
      <summary>A collection of logging providers for the application to compose. This is useful for adding new logging providers.<para>要编写的应用程序的日志记录提供程序的集合.这对于添加新的日志记录提供程序非常有用.</para></summary>
    </member>
    <member name="M:Microsoft.Extensions.Hosting.HostApplicationBuilder.ConfigureContainer``1(Microsoft.Extensions.DependencyInjection.IServiceProviderFactory{``0},System.Action{``0})">
      <summary>Registers a <see cref="T:Microsoft.Extensions.DependencyInjection.IServiceProviderFactory`1" /> instance to be used to create the <see cref="T:System.IServiceProvider" />.<para>注册要用于创建 <see cref="T:System.IServiceProvider" /> 的 <see cref="T:Microsoft.Extensions.DependencyInjection.IServiceProviderFactory`1" /> 实例.</para></summary>
      <param name="factory">The <see cref="T:Microsoft.Extensions.DependencyInjection.IServiceProviderFactory`1" />.<para>的 <see cref="T:Microsoft.Extensions.DependencyInjection.IServiceProviderFactory`1" />.</para></param>
      <param name="configure">A delegate used to configure the <typeparamref T="TContainerBuilder" />. This can be used to configure services using
            APIS specific to the <see cref="T:Microsoft.Extensions.DependencyInjection.IServiceProviderFactory`1" /> implementation.<para>用于配置 <typeparamref T="TContainerBuilder" /> 的委托.这可用于使用以下方式配置服务 apis 特定于 <see cref="T:Microsoft.Extensions.DependencyInjection.IServiceProviderFactory`1" /> 实现.</para></param>
      <typeparam name="TContainerBuilder">The type of builder provided by the <see cref="T:Microsoft.Extensions.DependencyInjection.IServiceProviderFactory`1" />.<para><see cref="T:Microsoft.Extensions.DependencyInjection.IServiceProviderFactory`1" /> 提供的生成器类型.</para></typeparam>
      <remarks>
        <para>
          <see cref="M:Microsoft.Extensions.Hosting.HostApplicationBuilder.ConfigureContainer``1(Microsoft.Extensions.DependencyInjection.IServiceProviderFactory{``0},System.Action{``0})" /> is called by <see cref="M:Microsoft.Extensions.Hosting.HostApplicationBuilder.Build" />
            and so the delegate provided by <paramref name="configure" /> will run after all other services have been registered.
            </para>
        <para>
            Multiple calls to <see cref="M:Microsoft.Extensions.Hosting.HostApplicationBuilder.ConfigureContainer``1(Microsoft.Extensions.DependencyInjection.IServiceProviderFactory{``0},System.Action{``0})" /> will replace
            the previously stored <paramref name="factory" /> and <paramref name="configure" /> delegate.
            </para>
        <para>
          <para> <see cref="m:microsoft.extensions.hosting.hostapplicationbuilder.configurecontainer``1（microsoft.extensions.dependencyinjection.iserviceproviderfactory{``0},system.action{``0}）" /> 被调用 <see cref="m:microsoft.extensions.hosting.hostapplicationbuilder.build" /> 因此,委托人提供 <paramref name="configure" /> 将在注册所有其他服务后运行. </para>
          <para> 多次调用 <see cref="m:microsoft.extensions.hosting.hostapplicationbuilder.configurecontainer``1（microsoft.extensions.dependencyinjection.iserviceproviderfactory{``0},system.action{``0}）" /> 将替换 以前存储的 <paramref name="factory" /> 和 <paramref name="configure" /> 委托. </para>
        </para>
      </remarks>
    </member>
    <member name="M:Microsoft.Extensions.Hosting.HostApplicationBuilder.Build">
      <summary>Build the host. This can only be called once.<para>生成主机.这只能调用一次.</para></summary>
      <returns>An initialized <see cref="T:Microsoft.Extensions.Hosting.IHost" />.<para>初始化的 <see cref="T:Microsoft.Extensions.Hosting.IHost" />.</para></returns>
    </member>
    <member name="T:Microsoft.Extensions.Hosting.HostApplicationBuilderSettings">
      <summary>Settings for constructing an <see cref="T:Microsoft.Extensions.Hosting.HostApplicationBuilder" />.<para>用于构造 <see cref="t:microsoft.extensions.hosting.hostapplicationbuilder" /> .</para></summary>
    </member>
    <member name="M:Microsoft.Extensions.Hosting.HostApplicationBuilderSettings.#ctor">
      <summary>Initializes an instance of the <see cref="T:Microsoft.Extensions.Hosting.HostApplicationBuilderSettings" /> class.<para>初始化 <see cref="t:microsoft.extensions.hosting.hostapplicationbuildersettings" /> .class.</para></summary>
    </member>
    <member name="P:Microsoft.Extensions.Hosting.HostApplicationBuilderSettings.DisableDefaults">
      <summary>If <see langword="false" />, configures the <see cref="T:Microsoft.Extensions.Hosting.HostApplicationBuilder" /> instance with pre-configured defaults.
            This has a similar effect to calling <see cref="M:Microsoft.Extensions.Hosting.HostingHostBuilderExtensions.ConfigureDefaults(Microsoft.Extensions.Hosting.IHostBuilder,System.String[])" />.<para>如果 <see langword="false" />,则配置 <see cref="t:microsoft.extensions.hosting.hostapplicationbuilder" /> 具有预配置默认值的实例. 这与调用 <see cref="M:Microsoft.Extensions.Hosting.HostingHostBuilderExtensions.ConfigureDefaults(Microsoft.Extensions.Hosting.IHostBuilder,System.String[])" /> 具有类似的效果.</para></summary>
      <remarks>The following defaults are applied to the <see cref="T:Microsoft.Extensions.Hosting.IHostBuilder" />:
                * set the <see cref="P:Microsoft.Extensions.Hosting.IHostEnvironment.ContentRootPath" /> to the result of <see cref="M:System.IO.Directory.GetCurrentDirectory" />
                * load <see cref="T:Microsoft.Extensions.Configuration.IConfiguration" /> from "DOTNET_" prefixed environment variables
                * load <see cref="T:Microsoft.Extensions.Configuration.IConfiguration" /> from 'appsettings.json' and 'appsettings.[<see cref="P:Microsoft.Extensions.Hosting.IHostEnvironment.EnvironmentName" />].json'
                * load <see cref="T:Microsoft.Extensions.Configuration.IConfiguration" /> from User Secrets when <see cref="P:Microsoft.Extensions.Hosting.IHostEnvironment.EnvironmentName" /> is 'Development' using the entry assembly
                * load <see cref="T:Microsoft.Extensions.Configuration.IConfiguration" /> from environment variables
                * load <see cref="T:Microsoft.Extensions.Configuration.IConfiguration" /> from supplied command line args
                * configure the <see cref="T:Microsoft.Extensions.Logging.ILoggerFactory" /> to log to the console, debug, and event source output
                * enables scope validation on the dependency injection container when <see cref="P:Microsoft.Extensions.Hosting.IHostEnvironment.EnvironmentName" /> is 'Development'<para>以下默认值应用于 <see cref="T:Microsoft.Extensions.Hosting.IHostBuilder" />: * 将 <see cref="P:Microsoft.Extensions.Hosting.IHostEnvironment.ContentRootPath" /> 设置为 <see cref="M:System.IO.Directory.GetCurrentDirectory" /> 的结果 * 从"dotnet_"前缀的环境变量加载 <see cref="T:Microsoft.Extensions.Configuration.IConfiguration" /> * 从 `appsettings.json` 和 `appsettings` 加载 <see cref="T:Microsoft.Extensions.Configuration.IConfiguration" />.[<see cref="P:Microsoft.Extensions.Hosting.IHostEnvironment.EnvironmentName" />].json` * 当 <see cref="P:Microsoft.Extensions.Hosting.IHostEnvironment.EnvironmentName" /> 使用条目程序集进行"开发"时,从用户机密加载 <see cref="T:Microsoft.Extensions.Configuration.IConfiguration" /> * 从环境变量加载 <see cref="T:Microsoft.Extensions.Configuration.IConfiguration" /> * 从提供的命令行参数加载 <see cref="T:Microsoft.Extensions.Configuration.IConfiguration" /> * 配置 <see cref="T:Microsoft.Extensions.Logging.ILoggerFactory" /> 以记录到控制台、调试和事件源输出 * 当 <see cref="P:Microsoft.Extensions.Hosting.IHostEnvironment.EnvironmentName" /> 为"开发"时,在依赖项注入容器上启用范围验证</para></remarks>
    </member>
    <member name="P:Microsoft.Extensions.Hosting.HostApplicationBuilderSettings.Args">
      <summary>The command line arguments. This is unused if <see cref="P:Microsoft.Extensions.Hosting.HostApplicationBuilderSettings.DisableDefaults" /> is <see langword="true" />.<para>命令行参数.这在以下情况下未使用 <see cref="p:microsoft.extensions.hosting.hostapplicationbuildersettings.disabledefaults" /> 是 <see langword="true" />.</para></summary>
    </member>
    <member name="P:Microsoft.Extensions.Hosting.HostApplicationBuilderSettings.Configuration">
      <summary>Initial configuration sources to be added to the <see cref="P:Microsoft.Extensions.Hosting.HostApplicationBuilder.Configuration" />. These sources can influence
            the <see cref="P:Microsoft.Extensions.Hosting.HostApplicationBuilder.Environment" /> through the use of <see cref="T:Microsoft.Extensions.Hosting.HostDefaults" /> keys. Disposing the built
            <see cref="T:Microsoft.Extensions.Hosting.IHost" /> disposes the <see cref="T:Microsoft.Extensions.Configuration.ConfigurationManager" />.<para>要添加到 <see cref="p:microsoft.extensions.hosting.hostapplicationbuilder.configuration" /> .这些来源可以影响 这 <see cref="p:microsoft.extensions.hosting.hostapplicationbuilder.environment" /> 通过使用 <see cref="T:Microsoft.Extensions.Hosting.HostDefaults" /> 键.处置已建成的 <see cref="T:Microsoft.Extensions.Hosting.IHost" /> 释放 <see cref="T:Microsoft.Extensions.Configuration.ConfigurationManager" />.</para></summary>
    </member>
    <member name="P:Microsoft.Extensions.Hosting.HostApplicationBuilderSettings.EnvironmentName">
      <summary>The environment name.<para>环境名称.</para></summary>
    </member>
    <member name="P:Microsoft.Extensions.Hosting.HostApplicationBuilderSettings.ApplicationName">
      <summary>The application name.<para>应用程序名称.</para></summary>
    </member>
    <member name="P:Microsoft.Extensions.Hosting.HostApplicationBuilderSettings.ContentRootPath">
      <summary>The content root path.<para>内容根路径.</para></summary>
    </member>
    <member name="T:Microsoft.Extensions.Hosting.HostBuilder">
      <summary>A program initialization utility.<para>程序初始化实用程序.</para></summary>
    </member>
    <member name="P:Microsoft.Extensions.Hosting.HostBuilder.Properties">
      <summary>A central location for sharing state between components during the host building process.<para>在宿主构建过程中在组件之间共享状态的中心位置.</para></summary>
    </member>
    <member name="M:Microsoft.Extensions.Hosting.HostBuilder.ConfigureHostConfiguration(System.Action{Microsoft.Extensions.Configuration.IConfigurationBuilder})">
      <summary>Set up the configuration for the builder itself. This will be used to initialize the <see cref="T:Microsoft.Extensions.Hosting.IHostEnvironment" />
            for use later in the build process. This can be called multiple times and the results will be additive.<para>设置构建器本身的配置.这将用于初始化 <see cref="T:Microsoft.Extensions.Hosting.IHostEnvironment" /> 供稍后在生成过程中使用.这可以多次调用,结果将是累加的.</para></summary>
      <param name="configureDelegate">The delegate for configuring the <see cref="T:Microsoft.Extensions.Configuration.IConfigurationBuilder" /> that will be used
            to construct the <see cref="T:Microsoft.Extensions.Configuration.IConfiguration" /> for the host.<para>用于配置将使用的 <see cref="T:Microsoft.Extensions.Configuration.IConfigurationBuilder" /> 的委托 为主机构造 <see cref="T:Microsoft.Extensions.Configuration.IConfiguration" />.</para></param>
      <returns>The same instance of the <see cref="T:Microsoft.Extensions.Hosting.IHostBuilder" /> for chaining.<para>用于链接的 <see cref="T:Microsoft.Extensions.Hosting.IHostBuilder" /> 的相同实例.</para></returns>
    </member>
    <member name="M:Microsoft.Extensions.Hosting.HostBuilder.ConfigureAppConfiguration(System.Action{Microsoft.Extensions.Hosting.HostBuilderContext,Microsoft.Extensions.Configuration.IConfigurationBuilder})">
      <summary>Sets up the configuration for the remainder of the build process and application. This can be called multiple times and
            the results will be additive. The results will be available at <see cref="P:Microsoft.Extensions.Hosting.HostBuilderContext.Configuration" /> for
            subsequent operations, as well as in <see cref="P:Microsoft.Extensions.Hosting.IHost.Services" />.<para>为生成过程和应用程序的其余部分设置配置.这可以多次调用和 结果将是累加的.结果将在 <see cref="P:Microsoft.Extensions.Hosting.HostBuilderContext.Configuration" /> 上提供 后续操作,以及 <see cref="P:Microsoft.Extensions.Hosting.IHost.Services" />.</para></summary>
      <param name="configureDelegate">The delegate for configuring the <see cref="T:Microsoft.Extensions.Configuration.IConfigurationBuilder" /> that will be used
            to construct the <see cref="T:Microsoft.Extensions.Configuration.IConfiguration" /> for the host.<para>用于配置将使用的 <see cref="T:Microsoft.Extensions.Configuration.IConfigurationBuilder" /> 的委托 为主机构造 <see cref="T:Microsoft.Extensions.Configuration.IConfiguration" />.</para></param>
      <returns>The same instance of the <see cref="T:Microsoft.Extensions.Hosting.IHostBuilder" /> for chaining.<para>用于链接的 <see cref="T:Microsoft.Extensions.Hosting.IHostBuilder" /> 的相同实例.</para></returns>
    </member>
    <member name="M:Microsoft.Extensions.Hosting.HostBuilder.ConfigureServices(System.Action{Microsoft.Extensions.Hosting.HostBuilderContext,Microsoft.Extensions.DependencyInjection.IServiceCollection})">
      <summary>Adds services to the container. This can be called multiple times and the results will be additive.<para>将服务添加到容器.这可以多次调用,结果将是累加的.</para></summary>
      <param name="configureDelegate">The delegate for configuring the <see cref="T:Microsoft.Extensions.Configuration.IConfigurationBuilder" /> that will be used
            to construct the <see cref="T:Microsoft.Extensions.Configuration.IConfiguration" /> for the host.<para>用于配置将使用的 <see cref="T:Microsoft.Extensions.Configuration.IConfigurationBuilder" /> 的委托 为主机构造 <see cref="T:Microsoft.Extensions.Configuration.IConfiguration" />.</para></param>
      <returns>The same instance of the <see cref="T:Microsoft.Extensions.Hosting.IHostBuilder" /> for chaining.<para>用于链接的 <see cref="T:Microsoft.Extensions.Hosting.IHostBuilder" /> 的相同实例.</para></returns>
    </member>
    <member name="M:Microsoft.Extensions.Hosting.HostBuilder.UseServiceProviderFactory``1(Microsoft.Extensions.DependencyInjection.IServiceProviderFactory{``0})">
      <summary>Overrides the factory used to create the service provider.<para>覆盖用于创建服务提供程序的工厂.</para></summary>
      <typeparam name="TContainerBuilder">The type of the builder to create.<para>要创建的构建器的类型.</para></typeparam>
      <param name="factory">A factory used for creating service providers.<para>用于创建服务提供商的工厂.</para></param>
      <returns>The same instance of the <see cref="T:Microsoft.Extensions.Hosting.IHostBuilder" /> for chaining.<para>用于链接的 <see cref="T:Microsoft.Extensions.Hosting.IHostBuilder" /> 的相同实例.</para></returns>
    </member>
    <member name="M:Microsoft.Extensions.Hosting.HostBuilder.UseServiceProviderFactory``1(System.Func{Microsoft.Extensions.Hosting.HostBuilderContext,Microsoft.Extensions.DependencyInjection.IServiceProviderFactory{``0}})">
      <summary>Overrides the factory used to create the service provider.<para>覆盖用于创建服务提供程序的工厂.</para></summary>
      <param name="factory">A factory used for creating service providers.<para>用于创建服务提供商的工厂.</para></param>
      <typeparam name="TContainerBuilder">The type of the builder to create.<para>要创建的构建器的类型.</para></typeparam>
      <returns>The same instance of the <see cref="T:Microsoft.Extensions.Hosting.IHostBuilder" /> for chaining.<para>用于链接的 <see cref="T:Microsoft.Extensions.Hosting.IHostBuilder" /> 的相同实例.</para></returns>
    </member>
    <member name="M:Microsoft.Extensions.Hosting.HostBuilder.ConfigureContainer``1(System.Action{Microsoft.Extensions.Hosting.HostBuilderContext,``0})">
      <summary>Enables configuring the instantiated dependency container. This can be called multiple times and
            the results will be additive.<para>启用配置实例化的依赖项容器.这可以多次调用和 结果将是累加的.</para></summary>
      <typeparam name="TContainerBuilder">The type of the builder to create.<para>要创建的构建器的类型.</para></typeparam>
      <param name="configureDelegate">The delegate for configuring the <see cref="T:Microsoft.Extensions.Configuration.IConfigurationBuilder" /> that will be used
            to construct the <see cref="T:Microsoft.Extensions.Configuration.IConfiguration" /> for the host.<para>用于配置将使用的 <see cref="T:Microsoft.Extensions.Configuration.IConfigurationBuilder" /> 的委托 为主机构造 <see cref="T:Microsoft.Extensions.Configuration.IConfiguration" />.</para></param>
      <returns>The same instance of the <see cref="T:Microsoft.Extensions.Hosting.IHostBuilder" /> for chaining.<para>用于链接的 <see cref="T:Microsoft.Extensions.Hosting.IHostBuilder" /> 的相同实例.</para></returns>
    </member>
    <member name="M:Microsoft.Extensions.Hosting.HostBuilder.Build">
      <summary>Run the given actions to initialize the host. This can only be called once.<para>运行给定的操作以初始化主机.这只能调用一次.</para></summary>
      <returns>An initialized <see cref="T:Microsoft.Extensions.Hosting.IHost" /><para>初始化的 <see cref="T:Microsoft.Extensions.Hosting.IHost" /></para></returns>
      <remarks>Adds basic services to the host such as application lifetime, host environment, and logging.<para>向主机添加基本服务,例如应用程序生存期、主机环境和日志记录.</para></remarks>
    </member>
    <member name="M:Microsoft.Extensions.Hosting.HostingHostBuilderExtensions.UseEnvironment(Microsoft.Extensions.Hosting.IHostBuilder,System.String)">
      <summary>Specify the environment to be used by the host. To avoid the environment being overwritten by a default
            value, ensure this is called after defaults are configured.<para>指定主机要使用的环境.避免环境被默认覆盖 值,确保在配置默认值后调用此值.</para></summary>
      <param name="hostBuilder">The <see cref="T:Microsoft.Extensions.Hosting.IHostBuilder" /> to configure.<para>要配置的 <see cref="T:Microsoft.Extensions.Hosting.IHostBuilder" />.</para></param>
      <param name="environment">The environment to host the application in.<para>用于托管应用程序的环境.</para></param>
      <returns>The <see cref="T:Microsoft.Extensions.Hosting.IHostBuilder" />.<para>的 <see cref="T:Microsoft.Extensions.Hosting.IHostBuilder" />.</para></returns>
    </member>
    <member name="M:Microsoft.Extensions.Hosting.HostingHostBuilderExtensions.UseContentRoot(Microsoft.Extensions.Hosting.IHostBuilder,System.String)">
      <summary>Specify the content root directory to be used by the host. To avoid the content root directory being
            overwritten by a default value, ensure this is called after defaults are configured.<para>指定主机要使用的内容根目录.避免内容根目录 被默认值覆盖,请确保在配置默认值后调用此值.</para></summary>
      <param name="hostBuilder">The <see cref="T:Microsoft.Extensions.Hosting.IHostBuilder" /> to configure.<para>要配置的 <see cref="T:Microsoft.Extensions.Hosting.IHostBuilder" />.</para></param>
      <param name="contentRoot">Path to root directory of the application.<para>应用程序根目录的路径.</para></param>
      <returns>The <see cref="T:Microsoft.Extensions.Hosting.IHostBuilder" />.<para>的 <see cref="T:Microsoft.Extensions.Hosting.IHostBuilder" />.</para></returns>
    </member>
    <member name="M:Microsoft.Extensions.Hosting.HostingHostBuilderExtensions.UseDefaultServiceProvider(Microsoft.Extensions.Hosting.IHostBuilder,System.Action{Microsoft.Extensions.DependencyInjection.ServiceProviderOptions})">
      <summary>Specify the <see cref="T:System.IServiceProvider" /> to be the default one.<para>将 <see cref="T:System.IServiceProvider" /> 指定为默认值.</para></summary>
      <param name="hostBuilder">The <see cref="T:Microsoft.Extensions.Hosting.IHostBuilder" /> to configure.<para>要配置的 <see cref="T:Microsoft.Extensions.Hosting.IHostBuilder" />.</para></param>
      <param name="configure">
        <para>
        </para>
      </param>
      <returns>The <see cref="T:Microsoft.Extensions.Hosting.IHostBuilder" />.<para>的 <see cref="T:Microsoft.Extensions.Hosting.IHostBuilder" />.</para></returns>
    </member>
    <member name="M:Microsoft.Extensions.Hosting.HostingHostBuilderExtensions.UseDefaultServiceProvider(Microsoft.Extensions.Hosting.IHostBuilder,System.Action{Microsoft.Extensions.Hosting.HostBuilderContext,Microsoft.Extensions.DependencyInjection.ServiceProviderOptions})">
      <summary>Specify the <see cref="T:System.IServiceProvider" /> to be the default one.<para>将 <see cref="T:System.IServiceProvider" /> 指定为默认值.</para></summary>
      <param name="hostBuilder">The <see cref="T:Microsoft.Extensions.Hosting.IHostBuilder" /> to configure.<para>要配置的 <see cref="T:Microsoft.Extensions.Hosting.IHostBuilder" />.</para></param>
      <param name="configure">The delegate that configures the <see cref="T:System.IServiceProvider" />.<para>配置 <see cref="T:System.IServiceProvider" /> 的委托.</para></param>
      <returns>The <see cref="T:Microsoft.Extensions.Hosting.IHostBuilder" />.<para>的 <see cref="T:Microsoft.Extensions.Hosting.IHostBuilder" />.</para></returns>
    </member>
    <member name="M:Microsoft.Extensions.Hosting.HostingHostBuilderExtensions.ConfigureLogging(Microsoft.Extensions.Hosting.IHostBuilder,System.Action{Microsoft.Extensions.Hosting.HostBuilderContext,Microsoft.Extensions.Logging.ILoggingBuilder})">
      <summary>Adds a delegate for configuring the provided <see cref="T:Microsoft.Extensions.Logging.ILoggingBuilder" />. This may be called multiple times.<para>添加用于配置提供的 <see cref="T:Microsoft.Extensions.Logging.ILoggingBuilder" /> 的委托.这可能会被多次调用.</para></summary>
      <param name="hostBuilder">The <see cref="T:Microsoft.Extensions.Hosting.IHostBuilder" /> to configure.<para>要配置的 <see cref="T:Microsoft.Extensions.Hosting.IHostBuilder" />.</para></param>
      <param name="configureLogging">The delegate that configures the <see cref="T:Microsoft.Extensions.Logging.ILoggingBuilder" />.<para>配置 <see cref="T:Microsoft.Extensions.Logging.ILoggingBuilder" /> 的委托.</para></param>
      <returns>The same instance of the <see cref="T:Microsoft.Extensions.Hosting.IHostBuilder" /> for chaining.<para>用于链接的 <see cref="T:Microsoft.Extensions.Hosting.IHostBuilder" /> 的相同实例.</para></returns>
    </member>
    <member name="M:Microsoft.Extensions.Hosting.HostingHostBuilderExtensions.ConfigureLogging(Microsoft.Extensions.Hosting.IHostBuilder,System.Action{Microsoft.Extensions.Logging.ILoggingBuilder})">
      <summary>Adds a delegate for configuring the provided <see cref="T:Microsoft.Extensions.Logging.ILoggingBuilder" />. This may be called multiple times.<para>添加用于配置提供的 <see cref="T:Microsoft.Extensions.Logging.ILoggingBuilder" /> 的委托.这可能会被多次调用.</para></summary>
      <param name="hostBuilder">The <see cref="T:Microsoft.Extensions.Hosting.IHostBuilder" /> to configure.<para>要配置的 <see cref="T:Microsoft.Extensions.Hosting.IHostBuilder" />.</para></param>
      <param name="configureLogging">The delegate that configures the <see cref="T:Microsoft.Extensions.Logging.ILoggingBuilder" />.<para>配置 <see cref="T:Microsoft.Extensions.Logging.ILoggingBuilder" /> 的委托.</para></param>
      <returns>The same instance of the <see cref="T:Microsoft.Extensions.Hosting.IHostBuilder" /> for chaining.<para>用于链接的 <see cref="T:Microsoft.Extensions.Hosting.IHostBuilder" /> 的相同实例.</para></returns>
    </member>
    <member name="M:Microsoft.Extensions.Hosting.HostingHostBuilderExtensions.ConfigureHostOptions(Microsoft.Extensions.Hosting.IHostBuilder,System.Action{Microsoft.Extensions.Hosting.HostBuilderContext,Microsoft.Extensions.Hosting.HostOptions})">
      <summary>Adds a delegate for configuring the <see cref="T:Microsoft.Extensions.Hosting.HostOptions" /> of the <see cref="T:Microsoft.Extensions.Hosting.IHost" />.<para>添加用于配置 <see cref="T:Microsoft.Extensions.Hosting.IHost" /> 的 <see cref="T:Microsoft.Extensions.Hosting.HostOptions" /> 的委托.</para></summary>
      <param name="hostBuilder">The <see cref="T:Microsoft.Extensions.Hosting.IHostBuilder" /> to configure.<para>要配置的 <see cref="T:Microsoft.Extensions.Hosting.IHostBuilder" />.</para></param>
      <param name="configureOptions">The delegate for configuring the <see cref="T:Microsoft.Extensions.Hosting.HostOptions" />.<para>用于配置 <see cref="T:Microsoft.Extensions.Hosting.HostOptions" /> 的委托.</para></param>
      <returns>The same instance of the <see cref="T:Microsoft.Extensions.Hosting.IHostBuilder" /> for chaining.<para>用于链接的 <see cref="T:Microsoft.Extensions.Hosting.IHostBuilder" /> 的相同实例.</para></returns>
    </member>
    <member name="M:Microsoft.Extensions.Hosting.HostingHostBuilderExtensions.ConfigureHostOptions(Microsoft.Extensions.Hosting.IHostBuilder,System.Action{Microsoft.Extensions.Hosting.HostOptions})">
      <summary>Adds a delegate for configuring the <see cref="T:Microsoft.Extensions.Hosting.HostOptions" /> of the <see cref="T:Microsoft.Extensions.Hosting.IHost" />.<para>添加用于配置 <see cref="T:Microsoft.Extensions.Hosting.IHost" /> 的 <see cref="T:Microsoft.Extensions.Hosting.HostOptions" /> 的委托.</para></summary>
      <param name="hostBuilder">The <see cref="T:Microsoft.Extensions.Hosting.IHostBuilder" /> to configure.<para>要配置的 <see cref="T:Microsoft.Extensions.Hosting.IHostBuilder" />.</para></param>
      <param name="configureOptions">The delegate for configuring the <see cref="T:Microsoft.Extensions.Hosting.HostOptions" />.<para>用于配置 <see cref="T:Microsoft.Extensions.Hosting.HostOptions" /> 的委托.</para></param>
      <returns>The same instance of the <see cref="T:Microsoft.Extensions.Hosting.IHostBuilder" /> for chaining.<para>用于链接的 <see cref="T:Microsoft.Extensions.Hosting.IHostBuilder" /> 的相同实例.</para></returns>
    </member>
    <member name="M:Microsoft.Extensions.Hosting.HostingHostBuilderExtensions.ConfigureAppConfiguration(Microsoft.Extensions.Hosting.IHostBuilder,System.Action{Microsoft.Extensions.Configuration.IConfigurationBuilder})">
      <summary>Sets up the configuration for the remainder of the build process and application. This can be called multiple times and
            the results will be additive. The results will be available at <see cref="P:Microsoft.Extensions.Hosting.HostBuilderContext.Configuration" /> for
            subsequent operations, as well as in <see cref="P:Microsoft.Extensions.Hosting.IHost.Services" />.<para>为生成过程和应用程序的其余部分设置配置.这可以多次调用和 结果将是累加的.结果将在 <see cref="P:Microsoft.Extensions.Hosting.HostBuilderContext.Configuration" /> 上提供 后续操作,以及 <see cref="P:Microsoft.Extensions.Hosting.IHost.Services" />.</para></summary>
      <param name="hostBuilder">The <see cref="T:Microsoft.Extensions.Hosting.IHostBuilder" /> to configure.<para>要配置的 <see cref="T:Microsoft.Extensions.Hosting.IHostBuilder" />.</para></param>
      <param name="configureDelegate">The delegate for configuring the <see cref="T:Microsoft.Extensions.Configuration.IConfigurationBuilder" /> that will be used
            to construct the <see cref="T:Microsoft.Extensions.Configuration.IConfiguration" /> for the host.<para>用于配置将使用的 <see cref="T:Microsoft.Extensions.Configuration.IConfigurationBuilder" /> 的委托 为主机构造 <see cref="T:Microsoft.Extensions.Configuration.IConfiguration" />.</para></param>
      <returns>The same instance of the <see cref="T:Microsoft.Extensions.Hosting.IHostBuilder" /> for chaining.<para>用于链接的 <see cref="T:Microsoft.Extensions.Hosting.IHostBuilder" /> 的相同实例.</para></returns>
    </member>
    <member name="M:Microsoft.Extensions.Hosting.HostingHostBuilderExtensions.ConfigureServices(Microsoft.Extensions.Hosting.IHostBuilder,System.Action{Microsoft.Extensions.DependencyInjection.IServiceCollection})">
      <summary>Adds services to the container. This can be called multiple times and the results will be additive.<para>将服务添加到容器.这可以多次调用,结果将是累加的.</para></summary>
      <param name="hostBuilder">The <see cref="T:Microsoft.Extensions.Hosting.IHostBuilder" /> to configure.<para>要配置的 <see cref="T:Microsoft.Extensions.Hosting.IHostBuilder" />.</para></param>
      <param name="configureDelegate">The delegate for configuring the <see cref="T:Microsoft.Extensions.DependencyInjection.IServiceCollection" />.<para>用于配置 <see cref="T:Microsoft.Extensions.DependencyInjection.IServiceCollection" /> 的委托.</para></param>
      <returns>The same instance of the <see cref="T:Microsoft.Extensions.Hosting.IHostBuilder" /> for chaining.<para>用于链接的 <see cref="T:Microsoft.Extensions.Hosting.IHostBuilder" /> 的相同实例.</para></returns>
    </member>
    <member name="M:Microsoft.Extensions.Hosting.HostingHostBuilderExtensions.ConfigureContainer``1(Microsoft.Extensions.Hosting.IHostBuilder,System.Action{``0})">
      <summary>Enables configuring the instantiated dependency container. This can be called multiple times and
            the results will be additive.<para>启用配置实例化的依赖项容器.这可以多次调用和 结果将是累加的.</para></summary>
      <typeparam name="TContainerBuilder">
        <para>
        </para>
      </typeparam>
      <param name="hostBuilder">The <see cref="T:Microsoft.Extensions.Hosting.IHostBuilder" /> to configure.<para>要配置的 <see cref="T:Microsoft.Extensions.Hosting.IHostBuilder" />.</para></param>
      <param name="configureDelegate">The delegate for configuring the <typeparamref name="TContainerBuilder" />.<para>用于配置 <typeparamref name="TContainerBuilder" /> 的委托.</para></param>
      <returns>The same instance of the <see cref="T:Microsoft.Extensions.Hosting.IHostBuilder" /> for chaining.<para>用于链接的 <see cref="T:Microsoft.Extensions.Hosting.IHostBuilder" /> 的相同实例.</para></returns>
    </member>
    <member name="M:Microsoft.Extensions.Hosting.HostingHostBuilderExtensions.ConfigureDefaults(Microsoft.Extensions.Hosting.IHostBuilder,System.String[])">
      <summary>Configures an existing <see cref="T:Microsoft.Extensions.Hosting.IHostBuilder" /> instance with pre-configured defaults. This will overwrite
            previously configured values and is intended to be called before additional configuration calls.<para>使用预配置的默认值配置现有 <see cref="T:Microsoft.Extensions.Hosting.IHostBuilder" /> 实例.这将覆盖 以前配置的值,旨在在其他配置调用之前调用.</para></summary>
      <remarks>The following defaults are applied to the <see cref="T:Microsoft.Extensions.Hosting.IHostBuilder" />:
                * set the <see cref="P:Microsoft.Extensions.Hosting.IHostEnvironment.ContentRootPath" /> to the result of <see cref="M:System.IO.Directory.GetCurrentDirectory" />
                * load host <see cref="T:Microsoft.Extensions.Configuration.IConfiguration" /> from "DOTNET_" prefixed environment variables
                * load host <see cref="T:Microsoft.Extensions.Configuration.IConfiguration" /> from supplied command line args
                * load app <see cref="T:Microsoft.Extensions.Configuration.IConfiguration" /> from 'appsettings.json' and 'appsettings.[<see cref="P:Microsoft.Extensions.Hosting.IHostEnvironment.EnvironmentName" />].json'
                * load app <see cref="T:Microsoft.Extensions.Configuration.IConfiguration" /> from User Secrets when <see cref="P:Microsoft.Extensions.Hosting.IHostEnvironment.EnvironmentName" /> is 'Development' using the entry assembly
                * load app <see cref="T:Microsoft.Extensions.Configuration.IConfiguration" /> from environment variables
                * load app <see cref="T:Microsoft.Extensions.Configuration.IConfiguration" /> from supplied command line args
                * configure the <see cref="T:Microsoft.Extensions.Logging.ILoggerFactory" /> to log to the console, debug, and event source output
                * enables scope validation on the dependency injection container when <see cref="P:Microsoft.Extensions.Hosting.IHostEnvironment.EnvironmentName" /> is 'Development'<para>以下默认值应用于 <see cref="T:Microsoft.Extensions.Hosting.IHostBuilder" />: * 将 <see cref="P:Microsoft.Extensions.Hosting.IHostEnvironment.ContentRootPath" /> 设置为 <see cref="M:System.IO.Directory.GetCurrentDirectory" /> 的结果 * 从前缀为"dotnet_"的环境变量加载主机 <see cref="T:Microsoft.Extensions.Configuration.IConfiguration" /> * 从提供的命令行参数加载主机 <see cref="T:Microsoft.Extensions.Configuration.IConfiguration" /> * 从 `appsettings.json` 和 `appsettings` 加载应用程序 <see cref="T:Microsoft.Extensions.Configuration.IConfiguration" />.[<see cref="P:Microsoft.Extensions.Hosting.IHostEnvironment.EnvironmentName" />].json` * 当 <see cref="P:Microsoft.Extensions.Hosting.IHostEnvironment.EnvironmentName" /> 是"开发"时,使用条目程序集从用户机密加载应用 <see cref="T:Microsoft.Extensions.Configuration.IConfiguration" /> * 从环境变量加载应用程序 <see cref="T:Microsoft.Extensions.Configuration.IConfiguration" /> * 从提供的命令行参数加载应用程序 <see cref="T:Microsoft.Extensions.Configuration.IConfiguration" /> * 配置 <see cref="T:Microsoft.Extensions.Logging.ILoggerFactory" /> 以记录到控制台、调试和事件源输出 * 当 <see cref="P:Microsoft.Extensions.Hosting.IHostEnvironment.EnvironmentName" /> 为"开发"时,在依赖项注入容器上启用范围验证</para></remarks>
      <param name="builder">The existing builder to configure.<para>要配置的现有构建器.</para></param>
      <param name="args">The command line args.<para>命令行参数</para></param>
      <returns>The same instance of the <see cref="T:Microsoft.Extensions.Hosting.IHostBuilder" /> for chaining.<para>用于链接的 <see cref="T:Microsoft.Extensions.Hosting.IHostBuilder" /> 的相同实例.</para></returns>
    </member>
    <member name="M:Microsoft.Extensions.Hosting.HostingHostBuilderExtensions.UseConsoleLifetime(Microsoft.Extensions.Hosting.IHostBuilder)">
      <summary>Listens for Ctrl+C or SIGTERM and calls <see cref="M:Microsoft.Extensions.Hosting.IHostApplicationLifetime.StopApplication" /> to start the shutdown process.
            This will unblock extensions like RunAsync and WaitForShutdownAsync.<para>侦听 ctrl+c 或 sigterm 和调用 <see cref="m:microsoft.extensions.hosting.ihostapplicationlifetime.stopapplication" /> 以启动关机过程. 这将解锁runasync和waitforshutdownasync等扩展.</para></summary>
      <param name="hostBuilder">The <see cref="T:Microsoft.Extensions.Hosting.IHostBuilder" /> to configure.<para>要配置的 <see cref="T:Microsoft.Extensions.Hosting.IHostBuilder" />.</para></param>
      <returns>The same instance of the <see cref="T:Microsoft.Extensions.Hosting.IHostBuilder" /> for chaining.<para>用于链接的 <see cref="T:Microsoft.Extensions.Hosting.IHostBuilder" /> 的相同实例.</para></returns>
    </member>
    <member name="M:Microsoft.Extensions.Hosting.HostingHostBuilderExtensions.UseConsoleLifetime(Microsoft.Extensions.Hosting.IHostBuilder,System.Action{Microsoft.Extensions.Hosting.ConsoleLifetimeOptions})">
      <summary>Listens for Ctrl+C or SIGTERM and calls <see cref="M:Microsoft.Extensions.Hosting.IHostApplicationLifetime.StopApplication" /> to start the shutdown process.
            This will unblock extensions like RunAsync and WaitForShutdownAsync.<para>侦听 ctrl+c 或 sigterm 和调用 <see cref="m:microsoft.extensions.hosting.ihostapplicationlifetime.stopapplication" /> 以启动关机过程. 这将解锁runasync和waitforshutdownasync等扩展.</para></summary>
      <param name="hostBuilder">The <see cref="T:Microsoft.Extensions.Hosting.IHostBuilder" /> to configure.<para>要配置的 <see cref="T:Microsoft.Extensions.Hosting.IHostBuilder" />.</para></param>
      <param name="configureOptions">The delegate for configuring the <see cref="T:Microsoft.Extensions.Hosting.Internal.ConsoleLifetime" />.<para>用于配置 <see cref="T:Microsoft.Extensions.Hosting.Internal.ConsoleLifetime" /> 的委托.</para></param>
      <returns>The same instance of the <see cref="T:Microsoft.Extensions.Hosting.IHostBuilder" /> for chaining.<para>用于链接的 <see cref="T:Microsoft.Extensions.Hosting.IHostBuilder" /> 的相同实例.</para></returns>
    </member>
    <member name="M:Microsoft.Extensions.Hosting.HostingHostBuilderExtensions.RunConsoleAsync(Microsoft.Extensions.Hosting.IHostBuilder,System.Threading.CancellationToken)">
      <summary>Enables console support, builds and starts the host, and waits for Ctrl+C or SIGTERM to shut down.<para>启用控制台支持,生成并启动主机,并等待 ctrl+c 或 sigterm 关闭.</para></summary>
      <param name="hostBuilder">The <see cref="T:Microsoft.Extensions.Hosting.IHostBuilder" /> to configure.<para>要配置的 <see cref="T:Microsoft.Extensions.Hosting.IHostBuilder" />.</para></param>
      <param name="cancellationToken">A <see cref="T:System.Threading.CancellationToken" /> that can be used to cancel the console.<para>可用于取消控制台的 <see cref="T:System.Threading.CancellationToken" />.</para></param>
      <returns>A <see cref="T:System.Threading.Tasks.Task" /> that only completes when the token is triggered or shutdown is triggered.<para>仅在触发令牌或触发关闭时完成的 <see cref="T:System.Threading.Tasks.Task" />.</para></returns>
    </member>
    <member name="M:Microsoft.Extensions.Hosting.HostingHostBuilderExtensions.RunConsoleAsync(Microsoft.Extensions.Hosting.IHostBuilder,System.Action{Microsoft.Extensions.Hosting.ConsoleLifetimeOptions},System.Threading.CancellationToken)">
      <summary>Enables console support, builds and starts the host, and waits for Ctrl+C or SIGTERM to shut down.<para>启用控制台支持,生成并启动主机,并等待 ctrl+c 或 sigterm 关闭.</para></summary>
      <param name="hostBuilder">The <see cref="T:Microsoft.Extensions.Hosting.IHostBuilder" /> to configure.<para>要配置的 <see cref="T:Microsoft.Extensions.Hosting.IHostBuilder" />.</para></param>
      <param name="configureOptions">The delegate for configuring the <see cref="T:Microsoft.Extensions.Hosting.Internal.ConsoleLifetime" />.<para>用于配置 <see cref="T:Microsoft.Extensions.Hosting.Internal.ConsoleLifetime" /> 的委托.</para></param>
      <param name="cancellationToken">A <see cref="T:System.Threading.CancellationToken" /> that can be used to cancel the console.<para>可用于取消控制台的 <see cref="T:System.Threading.CancellationToken" />.</para></param>
      <returns>A <see cref="T:System.Threading.Tasks.Task" /> that only completes when the token is triggered or shutdown is triggered.<para>仅在触发令牌或触发关闭时完成的 <see cref="T:System.Threading.Tasks.Task" />.</para></returns>
    </member>
    <member name="T:Microsoft.Extensions.Hosting.HostOptions">
      <summary>Options for <see cref="T:Microsoft.Extensions.Hosting.IHost" /><para><see cref="T:Microsoft.Extensions.Hosting.IHost" /> 的选项</para></summary>
    </member>
    <member name="P:Microsoft.Extensions.Hosting.HostOptions.ShutdownTimeout">
      <summary>The default timeout for <see cref="M:Microsoft.Extensions.Hosting.IHost.StopAsync(System.Threading.CancellationToken)" />.<para>的默认超时 <see cref="m:microsoft.extensions.hosting.ihost.stopasync（system.threading.canceltoken）" /> .</para></summary>
    </member>
    <member name="P:Microsoft.Extensions.Hosting.HostOptions.BackgroundServiceExceptionBehavior">
      <summary>The behavior the <see cref="T:Microsoft.Extensions.Hosting.IHost" /> will follow when any of
            its <see cref="T:Microsoft.Extensions.Hosting.BackgroundService" /> instances throw an unhandled exception.<para><see cref="T:Microsoft.Extensions.Hosting.IHost" /> 在以下任何情况下将遵循的行为 其 <see cref="T:Microsoft.Extensions.Hosting.BackgroundService" /> 实例引发未经处理的异常.</para></summary>
      <remarks>Defaults to <see cref="F:Microsoft.Extensions.Hosting.BackgroundServiceExceptionBehavior.StopHost" />.<para>默认为 <see cref="F:Microsoft.Extensions.Hosting.BackgroundServiceExceptionBehavior.StopHost" />.</para></remarks>
    </member>
    <member name="T:Microsoft.Extensions.Hosting.Internal.ApplicationLifetime">
      <summary>Allows consumers to perform cleanup during a graceful shutdown.<para>允许使用者在正常关闭期间执行清理.</para></summary>
    </member>
    <member name="P:Microsoft.Extensions.Hosting.Internal.ApplicationLifetime.ApplicationStarted">
      <summary>Triggered when the application host has fully started and is about to wait
            for a graceful shutdown.<para>在应用程序主机完全启动并即将等待时触发 实现正常关机.</para></summary>
    </member>
    <member name="P:Microsoft.Extensions.Hosting.Internal.ApplicationLifetime.ApplicationStopping">
      <summary>Triggered when the application host is performing a graceful shutdown.
            Request may still be in flight. Shutdown will block until this event completes.<para>在应用程序主机执行正常关闭时触发. 请求可能仍在进行中.关机将阻止,直到此事件完成.</para></summary>
    </member>
    <member name="P:Microsoft.Extensions.Hosting.Internal.ApplicationLifetime.ApplicationStopped">
      <summary>Triggered when the application host is performing a graceful shutdown.
            All requests should be complete at this point. Shutdown will block
            until this event completes.<para>在应用程序主机执行正常关闭时触发. 此时,所有请求都应已完成.关机将阻止 直到此事件完成.</para></summary>
    </member>
    <member name="M:Microsoft.Extensions.Hosting.Internal.ApplicationLifetime.StopApplication">
      <summary>Signals the ApplicationStopping event and blocks until it completes.<para>向应用程序停止事件发出信号并阻止,直到它完成.</para></summary>
    </member>
    <member name="M:Microsoft.Extensions.Hosting.Internal.ApplicationLifetime.NotifyStarted">
      <summary>Signals the ApplicationStarted event and blocks until it completes.<para>向应用程序发出信号事件并阻止它,直到它完成.</para></summary>
    </member>
    <member name="M:Microsoft.Extensions.Hosting.Internal.ApplicationLifetime.NotifyStopped">
      <summary>Signals the ApplicationStopped event and blocks until it completes.<para>向应用程序停止事件发出信号并阻止它,直到它完成.</para></summary>
    </member>
    <member name="T:Microsoft.Extensions.Hosting.Internal.ConsoleLifetime">
      <summary>Listens for Ctrl+C or SIGTERM and initiates shutdown.<para>侦听 ctrl+c 或 sigterm 并启动关机.</para></summary>
    </member>
    <member name="T:Microsoft.Extensions.Hosting.Internal.HostingEnvironment">
      <summary>This API supports infrastructure and is not intended to be used
            directly from your code. This API may change or be removed in future releases.<para>此 api 支持基础结构,不打算使用 直接从您的代码.此 api 可能会在将来的版本中更改或删除.</para></summary>
    </member>
    <member name="T:Microsoft.Extensions.Hosting.Internal.NullLifetime">
      <summary>Minimalistic lifetime that does nothing.<para>简约的一生,什么都不做.</para></summary>
    </member>
    <member name="T:Microsoft.Extensions.DependencyInjection.OptionsBuilderExtensions">
      <summary>Extension methods for adding configuration related options services to the DI container via <see cref="T:Microsoft.Extensions.Options.OptionsBuilder`1" />.<para>用于通过 <see cref="T:Microsoft.Extensions.Options.OptionsBuilder`1" /> 将与配置相关的选项服务添加到 di 容器的扩展方法.</para></summary>
    </member>
    <member name="M:Microsoft.Extensions.DependencyInjection.OptionsBuilderExtensions.ValidateOnStart``1(Microsoft.Extensions.Options.OptionsBuilder{``0})">
      <summary>Enforces options validation check on start rather than in runtime.<para>在启动时而不是在运行时强制实施选项验证检查.</para></summary>
      <typeparam name="TOptions">The type of options.<para>选项的类型.</para></typeparam>
      <param name="optionsBuilder">The <see cref="T:Microsoft.Extensions.Options.OptionsBuilder`1" /> to configure options instance.<para>用于配置选项实例的 <see cref="T:Microsoft.Extensions.Options.OptionsBuilder`1" />.</para></param>
      <returns>The <see cref="T:Microsoft.Extensions.Options.OptionsBuilder`1" /> so that additional calls can be chained.<para><see cref="T:Microsoft.Extensions.Options.OptionsBuilder`1" />,以便可以链接其他调用.</para></returns>
    </member>
    <member name="M:System.ThrowHelper.ThrowIfNull(System.Object,System.String)">
      <summary>Throws an <see cref="T:System.ArgumentNullException" /> if <paramref name="argument" /> is null.<para>抛出一个 <see cref="t:system.argumentnullexception" /> 如果 <paramref name="argument" /> 为空.</para></summary>
      <param name="argument">The reference type argument to validate as non-null.<para>要验证为非 null 的引用类型参数.</para></param>
      <param name="paramName">The name of the parameter with which <paramref name="argument" /> corresponds.<para><paramref name="argument" /> 对应的参数的名称.</para></param>
    </member>
    <member name="P:System.SR.ApplicationNameChangeNotSupported">
      <summary>The application name changed from "{0}" to "{1}". Changing host configuration is not supported.<para>应用程序名称从"{0}"更改为"{1}".不支持更改主机配置.</para></summary>
    </member>
    <member name="P:System.SR.BackgroundServiceExceptionStoppedHost">
      <summary>The HostOptions.BackgroundServiceExceptionBehavior is configured to StopHost. A BackgroundService has thrown an unhandled exception, and the IHost instance is stopping. To avoid this behavior, configure this to Ignore; however the BackgroundService will no ...<para>hostoptions.backgroundserviceexceptionbehavior 配置为 stophost.后台服务引发了未经处理的异常,并且 ihost 实例正在停止.若要避免此行为,请将其配置为"忽略";但是后台服务不会...</para></summary>
    </member>
    <member name="P:System.SR.BuildCalled">
      <summary>Build can only be called once.<para>生成只能调用一次.</para></summary>
    </member>
    <member name="P:System.SR.ContentRootChangeNotSupported">
      <summary>The content root changed from "{0}" to "{1}". Changing host configuration is not supported.<para>内容根目录从"{0}"更改为"{1}".不支持更改主机配置.</para></summary>
    </member>
    <member name="P:System.SR.CreateBuilderCallBeforeCreateServiceProvider">
      <summary>CreateBuilder must be called before CreateServiceProvider<para>必须先调用 createbuilder,然后才能调用 createserviceprovider</para></summary>
    </member>
    <member name="P:System.SR.EnvironmentNameChangeNotSupoprted">
      <summary>The environment name changed from "{0}" to "{1}". Changing host configuration is not supported.<para>环境名称从"{0}"更改为"{1}".不支持更改主机配置.</para></summary>
    </member>
    <member name="P:System.SR.IHostApplicationLifetimeReplacementNotSupported">
      <summary>Replacing IHostApplicationLifetime is not supported.<para>不支持替换 ihostapplicationlifetime .</para></summary>
    </member>
    <member name="P:System.SR.NullIServiceProvider">
      <summary>The IServiceProviderFactory returned a null IServiceProvider<para>iserviceproviderfactory 返回一个空的 iserviceprovider</para></summary>
    </member>
    <member name="P:System.SR.ResolverReturnedNull">
      <summary>The resolver returned a null IServiceProviderFactory<para>解析器返回空 iserviceproviderfactory</para></summary>
    </member>
  </members>
</doc>