<?xml version="1.0"?>
<doc>
  <assembly>
    <name>Microsoft.Extensions.Options.DataAnnotations</name>
  </assembly>
  <members>
    <member name="T:Microsoft.Extensions.Options.DataAnnotationValidateOptions`1">
      <summary>Implementation of <see cref="T:Microsoft.Extensions.Options.IValidateOptions`1" /> that uses DataAnnotation's <see cref="T:System.ComponentModel.DataAnnotations.Validator" /> for validation.<para>使用数据注释的 <see cref="T:Microsoft.Extensions.Options.IValidateOptions`1" /> 的实现 <see cref="t:system.componentmodel.dataannotations.validator" /> 用于验证.</para></summary>
      <typeparam name="TOptions">The instance being validated.<para>正在验证的实例.</para></typeparam>
    </member>
    <member name="M:Microsoft.Extensions.Options.DataAnnotationValidateOptions`1.#ctor(System.String)">
      <summary>Constructor.<para>构造 函数.</para></summary>
      <param name="name">The name of the option.<para>选项的名称.</para></param>
    </member>
    <member name="P:Microsoft.Extensions.Options.DataAnnotationValidateOptions`1.Name">
      <summary>The options name.<para>选项名称.</para></summary>
    </member>
    <member name="M:Microsoft.Extensions.Options.DataAnnotationValidateOptions`1.Validate(System.String,`0)">
      <summary>Validates a specific named options instance (or all when <paramref name="name" /> is null).<para>验证特定的命名选项实例（或当 <paramref name="name" /> 为 null 时验证所有实例）.</para></summary>
      <param name="name">The name of the options instance being validated.<para>正在验证的选项实例的名称.</para></param>
      <param name="options">The options instance.<para>选项实例.</para></param>
      <returns>The <see cref="T:Microsoft.Extensions.Options.ValidateOptionsResult" /> result.<para><see cref="T:Microsoft.Extensions.Options.ValidateOptionsResult" /> 结果.</para></returns>
    </member>
    <member name="T:Microsoft.Extensions.DependencyInjection.OptionsBuilderDataAnnotationsExtensions">
      <summary>Extension methods for adding configuration related options services to the DI container via <see cref="T:Microsoft.Extensions.Options.OptionsBuilder`1" />.<para>用于通过 <see cref="T:Microsoft.Extensions.Options.OptionsBuilder`1" /> 将与配置相关的选项服务添加到 di 容器的扩展方法.</para></summary>
    </member>
    <member name="M:Microsoft.Extensions.DependencyInjection.OptionsBuilderDataAnnotationsExtensions.ValidateDataAnnotations``1(Microsoft.Extensions.Options.OptionsBuilder{``0})">
      <summary>Register this options instance for validation of its DataAnnotations.<para>注册此选项实例以验证其数据注释.</para></summary>
      <typeparam name="TOptions">The options type to be configured.<para>要配置的选项类型.</para></typeparam>
      <param name="optionsBuilder">The options builder to add the services to.<para>要将服务添加到的选项生成器.</para></param>
      <returns>The <see cref="T:Microsoft.Extensions.Options.OptionsBuilder`1" /> so that additional calls can be chained.<para><see cref="T:Microsoft.Extensions.Options.OptionsBuilder`1" />,以便可以链接其他调用.</para></returns>
    </member>
    <member name="M:System.ThrowHelper.ThrowIfNull(System.Object,System.String)">
      <summary>Throws an <see cref="T:System.ArgumentNullException" /> if <paramref name="argument" /> is null.<para>抛出一个 <see cref="t:system.argumentnullexception" /> 如果 <paramref name="argument" /> 为空.</para></summary>
      <param name="argument">The reference type argument to validate as non-null.<para>要验证为非 null 的引用类型参数.</para></param>
      <param name="paramName">The name of the parameter with which <paramref name="argument" /> corresponds.<para><paramref name="argument" /> 对应的参数的名称.</para></param>
    </member>
  </members>
</doc>