<?xml version="1.0"?>
<doc>
  <assembly>
    <name>Microsoft.Extensions.Hosting.Abstractions</name>
  </assembly>
  <members>
    <member name="T:Microsoft.Extensions.Hosting.BackgroundService">
      <summary>Base class for implementing a long running <see cref="T:Microsoft.Extensions.Hosting.IHostedService" />.<para>用于实现长时间运行的 <see cref="T:Microsoft.Extensions.Hosting.IHostedService" /> 的基类.</para></summary>
    </member>
    <member name="P:Microsoft.Extensions.Hosting.BackgroundService.ExecuteTask">
      <summary>Gets the Task that executes the background operation.<para>获取执行后台操作的任务.</para></summary>
      <remarks>Will return <see langword="null" /> if the background operation hasn't started.<para>如果后台操作尚未启动,将返回 <see langword="null" />.</para></remarks>
    </member>
    <member name="M:Microsoft.Extensions.Hosting.BackgroundService.ExecuteAsync(System.Threading.CancellationToken)">
      <summary>This method is called when the <see cref="T:Microsoft.Extensions.Hosting.IHostedService" /> starts. The implementation should return a task that represents
            the lifetime of the long running operation(s) being performed.<para>此方法在 <see cref="T:Microsoft.Extensions.Hosting.IHostedService" /> 启动时调用.实现应返回一个任务,该任务表示 正在执行的长时间运行操作的生存期.</para></summary>
      <param name="stoppingToken">Triggered when <see cref="M:Microsoft.Extensions.Hosting.IHostedService.StopAsync(System.Threading.CancellationToken)" /> is called.<para>触发时间 <see cref="m:microsoft.extensions.hosting.ihostedservice.stopasync（system.threading.canceltoken）" /> 被称为.</para></param>
      <returns>A <see cref="T:System.Threading.Tasks.Task" /> that represents the long running operations.<para>一个 <see cref="T:System.Threading.Tasks.Task" />,表示长时间运行的操作.</para></returns>
      <remarks>See <see href="https://docs.microsoft.com/dotnet/core/extensions/workers">Worker Services in .NET</see> for implementation guidelines.<para>有关实现指南,请参阅 <see href="https://docs.microsoft.com/dotnet/core/extensions/workers">Worker Services in .NET</see>.</para></remarks>
    </member>
    <member name="M:Microsoft.Extensions.Hosting.BackgroundService.StartAsync(System.Threading.CancellationToken)">
      <summary>Triggered when the application host is ready to start the service.<para>在应用程序主机准备好启动服务时触发.</para></summary>
      <param name="cancellationToken">Indicates that the start process has been aborted.<para>指示启动过程已中止.</para></param>
    </member>
    <member name="M:Microsoft.Extensions.Hosting.BackgroundService.StopAsync(System.Threading.CancellationToken)">
      <summary>Triggered when the application host is performing a graceful shutdown.<para>在应用程序主机执行正常关闭时触发.</para></summary>
      <param name="cancellationToken">Indicates that the shutdown process should no longer be graceful.<para>指示关闭过程不应再正常.</para></param>
    </member>
    <member name="T:Microsoft.Extensions.Hosting.EnvironmentName">
      <summary>Commonly used environment names.
            <para>
             This type is obsolete and will be removed in a future version.
             The recommended alternative is Microsoft.Extensions.Hosting.Environments.
            </para><para>常用环境名称. <para> 此类型已过时,将在将来的版本中删除. 推荐的替代方案是microsoft.extensions.hosting.environments. </para></para></summary>
    </member>
    <member name="T:Microsoft.Extensions.Hosting.Environments">
      <summary>Commonly used environment names.<para>常用环境名称.</para></summary>
    </member>
    <member name="T:Microsoft.Extensions.Hosting.HostAbortedException">
      <summary>The exception that is thrown upon <see cref="T:Microsoft.Extensions.Hosting.IHost" /> abortion.<para>在 <see cref="T:Microsoft.Extensions.Hosting.IHost" /> 堕胎时引发的异常.</para></summary>
    </member>
    <member name="M:Microsoft.Extensions.Hosting.HostAbortedException.#ctor">
      <summary>Initializes a new instance of the <see cref="T:Microsoft.Extensions.Hosting.HostAbortedException" /> class
            with a system-supplied error message.<para>初始化 <see cref="t:microsoft.extensions.hosting.hostabortedexception" /> .class 带有系统提供的错误消息.</para></summary>
    </member>
    <member name="M:Microsoft.Extensions.Hosting.HostAbortedException.#ctor(System.String)">
      <summary>Initializes a new instance of the <see cref="T:Microsoft.Extensions.Hosting.HostAbortedException" /> class
            with a specified error message.<para>初始化 <see cref="t:microsoft.extensions.hosting.hostabortedexception" /> .class 带有指定的错误消息.</para></summary>
      <param name="message">The error message that explains the reason for the exception.<para>解释异常原因的错误消息.</para></param>
      <remarks>The content of <paramref name="message" /> is intended to be understood by humans.
            The caller of this constructor is required to ensure that this string has been localized for the
            current system culture.<para><paramref name="message" /> 的内容旨在供人类理解. 此构造函数的调用方需要确保此字符串已针对 当前系统文化.</para></remarks>
    </member>
    <member name="M:Microsoft.Extensions.Hosting.HostAbortedException.#ctor(System.String,System.Exception)">
      <summary>Initializes a new instance of the <see cref="T:Microsoft.Extensions.Hosting.HostAbortedException" /> class
            with a specified error message and a reference to the inner exception that
            is the cause of this exception.<para>初始化 <see cref="t:microsoft.extensions.hosting.hostabortedexception" /> .class 带有指定的错误消息和对内部异常的引用 是导致此异常的原因.</para></summary>
      <param name="message">The error message that explains the reason for the exception.<para>解释异常原因的错误消息.</para></param>
      <param name="innerException">The exception that is the cause of the current exception.<para>导致当前异常的异常.</para></param>
      <remarks>The content of <paramref name="message" /> is intended to be understood by humans.
            The caller of this constructor is required to ensure that this string has been localized for the
            current system culture.<para><paramref name="message" /> 的内容旨在供人类理解. 此构造函数的调用方需要确保此字符串已针对 当前系统文化.</para></remarks>
    </member>
    <member name="T:Microsoft.Extensions.Hosting.HostBuilderContext">
      <summary>Context containing the common services on the <see cref="T:Microsoft.Extensions.Hosting.IHost" />. Some properties may be null until set by the <see cref="T:Microsoft.Extensions.Hosting.IHost" />.<para>包含 <see cref="T:Microsoft.Extensions.Hosting.IHost" /> 上的公共服务的上下文.某些属性在由 <see cref="T:Microsoft.Extensions.Hosting.IHost" /> 设置之前可能为 null.</para></summary>
    </member>
    <member name="P:Microsoft.Extensions.Hosting.HostBuilderContext.HostingEnvironment">
      <summary>The <see cref="T:Microsoft.Extensions.Hosting.IHostEnvironment" /> initialized by the <see cref="T:Microsoft.Extensions.Hosting.IHost" />.<para>由 <see cref="T:Microsoft.Extensions.Hosting.IHost" /> 初始化的 <see cref="T:Microsoft.Extensions.Hosting.IHostEnvironment" />.</para></summary>
    </member>
    <member name="P:Microsoft.Extensions.Hosting.HostBuilderContext.Configuration">
      <summary>The <see cref="T:Microsoft.Extensions.Configuration.IConfiguration" /> containing the merged configuration of the application and the <see cref="T:Microsoft.Extensions.Hosting.IHost" />.<para>包含应用程序的合并配置和 <see cref="T:Microsoft.Extensions.Hosting.IHost" /> 的 <see cref="T:Microsoft.Extensions.Configuration.IConfiguration" />.</para></summary>
    </member>
    <member name="P:Microsoft.Extensions.Hosting.HostBuilderContext.Properties">
      <summary>A central location for sharing state between components during the host building process.<para>在宿主构建过程中在组件之间共享状态的中心位置.</para></summary>
    </member>
    <member name="T:Microsoft.Extensions.Hosting.HostDefaults">
      <summary>Constants for HostBuilder configuration keys.<para>主机生成器配置键的常量.</para></summary>
    </member>
    <member name="F:Microsoft.Extensions.Hosting.HostDefaults.ApplicationKey">
      <summary>The configuration key used to set <see cref="P:Microsoft.Extensions.Hosting.IHostEnvironment.ApplicationName" />.<para>用于设置 <see cref="p:microsoft.extensions.hosting.ihostenvironment.applicationname" /> .</para></summary>
    </member>
    <member name="F:Microsoft.Extensions.Hosting.HostDefaults.EnvironmentKey">
      <summary>The configuration key used to set <see cref="P:Microsoft.Extensions.Hosting.IHostEnvironment.EnvironmentName" />.<para>用于设置 <see cref="P:Microsoft.Extensions.Hosting.IHostEnvironment.EnvironmentName" /> 的配置键.</para></summary>
    </member>
    <member name="F:Microsoft.Extensions.Hosting.HostDefaults.ContentRootKey">
      <summary>The configuration key used to set <see cref="P:Microsoft.Extensions.Hosting.IHostEnvironment.ContentRootPath" />
            and <see cref="P:Microsoft.Extensions.Hosting.IHostEnvironment.ContentRootFileProvider" />.<para>用于设置 <see cref="P:Microsoft.Extensions.Hosting.IHostEnvironment.ContentRootPath" /> 的配置键 和 <see cref="P:Microsoft.Extensions.Hosting.IHostEnvironment.ContentRootFileProvider" />.</para></summary>
    </member>
    <member name="T:Microsoft.Extensions.Hosting.HostEnvironmentEnvExtensions">
      <summary>Extension methods for <see cref="T:Microsoft.Extensions.Hosting.IHostEnvironment" />.<para><see cref="T:Microsoft.Extensions.Hosting.IHostEnvironment" /> 的扩展方法.</para></summary>
    </member>
    <member name="M:Microsoft.Extensions.Hosting.HostEnvironmentEnvExtensions.IsDevelopment(Microsoft.Extensions.Hosting.IHostEnvironment)">
      <summary>Checks if the current host environment name is <see cref="F:Microsoft.Extensions.Hosting.EnvironmentName.Development" />.<para>检查当前主机环境名称是否为 <see cref="F:Microsoft.Extensions.Hosting.EnvironmentName.Development" />.</para></summary>
      <param name="hostEnvironment">An instance of <see cref="T:Microsoft.Extensions.Hosting.IHostEnvironment" />.<para><see cref="T:Microsoft.Extensions.Hosting.IHostEnvironment" /> 的实例.</para></param>
      <returns>True if the environment name is <see cref="F:Microsoft.Extensions.Hosting.EnvironmentName.Development" />, otherwise false.<para>如果环境名称为 <see cref="F:Microsoft.Extensions.Hosting.EnvironmentName.Development" />,则为 true,否则为 false.</para></returns>
    </member>
    <member name="M:Microsoft.Extensions.Hosting.HostEnvironmentEnvExtensions.IsStaging(Microsoft.Extensions.Hosting.IHostEnvironment)">
      <summary>Checks if the current host environment name is <see cref="F:Microsoft.Extensions.Hosting.EnvironmentName.Staging" />.<para>检查当前主机环境名称是否为 <see cref="F:Microsoft.Extensions.Hosting.EnvironmentName.Staging" />.</para></summary>
      <param name="hostEnvironment">An instance of <see cref="T:Microsoft.Extensions.Hosting.IHostEnvironment" />.<para><see cref="T:Microsoft.Extensions.Hosting.IHostEnvironment" /> 的实例.</para></param>
      <returns>True if the environment name is <see cref="F:Microsoft.Extensions.Hosting.EnvironmentName.Staging" />, otherwise false.<para>如果环境名称为 <see cref="F:Microsoft.Extensions.Hosting.EnvironmentName.Staging" />,则为 true,否则为 false.</para></returns>
    </member>
    <member name="M:Microsoft.Extensions.Hosting.HostEnvironmentEnvExtensions.IsProduction(Microsoft.Extensions.Hosting.IHostEnvironment)">
      <summary>Checks if the current host environment name is <see cref="F:Microsoft.Extensions.Hosting.EnvironmentName.Production" />.<para>检查当前主机环境名称是否为 <see cref="F:Microsoft.Extensions.Hosting.EnvironmentName.Production" />.</para></summary>
      <param name="hostEnvironment">An instance of <see cref="T:Microsoft.Extensions.Hosting.IHostEnvironment" />.<para><see cref="T:Microsoft.Extensions.Hosting.IHostEnvironment" /> 的实例.</para></param>
      <returns>True if the environment name is <see cref="F:Microsoft.Extensions.Hosting.EnvironmentName.Production" />, otherwise false.<para>如果环境名称为 <see cref="F:Microsoft.Extensions.Hosting.EnvironmentName.Production" />,则为 true,否则为 false.</para></returns>
    </member>
    <member name="M:Microsoft.Extensions.Hosting.HostEnvironmentEnvExtensions.IsEnvironment(Microsoft.Extensions.Hosting.IHostEnvironment,System.String)">
      <summary>Compares the current host environment name against the specified value.<para>将当前主机环境名称与指定值进行比较.</para></summary>
      <param name="hostEnvironment">An instance of <see cref="T:Microsoft.Extensions.Hosting.IHostEnvironment" />.<para><see cref="T:Microsoft.Extensions.Hosting.IHostEnvironment" /> 的实例.要验证的</para></param>
      <param name="environmentName">Environment name to validate against.<para>环境名称.</para></param>
      <returns>True if the specified name is the same as the current environment, otherwise false.<para>如果指定的名称与当前环境相同,则为 true,否则为 false.</para></returns>
    </member>
    <member name="M:Microsoft.Extensions.Hosting.HostingAbstractionsHostBuilderExtensions.Start(Microsoft.Extensions.Hosting.IHostBuilder)">
      <summary>Builds and starts the host.<para>生成并启动主机.</para></summary>
      <param name="hostBuilder">The <see cref="T:Microsoft.Extensions.Hosting.IHostBuilder" /> to start.<para>要启动的 <see cref="T:Microsoft.Extensions.Hosting.IHostBuilder" />.</para></param>
      <returns>The started <see cref="T:Microsoft.Extensions.Hosting.IHost" />.<para>启动的 <see cref="T:Microsoft.Extensions.Hosting.IHost" />.</para></returns>
    </member>
    <member name="M:Microsoft.Extensions.Hosting.HostingAbstractionsHostBuilderExtensions.StartAsync(Microsoft.Extensions.Hosting.IHostBuilder,System.Threading.CancellationToken)">
      <summary>Builds and starts the host.<para>生成并启动主机.</para></summary>
      <param name="hostBuilder">The <see cref="T:Microsoft.Extensions.Hosting.IHostBuilder" /> to start.<para>要启动的 <see cref="T:Microsoft.Extensions.Hosting.IHostBuilder" />.</para></param>
      <param name="cancellationToken">A <see cref="T:System.Threading.CancellationToken" /> that can be used to cancel the start.<para>可用于取消启动的 <see cref="T:System.Threading.CancellationToken" />.</para></param>
      <returns>The started <see cref="T:Microsoft.Extensions.Hosting.IHost" />.<para>启动的 <see cref="T:Microsoft.Extensions.Hosting.IHost" />.</para></returns>
    </member>
    <member name="M:Microsoft.Extensions.Hosting.HostingAbstractionsHostExtensions.Start(Microsoft.Extensions.Hosting.IHost)">
      <summary>Starts the host synchronously.<para>同步启动主机.</para></summary>
      <param name="host">The <see cref="T:Microsoft.Extensions.Hosting.IHost" /> to start.<para>要启动的 <see cref="T:Microsoft.Extensions.Hosting.IHost" />.</para></param>
    </member>
    <member name="M:Microsoft.Extensions.Hosting.HostingAbstractionsHostExtensions.StopAsync(Microsoft.Extensions.Hosting.IHost,System.TimeSpan)">
      <summary>Attempts to gracefully stop the host with the given timeout.<para>尝试在给定超时的情况下正常停止主机.</para></summary>
      <param name="host">The <see cref="T:Microsoft.Extensions.Hosting.IHost" /> to stop.<para>的 <see cref="T:Microsoft.Extensions.Hosting.IHost" /> 停止.</para></param>
      <param name="timeout">The timeout for stopping gracefully. Once expired the
            server may terminate any remaining active connections.<para>正常停止的超时.一旦过期, 服务器可以终止任何剩余的活动连接.</para></param>
      <returns>The <see cref="T:System.Threading.Tasks.Task" /> that represents the asynchronous operation.<para>表示异步操作的 <see cref="T:System.Threading.Tasks.Task" />.</para></returns>
    </member>
    <member name="M:Microsoft.Extensions.Hosting.HostingAbstractionsHostExtensions.WaitForShutdown(Microsoft.Extensions.Hosting.IHost)">
      <summary>Block the calling thread until shutdown is triggered via Ctrl+C or SIGTERM.<para>阻止调用线程,直到通过 ctrl+c 或 sigterm 触发关闭.</para></summary>
      <param name="host">The running <see cref="T:Microsoft.Extensions.Hosting.IHost" />.<para>正在运行的 <see cref="T:Microsoft.Extensions.Hosting.IHost" />.</para></param>
    </member>
    <member name="M:Microsoft.Extensions.Hosting.HostingAbstractionsHostExtensions.Run(Microsoft.Extensions.Hosting.IHost)">
      <summary>Runs an application and block the calling thread until host shutdown.<para>运行应用程序并阻止调用线程,直到主机关闭.</para></summary>
      <param name="host">The <see cref="T:Microsoft.Extensions.Hosting.IHost" /> to run.<para>要运行的 <see cref="T:Microsoft.Extensions.Hosting.IHost" />.</para></param>
    </member>
    <member name="M:Microsoft.Extensions.Hosting.HostingAbstractionsHostExtensions.RunAsync(Microsoft.Extensions.Hosting.IHost,System.Threading.CancellationToken)">
      <summary>Runs an application and returns a <see cref="T:System.Threading.Tasks.Task" /> that only completes when the token is triggered or shutdown is triggered.
            The <paramref name="host" /> instance is disposed of after running.<para>运行应用程序并返回仅在触发令牌或触发关闭时完成的 <see cref="T:System.Threading.Tasks.Task" />. <paramref name="host" /> 实例在运行后被释放.</para></summary>
      <param name="host">The <see cref="T:Microsoft.Extensions.Hosting.IHost" /> to run.<para>要运行的 <see cref="T:Microsoft.Extensions.Hosting.IHost" />.</para></param>
      <param name="token">The token to trigger shutdown.<para>用于触发关闭的令牌.</para></param>
      <returns>The <see cref="T:System.Threading.Tasks.Task" /> that represents the asynchronous operation.<para>表示异步操作的 <see cref="T:System.Threading.Tasks.Task" />.</para></returns>
    </member>
    <member name="M:Microsoft.Extensions.Hosting.HostingAbstractionsHostExtensions.WaitForShutdownAsync(Microsoft.Extensions.Hosting.IHost,System.Threading.CancellationToken)">
      <summary>Returns a Task that completes when shutdown is triggered via the given token.<para>返回通过给定令牌触发关闭时完成的任务.</para></summary>
      <param name="host">The running <see cref="T:Microsoft.Extensions.Hosting.IHost" />.<para>正在运行的 <see cref="T:Microsoft.Extensions.Hosting.IHost" />.</para></param>
      <param name="token">The token to trigger shutdown.<para>用于触发关闭的令牌.</para></param>
      <returns>The <see cref="T:System.Threading.Tasks.Task" /> that represents the asynchronous operation.<para>表示异步操作的 <see cref="T:System.Threading.Tasks.Task" />.</para></returns>
    </member>
    <member name="T:Microsoft.Extensions.Hosting.HostingEnvironmentExtensions">
      <summary>Extension methods for <see cref="T:Microsoft.Extensions.Hosting.IHostingEnvironment" />.<para><see cref="T:Microsoft.Extensions.Hosting.IHostingEnvironment" /> 的扩展方法.</para></summary>
    </member>
    <member name="M:Microsoft.Extensions.Hosting.HostingEnvironmentExtensions.IsDevelopment(Microsoft.Extensions.Hosting.IHostingEnvironment)">
      <summary>Checks if the current hosting environment name is <see cref="F:Microsoft.Extensions.Hosting.EnvironmentName.Development" />.<para>检查当前宿主环境名称是否为 <see cref="F:Microsoft.Extensions.Hosting.EnvironmentName.Development" />.</para></summary>
      <param name="hostingEnvironment">An instance of <see cref="T:Microsoft.Extensions.Hosting.IHostingEnvironment" />.<para><see cref="T:Microsoft.Extensions.Hosting.IHostingEnvironment" /> 的实例.</para></param>
      <returns>True if the environment name is <see cref="F:Microsoft.Extensions.Hosting.EnvironmentName.Development" />, otherwise false.<para>如果环境名称为 <see cref="F:Microsoft.Extensions.Hosting.EnvironmentName.Development" />,则为 true,否则为 false.</para></returns>
    </member>
    <member name="M:Microsoft.Extensions.Hosting.HostingEnvironmentExtensions.IsStaging(Microsoft.Extensions.Hosting.IHostingEnvironment)">
      <summary>Checks if the current hosting environment name is <see cref="F:Microsoft.Extensions.Hosting.EnvironmentName.Staging" />.<para>检查当前宿主环境名称是否为 <see cref="F:Microsoft.Extensions.Hosting.EnvironmentName.Staging" />.</para></summary>
      <param name="hostingEnvironment">An instance of <see cref="T:Microsoft.Extensions.Hosting.IHostingEnvironment" />.<para><see cref="T:Microsoft.Extensions.Hosting.IHostingEnvironment" /> 的实例.</para></param>
      <returns>True if the environment name is <see cref="F:Microsoft.Extensions.Hosting.EnvironmentName.Staging" />, otherwise false.<para>如果环境名称为 <see cref="F:Microsoft.Extensions.Hosting.EnvironmentName.Staging" />,则为 true,否则为 false.</para></returns>
    </member>
    <member name="M:Microsoft.Extensions.Hosting.HostingEnvironmentExtensions.IsProduction(Microsoft.Extensions.Hosting.IHostingEnvironment)">
      <summary>Checks if the current hosting environment name is <see cref="F:Microsoft.Extensions.Hosting.EnvironmentName.Production" />.<para>检查当前宿主环境名称是否为 <see cref="F:Microsoft.Extensions.Hosting.EnvironmentName.Production" />.</para></summary>
      <param name="hostingEnvironment">An instance of <see cref="T:Microsoft.Extensions.Hosting.IHostingEnvironment" />.<para><see cref="T:Microsoft.Extensions.Hosting.IHostingEnvironment" /> 的实例.</para></param>
      <returns>True if the environment name is <see cref="F:Microsoft.Extensions.Hosting.EnvironmentName.Production" />, otherwise false.<para>如果环境名称为 <see cref="F:Microsoft.Extensions.Hosting.EnvironmentName.Production" />,则为 true,否则为 false.</para></returns>
    </member>
    <member name="M:Microsoft.Extensions.Hosting.HostingEnvironmentExtensions.IsEnvironment(Microsoft.Extensions.Hosting.IHostingEnvironment,System.String)">
      <summary>Compares the current hosting environment name against the specified value.<para>将当前宿主环境名称与指定值进行比较.</para></summary>
      <param name="hostingEnvironment">An instance of <see cref="T:Microsoft.Extensions.Hosting.IHostingEnvironment" />.<para><see cref="T:Microsoft.Extensions.Hosting.IHostingEnvironment" /> 的实例.要验证的</para></param>
      <param name="environmentName">Environment name to validate against.<para>环境名称.</para></param>
      <returns>True if the specified name is the same as the current environment, otherwise false.<para>如果指定的名称与当前环境相同,则为 true,否则为 false.</para></returns>
    </member>
    <member name="T:Microsoft.Extensions.Hosting.IApplicationLifetime">
      <summary>Allows consumers to perform cleanup during a graceful shutdown.
            <para>
             This type is obsolete and will be removed in a future version.
             The recommended alternative is Microsoft.Extensions.Hosting.IHostApplicationLifetime.
            </para><para>允许使用者在正常关闭期间执行清理. <para> 此类型已过时,将在将来的版本中删除. 推荐的替代方案是microsoft.extensions.hosting.ihostapplicationlifetime. </para></para></summary>
    </member>
    <member name="P:Microsoft.Extensions.Hosting.IApplicationLifetime.ApplicationStarted">
      <summary>Triggered when the application host has fully started and is about to wait
            for a graceful shutdown.<para>在应用程序主机完全启动并即将等待时触发 实现正常关机.</para></summary>
    </member>
    <member name="P:Microsoft.Extensions.Hosting.IApplicationLifetime.ApplicationStopping">
      <summary>Triggered when the application host is performing a graceful shutdown.
            Requests may still be in flight. Shutdown will block until this event completes.<para>在应用程序主机执行正常关闭时触发. 请求可能仍在进行中.关机将阻止,直到此事件完成.</para></summary>
    </member>
    <member name="P:Microsoft.Extensions.Hosting.IApplicationLifetime.ApplicationStopped">
      <summary>Triggered when the application host is performing a graceful shutdown.
            All requests should be complete at this point. Shutdown will block
            until this event completes.<para>在应用程序主机执行正常关闭时触发. 此时,所有请求都应已完成.关机将阻止 直到此事件完成.</para></summary>
    </member>
    <member name="M:Microsoft.Extensions.Hosting.IApplicationLifetime.StopApplication">
      <summary>Requests termination of the current application.<para>请求终止当前应用程序.</para></summary>
    </member>
    <member name="T:Microsoft.Extensions.Hosting.IHost">
      <summary>A program abstraction.<para>程序抽象.</para></summary>
    </member>
    <member name="P:Microsoft.Extensions.Hosting.IHost.Services">
      <summary>Gets the services configured for the program (for example, using <see cref="M:HostBuilder.ConfigureServices(Action&lt;HostBuilderContext,IServiceCollection&gt;)" />).<para>获取为程序配置的服务（例如,使用 <see cref="m:hostbuilder.configureservices（action&lt;主机生成器上下文,iservicecollection&gt;）" /> ).</para></summary>
    </member>
    <member name="M:Microsoft.Extensions.Hosting.IHost.StartAsync(System.Threading.CancellationToken)">
      <summary>Starts the <see cref="T:Microsoft.Extensions.Hosting.IHostedService" /> objects configured for the program.
            The application will run until interrupted or until <see cref="M:IHostApplicationLifetime.StopApplication()" /> is called.<para>启动为程序配置的 <see cref="T:Microsoft.Extensions.Hosting.IHostedService" /> 对象. 应用程序将一直运行,直到中断或直到 <see cref="m:ihostapplicationlifetime.stopapplication（）" /> 被称为.</para></summary>
      <param name="cancellationToken">Used to abort program start.<para>用于中止程序启动.</para></param>
      <returns>A <see cref="T:System.Threading.Tasks.Task" /> that will be completed when the <see cref="T:Microsoft.Extensions.Hosting.IHost" /> starts.<para>一个 <see cref="T:System.Threading.Tasks.Task" />,它将在 <see cref="T:Microsoft.Extensions.Hosting.IHost" /> 启动时完成.</para></returns>
    </member>
    <member name="M:Microsoft.Extensions.Hosting.IHost.StopAsync(System.Threading.CancellationToken)">
      <summary>Attempts to gracefully stop the program.<para>尝试正常停止程序.</para></summary>
      <param name="cancellationToken">Used to indicate when stop should no longer be graceful.<para>用于指示何时停止不再优雅.</para></param>
      <returns>A <see cref="T:System.Threading.Tasks.Task" /> that will be completed when the <see cref="T:Microsoft.Extensions.Hosting.IHost" /> stops.<para>一个 <see cref="T:System.Threading.Tasks.Task" />,它将在 <see cref="T:Microsoft.Extensions.Hosting.IHost" /> 停止时完成.</para></returns>
    </member>
    <member name="T:Microsoft.Extensions.Hosting.IHostApplicationLifetime">
      <summary>Allows consumers to be notified of application lifetime events. This interface is not intended to be user-replaceable.<para>允许向使用者通知应用程序生存期事件.此接口不打算由用户替换.</para></summary>
    </member>
    <member name="P:Microsoft.Extensions.Hosting.IHostApplicationLifetime.ApplicationStarted">
      <summary>Triggered when the application host has fully started.<para>在应用程序主机完全启动时触发.</para></summary>
    </member>
    <member name="P:Microsoft.Extensions.Hosting.IHostApplicationLifetime.ApplicationStopping">
      <summary>Triggered when the application host is starting a graceful shutdown.
            Shutdown will block until all callbacks registered on this token have completed.<para>在应用程序主机开始正常关闭时触发. 关闭将阻止,直到在此令牌上注册的所有回调完成.</para></summary>
    </member>
    <member name="P:Microsoft.Extensions.Hosting.IHostApplicationLifetime.ApplicationStopped">
      <summary>Triggered when the application host has completed a graceful shutdown.
            The application will not exit until all callbacks registered on this token have completed.<para>当应用程序主机完成正常关闭时触发. 在此令牌上注册的所有回调完成之前,应用程序不会退出.</para></summary>
    </member>
    <member name="M:Microsoft.Extensions.Hosting.IHostApplicationLifetime.StopApplication">
      <summary>Requests termination of the current application.<para>请求终止当前应用程序.</para></summary>
    </member>
    <member name="T:Microsoft.Extensions.Hosting.IHostBuilder">
      <summary>A program initialization abstraction.<para>程序初始化抽象.</para></summary>
    </member>
    <member name="P:Microsoft.Extensions.Hosting.IHostBuilder.Properties">
      <summary>A central location for sharing state between components during the host building process.<para>在宿主构建过程中在组件之间共享状态的中心位置.</para></summary>
    </member>
    <member name="M:Microsoft.Extensions.Hosting.IHostBuilder.ConfigureHostConfiguration(System.Action{Microsoft.Extensions.Configuration.IConfigurationBuilder})">
      <summary>Set up the configuration for the builder itself. This will be used to initialize the <see cref="T:Microsoft.Extensions.Hosting.IHostEnvironment" />
            for use later in the build process. This can be called multiple times and the results will be additive.<para>设置构建器本身的配置.这将用于初始化 <see cref="T:Microsoft.Extensions.Hosting.IHostEnvironment" /> 供稍后在生成过程中使用.这可以多次调用,结果将是累加的.</para></summary>
      <param name="configureDelegate">The delegate for configuring the <see cref="T:Microsoft.Extensions.Configuration.IConfigurationBuilder" /> that will be used
            to construct the <see cref="T:Microsoft.Extensions.Configuration.IConfiguration" /> for the host.<para>用于配置将使用的 <see cref="T:Microsoft.Extensions.Configuration.IConfigurationBuilder" /> 的委托 为主机构造 <see cref="T:Microsoft.Extensions.Configuration.IConfiguration" />.</para></param>
      <returns>The same instance of the <see cref="T:Microsoft.Extensions.Hosting.IHostBuilder" /> for chaining.<para>用于链接的 <see cref="T:Microsoft.Extensions.Hosting.IHostBuilder" /> 的相同实例.</para></returns>
    </member>
    <member name="M:Microsoft.Extensions.Hosting.IHostBuilder.ConfigureAppConfiguration(System.Action{Microsoft.Extensions.Hosting.HostBuilderContext,Microsoft.Extensions.Configuration.IConfigurationBuilder})">
      <summary>Sets up the configuration for the remainder of the build process and application. This can be called multiple times and
            the results will be additive. The results will be available at <see cref="P:Microsoft.Extensions.Hosting.HostBuilderContext.Configuration" /> for
            subsequent operations, as well as in <see cref="P:Microsoft.Extensions.Hosting.IHost.Services" />.<para>为生成过程和应用程序的其余部分设置配置.这可以多次调用和 结果将是累加的.结果将在 <see cref="P:Microsoft.Extensions.Hosting.HostBuilderContext.Configuration" /> 上提供 后续操作,以及 <see cref="P:Microsoft.Extensions.Hosting.IHost.Services" />.</para></summary>
      <param name="configureDelegate">The delegate for configuring the <see cref="T:Microsoft.Extensions.Configuration.IConfigurationBuilder" /> that will be used
            to construct the <see cref="T:Microsoft.Extensions.Configuration.IConfiguration" /> for the application.<para>用于配置将使用的 <see cref="T:Microsoft.Extensions.Configuration.IConfigurationBuilder" /> 的委托 为应用程序构造 <see cref="T:Microsoft.Extensions.Configuration.IConfiguration" />.</para></param>
      <returns>The same instance of the <see cref="T:Microsoft.Extensions.Hosting.IHostBuilder" /> for chaining.<para>用于链接的 <see cref="T:Microsoft.Extensions.Hosting.IHostBuilder" /> 的相同实例.</para></returns>
    </member>
    <member name="M:Microsoft.Extensions.Hosting.IHostBuilder.ConfigureServices(System.Action{Microsoft.Extensions.Hosting.HostBuilderContext,Microsoft.Extensions.DependencyInjection.IServiceCollection})">
      <summary>Adds services to the container. This can be called multiple times and the results will be additive.<para>将服务添加到容器.这可以多次调用,结果将是累加的.</para></summary>
      <param name="configureDelegate">The delegate for configuring the <see cref="T:Microsoft.Extensions.DependencyInjection.IServiceCollection" /> that will be used
            to construct the <see cref="T:System.IServiceProvider" />.<para>用于配置将使用的 <see cref="T:Microsoft.Extensions.DependencyInjection.IServiceCollection" /> 的委托 以构造 <see cref="T:System.IServiceProvider" />.</para></param>
      <returns>The same instance of the <see cref="T:Microsoft.Extensions.Hosting.IHostBuilder" /> for chaining.<para>用于链接的 <see cref="T:Microsoft.Extensions.Hosting.IHostBuilder" /> 的相同实例.</para></returns>
    </member>
    <member name="M:Microsoft.Extensions.Hosting.IHostBuilder.UseServiceProviderFactory``1(Microsoft.Extensions.DependencyInjection.IServiceProviderFactory{``0})">
      <summary>Overrides the factory used to create the service provider.<para>覆盖用于创建服务提供程序的工厂.</para></summary>
      <typeparam name="TContainerBuilder">The type of builder.<para>生成器的类型.</para></typeparam>
      <param name="factory">The factory to register.<para>工厂注册.</para></param>
      <returns>The same instance of the <see cref="T:Microsoft.Extensions.Hosting.IHostBuilder" /> for chaining.<para>用于链接的 <see cref="T:Microsoft.Extensions.Hosting.IHostBuilder" /> 的相同实例.</para></returns>
    </member>
    <member name="M:Microsoft.Extensions.Hosting.IHostBuilder.UseServiceProviderFactory``1(System.Func{Microsoft.Extensions.Hosting.HostBuilderContext,Microsoft.Extensions.DependencyInjection.IServiceProviderFactory{``0}})">
      <summary>Overrides the factory used to create the service provider.<para>覆盖用于创建服务提供程序的工厂.</para></summary>
      <typeparam name="TContainerBuilder">The type of builder.<para>生成器的类型.</para></typeparam>
      <returns>The same instance of the <see cref="T:Microsoft.Extensions.Hosting.IHostBuilder" /> for chaining.<para>用于链接的 <see cref="T:Microsoft.Extensions.Hosting.IHostBuilder" /> 的相同实例.</para></returns>
    </member>
    <member name="M:Microsoft.Extensions.Hosting.IHostBuilder.ConfigureContainer``1(System.Action{Microsoft.Extensions.Hosting.HostBuilderContext,``0})">
      <summary>Enables configuring the instantiated dependency container. This can be called multiple times and
            the results will be additive.<para>启用配置实例化的依赖项容器.这可以多次调用和 结果将是累加的.</para></summary>
      <typeparam name="TContainerBuilder">The type of builder.<para>生成器的类型.</para></typeparam>
      <param name="configureDelegate">The delegate which configures the builder.<para>配置构建器的委托.</para></param>
      <returns>The same instance of the <see cref="T:Microsoft.Extensions.Hosting.IHostBuilder" /> for chaining.<para>用于链接的 <see cref="T:Microsoft.Extensions.Hosting.IHostBuilder" /> 的相同实例.</para></returns>
    </member>
    <member name="M:Microsoft.Extensions.Hosting.IHostBuilder.Build">
      <summary>Run the given actions to initialize the host. This can only be called once.<para>运行给定的操作以初始化主机.这只能调用一次.</para></summary>
      <returns>An initialized <see cref="T:Microsoft.Extensions.Hosting.IHost" />.<para>初始化的 <see cref="T:Microsoft.Extensions.Hosting.IHost" />.</para></returns>
    </member>
    <member name="T:Microsoft.Extensions.Hosting.IHostedService">
      <summary>Defines methods for objects that are managed by the host.<para>定义由宿主管理的对象的方法.</para></summary>
    </member>
    <member name="M:Microsoft.Extensions.Hosting.IHostedService.StartAsync(System.Threading.CancellationToken)">
      <summary>Triggered when the application host is ready to start the service.<para>在应用程序主机准备好启动服务时触发.</para></summary>
      <param name="cancellationToken">Indicates that the start process has been aborted.<para>指示启动过程已中止.</para></param>
    </member>
    <member name="M:Microsoft.Extensions.Hosting.IHostedService.StopAsync(System.Threading.CancellationToken)">
      <summary>Triggered when the application host is performing a graceful shutdown.<para>在应用程序主机执行正常关闭时触发.</para></summary>
      <param name="cancellationToken">Indicates that the shutdown process should no longer be graceful.<para>指示关闭过程不应再正常.</para></param>
    </member>
    <member name="T:Microsoft.Extensions.Hosting.IHostEnvironment">
      <summary>Provides information about the hosting environment an application is running in.<para>提供有关运行应用程序的宿主环境的信息.</para></summary>
    </member>
    <member name="P:Microsoft.Extensions.Hosting.IHostEnvironment.EnvironmentName">
      <summary>Gets or sets the name of the environment. The host automatically sets this property to the value of the
            "environment" key as specified in configuration.<para>获取或设置环境的名称.主机会自动将此属性设置为 配置中指定的"环境"键.</para></summary>
    </member>
    <member name="P:Microsoft.Extensions.Hosting.IHostEnvironment.ApplicationName">
      <summary>Gets or sets the name of the application. This property is automatically set by the host to the assembly containing
            the application entry point.<para>获取或设置应用程序的名称.此属性由宿主自动设置为包含以下内容的程序集 应用程序入口点.</para></summary>
    </member>
    <member name="P:Microsoft.Extensions.Hosting.IHostEnvironment.ContentRootPath">
      <summary>Gets or sets the absolute path to the directory that contains the application content files.<para>获取或设置包含应用程序内容文件的目录的绝对路径.</para></summary>
    </member>
    <member name="P:Microsoft.Extensions.Hosting.IHostEnvironment.ContentRootFileProvider">
      <summary>Gets or sets an <see cref="T:Microsoft.Extensions.FileProviders.IFileProvider" /> pointing at <see cref="P:Microsoft.Extensions.Hosting.IHostEnvironment.ContentRootPath" />.<para>获取或设置指向 <see cref="P:Microsoft.Extensions.Hosting.IHostEnvironment.ContentRootPath" /> 的 <see cref="T:Microsoft.Extensions.FileProviders.IFileProvider" />.</para></summary>
    </member>
    <member name="T:Microsoft.Extensions.Hosting.IHostingEnvironment">
      <summary>Provides information about the hosting environment an application is running in.
            <para>
             This type is obsolete and will be removed in a future version.
             The recommended alternative is Microsoft.Extensions.Hosting.IHostEnvironment.
            </para><para>提供有关运行应用程序的宿主环境的信息. <para> 此类型已过时,将在将来的版本中删除. 推荐的替代方案是microsoft.extensions.hosting.ihostenvironment. </para></para></summary>
    </member>
    <member name="P:Microsoft.Extensions.Hosting.IHostingEnvironment.EnvironmentName">
      <summary>Gets or sets the name of the environment. The host automatically sets this property to the value of the
            of the "environment" key as specified in configuration.<para>获取或设置环境的名称.主机会自动将此属性设置为 配置中指定的"环境"键.</para></summary>
    </member>
    <member name="P:Microsoft.Extensions.Hosting.IHostingEnvironment.ApplicationName">
      <summary>Gets or sets the name of the application. This property is automatically set by the host to the assembly containing
            the application entry point.<para>获取或设置应用程序的名称.此属性由宿主自动设置为包含以下内容的程序集 应用程序入口点.</para></summary>
    </member>
    <member name="P:Microsoft.Extensions.Hosting.IHostingEnvironment.ContentRootPath">
      <summary>Gets or sets the absolute path to the directory that contains the application content files.<para>获取或设置包含应用程序内容文件的目录的绝对路径.</para></summary>
    </member>
    <member name="P:Microsoft.Extensions.Hosting.IHostingEnvironment.ContentRootFileProvider">
      <summary>Gets or sets an <see cref="T:Microsoft.Extensions.FileProviders.IFileProvider" /> pointing at <see cref="P:Microsoft.Extensions.Hosting.IHostingEnvironment.ContentRootPath" />.<para>获取或设置指向 <see cref="P:Microsoft.Extensions.Hosting.IHostingEnvironment.ContentRootPath" /> 的 <see cref="T:Microsoft.Extensions.FileProviders.IFileProvider" />.</para></summary>
    </member>
    <member name="M:Microsoft.Extensions.Hosting.IHostLifetime.WaitForStartAsync(System.Threading.CancellationToken)">
      <summary>Called at the start of <see cref="M:Microsoft.Extensions.Hosting.IHost.StartAsync(System.Threading.CancellationToken)" /> which will wait until it's complete before
            continuing. This can be used to delay startup until signaled by an external event.<para>在 开头调用 <see cref="m:microsoft.extensions.hosting.ihost.startasync（system.threading.canceltoken）" /> 这将等到它完成之前 继续.这可用于延迟启动,直到外部事件发出信号.</para></summary>
      <param name="cancellationToken">Used to abort program start.<para>用于中止程序启动.</para></param>
      <returns>A <see cref="T:System.Threading.Tasks.Task" />.<para>a <see cref="T:System.Threading.Tasks.Task" />.</para></returns>
    </member>
    <member name="M:Microsoft.Extensions.Hosting.IHostLifetime.StopAsync(System.Threading.CancellationToken)">
      <summary>Called from <see cref="M:Microsoft.Extensions.Hosting.IHost.StopAsync(System.Threading.CancellationToken)" /> to indicate that the host is stopping and it's time to shut down.<para>从 调用 <see cref="m:microsoft.extensions.hosting.ihost.stopasync（system.threading.canceltoken）" /> 以指示主机正在停止,是时候关闭了.</para></summary>
      <param name="cancellationToken">Used to indicate when stop should no longer be graceful.<para>用于指示何时停止不再优雅.</para></param>
      <returns>A <see cref="T:System.Threading.Tasks.Task" />.<para>a <see cref="T:System.Threading.Tasks.Task" />.</para></returns>
    </member>
    <member name="M:Microsoft.Extensions.DependencyInjection.ServiceCollectionHostedServiceExtensions.AddHostedService``1(Microsoft.Extensions.DependencyInjection.IServiceCollection)">
      <summary>Add an <see cref="T:Microsoft.Extensions.Hosting.IHostedService" /> registration for the given type.<para>为给定类型添加 <see cref="T:Microsoft.Extensions.Hosting.IHostedService" /> 注册.</para></summary>
      <typeparam name="THostedService">An <see cref="T:Microsoft.Extensions.Hosting.IHostedService" /> to register.<para>一个 <see cref="T:Microsoft.Extensions.Hosting.IHostedService" /> 进行注册.</para></typeparam>
      <param name="services">The <see cref="T:Microsoft.Extensions.DependencyInjection.IServiceCollection" /> to register with.<para>要注册的 <see cref="T:Microsoft.Extensions.DependencyInjection.IServiceCollection" />.</para></param>
      <returns>The original <see cref="T:Microsoft.Extensions.DependencyInjection.IServiceCollection" />.<para>原始的 <see cref="T:Microsoft.Extensions.DependencyInjection.IServiceCollection" />.</para></returns>
    </member>
    <member name="M:Microsoft.Extensions.DependencyInjection.ServiceCollectionHostedServiceExtensions.AddHostedService``1(Microsoft.Extensions.DependencyInjection.IServiceCollection,System.Func{System.IServiceProvider,``0})">
      <summary>Add an <see cref="T:Microsoft.Extensions.Hosting.IHostedService" /> registration for the given type.<para>为给定类型添加 <see cref="T:Microsoft.Extensions.Hosting.IHostedService" /> 注册.</para></summary>
      <typeparam name="THostedService">An <see cref="T:Microsoft.Extensions.Hosting.IHostedService" /> to register.<para>一个 <see cref="T:Microsoft.Extensions.Hosting.IHostedService" /> 进行注册.</para></typeparam>
      <param name="services">The <see cref="T:Microsoft.Extensions.DependencyInjection.IServiceCollection" /> to register with.<para>要注册的 <see cref="T:Microsoft.Extensions.DependencyInjection.IServiceCollection" />.</para></param>
      <param name="implementationFactory">A factory to create new instances of the service implementation.<para>用于创建服务实现的新实例的工厂.</para></param>
      <returns>The original <see cref="T:Microsoft.Extensions.DependencyInjection.IServiceCollection" />.<para>原始的 <see cref="T:Microsoft.Extensions.DependencyInjection.IServiceCollection" />.</para></returns>
    </member>
    <member name="M:System.ThrowHelper.ThrowIfNull(System.Object,System.String)">
      <summary>Throws an <see cref="T:System.ArgumentNullException" /> if <paramref name="argument" /> is null.<para>抛出一个 <see cref="t:system.argumentnullexception" /> 如果 <paramref name="argument" /> 为空.</para></summary>
      <param name="argument">The reference type argument to validate as non-null.<para>要验证为非 null 的引用类型参数.</para></param>
      <param name="paramName">The name of the parameter with which <paramref name="argument" /> corresponds.<para><paramref name="argument" /> 对应的参数的名称.</para></param>
    </member>
    <member name="P:System.SR.HostAbortedExceptionMessage">
      <summary>The host was aborted.<para>主机已中止.</para></summary>
    </member>
  </members>
</doc>