<?xml version="1.0"?>
<doc>
  <assembly>
    <name>Microsoft.AspNetCore.Connections.Abstractions</name>
  </assembly>
  <members>
    <member name="T:Microsoft.AspNetCore.Connections.BaseConnectionContext">
      <summary>Represents the context for a connection.<para>表示连接的上下文.</para></summary>
    </member>
    <member name="P:Microsoft.AspNetCore.Connections.BaseConnectionContext.ConnectionId">
      <summary>Gets or sets a unique identifier to represent this connection in trace logs.<para>获取或设置唯一标识符以在跟踪日志中表示此连接.</para></summary>
    </member>
    <member name="P:Microsoft.AspNetCore.Connections.BaseConnectionContext.Features">
      <summary>Gets the collection of features provided by the server and middleware available on this connection.<para>获取此连接上可用的服务器和中间件提供的功能的集合.</para></summary>
    </member>
    <member name="P:Microsoft.AspNetCore.Connections.BaseConnectionContext.Items">
      <summary>Gets or sets a key/value collection that can be used to share data within the scope of this connection.<para>获取或设置可用于在此连接范围内共享数据的键/值集合.</para></summary>
    </member>
    <member name="P:Microsoft.AspNetCore.Connections.BaseConnectionContext.ConnectionClosed">
      <summary>Triggered when the client connection is closed.<para>客户端连接关闭时触发.</para></summary>
    </member>
    <member name="P:Microsoft.AspNetCore.Connections.BaseConnectionContext.LocalEndPoint">
      <summary>Gets or sets the local endpoint for this connection.<para>获取或设置此连接的本地终结点.</para></summary>
    </member>
    <member name="P:Microsoft.AspNetCore.Connections.BaseConnectionContext.RemoteEndPoint">
      <summary>Gets or sets the remote endpoint for this connection.<para>获取或设置此连接的远程终结点.</para></summary>
    </member>
    <member name="M:Microsoft.AspNetCore.Connections.BaseConnectionContext.Abort">
      <summary>Aborts the underlying connection.<para>中止基础连接.</para></summary>
    </member>
    <member name="M:Microsoft.AspNetCore.Connections.BaseConnectionContext.Abort(Microsoft.AspNetCore.Connections.ConnectionAbortedException)">
      <summary>Aborts the underlying connection.<para>中止基础连接.</para></summary>
      <param name="abortReason">A <see cref="T:Microsoft.AspNetCore.Connections.ConnectionAbortedException" /> describing the reason the connection is being terminated.<para>一个 <see cref="t:microsoft.aspnetcore.connections.connectionabortedexception" /> 描述连接终止的原因.</para></param>
    </member>
    <member name="M:Microsoft.AspNetCore.Connections.BaseConnectionContext.DisposeAsync">
      <summary>Releases resources for the underlying connection.<para>释放基础连接的资源.</para></summary>
      <returns>A <see cref="T:System.Threading.Tasks.ValueTask" /> that completes when resources have been released.<para>释放资源后完成的 <see cref="T:System.Threading.Tasks.ValueTask" />.</para></returns>
    </member>
    <member name="T:Microsoft.AspNetCore.Connections.ConnectionBuilder">
      <summary>A default implementation for <see cref="T:Microsoft.AspNetCore.Connections.IConnectionBuilder" />.<para>的默认实现 <see cref="t:microsoft.aspnetcore.connections.iconnectionbuilder" /> .</para></summary>
    </member>
    <member name="P:Microsoft.AspNetCore.Connections.ConnectionBuilder.ApplicationServices">
      <inheritdoc />
    </member>
    <member name="M:Microsoft.AspNetCore.Connections.ConnectionBuilder.#ctor(System.IServiceProvider)">
      <summary>Initializes a new instance of <see cref="T:Microsoft.AspNetCore.Connections.ConnectionBuilder" />.<para>初始化 的新实例 <see cref="t:microsoft.aspnetcore.connections.connectionbuilder" /> .</para></summary>
      <param name="applicationServices">The application services <see cref="T:System.IServiceProvider" />.<para>应用程序服务 <see cref="T:System.IServiceProvider" />.</para></param>
    </member>
    <member name="M:Microsoft.AspNetCore.Connections.ConnectionBuilder.Use(System.Func{Microsoft.AspNetCore.Connections.ConnectionDelegate,Microsoft.AspNetCore.Connections.ConnectionDelegate})">
      <inheritdoc />
    </member>
    <member name="M:Microsoft.AspNetCore.Connections.ConnectionBuilder.Build">
      <inheritdoc />
    </member>
    <member name="T:Microsoft.AspNetCore.Connections.ConnectionBuilderExtensions">
      <summary>
        <see cref="T:Microsoft.AspNetCore.Connections.IConnectionBuilder" /> extensions.<para><see cref="t:microsoft.aspnetcore.connections.iconnectionbuilder" /> 扩展.</para></summary>
    </member>
    <member name="M:Microsoft.AspNetCore.Connections.ConnectionBuilderExtensions.UseConnectionHandler``1(Microsoft.AspNetCore.Connections.IConnectionBuilder)">
      <summary>Use the given <typeparamref name="TConnectionHandler" /><see cref="T:Microsoft.AspNetCore.Connections.ConnectionHandler" />.<para>使用给定的 <typeparamref name="TConnectionHandler" /> <see cref="t:microsoft.aspnetcore.connections.connectionhandler" /> .</para></summary>
      <typeparam name="TConnectionHandler">The <see cref="T:System.Type" /> of the <see cref="T:Microsoft.AspNetCore.Connections.ConnectionHandler" />.<para>的 <see cref="T:System.Type" /> <see cref="t:microsoft.aspnetcore.connections.connectionhandler" /> .</para></typeparam>
      <param name="connectionBuilder">The <see cref="T:Microsoft.AspNetCore.Connections.IConnectionBuilder" />.<para>这 <see cref="t:microsoft.aspnetcore.connections.iconnectionbuilder" /> .</para></param>
      <returns>The <see cref="T:Microsoft.AspNetCore.Connections.IConnectionBuilder" />.<para>这 <see cref="t:microsoft.aspnetcore.connections.iconnectionbuilder" /> .</para></returns>
    </member>
    <member name="M:Microsoft.AspNetCore.Connections.ConnectionBuilderExtensions.Use(Microsoft.AspNetCore.Connections.IConnectionBuilder,System.Func{Microsoft.AspNetCore.Connections.ConnectionContext,System.Func{System.Threading.Tasks.Task},System.Threading.Tasks.Task})">
      <summary>Add the given <paramref name="middleware" /> to the connection.<para>将给定的 <paramref name="middleware" /> 添加到连接中.</para></summary>
      <param name="connectionBuilder">The <see cref="T:Microsoft.AspNetCore.Connections.IConnectionBuilder" />.<para>这 <see cref="t:microsoft.aspnetcore.connections.iconnectionbuilder" /> .</para></param>
      <param name="middleware">The middleware to add to the <see cref="T:Microsoft.AspNetCore.Connections.IConnectionBuilder" />.<para>要添加到 <see cref="t:microsoft.aspnetcore.connections.iconnectionbuilder" /> .</para></param>
      <returns>The <see cref="T:Microsoft.AspNetCore.Connections.IConnectionBuilder" />.<para>这 <see cref="t:microsoft.aspnetcore.connections.iconnectionbuilder" /> .</para></returns>
    </member>
    <member name="M:Microsoft.AspNetCore.Connections.ConnectionBuilderExtensions.Run(Microsoft.AspNetCore.Connections.IConnectionBuilder,System.Func{Microsoft.AspNetCore.Connections.ConnectionContext,System.Threading.Tasks.Task})">
      <summary>Add the given <paramref name="middleware" /> to the connection.<para>将给定的 <paramref name="middleware" /> 添加到连接中.</para></summary>
      <param name="connectionBuilder">The <see cref="T:Microsoft.AspNetCore.Connections.IConnectionBuilder" />.<para>这 <see cref="t:microsoft.aspnetcore.connections.iconnectionbuilder" /> .</para></param>
      <param name="middleware">The middleware to add to the <see cref="T:Microsoft.AspNetCore.Connections.IConnectionBuilder" />.<para>要添加到 <see cref="t:microsoft.aspnetcore.connections.iconnectionbuilder" /> .</para></param>
      <returns>The <see cref="T:Microsoft.AspNetCore.Connections.IConnectionBuilder" />.<para>这 <see cref="t:microsoft.aspnetcore.connections.iconnectionbuilder" /> .</para></returns>
    </member>
    <member name="T:Microsoft.AspNetCore.Connections.ConnectionContext">
      <summary>Encapsulates all information about an individual connection.<para>封装有关单个连接的所有信息.</para></summary>
    </member>
    <member name="P:Microsoft.AspNetCore.Connections.ConnectionContext.Transport">
      <summary>Gets or sets the <see cref="T:System.IO.Pipelines.IDuplexPipe" /> that can be used to read or write data on this connection.<para>获取或设置可用于在此连接上读取或写入数据的 <see cref="T:System.IO.Pipelines.IDuplexPipe" />.</para></summary>
    </member>
    <member name="M:Microsoft.AspNetCore.Connections.ConnectionContext.Abort(Microsoft.AspNetCore.Connections.ConnectionAbortedException)">
      <summary>Aborts the underlying connection.<para>中止基础连接.</para></summary>
      <param name="abortReason">A <see cref="T:Microsoft.AspNetCore.Connections.ConnectionAbortedException" /> describing the reason the connection is being terminated.<para>一个 <see cref="t:microsoft.aspnetcore.connections.connectionabortedexception" /> 描述连接终止的原因.</para></param>
    </member>
    <member name="M:Microsoft.AspNetCore.Connections.ConnectionContext.Abort">
      <summary>Aborts the underlying connection.<para>中止基础连接.</para></summary>
    </member>
    <member name="T:Microsoft.AspNetCore.Connections.ConnectionDelegate">
      <summary>A function that can process a connection.<para>可以处理连接的函数.</para></summary>
      <param name="connection">A <see cref="T:Microsoft.AspNetCore.Connections.ConnectionContext" /> representing the connection.<para>一个 <see cref="t:microsoft.aspnetcore.connections.connectioncontext" /> 表示连接.</para></param>
      <returns>A <see cref="T:System.Threading.Tasks.Task" /> that represents the connection lifetime. When the task completes, the connection will be closed.<para>一个 <see cref="T:System.Threading.Tasks.Task" />,表示连接生存期.任务完成后,连接将关闭.</para></returns>
    </member>
    <member name="T:Microsoft.AspNetCore.Connections.ConnectionHandler">
      <summary>Represents an endpoint that multiple connections connect to. For HTTP, endpoints are URLs, for non-HTTP it can be a TCP listener (or similar).<para>表示多个连接连接到的终结点.对于http,端点是url,对于非http,它可以是tcp侦听器（或类似）.</para></summary>
    </member>
    <member name="M:Microsoft.AspNetCore.Connections.ConnectionHandler.OnConnectedAsync(Microsoft.AspNetCore.Connections.ConnectionContext)">
      <summary>Called when a new connection is accepted to the endpoint.<para>当接受与终结点的新连接时调用.</para></summary>
      <param name="connection">The new <see cref="T:Microsoft.AspNetCore.Connections.ConnectionContext" /><para>新的 <see cref="t:microsoft.aspnetcore.connections.connectioncontext" /></para></param>
      <returns>A <see cref="T:System.Threading.Tasks.Task" /> that represents the connection lifetime. When the task completes, the connection is complete.<para>一个 <see cref="T:System.Threading.Tasks.Task" />,表示连接生存期.任务完成后,连接完成.</para></returns>
    </member>
    <member name="T:Microsoft.AspNetCore.Connections.ConnectionItems">
      <summary>The items associated with a given connection.<para>与给定连接关联的项.</para></summary>
    </member>
    <member name="M:Microsoft.AspNetCore.Connections.ConnectionItems.#ctor">
      <summary>Initializes a new instance of <see cref="T:Microsoft.AspNetCore.Connections.ConnectionItems" />.<para>初始化 的新实例 <see cref="t:microsoft.aspnetcore.connections.connectionitems" /> .</para></summary>
    </member>
    <member name="M:Microsoft.AspNetCore.Connections.ConnectionItems.#ctor(System.Collections.Generic.IDictionary{System.Object,System.Object})">
      <summary>Initializes a new instance of <see cref="T:Microsoft.AspNetCore.Connections.ConnectionItems" /> with <paramref name="items" />.<para>初始化 的新实例 <see cref="t:microsoft.aspnetcore.connections.connectionitems" /> 与 <paramref name="items" />.</para></summary>
      <param name="items">The items for the connection.<para>连接的项.</para></param>
    </member>
    <member name="P:Microsoft.AspNetCore.Connections.ConnectionItems.Items">
      <summary>Gets or sets the items for the connection.<para>获取或设置连接的项.</para></summary>
    </member>
    <member name="T:Microsoft.AspNetCore.Connections.DefaultConnectionContext">
      <summary>The default implementation for the <see cref="T:Microsoft.AspNetCore.Connections.ConnectionContext" />.<para>的默认实现 <see cref="t:microsoft.aspnetcore.connections.connectioncontext" /> .</para></summary>
    </member>
    <member name="M:Microsoft.AspNetCore.Connections.DefaultConnectionContext.#ctor">
      <summary>Creates the <see cref="T:Microsoft.AspNetCore.Connections.DefaultConnectionContext" /> without Pipes to avoid upfront allocations.
            The caller is expected to set the <see cref="P:Microsoft.AspNetCore.Connections.DefaultConnectionContext.Transport" /> and <see cref="P:Microsoft.AspNetCore.Connections.DefaultConnectionContext.Application" /> pipes manually.<para>创建 <see cref="t:microsoft.aspnetcore.connections.defaultconnectioncontext" /> 没有管道以避免前期分配. 调用方应设置 <see cref="p:microsoft.aspnetcore.connections.defaultconnectioncontext.transport" /> 和 <see cref="p:microsoft.aspnetcore.connections.defaultconnectioncontext.application" /> 手动管道.</para></summary>
    </member>
    <member name="M:Microsoft.AspNetCore.Connections.DefaultConnectionContext.#ctor(System.String)">
      <summary>Creates the <see cref="T:Microsoft.AspNetCore.Connections.DefaultConnectionContext" /> without Pipes to avoid upfront allocations.
            The caller is expected to set the <see cref="P:Microsoft.AspNetCore.Connections.DefaultConnectionContext.Transport" /> and <see cref="P:Microsoft.AspNetCore.Connections.DefaultConnectionContext.Application" /> pipes manually.<para>创建 <see cref="t:microsoft.aspnetcore.connections.defaultconnectioncontext" /> 没有管道以避免前期分配. 调用方应设置 <see cref="p:microsoft.aspnetcore.connections.defaultconnectioncontext.transport" /> 和 <see cref="p:microsoft.aspnetcore.connections.defaultconnectioncontext.application" /> 手动管道.</para></summary>
      <param name="id">The <see cref="P:Microsoft.AspNetCore.Connections.DefaultConnectionContext.ConnectionId" />.<para>这 <see cref="p:microsoft.aspnetcore.connections.defaultconnectioncontext.connectionid" /> .</para></param>
    </member>
    <member name="M:Microsoft.AspNetCore.Connections.DefaultConnectionContext.#ctor(System.String,System.IO.Pipelines.IDuplexPipe,System.IO.Pipelines.IDuplexPipe)">
      <summary>Creates the DefaultConnectionContext with the given <paramref name="transport" /> and <paramref name="application" /> pipes.<para>使用给定的 <paramref name="transport" /> 和 <paramref name="application" /> 管道创建 defaultconnectioncontext.</para></summary>
      <param name="id">The <see cref="P:Microsoft.AspNetCore.Connections.DefaultConnectionContext.ConnectionId" />.<para>这 <see cref="p:microsoft.aspnetcore.connections.defaultconnectioncontext.connectionid" /> .</para></param>
      <param name="transport">The <see cref="P:Microsoft.AspNetCore.Connections.DefaultConnectionContext.Transport" />.<para><see cref="p:microsoft.aspnetcore.connections.defaultconnectioncontext.transport" /> .</para></param>
      <param name="application">The <see cref="P:Microsoft.AspNetCore.Connections.DefaultConnectionContext.Application" />.<para><see cref="p:microsoft.aspnetcore.connections.defaultconnectioncontext.application" /> .</para></param>
    </member>
    <member name="P:Microsoft.AspNetCore.Connections.DefaultConnectionContext.ConnectionId">
      <inheritdoc />
    </member>
    <member name="P:Microsoft.AspNetCore.Connections.DefaultConnectionContext.Features">
      <inheritdoc />
    </member>
    <member name="P:Microsoft.AspNetCore.Connections.DefaultConnectionContext.User">
      <inheritdoc />
    </member>
    <member name="P:Microsoft.AspNetCore.Connections.DefaultConnectionContext.Items">
      <inheritdoc />
    </member>
    <member name="P:Microsoft.AspNetCore.Connections.DefaultConnectionContext.Application">
      <inheritdoc />
    </member>
    <member name="P:Microsoft.AspNetCore.Connections.DefaultConnectionContext.Transport">
      <inheritdoc />
    </member>
    <member name="P:Microsoft.AspNetCore.Connections.DefaultConnectionContext.ConnectionClosed">
      <inheritdoc />
    </member>
    <member name="P:Microsoft.AspNetCore.Connections.DefaultConnectionContext.LocalEndPoint">
      <inheritdoc />
    </member>
    <member name="P:Microsoft.AspNetCore.Connections.DefaultConnectionContext.RemoteEndPoint">
      <inheritdoc />
    </member>
    <member name="M:Microsoft.AspNetCore.Connections.DefaultConnectionContext.Abort(Microsoft.AspNetCore.Connections.ConnectionAbortedException)">
      <inheritdoc />
    </member>
    <member name="M:Microsoft.AspNetCore.Connections.DefaultConnectionContext.DisposeAsync">
      <inheritdoc />
    </member>
    <member name="T:Microsoft.AspNetCore.Connections.AddressInUseException">
      <summary>An exception that is thrown when there the current address Kestrel is trying to bind to is in use.<para>当 kestrel 尝试绑定到的当前地址正在使用时引发的异常.</para></summary>
    </member>
    <member name="M:Microsoft.AspNetCore.Connections.AddressInUseException.#ctor(System.String)">
      <summary>Initializes a new instance of <see cref="T:Microsoft.AspNetCore.Connections.AddressInUseException" />.<para>初始化 的新实例 <see cref="t:microsoft.aspnetcore.connections.addressinuseexception" /> .</para></summary>
      <param name="message">The exception message.<para>异常消息.</para></param>
    </member>
    <member name="M:Microsoft.AspNetCore.Connections.AddressInUseException.#ctor(System.String,System.Exception)">
      <summary>Initializes a new instance of <see cref="T:Microsoft.AspNetCore.Connections.AddressInUseException" />.<para>初始化 的新实例 <see cref="t:microsoft.aspnetcore.connections.addressinuseexception" /> .</para></summary>
      <param name="message">The exception message.<para>异常消息.</para></param>
      <param name="inner">The underlying <see cref="T:System.Exception" />.<para>底层 <see cref="T:System.Exception" />.</para></param>
    </member>
    <member name="T:Microsoft.AspNetCore.Connections.ConnectionAbortedException">
      <summary>An exception that is thrown when a connection is aborted by the server.<para>服务器中止连接时引发的异常.</para></summary>
    </member>
    <member name="M:Microsoft.AspNetCore.Connections.ConnectionAbortedException.#ctor">
      <summary>Initializes a new instance of <see cref="T:Microsoft.AspNetCore.Connections.ConnectionAbortedException" />.<para>初始化 的新实例 <see cref="t:microsoft.aspnetcore.connections.connectionabortedexception" /> .</para></summary>
    </member>
    <member name="M:Microsoft.AspNetCore.Connections.ConnectionAbortedException.#ctor(System.String)">
      <summary>Initializes a new instance of <see cref="T:Microsoft.AspNetCore.Connections.ConnectionAbortedException" />.<para>初始化 的新实例 <see cref="t:microsoft.aspnetcore.connections.connectionabortedexception" /> .</para></summary>
      <param name="message">The exception message.<para>异常消息.</para></param>
    </member>
    <member name="M:Microsoft.AspNetCore.Connections.ConnectionAbortedException.#ctor(System.String,System.Exception)">
      <summary>Initializes a new instance of <see cref="T:Microsoft.AspNetCore.Connections.ConnectionAbortedException" />.<para>初始化 的新实例 <see cref="t:microsoft.aspnetcore.connections.connectionabortedexception" /> .</para></summary>
      <param name="message">The exception message.<para>异常消息.</para></param>
      <param name="inner">The underlying <see cref="T:System.Exception" />.<para>底层 <see cref="T:System.Exception" />.</para></param>
    </member>
    <member name="T:Microsoft.AspNetCore.Connections.ConnectionResetException">
      <summary>An exception thrown when the connection is reset.<para>重置连接时引发的异常.</para></summary>
    </member>
    <member name="M:Microsoft.AspNetCore.Connections.ConnectionResetException.#ctor(System.String)">
      <summary>Initializes a new instance of <see cref="T:Microsoft.AspNetCore.Connections.ConnectionResetException" />.<para>初始化 的新实例 <see cref="t:microsoft.aspnetcore.connections.connectionresetexception" /> .</para></summary>
      <param name="message">The exception message.<para>异常消息.</para></param>
    </member>
    <member name="M:Microsoft.AspNetCore.Connections.ConnectionResetException.#ctor(System.String,System.Exception)">
      <summary>Initializes a new instance of <see cref="T:Microsoft.AspNetCore.Connections.ConnectionResetException" />.<para>初始化 的新实例 <see cref="t:microsoft.aspnetcore.connections.connectionresetexception" /> .</para></summary>
      <param name="message">The exception message.<para>异常消息.</para></param>
      <param name="inner">The underlying <see cref="T:System.Exception" />.<para>底层 <see cref="T:System.Exception" />.</para></param>
    </member>
    <member name="T:Microsoft.AspNetCore.Connections.Features.IConnectionCompleteFeature">
      <summary>Represents the completion action for a connection.<para>表示连接的完成操作.</para></summary>
    </member>
    <member name="M:Microsoft.AspNetCore.Connections.Features.IConnectionCompleteFeature.OnCompleted(System.Func{System.Object,System.Threading.Tasks.Task},System.Object)">
      <summary>Registers a callback to be invoked after a connection has fully completed processing. This is
            intended for resource cleanup.<para>注册要在连接完全完成处理后调用的回调.这是 用于资源清理.</para></summary>
      <param name="callback">The callback to invoke after the connection has completed processing.<para>连接完成处理后要调用的回调.</para></param>
      <param name="state">The state to pass into the callback.<para>要传递到回调中的状态.</para></param>
    </member>
    <member name="T:Microsoft.AspNetCore.Connections.Features.IConnectionEndPointFeature">
      <summary>A feature that represents a connection endpoints.<para>表示连接终结点的功能.</para></summary>
    </member>
    <member name="P:Microsoft.AspNetCore.Connections.Features.IConnectionEndPointFeature.LocalEndPoint">
      <summary>Gets or sets the local <see cref="T:System.Net.EndPoint" />.<para>获取或设置本地 <see cref="T:System.Net.EndPoint" />.</para></summary>
    </member>
    <member name="P:Microsoft.AspNetCore.Connections.Features.IConnectionEndPointFeature.RemoteEndPoint">
      <summary>Gets or sets the remote <see cref="T:System.Net.EndPoint" />.<para>获取或设置远程 <see cref="T:System.Net.EndPoint" />.</para></summary>
    </member>
    <member name="T:Microsoft.AspNetCore.Connections.Features.IConnectionHeartbeatFeature">
      <summary>A feature that represents the connection heartbeat.<para>表示连接检测信号的功能.</para></summary>
    </member>
    <member name="M:Microsoft.AspNetCore.Connections.Features.IConnectionHeartbeatFeature.OnHeartbeat(System.Action{System.Object},System.Object)">
      <summary>Registers the given <paramref name="action" /> to be called with the associated <paramref name="state" /> on each heartbeat of the connection.<para>注册要在连接的每个检测信号上使用关联的 <paramref name="state" /> 调用的给定 <paramref name="action" />.</para></summary>
      <param name="action">The <see cref="T:System.Action`1" /> to invoke.<para>这 <see cref="t:system.action`1" /> 进行调用.</para></param>
      <param name="state">The state for the <paramref name="action" />.<para><paramref name="action" /> 的状态.</para></param>
    </member>
    <member name="T:Microsoft.AspNetCore.Connections.Features.IConnectionIdFeature">
      <summary>The unique identifier for a given connection.<para>给定连接的唯一标识符.</para></summary>
    </member>
    <member name="P:Microsoft.AspNetCore.Connections.Features.IConnectionIdFeature.ConnectionId">
      <summary>Gets or sets the connection identifier.<para>获取或设置连接标识符.</para></summary>
    </member>
    <member name="T:Microsoft.AspNetCore.Connections.Features.IConnectionInherentKeepAliveFeature">
      <summary>Indicates if the connection transport has an "inherent keep-alive", which means that the transport will automatically
            inform the client that it is still present.<para>指示连接传输是否具有"固有保持活动状态",这意味着传输将自动 通知客户端它仍然存在.</para></summary>
      <remarks>The most common example of this feature is the Long Polling HTTP transport, which must (due to HTTP limitations) terminate
            each poll within a particular interval and return a signal indicating "the server is still here, but there is no data yet".
            This feature allows applications to add keep-alive functionality, but limit it only to transports that don't have some kind
            of inherent keep-alive.<para>此功能最常见的示例是长轮询 http 传输,它必须（由于 http 限制）终止 在特定间隔内进行每次轮询,并返回一个信号,指示"服务器仍在,但还没有数据". 此功能允许应用程序添加保持活动状态功能,但将其限制为没有某种类型的传输 固有的保活性.</para></remarks>
    </member>
    <member name="P:Microsoft.AspNetCore.Connections.Features.IConnectionInherentKeepAliveFeature.HasInherentKeepAlive">
      <summary>Gets whether or not the connection has an inherent keep-alive concept.<para>获取连接是否具有固有的保持活动状态概念.</para></summary>
    </member>
    <member name="T:Microsoft.AspNetCore.Connections.Features.IConnectionItemsFeature">
      <summary>A bag of items associated with a given connection.<para>与给定连接关联的物品袋.</para></summary>
    </member>
    <member name="P:Microsoft.AspNetCore.Connections.Features.IConnectionItemsFeature.Items">
      <summary>Gets or sets the items associated with the connection.<para>获取或设置与连接关联的项.</para></summary>
    </member>
    <member name="T:Microsoft.AspNetCore.Connections.Features.IConnectionLifetimeFeature">
      <summary>Represents the lifetime of the connection.<para>表示连接的生存期.</para></summary>
    </member>
    <member name="P:Microsoft.AspNetCore.Connections.Features.IConnectionLifetimeFeature.ConnectionClosed">
      <summary>Gets or sets the <see cref="T:System.Threading.CancellationToken" /> that is triggered when the connection is closed.<para>获取或设置连接关闭时触发的 <see cref="T:System.Threading.CancellationToken" />.</para></summary>
    </member>
    <member name="M:Microsoft.AspNetCore.Connections.Features.IConnectionLifetimeFeature.Abort">
      <summary>Terminates the current connection.<para>终止当前连接.</para></summary>
    </member>
    <member name="T:Microsoft.AspNetCore.Connections.Features.IConnectionLifetimeNotificationFeature">
      <summary>Enables graceful termination of the connection.<para>启用连接的正常终止.</para></summary>
    </member>
    <member name="P:Microsoft.AspNetCore.Connections.Features.IConnectionLifetimeNotificationFeature.ConnectionClosedRequested">
      <summary>Gets or set an <see cref="T:System.Threading.CancellationToken" /> that will be triggered when closing the connection has been requested.<para>获取或设置一个 <see cref="T:System.Threading.CancellationToken" />,该 <see cref="T:System.Threading.CancellationToken" /> 将在请求关闭连接时触发.</para></summary>
    </member>
    <member name="M:Microsoft.AspNetCore.Connections.Features.IConnectionLifetimeNotificationFeature.RequestClose">
      <summary>Requests the connection to be closed.<para>请求关闭连接.</para></summary>
    </member>
    <member name="T:Microsoft.AspNetCore.Connections.Features.IConnectionSocketFeature">
      <summary>Provides access to the connection's underlying <see cref="P:Microsoft.AspNetCore.Connections.Features.IConnectionSocketFeature.Socket" />.<para>提供对连接基础的访问 <see cref="p:microsoft.aspnetcore.connections.features.iconnectionsocketfeature.socket" /> .</para></summary>
    </member>
    <member name="P:Microsoft.AspNetCore.Connections.Features.IConnectionSocketFeature.Socket">
      <summary>Gets the underlying <see cref="P:Microsoft.AspNetCore.Connections.Features.IConnectionSocketFeature.Socket" />.<para>获取基础 <see cref="p:microsoft.aspnetcore.connections.features.iconnectionsocketfeature.socket" /> .</para></summary>
    </member>
    <member name="T:Microsoft.AspNetCore.Connections.Features.IConnectionTransportFeature">
      <summary>The transport for the connection.<para>连接的传输.</para></summary>
    </member>
    <member name="P:Microsoft.AspNetCore.Connections.Features.IConnectionTransportFeature.Transport">
      <summary>Gets or sets the transport for the connection.<para>获取或设置连接的传输.</para></summary>
    </member>
    <member name="T:Microsoft.AspNetCore.Connections.Features.IConnectionUserFeature">
      <summary>The user associated with the connection.<para>与连接关联的用户.</para></summary>
    </member>
    <member name="P:Microsoft.AspNetCore.Connections.Features.IConnectionUserFeature.User">
      <summary>Gets or sets the user associated with the connection.<para>获取或设置与连接关联的用户.</para></summary>
    </member>
    <member name="T:Microsoft.AspNetCore.Connections.Features.IMemoryPoolFeature">
      <summary>The <see cref="T:System.Buffers.MemoryPool`1" /> used by the connection.<para>连接使用的 <see cref="T:System.Buffers.MemoryPool`1" />.</para></summary>
    </member>
    <member name="P:Microsoft.AspNetCore.Connections.Features.IMemoryPoolFeature.MemoryPool">
      <summary>Gets the <see cref="T:System.Buffers.MemoryPool`1" /> used by the connection.<para>获取连接使用的 <see cref="T:System.Buffers.MemoryPool`1" />.</para></summary>
    </member>
    <member name="T:Microsoft.AspNetCore.Connections.Features.IPersistentStateFeature">
      <summary>Provides access to a key/value collection that can be used to persist state between connections and requests.
            Whether a transport supports persisting state depends on the implementation. The transport must support
            pooling and reusing connection instances for state to be persisted.
            <para>
            Because values added to persistent state can live in memory until a connection is no longer pooled,
            use caution when adding items to this collection to avoid excessive memory use.
            </para><para>提供对可用于在连接和请求之间保持状态的键/值集合的访问. 传输是否支持持久状态取决于实现.运输必须支持 池化和重用连接实例以保留状态. <para> 由于添加到持久状态的值可以驻留在内存中,直到连接不再池化, 向此集合添加项时要小心,以避免过度使用内存. </para></para></summary>
    </member>
    <member name="P:Microsoft.AspNetCore.Connections.Features.IPersistentStateFeature.State">
      <summary>Gets a key/value collection that can be used to persist state between connections and requests.<para>获取可用于在连接和请求之间保持状态的键/值集合.</para></summary>
    </member>
    <member name="T:Microsoft.AspNetCore.Connections.Features.IProtocolErrorCodeFeature">
      <summary>The error code for the protocol being used.<para>正在使用的协议的错误代码.</para></summary>
    </member>
    <member name="P:Microsoft.AspNetCore.Connections.Features.IProtocolErrorCodeFeature.Error">
      <summary>Gets or sets the error code. The property returns -1 if the error code hasn't been set.<para>获取或设置错误代码.如果尚未设置错误代码,则该属性返回 -1.</para></summary>
    </member>
    <member name="T:Microsoft.AspNetCore.Connections.Features.IStreamAbortFeature">
      <summary>Supports aborting individual sides of a connection stream.<para>支持中止连接流的各个端.</para></summary>
    </member>
    <member name="M:Microsoft.AspNetCore.Connections.Features.IStreamAbortFeature.AbortRead(System.Int64,Microsoft.AspNetCore.Connections.ConnectionAbortedException)">
      <summary>Abort the read side of the connection stream.<para>中止连接流的读取端.</para></summary>
      <param name="errorCode">The error code to send with the abort.<para>要随中止一起发送的错误代码.</para></param>
      <param name="abortReason">A <see cref="T:Microsoft.AspNetCore.Connections.ConnectionAbortedException" /> describing the reason to abort the read side of the connection stream.<para>a <see cref="t:microsoft.aspnetcore.connections.connectionabortedexception" /> 描述中止连接流的读取端的原因.</para></param>
    </member>
    <member name="M:Microsoft.AspNetCore.Connections.Features.IStreamAbortFeature.AbortWrite(System.Int64,Microsoft.AspNetCore.Connections.ConnectionAbortedException)">
      <summary>Abort the write side of the connection stream.<para>中止连接流的写入端.</para></summary>
      <param name="errorCode">The error code to send with the abort.<para>要随中止一起发送的错误代码.</para></param>
      <param name="abortReason">A <see cref="T:Microsoft.AspNetCore.Connections.ConnectionAbortedException" /> describing the reason to abort the write side of the connection stream.<para>a <see cref="t:microsoft.aspnetcore.connections.connectionabortedexception" /> 描述中止连接流写入端的原因.</para></param>
    </member>
    <member name="T:Microsoft.AspNetCore.Connections.Features.IStreamClosedFeature">
      <summary>Represents the close action for a stream.<para>表示流的关闭操作.</para></summary>
    </member>
    <member name="M:Microsoft.AspNetCore.Connections.Features.IStreamClosedFeature.OnClosed(System.Action{System.Object},System.Object)">
      <summary>Registers a callback to be invoked when a stream is closed.
            If the stream is already in a closed state, the callback will be run immediately.<para>注册要在流关闭时调用的回调. 如果流已经处于关闭状态,则回调将立即运行.</para></summary>
      <param name="callback">The callback to invoke after the stream is closed.<para>流关闭后要调用的回调.</para></param>
      <param name="state">The state to pass into the callback.<para>要传递到回调中的状态.</para></param>
    </member>
    <member name="T:Microsoft.AspNetCore.Connections.Features.IStreamDirectionFeature">
      <summary>The direction of a connection stream<para>连接流的方向</para></summary>
    </member>
    <member name="P:Microsoft.AspNetCore.Connections.Features.IStreamDirectionFeature.CanRead">
      <summary>Gets whether or not the connection stream can be read.<para>获取是否可以读取连接流.</para></summary>
    </member>
    <member name="P:Microsoft.AspNetCore.Connections.Features.IStreamDirectionFeature.CanWrite">
      <summary>Gets whether or not the connection stream can be written.<para>获取是否可以写入连接流.</para></summary>
    </member>
    <member name="T:Microsoft.AspNetCore.Connections.Features.IStreamIdFeature">
      <summary>Represents the identifier for the stream.<para>表示流的标识符.</para></summary>
    </member>
    <member name="P:Microsoft.AspNetCore.Connections.Features.IStreamIdFeature.StreamId">
      <summary>Gets the stream identifier.<para>获取流标识符.</para></summary>
    </member>
    <member name="T:Microsoft.AspNetCore.Connections.Features.ITlsHandshakeFeature">
      <summary>Represents the details about the TLS handshake.<para>表示有关 tls 握手的详细信息.</para></summary>
    </member>
    <member name="P:Microsoft.AspNetCore.Connections.Features.ITlsHandshakeFeature.Protocol">
      <summary>Gets the <see cref="T:System.Security.Authentication.SslProtocols" />.<para>获取 <see cref="t:system.security.authentication.sslprotocols" /> .</para></summary>
    </member>
    <member name="P:Microsoft.AspNetCore.Connections.Features.ITlsHandshakeFeature.CipherAlgorithm">
      <summary>Gets the <see cref="T:System.Security.Authentication.CipherAlgorithmType" />.<para>获取 <see cref="t:system.security.authentication.cipheralgorithmtype" /> .</para></summary>
    </member>
    <member name="P:Microsoft.AspNetCore.Connections.Features.ITlsHandshakeFeature.CipherStrength">
      <summary>Gets the cipher strength.<para>获取密码强度.</para></summary>
    </member>
    <member name="P:Microsoft.AspNetCore.Connections.Features.ITlsHandshakeFeature.HashAlgorithm">
      <summary>Gets the <see cref="T:System.Security.Authentication.HashAlgorithmType" />.<para>获取 <see cref="t:system.security.authentication.hashalgorithmtype" /> .</para></summary>
    </member>
    <member name="P:Microsoft.AspNetCore.Connections.Features.ITlsHandshakeFeature.HashStrength">
      <summary>Gets the hash strength.<para>获取哈希强度.</para></summary>
    </member>
    <member name="P:Microsoft.AspNetCore.Connections.Features.ITlsHandshakeFeature.KeyExchangeAlgorithm">
      <summary>Gets the <see cref="P:Microsoft.AspNetCore.Connections.Features.ITlsHandshakeFeature.KeyExchangeAlgorithm" />.<para>获取 <see cref="p:microsoft.aspnetcore.connections.features.itlshandshakefeature.keyexchangealgorithm" /> .</para></summary>
    </member>
    <member name="P:Microsoft.AspNetCore.Connections.Features.ITlsHandshakeFeature.KeyExchangeStrength">
      <summary>Gets the key exchange algorithm strength.<para>获取密钥交换算法强度.</para></summary>
    </member>
    <member name="T:Microsoft.AspNetCore.Connections.Features.ITransferFormatFeature">
      <summary>Gets the transfer format of the protocol.<para>获取协议的传输格式.</para></summary>
    </member>
    <member name="P:Microsoft.AspNetCore.Connections.Features.ITransferFormatFeature.SupportedFormats">
      <summary>Gets the supported <see cref="T:Microsoft.AspNetCore.Connections.TransferFormat" />.<para>获取支持的 <see cref="t:microsoft.aspnetcore.connections.transferformat" /> .</para></summary>
    </member>
    <member name="P:Microsoft.AspNetCore.Connections.Features.ITransferFormatFeature.ActiveFormat">
      <summary>Gets or sets the active <see cref="T:Microsoft.AspNetCore.Connections.TransferFormat" />.<para>获取或设置活动 <see cref="t:microsoft.aspnetcore.connections.transferformat" /> .</para></summary>
    </member>
    <member name="T:Microsoft.AspNetCore.Connections.FileHandleEndPoint">
      <summary>An endpoint backed by an OS file handle.<para>由 os 文件句柄支持的终结点.</para></summary>
    </member>
    <member name="M:Microsoft.AspNetCore.Connections.FileHandleEndPoint.#ctor(System.UInt64,Microsoft.AspNetCore.Connections.FileHandleType)">
      <summary>Initializes a new instance of <see cref="T:Microsoft.AspNetCore.Connections.FileHandleEndPoint" />.<para>初始化 的新实例 <see cref="t:microsoft.aspnetcore.connections.filehandleendpoint" /> .</para></summary>
      <param name="fileHandle">The file handle.<para>文件句柄.</para></param>
      <param name="fileHandleType">The file handle type.<para>文件句柄类型.</para></param>
    </member>
    <member name="P:Microsoft.AspNetCore.Connections.FileHandleEndPoint.FileHandle">
      <summary>Gets the file handle.<para>获取文件句柄.</para></summary>
    </member>
    <member name="P:Microsoft.AspNetCore.Connections.FileHandleEndPoint.FileHandleType">
      <summary>Gets the file handle type.<para>获取文件句柄类型.</para></summary>
    </member>
    <member name="T:Microsoft.AspNetCore.Connections.FileHandleType">
      <summary>Enumerates the <see cref="T:Microsoft.AspNetCore.Connections.FileHandleEndPoint" /> types.<para>枚举 <see cref="t:microsoft.aspnetcore.connections.filehandleendpoint" /> 类型.</para></summary>
    </member>
    <member name="F:Microsoft.AspNetCore.Connections.FileHandleType.Auto">
      <summary>This API is unused and no longer supported.<para>此 api 未使用且不再受支持.</para></summary>
    </member>
    <member name="F:Microsoft.AspNetCore.Connections.FileHandleType.Tcp">
      <summary>This API is unused and no longer supported.<para>此 api 未使用且不再受支持.</para></summary>
    </member>
    <member name="F:Microsoft.AspNetCore.Connections.FileHandleType.Pipe">
      <summary>This API is unused and no longer supported.<para>此 api 未使用且不再受支持.</para></summary>
    </member>
    <member name="T:Microsoft.AspNetCore.Connections.IConnectionBuilder">
      <summary>Defines an interface that provides the mechanisms to configure a connection pipeline.<para>定义提供配置连接管道的机制的接口.</para></summary>
    </member>
    <member name="P:Microsoft.AspNetCore.Connections.IConnectionBuilder.ApplicationServices">
      <summary>Gets the <see cref="T:System.IServiceProvider" /> that provides access to the application's service container.<para>获取提供对应用程序服务容器的访问的 <see cref="T:System.IServiceProvider" />.</para></summary>
    </member>
    <member name="M:Microsoft.AspNetCore.Connections.IConnectionBuilder.Use(System.Func{Microsoft.AspNetCore.Connections.ConnectionDelegate,Microsoft.AspNetCore.Connections.ConnectionDelegate})">
      <summary>Adds a middleware delegate to the application's connection pipeline.<para>将中间件委托添加到应用程序的连接管道.</para></summary>
      <param name="middleware">The middleware delegate.<para>中间件委托.</para></param>
      <returns>The <see cref="T:Microsoft.AspNetCore.Connections.IConnectionBuilder" />.<para>这 <see cref="t:microsoft.aspnetcore.connections.iconnectionbuilder" /> .</para></returns>
    </member>
    <member name="M:Microsoft.AspNetCore.Connections.IConnectionBuilder.Build">
      <summary>Builds the delegate used by this application to process connections.<para>生成此应用程序用于处理连接的委托.</para></summary>
      <returns>The connection handling delegate.<para>连接处理委托.</para></returns>
    </member>
    <member name="T:Microsoft.AspNetCore.Connections.IConnectionFactory">
      <summary>A factory abstraction for creating connections to an endpoint.<para>用于创建与终结点的连接的工厂抽象.</para></summary>
    </member>
    <member name="M:Microsoft.AspNetCore.Connections.IConnectionFactory.ConnectAsync(System.Net.EndPoint,System.Threading.CancellationToken)">
      <summary>Creates a new connection to an endpoint.<para>创建与终结点的新连接.</para></summary>
      <param name="endpoint">The <see cref="T:System.Net.EndPoint" /> to connect to.<para>要连接到的 <see cref="T:System.Net.EndPoint" />.</para></param>
      <param name="cancellationToken">The token to monitor for cancellation requests. The default value is <see cref="P:System.Threading.CancellationToken.None" />.<para>要监视取消请求的令牌.默认值为 <see cref="P:System.Threading.CancellationToken.None" />.</para></param>
      <returns>A <see cref="T:System.Threading.Tasks.ValueTask`1" /> that represents the asynchronous connect, yielding the <see cref="T:Microsoft.AspNetCore.Connections.ConnectionContext" /> for the new connection when completed.<para>一个 <see cref="T:System.Threading.Tasks.ValueTask`1" />,表示异步连接,产生 <see cref="t:microsoft.aspnetcore.connections.connectioncontext" /> 完成后的新连接.</para></returns>
    </member>
    <member name="T:Microsoft.AspNetCore.Connections.IConnectionListener">
      <summary>Defines an interface that represents a listener bound to a specific <see cref="P:Microsoft.AspNetCore.Connections.IConnectionListener.EndPoint" />.<para>定义一个接口,该接口表示绑定到特定 <see cref="p:microsoft.aspnetcore.connections.iconnectionlistener.endpoint" /> .</para></summary>
    </member>
    <member name="P:Microsoft.AspNetCore.Connections.IConnectionListener.EndPoint">
      <summary>The endpoint that was bound. This may differ from the requested endpoint, such as when the caller requested that any free port be selected.<para>绑定的终结点.这可能与请求的终结点不同,例如当调用方请求选择任何可用端口时.</para></summary>
    </member>
    <member name="M:Microsoft.AspNetCore.Connections.IConnectionListener.AcceptAsync(System.Threading.CancellationToken)">
      <summary>Begins an asynchronous operation to accept an incoming connection.<para>开始接受传入连接的异步操作.</para></summary>
      <param name="cancellationToken">The token to monitor for cancellation requests.<para>要监视取消请求的令牌.</para></param>
      <returns>A <see cref="T:System.Threading.Tasks.ValueTask`1" /> that completes when a connection is accepted, yielding the <see cref="T:Microsoft.AspNetCore.Connections.ConnectionContext" /> representing the connection.<para>一个 <see cref="T:System.Threading.Tasks.ValueTask`1" />,在接受连接时完成,产生 <see cref="t:microsoft.aspnetcore.connections.connectioncontext" /> 表示连接.</para></returns>
    </member>
    <member name="M:Microsoft.AspNetCore.Connections.IConnectionListener.UnbindAsync(System.Threading.CancellationToken)">
      <summary>Stops listening for incoming connections.<para>停止侦听传入连接.</para></summary>
      <param name="cancellationToken">The token to monitor for cancellation requests.<para>要监视取消请求的令牌.</para></param>
      <returns>A <see cref="T:System.Threading.Tasks.ValueTask" /> that represents the un-bind operation.<para>一个 <see cref="T:System.Threading.Tasks.ValueTask" />,表示取消绑定操作.</para></returns>
    </member>
    <member name="T:Microsoft.AspNetCore.Connections.IConnectionListenerFactory">
      <summary>Defines an interface that provides the mechanisms for binding to various types of <see cref="T:System.Net.EndPoint" />s.<para>定义一个接口,该接口提供绑定到各种类型的 <see cref="T:System.Net.EndPoint" /> 的机制.</para></summary>
    </member>
    <member name="M:Microsoft.AspNetCore.Connections.IConnectionListenerFactory.BindAsync(System.Net.EndPoint,System.Threading.CancellationToken)">
      <summary>Creates an <see cref="T:Microsoft.AspNetCore.Connections.IConnectionListener" /> bound to the specified <see cref="T:System.Net.EndPoint" />.<para>创建一个 <see cref="t:microsoft.aspnetcore.connections.iconnectionlistener" /> 绑定到指定的 <see cref="T:System.Net.EndPoint" />.</para></summary>
      <param name="endpoint">The <see cref="T:System.Net.EndPoint" /> to bind to.<para>要绑定到的 <see cref="T:System.Net.EndPoint" />.</para></param>
      <param name="cancellationToken">The token to monitor for cancellation requests.<para>要监视取消请求的令牌.</para></param>
      <returns>A <see cref="T:System.Threading.Tasks.ValueTask`1" /> that completes when the listener has been bound, yielding a <see cref="T:Microsoft.AspNetCore.Connections.IConnectionListener" /> representing the new listener.<para>一个 <see cref="T:System.Threading.Tasks.ValueTask`1" />,在侦听器被绑定时完成,产生一个 <see cref="t:microsoft.aspnetcore.connections.iconnectionlistener" /> 表示新侦听器.</para></returns>
    </member>
    <member name="T:Microsoft.AspNetCore.Connections.IMultiplexedConnectionListener">
      <summary>Defines an interface that represents a listener bound to a specific <see cref="P:Microsoft.AspNetCore.Connections.IMultiplexedConnectionListener.EndPoint" />.<para>定义一个接口,该接口表示绑定到特定 <see cref="p:microsoft.aspnetcore.connections.imultiplexedconnectionlistener.endpoint" /> .</para></summary>
    </member>
    <member name="P:Microsoft.AspNetCore.Connections.IMultiplexedConnectionListener.EndPoint">
      <summary>The endpoint that was bound. This may differ from the requested endpoint, such as when the caller requested that any free port be selected.<para>绑定的终结点.这可能与请求的终结点不同,例如当调用方请求选择任何可用端口时.</para></summary>
    </member>
    <member name="M:Microsoft.AspNetCore.Connections.IMultiplexedConnectionListener.UnbindAsync(System.Threading.CancellationToken)">
      <summary>Stops listening for incoming connections.<para>停止侦听传入连接.</para></summary>
      <param name="cancellationToken">The token to monitor for cancellation requests.<para>要监视取消请求的令牌.</para></param>
      <returns>A <see cref="T:System.Threading.Tasks.ValueTask" /> that represents the un-bind operation.<para>一个 <see cref="T:System.Threading.Tasks.ValueTask" />,表示取消绑定操作.</para></returns>
    </member>
    <member name="M:Microsoft.AspNetCore.Connections.IMultiplexedConnectionListener.AcceptAsync(Microsoft.AspNetCore.Http.Features.IFeatureCollection,System.Threading.CancellationToken)">
      <summary>Begins an asynchronous operation to accept an incoming connection.<para>开始接受传入连接的异步操作.</para></summary>
      <param name="features">A feature collection to pass options when accepting a connection.<para>用于在接受连接时传递选项的要素集合.</para></param>
      <param name="cancellationToken">The token to monitor for cancellation requests.<para>要监视取消请求的令牌.</para></param>
      <returns>A <see cref="T:System.Threading.Tasks.ValueTask`1" /> that completes when a connection is accepted, yielding the <see cref="T:Microsoft.AspNetCore.Connections.MultiplexedConnectionContext" /> representing the connection.<para>一个 <see cref="T:System.Threading.Tasks.ValueTask`1" />,在接受连接时完成,产生 <see cref="t:microsoft.aspnetcore.connections.multiplexedconnectioncontext" /> 表示连接.</para></returns>
    </member>
    <member name="T:Microsoft.AspNetCore.Connections.IMultiplexedConnectionBuilder">
      <summary>Defines an interface that provides the mechanisms to configure a connection pipeline.<para>定义提供配置连接管道的机制的接口.</para></summary>
    </member>
    <member name="P:Microsoft.AspNetCore.Connections.IMultiplexedConnectionBuilder.ApplicationServices">
      <summary>Gets the <see cref="T:System.IServiceProvider" /> that provides access to the application's service container.<para>获取提供对应用程序服务容器的访问的 <see cref="T:System.IServiceProvider" />.</para></summary>
    </member>
    <member name="M:Microsoft.AspNetCore.Connections.IMultiplexedConnectionBuilder.Use(System.Func{Microsoft.AspNetCore.Connections.MultiplexedConnectionDelegate,Microsoft.AspNetCore.Connections.MultiplexedConnectionDelegate})">
      <summary>Adds a middleware delegate to the application's connection pipeline.<para>将中间件委托添加到应用程序的连接管道.</para></summary>
      <param name="middleware">The middleware delegate.<para>中间件委托.</para></param>
      <returns>The <see cref="T:Microsoft.AspNetCore.Connections.IMultiplexedConnectionBuilder" />.<para>这 <see cref="t:microsoft.aspnetcore.connections.imultiplexedconnectionbuilder" /> .</para></returns>
    </member>
    <member name="M:Microsoft.AspNetCore.Connections.IMultiplexedConnectionBuilder.Build">
      <summary>Builds the delegate used by this application to process connections.<para>生成此应用程序用于处理连接的委托.</para></summary>
      <returns>The connection handling delegate.<para>连接处理委托.</para></returns>
    </member>
    <member name="T:Microsoft.AspNetCore.Connections.IMultiplexedConnectionFactory">
      <summary>A factory abstraction for creating connections to an endpoint.<para>用于创建与终结点的连接的工厂抽象.</para></summary>
    </member>
    <member name="M:Microsoft.AspNetCore.Connections.IMultiplexedConnectionFactory.ConnectAsync(System.Net.EndPoint,Microsoft.AspNetCore.Http.Features.IFeatureCollection,System.Threading.CancellationToken)">
      <summary>Creates a new connection to an endpoint.<para>创建与终结点的新连接.</para></summary>
      <param name="endpoint">The <see cref="T:System.Net.EndPoint" /> to connect to.<para>要连接到的 <see cref="T:System.Net.EndPoint" />.</para></param>
      <param name="features">A feature collection to pass options when connecting.<para>用于在连接时传递选项的功能集合.</para></param>
      <param name="cancellationToken">The token to monitor for cancellation requests. The default value is <see cref="P:System.Threading.CancellationToken.None" />.<para>要监视取消请求的令牌.默认值为 <see cref="P:System.Threading.CancellationToken.None" />.</para></param>
      <returns>A <see cref="T:System.Threading.Tasks.ValueTask`1" /> that represents the asynchronous connect, yielding the <see cref="T:Microsoft.AspNetCore.Connections.MultiplexedConnectionContext" /> for the new connection when completed.<para>一个 <see cref="T:System.Threading.Tasks.ValueTask`1" />,表示异步连接,产生 <see cref="t:microsoft.aspnetcore.connections.multiplexedconnectioncontext" /> 完成后的新连接.</para></returns>
    </member>
    <member name="T:Microsoft.AspNetCore.Connections.IMultiplexedConnectionListenerFactory">
      <summary>Defines an interface that provides the mechanisms for binding to various types of <see cref="T:System.Net.EndPoint" />s.<para>定义一个接口,该接口提供绑定到各种类型的 <see cref="T:System.Net.EndPoint" /> 的机制.</para></summary>
    </member>
    <member name="M:Microsoft.AspNetCore.Connections.IMultiplexedConnectionListenerFactory.BindAsync(System.Net.EndPoint,Microsoft.AspNetCore.Http.Features.IFeatureCollection,System.Threading.CancellationToken)">
      <summary>Creates an <see cref="T:Microsoft.AspNetCore.Connections.IMultiplexedConnectionListener" /> bound to the specified <see cref="T:System.Net.EndPoint" />.<para>创建一个 <see cref="t:microsoft.aspnetcore.connections.imultiplexedconnectionlistener" /> 绑定到指定的 <see cref="T:System.Net.EndPoint" />.</para></summary>
      <param name="endpoint">The <see cref="T:System.Net.EndPoint" /> to bind to.<para>要绑定到的 <see cref="T:System.Net.EndPoint" />.</para></param>
      <param name="features">A feature collection to pass options when binding.<para>绑定时传递选项的功能集合.</para></param>
      <param name="cancellationToken">The token to monitor for cancellation requests.<para>要监视取消请求的令牌.</para></param>
      <returns>A <see cref="T:System.Threading.Tasks.ValueTask`1" /> that completes when the listener has been bound, yielding a <see cref="T:Microsoft.AspNetCore.Connections.IMultiplexedConnectionListener" /> representing the new listener.<para>一个 <see cref="T:System.Threading.Tasks.ValueTask`1" />,在侦听器被绑定时完成,产生一个 <see cref="t:microsoft.aspnetcore.connections.imultiplexedconnectionlistener" /> 表示新侦听器.</para></returns>
    </member>
    <member name="T:Microsoft.AspNetCore.Connections.MultiplexedConnectionBuilder">
      <summary>A default implementation for <see cref="T:Microsoft.AspNetCore.Connections.IMultiplexedConnectionBuilder" />.<para>的默认实现 <see cref="t:microsoft.aspnetcore.connections.imultiplexedconnectionbuilder" /> .</para></summary>
    </member>
    <member name="P:Microsoft.AspNetCore.Connections.MultiplexedConnectionBuilder.ApplicationServices">
      <inheritdoc />
    </member>
    <member name="M:Microsoft.AspNetCore.Connections.MultiplexedConnectionBuilder.#ctor(System.IServiceProvider)">
      <summary>Initializes a new instance of <see cref="T:Microsoft.AspNetCore.Connections.MultiplexedConnectionBuilder" />.<para>初始化 的新实例 <see cref="t:microsoft.aspnetcore.connections.multiplexedconnectionbuilder" /> .</para></summary>
      <param name="applicationServices">The application services <see cref="T:System.IServiceProvider" />.<para>应用程序服务 <see cref="T:System.IServiceProvider" />.</para></param>
    </member>
    <member name="M:Microsoft.AspNetCore.Connections.MultiplexedConnectionBuilder.Use(System.Func{Microsoft.AspNetCore.Connections.MultiplexedConnectionDelegate,Microsoft.AspNetCore.Connections.MultiplexedConnectionDelegate})">
      <inheritdoc />
    </member>
    <member name="M:Microsoft.AspNetCore.Connections.MultiplexedConnectionBuilder.Build">
      <inheritdoc />
    </member>
    <member name="T:Microsoft.AspNetCore.Connections.MultiplexedConnectionContext">
      <summary>Encapsulates all information about a multiplexed connection.<para>封装有关多路复用连接的所有信息.</para></summary>
    </member>
    <member name="M:Microsoft.AspNetCore.Connections.MultiplexedConnectionContext.AcceptAsync(System.Threading.CancellationToken)">
      <summary>Asynchronously accept an incoming stream on the connection.<para>异步接受连接上的传入流.</para></summary>
      <param name="cancellationToken">
        <para>
        </para>
      </param>
      <returns>
        <para>
        </para>
      </returns>
    </member>
    <member name="M:Microsoft.AspNetCore.Connections.MultiplexedConnectionContext.ConnectAsync(Microsoft.AspNetCore.Http.Features.IFeatureCollection,System.Threading.CancellationToken)">
      <summary>Creates an outbound connection<para>创建出站连接</para></summary>
      <param name="features">
        <para>
        </para>
      </param>
      <param name="cancellationToken">
        <para>
        </para>
      </param>
      <returns>
        <para>
        </para>
      </returns>
    </member>
    <member name="T:Microsoft.AspNetCore.Connections.MultiplexedConnectionDelegate">
      <summary>A function that can process a connection.<para>可以处理连接的函数.</para></summary>
      <param name="connection">A <see cref="T:Microsoft.AspNetCore.Connections.MultiplexedConnectionContext" /> representing the connection.<para>一个 <see cref="t:microsoft.aspnetcore.connections.multiplexedconnectioncontext" /> 表示连接.</para></param>
      <returns>A <see cref="T:System.Threading.Tasks.Task" /> that represents the connection lifetime. When the task completes, the connection will be closed.<para>一个 <see cref="T:System.Threading.Tasks.Task" />,表示连接生存期.任务完成后,连接将关闭.</para></returns>
    </member>
    <member name="T:Microsoft.AspNetCore.Connections.TlsConnectionCallbackContext">
      <summary>Per connection state used to determine the TLS options.<para>用于确定 tls 选项的每个连接状态.</para></summary>
    </member>
    <member name="P:Microsoft.AspNetCore.Connections.TlsConnectionCallbackContext.ClientHelloInfo">
      <summary>Information from the Client Hello message.<para>来自客户端问候消息的信息.</para></summary>
    </member>
    <member name="P:Microsoft.AspNetCore.Connections.TlsConnectionCallbackContext.State">
      <summary>The information that was passed when registering the callback.<para>注册回调时传递的信息.</para></summary>
    </member>
    <member name="P:Microsoft.AspNetCore.Connections.TlsConnectionCallbackContext.Connection">
      <summary>Information about an individual connection.<para>有关单个连接的信息.</para></summary>
    </member>
    <member name="T:Microsoft.AspNetCore.Connections.TlsConnectionCallbackOptions">
      <summary>Options used to configure a per connection callback for TLS configuration.<para>用于为 tls 配置配置每个连接回调的选项.</para></summary>
    </member>
    <member name="P:Microsoft.AspNetCore.Connections.TlsConnectionCallbackOptions.OnConnection">
      <summary>The callback to invoke per connection. This property is required.<para>每个连接要调用的回调.此属性是必需的.</para></summary>
    </member>
    <member name="P:Microsoft.AspNetCore.Connections.TlsConnectionCallbackOptions.OnConnectionState">
      <summary>Optional application state to flow to the <see cref="P:Microsoft.AspNetCore.Connections.TlsConnectionCallbackOptions.OnConnection" /> callback.<para>要流向 <see cref="p:microsoft.aspnetcore.connections.tlsconnectioncallbackoptions.onconnection" /> 回调.</para></summary>
    </member>
    <member name="P:Microsoft.AspNetCore.Connections.TlsConnectionCallbackOptions.ApplicationProtocols">
      <summary>Gets or sets a list of ALPN protocols.<para>获取或设置 alpn 协议的列表.</para></summary>
    </member>
    <member name="T:Microsoft.AspNetCore.Connections.TransferFormat">
      <summary>Represents the possible transfer formats.<para>表示可能的传输格式.</para></summary>
    </member>
    <member name="F:Microsoft.AspNetCore.Connections.TransferFormat.Binary">
      <summary>A binary transport format.<para>二进制传输格式.</para></summary>
    </member>
    <member name="F:Microsoft.AspNetCore.Connections.TransferFormat.Text">
      <summary>A text transport format.<para>文本传输格式.</para></summary>
    </member>
    <member name="T:Microsoft.AspNetCore.Connections.UriEndPoint">
      <summary>An <see cref="T:System.Net.EndPoint" /> defined by a <see cref="T:System.Uri" />.<para>由 <see cref="T:System.Uri" /> 定义的 <see cref="T:System.Net.EndPoint" />.</para></summary>
    </member>
    <member name="M:Microsoft.AspNetCore.Connections.UriEndPoint.#ctor(System.Uri)">
      <summary>Initializes a new instance of the <see cref="T:Microsoft.AspNetCore.Connections.UriEndPoint" /> class.<para>初始化 <see cref="t:microsoft.aspnetcore.connections.uriendpoint" /> .class.</para></summary>
      <param name="uri">The <see cref="T:System.Uri" /> defining the <see cref="T:System.Net.EndPoint" />.<para>定义 <see cref="T:System.Net.EndPoint" /> 的 <see cref="T:System.Uri" />.</para></param>
    </member>
    <member name="P:Microsoft.AspNetCore.Connections.UriEndPoint.Uri">
      <summary>The <see cref="T:System.Uri" /> defining the <see cref="T:System.Net.EndPoint" />.<para>定义 <see cref="T:System.Net.EndPoint" /> 的 <see cref="T:System.Uri" />.</para></summary>
    </member>
    <member name="M:Microsoft.AspNetCore.Connections.UriEndPoint.ToString">
      <inheritdoc />
    </member>
    <member name="M:Microsoft.Extensions.Internal.ActivatorUtilities.CreateInstance(System.IServiceProvider,System.Type,System.Object[])">
      <summary>Instantiate a type with constructor arguments provided directly and/or from an <see cref="T:System.IServiceProvider" />.<para>使用直接提供的构造函数参数和/或从 <see cref="T:System.IServiceProvider" /> 实例化类型.</para></summary>
      <param name="provider">The service provider used to resolve dependencies<para>用于解析依赖项的服务提供程序</para></param>
      <param name="instanceType">The type to activate<para>激活的类型</para></param>
      <param name="parameters">Constructor arguments not provided by the <paramref name="provider" />.<para>构造函数参数不是由 <paramref name="provider" /> 提供的.</para></param>
      <returns>An activated object of type instanceType<para>类型为实例类型的激活对象</para></returns>
    </member>
    <member name="M:Microsoft.Extensions.Internal.ActivatorUtilities.CreateInstance``1(System.IServiceProvider,System.Object[])">
      <summary>Instantiate a type with constructor arguments provided directly and/or from an <see cref="T:System.IServiceProvider" />.<para>使用直接提供的构造函数参数和/或从 <see cref="T:System.IServiceProvider" /> 实例化类型.</para></summary>
      <typeparam name="T">The type to activate<para>要激活的类型</para></typeparam>
      <param name="provider">The service provider used to resolve dependencies<para>用于解析依赖项的服务提供程序</para></param>
      <param name="parameters">Constructor arguments not provided by the <paramref name="provider" />.<para>构造函数参数不是由 <paramref name="provider" /> 提供的.</para></param>
      <returns>An activated object of type T<para>类型 t 的激活对象</para></returns>
    </member>
    <member name="M:Microsoft.Extensions.Internal.ActivatorUtilities.GetServiceOrCreateInstance``1(System.IServiceProvider)">
      <summary>Retrieve an instance of the given type from the service provider. If one is not found then instantiate it directly.<para>从服务提供商处检索给定类型的实例.如果未找到,则直接实例化它.</para></summary>
      <typeparam name="T">The type of the service<para>服务类型</para></typeparam>
      <param name="provider">The service provider used to resolve dependencies<para>用于解析依赖项的服务提供程序</para></param>
      <returns>The resolved service or created instance<para>解析的服务或创建的实例</para></returns>
    </member>
    <member name="M:Microsoft.Extensions.Internal.ActivatorUtilities.GetServiceOrCreateInstance(System.IServiceProvider,System.Type)">
      <summary>Retrieve an instance of the given type from the service provider. If one is not found then instantiate it directly.<para>从服务提供商处检索给定类型的实例.如果未找到,则直接实例化它.</para></summary>
      <param name="provider">The service provider<para>服务提供商</para></param>
      <param name="type">The type of the service<para>服务类型</para></param>
      <returns>The resolved service or created instance<para>解析的服务或创建的实例</para></returns>
    </member>
  </members>
</doc>