<?xml version="1.0"?>
<doc>
  <assembly>
    <name>Microsoft.Extensions.Caching.Abstractions</name>
  </assembly>
  <members>
    <member name="M:Microsoft.Extensions.Caching.Memory.CacheEntryExtensions.SetPriority(Microsoft.Extensions.Caching.Memory.ICacheEntry,Microsoft.Extensions.Caching.Memory.CacheItemPriority)">
      <summary>Sets the priority for keeping the cache entry in the cache during a memory pressure tokened cleanup.<para>设置在内存压力令牌清理期间将缓存条目保留在缓存中的优先级.</para></summary>
      <param name="entry">The entry to set the priority for.<para>要为其设置优先级的条目.</para></param>
      <param name="priority">The <see cref="T:Microsoft.Extensions.Caching.Memory.CacheItemPriority" /> to set on the entry.<para>要在条目上设置的 <see cref="T:Microsoft.Extensions.Caching.Memory.CacheItemPriority" />.</para></param>
      <returns>The <see cref="T:Microsoft.Extensions.Caching.Memory.ICacheEntry" /> for chaining.<para>用于链接的 <see cref="T:Microsoft.Extensions.Caching.Memory.ICacheEntry" />.</para></returns>
    </member>
    <member name="M:Microsoft.Extensions.Caching.Memory.CacheEntryExtensions.AddExpirationToken(Microsoft.Extensions.Caching.Memory.ICacheEntry,Microsoft.Extensions.Primitives.IChangeToken)">
      <summary>Expire the cache entry if the given <see cref="T:Microsoft.Extensions.Primitives.IChangeToken" /> expires.<para>如果给定的 <see cref="T:Microsoft.Extensions.Primitives.IChangeToken" /> 过期,则使缓存条目过期.</para></summary>
      <param name="entry">The <see cref="T:Microsoft.Extensions.Caching.Memory.ICacheEntry" />.<para>的 <see cref="T:Microsoft.Extensions.Caching.Memory.ICacheEntry" />.</para></param>
      <param name="expirationToken">The <see cref="T:Microsoft.Extensions.Primitives.IChangeToken" /> that causes the cache entry to expire.<para>导致缓存条目过期的 <see cref="T:Microsoft.Extensions.Primitives.IChangeToken" />.</para></param>
      <returns>The <see cref="T:Microsoft.Extensions.Caching.Memory.ICacheEntry" /> for chaining.<para>用于链接的 <see cref="T:Microsoft.Extensions.Caching.Memory.ICacheEntry" />.</para></returns>
    </member>
    <member name="M:Microsoft.Extensions.Caching.Memory.CacheEntryExtensions.SetAbsoluteExpiration(Microsoft.Extensions.Caching.Memory.ICacheEntry,System.TimeSpan)">
      <summary>Sets an absolute expiration time, relative to now.<para>设置相对于现在的绝对过期时间.</para></summary>
      <param name="entry">The <see cref="T:Microsoft.Extensions.Caching.Memory.ICacheEntry" />.<para>的 <see cref="T:Microsoft.Extensions.Caching.Memory.ICacheEntry" />.</para></param>
      <param name="relative">The <see cref="T:System.TimeSpan" /> representing the expiration time relative to now.<para>表示相对于现在的到期时间的 <see cref="T:System.TimeSpan" />.</para></param>
      <returns>The <see cref="T:Microsoft.Extensions.Caching.Memory.ICacheEntry" /> for chaining.<para>用于链接的 <see cref="T:Microsoft.Extensions.Caching.Memory.ICacheEntry" />.</para></returns>
    </member>
    <member name="M:Microsoft.Extensions.Caching.Memory.CacheEntryExtensions.SetAbsoluteExpiration(Microsoft.Extensions.Caching.Memory.ICacheEntry,System.DateTimeOffset)">
      <summary>Sets an absolute expiration date for the cache entry.<para>设置缓存条目的绝对到期日期.</para></summary>
      <param name="entry">The <see cref="T:Microsoft.Extensions.Caching.Memory.ICacheEntry" />.<para>的 <see cref="T:Microsoft.Extensions.Caching.Memory.ICacheEntry" />.</para></param>
      <param name="absolute">A <see cref="T:System.DateTimeOffset" /> representing the expiration time in absolute terms.<para>一个 <see cref="T:System.DateTimeOffset" />,以绝对值表示到期时间.</para></param>
      <returns>The <see cref="T:Microsoft.Extensions.Caching.Memory.ICacheEntry" /> for chaining.<para>用于链接的 <see cref="T:Microsoft.Extensions.Caching.Memory.ICacheEntry" />.</para></returns>
    </member>
    <member name="M:Microsoft.Extensions.Caching.Memory.CacheEntryExtensions.SetSlidingExpiration(Microsoft.Extensions.Caching.Memory.ICacheEntry,System.TimeSpan)">
      <summary>Sets how long the cache entry can be inactive (e.g. not accessed) before it will be removed.
            This will not extend the entry lifetime beyond the absolute expiration (if set).<para>设置缓存条目在被删除之前可以处于非活动状态（例如,未访问）的时间. 这不会将条目生存期延长到绝对过期时间（如果已设置）之后.</para></summary>
      <param name="entry">The <see cref="T:Microsoft.Extensions.Caching.Memory.ICacheEntry" />.<para>的 <see cref="T:Microsoft.Extensions.Caching.Memory.ICacheEntry" />.</para></param>
      <param name="offset">A <see cref="T:System.TimeSpan" /> representing a sliding expiration.<para>表示滑动过期的 <see cref="T:System.TimeSpan" />.</para></param>
      <returns>The <see cref="T:Microsoft.Extensions.Caching.Memory.ICacheEntry" /> for chaining.<para>用于链接的 <see cref="T:Microsoft.Extensions.Caching.Memory.ICacheEntry" />.</para></returns>
    </member>
    <member name="M:Microsoft.Extensions.Caching.Memory.CacheEntryExtensions.RegisterPostEvictionCallback(Microsoft.Extensions.Caching.Memory.ICacheEntry,Microsoft.Extensions.Caching.Memory.PostEvictionDelegate)">
      <summary>The given callback will be fired after the cache entry is evicted from the cache.<para>从缓存中逐出缓存条目后,将触发给定的回调.</para></summary>
      <param name="entry">The <see cref="T:Microsoft.Extensions.Caching.Memory.ICacheEntry" />.<para>的 <see cref="T:Microsoft.Extensions.Caching.Memory.ICacheEntry" />.</para></param>
      <param name="callback">The callback to run after the entry is evicted.<para>逐出条目后运行的回调.</para></param>
      <returns>The <see cref="T:Microsoft.Extensions.Caching.Memory.ICacheEntry" /> for chaining.<para>用于链接的 <see cref="T:Microsoft.Extensions.Caching.Memory.ICacheEntry" />.</para></returns>
    </member>
    <member name="M:Microsoft.Extensions.Caching.Memory.CacheEntryExtensions.RegisterPostEvictionCallback(Microsoft.Extensions.Caching.Memory.ICacheEntry,Microsoft.Extensions.Caching.Memory.PostEvictionDelegate,System.Object)">
      <summary>The given callback will be fired after the cache entry is evicted from the cache.<para>从缓存中逐出缓存条目后,将触发给定的回调.</para></summary>
      <param name="entry">The <see cref="T:Microsoft.Extensions.Caching.Memory.ICacheEntry" />.<para>的 <see cref="T:Microsoft.Extensions.Caching.Memory.ICacheEntry" />.</para></param>
      <param name="callback">The callback to run after the entry is evicted.<para>逐出条目后运行的回调.</para></param>
      <param name="state">The state to pass to the post-eviction callback.<para>要传递给逐出后回调的状态.</para></param>
      <returns>The <see cref="T:Microsoft.Extensions.Caching.Memory.ICacheEntry" /> for chaining.<para>用于链接的 <see cref="T:Microsoft.Extensions.Caching.Memory.ICacheEntry" />.</para></returns>
    </member>
    <member name="M:Microsoft.Extensions.Caching.Memory.CacheEntryExtensions.SetValue(Microsoft.Extensions.Caching.Memory.ICacheEntry,System.Object)">
      <summary>Sets the value of the cache entry.<para>设置缓存条目的值.</para></summary>
      <param name="entry">The <see cref="T:Microsoft.Extensions.Caching.Memory.ICacheEntry" />.<para>的 <see cref="T:Microsoft.Extensions.Caching.Memory.ICacheEntry" />.</para></param>
      <param name="value">The value to set on the <paramref name="entry" />.<para>要在 <paramref name="entry" /> 上设置的值.</para></param>
      <returns>The <see cref="T:Microsoft.Extensions.Caching.Memory.ICacheEntry" /> for chaining.<para>用于链接的 <see cref="T:Microsoft.Extensions.Caching.Memory.ICacheEntry" />.</para></returns>
    </member>
    <member name="M:Microsoft.Extensions.Caching.Memory.CacheEntryExtensions.SetSize(Microsoft.Extensions.Caching.Memory.ICacheEntry,System.Int64)">
      <summary>Sets the size of the cache entry value.<para>设置缓存条目值的大小.</para></summary>
      <param name="entry">The <see cref="T:Microsoft.Extensions.Caching.Memory.ICacheEntry" />.<para>的 <see cref="T:Microsoft.Extensions.Caching.Memory.ICacheEntry" />.</para></param>
      <param name="size">The size to set on the <paramref name="entry" />.<para>要在 <paramref name="entry" /> 上设置的大小.</para></param>
      <returns>The <see cref="T:Microsoft.Extensions.Caching.Memory.ICacheEntry" /> for chaining.<para>用于链接的 <see cref="T:Microsoft.Extensions.Caching.Memory.ICacheEntry" />.</para></returns>
    </member>
    <member name="M:Microsoft.Extensions.Caching.Memory.CacheEntryExtensions.SetOptions(Microsoft.Extensions.Caching.Memory.ICacheEntry,Microsoft.Extensions.Caching.Memory.MemoryCacheEntryOptions)">
      <summary>Applies the values of an existing <see cref="T:Microsoft.Extensions.Caching.Memory.MemoryCacheEntryOptions" /> to the entry.<para>将现有 <see cref="T:Microsoft.Extensions.Caching.Memory.MemoryCacheEntryOptions" /> 的值应用于条目.</para></summary>
      <param name="entry">The <see cref="T:Microsoft.Extensions.Caching.Memory.ICacheEntry" />.<para>的 <see cref="T:Microsoft.Extensions.Caching.Memory.ICacheEntry" />.</para></param>
      <param name="options">Set the values of these options on the <paramref name="entry" />.<para>在 <paramref name="entry" /> 上设置这些选项的值.</para></param>
      <returns>The <see cref="T:Microsoft.Extensions.Caching.Memory.ICacheEntry" /> for chaining.<para>用于链接的 <see cref="T:Microsoft.Extensions.Caching.Memory.ICacheEntry" />.</para></returns>
    </member>
    <member name="T:Microsoft.Extensions.Caching.Memory.CacheItemPriority">
      <summary>Specifies how items are prioritized for preservation during a memory pressure triggered cleanup.<para>指定在内存压力触发的清理期间如何优先保留项目.</para></summary>
    </member>
    <member name="F:Microsoft.Extensions.Caching.Memory.EvictionReason.Removed">
      <summary>Manually<para>手动地</para></summary>
    </member>
    <member name="F:Microsoft.Extensions.Caching.Memory.EvictionReason.Replaced">
      <summary>Overwritten<para>覆盖</para></summary>
    </member>
    <member name="F:Microsoft.Extensions.Caching.Memory.EvictionReason.Expired">
      <summary>Timed out<para>超时</para></summary>
    </member>
    <member name="F:Microsoft.Extensions.Caching.Memory.EvictionReason.TokenExpired">
      <summary>Event<para>事件</para></summary>
    </member>
    <member name="F:Microsoft.Extensions.Caching.Memory.EvictionReason.Capacity">
      <summary>Overflow<para>溢出</para></summary>
    </member>
    <member name="T:Microsoft.Extensions.Caching.Memory.ICacheEntry">
      <summary>Represents an entry in the <see cref="T:Microsoft.Extensions.Caching.Memory.IMemoryCache" /> implementation.
            When Disposed, is committed to the cache.<para>表示 <see cref="T:Microsoft.Extensions.Caching.Memory.IMemoryCache" /> 实现中的一个条目. 释放时,将提交到缓存.</para></summary>
    </member>
    <member name="P:Microsoft.Extensions.Caching.Memory.ICacheEntry.Key">
      <summary>Gets the key of the cache entry.<para>获取缓存条目的键.</para></summary>
    </member>
    <member name="P:Microsoft.Extensions.Caching.Memory.ICacheEntry.Value">
      <summary>Gets or set the value of the cache entry.<para>获取或设置缓存项的值.</para></summary>
    </member>
    <member name="P:Microsoft.Extensions.Caching.Memory.ICacheEntry.AbsoluteExpiration">
      <summary>Gets or sets an absolute expiration date for the cache entry.<para>获取或设置缓存条目的绝对到期日期.</para></summary>
    </member>
    <member name="P:Microsoft.Extensions.Caching.Memory.ICacheEntry.AbsoluteExpirationRelativeToNow">
      <summary>Gets or sets an absolute expiration time, relative to now.<para>获取或设置相对于现在的绝对过期时间.</para></summary>
    </member>
    <member name="P:Microsoft.Extensions.Caching.Memory.ICacheEntry.SlidingExpiration">
      <summary>Gets or sets how long a cache entry can be inactive (e.g. not accessed) before it will be removed.
            This will not extend the entry lifetime beyond the absolute expiration (if set).<para>获取或设置缓存条目在被删除之前可以处于非活动状态（例如,未访问）的时间. 这不会将条目生存期延长到绝对过期时间（如果已设置）之后.</para></summary>
    </member>
    <member name="P:Microsoft.Extensions.Caching.Memory.ICacheEntry.ExpirationTokens">
      <summary>Gets the <see cref="T:Microsoft.Extensions.Primitives.IChangeToken" /> instances which cause the cache entry to expire.<para>获取导致缓存条目过期的 <see cref="T:Microsoft.Extensions.Primitives.IChangeToken" /> 实例.</para></summary>
    </member>
    <member name="P:Microsoft.Extensions.Caching.Memory.ICacheEntry.PostEvictionCallbacks">
      <summary>Gets or sets the callbacks will be fired after the cache entry is evicted from the cache.<para>获取或设置从缓存中逐出缓存条目后将触发的回调.</para></summary>
    </member>
    <member name="P:Microsoft.Extensions.Caching.Memory.ICacheEntry.Priority">
      <summary>Gets or sets the priority for keeping the cache entry in the cache during a
             cleanup. The default is <see cref="F:Microsoft.Extensions.Caching.Memory.CacheItemPriority.Normal" />.<para>获取或设置在 清理.默认值为 <see cref="F:Microsoft.Extensions.Caching.Memory.CacheItemPriority.Normal" />.</para></summary>
    </member>
    <member name="P:Microsoft.Extensions.Caching.Memory.ICacheEntry.Size">
      <summary>Gets or set the size of the cache entry value.<para>获取或设置缓存条目值的大小.</para></summary>
    </member>
    <member name="T:Microsoft.Extensions.Caching.Memory.IMemoryCache">
      <summary>Represents a local in-memory cache whose values are not serialized.<para>表示其值未序列化的本地内存中缓存.</para></summary>
    </member>
    <member name="M:Microsoft.Extensions.Caching.Memory.IMemoryCache.TryGetValue(System.Object,System.Object@)">
      <summary>Gets the item associated with this key if present.<para>获取与此键关联的项（如果存在）.</para></summary>
      <param name="key">An object identifying the requested entry.<para>标识所请求条目的对象.</para></param>
      <param name="value">The located value or null.<para>找到的值或空值.</para></param>
      <returns>True if the key was found.<para>如果找到密钥,则为 true.</para></returns>
    </member>
    <member name="M:Microsoft.Extensions.Caching.Memory.IMemoryCache.CreateEntry(System.Object)">
      <summary>Create or overwrite an entry in the cache.<para>创建或覆盖缓存中的条目.</para></summary>
      <param name="key">An object identifying the entry.<para>标识条目的对象.</para></param>
      <returns>The newly created <see cref="T:Microsoft.Extensions.Caching.Memory.ICacheEntry" /> instance.<para>新创建的 <see cref="T:Microsoft.Extensions.Caching.Memory.ICacheEntry" /> 实例.</para></returns>
    </member>
    <member name="M:Microsoft.Extensions.Caching.Memory.IMemoryCache.Remove(System.Object)">
      <summary>Removes the object associated with the given key.<para>删除与给定键关联的对象.</para></summary>
      <param name="key">An object identifying the entry.<para>标识条目的对象.</para></param>
    </member>
    <member name="M:Microsoft.Extensions.Caching.Memory.IMemoryCache.GetCurrentStatistics">
      <summary>Gets a snapshot of the cache statistics if available.<para>获取缓存统计信息的快照（如果可用）.</para></summary>
      <returns>An instance of <see cref="T:Microsoft.Extensions.Caching.Memory.MemoryCacheStatistics" /> containing a snapshot of the cache statistics.<para>包含缓存统计信息快照的 <see cref="T:Microsoft.Extensions.Caching.Memory.MemoryCacheStatistics" /> 实例.</para></returns>
    </member>
    <member name="M:Microsoft.Extensions.Caching.Memory.MemoryCacheEntryExtensions.SetPriority(Microsoft.Extensions.Caching.Memory.MemoryCacheEntryOptions,Microsoft.Extensions.Caching.Memory.CacheItemPriority)">
      <summary>Sets the priority for keeping the cache entry in the cache during a memory pressure tokened cleanup.<para>设置在内存压力令牌清理期间将缓存条目保留在缓存中的优先级.</para></summary>
      <param name="options">The option on which to set the priority.<para>设置优先级的选项.</para></param>
      <param name="priority">The <see cref="T:Microsoft.Extensions.Caching.Memory.CacheItemPriority" /> to set on the option.<para>要在选项上设置的 <see cref="T:Microsoft.Extensions.Caching.Memory.CacheItemPriority" />.</para></param>
      <returns>The <see cref="T:Microsoft.Extensions.Caching.Memory.MemoryCacheEntryOptions" /> so that additional calls can be chained.<para><see cref="T:Microsoft.Extensions.Caching.Memory.MemoryCacheEntryOptions" />,以便可以链接其他调用.</para></returns>
    </member>
    <member name="M:Microsoft.Extensions.Caching.Memory.MemoryCacheEntryExtensions.SetSize(Microsoft.Extensions.Caching.Memory.MemoryCacheEntryOptions,System.Int64)">
      <summary>Sets the size of the cache entry value.<para>设置缓存条目值的大小.</para></summary>
      <param name="options">The options to set the entry size on.<para>用于设置条目大小的选项.</para></param>
      <param name="size">The size to set on the <see cref="T:Microsoft.Extensions.Caching.Memory.MemoryCacheEntryOptions" />.<para>要在 <see cref="T:Microsoft.Extensions.Caching.Memory.MemoryCacheEntryOptions" /> 上设置的大小.</para></param>
      <returns>The <see cref="T:Microsoft.Extensions.Caching.Memory.MemoryCacheEntryOptions" /> so that additional calls can be chained.<para><see cref="T:Microsoft.Extensions.Caching.Memory.MemoryCacheEntryOptions" />,以便可以链接其他调用.</para></returns>
    </member>
    <member name="M:Microsoft.Extensions.Caching.Memory.MemoryCacheEntryExtensions.AddExpirationToken(Microsoft.Extensions.Caching.Memory.MemoryCacheEntryOptions,Microsoft.Extensions.Primitives.IChangeToken)">
      <summary>Expire the cache entry if the given <see cref="T:Microsoft.Extensions.Primitives.IChangeToken" /> expires.<para>如果给定的 <see cref="T:Microsoft.Extensions.Primitives.IChangeToken" /> 过期,则使缓存条目过期.</para></summary>
      <param name="options">The <see cref="T:Microsoft.Extensions.Caching.Memory.MemoryCacheEntryOptions" />.<para>的 <see cref="T:Microsoft.Extensions.Caching.Memory.MemoryCacheEntryOptions" />.</para></param>
      <param name="expirationToken">The <see cref="T:Microsoft.Extensions.Primitives.IChangeToken" /> that causes the cache entry to expire.<para>导致缓存条目过期的 <see cref="T:Microsoft.Extensions.Primitives.IChangeToken" />.</para></param>
      <returns>The <see cref="T:Microsoft.Extensions.Caching.Memory.MemoryCacheEntryOptions" /> so that additional calls can be chained.<para><see cref="T:Microsoft.Extensions.Caching.Memory.MemoryCacheEntryOptions" />,以便可以链接其他调用.</para></returns>
    </member>
    <member name="M:Microsoft.Extensions.Caching.Memory.MemoryCacheEntryExtensions.SetAbsoluteExpiration(Microsoft.Extensions.Caching.Memory.MemoryCacheEntryOptions,System.TimeSpan)">
      <summary>Sets an absolute expiration time, relative to now.<para>设置相对于现在的绝对过期时间.</para></summary>
      <param name="options">The <see cref="T:Microsoft.Extensions.Caching.Memory.MemoryCacheEntryOptions" />.<para>的 <see cref="T:Microsoft.Extensions.Caching.Memory.MemoryCacheEntryOptions" />.</para></param>
      <param name="relative">The expiration time, relative to now.<para>相对于现在的到期时间.</para></param>
      <returns>The <see cref="T:Microsoft.Extensions.Caching.Memory.MemoryCacheEntryOptions" /> so that additional calls can be chained.<para><see cref="T:Microsoft.Extensions.Caching.Memory.MemoryCacheEntryOptions" />,以便可以链接其他调用.</para></returns>
    </member>
    <member name="M:Microsoft.Extensions.Caching.Memory.MemoryCacheEntryExtensions.SetAbsoluteExpiration(Microsoft.Extensions.Caching.Memory.MemoryCacheEntryOptions,System.DateTimeOffset)">
      <summary>Sets an absolute expiration date for the cache entry.<para>设置缓存条目的绝对到期日期.</para></summary>
      <param name="options">The <see cref="T:Microsoft.Extensions.Caching.Memory.MemoryCacheEntryOptions" />.<para>的 <see cref="T:Microsoft.Extensions.Caching.Memory.MemoryCacheEntryOptions" />.</para></param>
      <param name="absolute">The expiration time, in absolute terms.<para>过期时间,以绝对值表示.</para></param>
      <returns>The <see cref="T:Microsoft.Extensions.Caching.Memory.MemoryCacheEntryOptions" /> so that additional calls can be chained.<para><see cref="T:Microsoft.Extensions.Caching.Memory.MemoryCacheEntryOptions" />,以便可以链接其他调用.</para></returns>
    </member>
    <member name="M:Microsoft.Extensions.Caching.Memory.MemoryCacheEntryExtensions.SetSlidingExpiration(Microsoft.Extensions.Caching.Memory.MemoryCacheEntryOptions,System.TimeSpan)">
      <summary>Sets how long the cache entry can be inactive (e.g. not accessed) before it will be removed.
            This will not extend the entry lifetime beyond the absolute expiration (if set).<para>设置缓存条目在被删除之前可以处于非活动状态（例如,未访问）的时间. 这不会将条目生存期延长到绝对过期时间（如果已设置）之后.</para></summary>
      <param name="options">The <see cref="T:Microsoft.Extensions.Caching.Memory.MemoryCacheEntryOptions" />.<para>的 <see cref="T:Microsoft.Extensions.Caching.Memory.MemoryCacheEntryOptions" />.</para></param>
      <param name="offset">The sliding expiration time.<para>滑动到期时间.</para></param>
      <returns>The <see cref="T:Microsoft.Extensions.Caching.Memory.MemoryCacheEntryOptions" /> so that additional calls can be chained.<para><see cref="T:Microsoft.Extensions.Caching.Memory.MemoryCacheEntryOptions" />,以便可以链接其他调用.</para></returns>
    </member>
    <member name="M:Microsoft.Extensions.Caching.Memory.MemoryCacheEntryExtensions.RegisterPostEvictionCallback(Microsoft.Extensions.Caching.Memory.MemoryCacheEntryOptions,Microsoft.Extensions.Caching.Memory.PostEvictionDelegate)">
      <summary>The given callback will be fired after the cache entry is evicted from the cache.<para>从缓存中逐出缓存条目后,将触发给定的回调.</para></summary>
      <param name="options">The <see cref="T:Microsoft.Extensions.Caching.Memory.MemoryCacheEntryOptions" />.<para>的 <see cref="T:Microsoft.Extensions.Caching.Memory.MemoryCacheEntryOptions" />.</para></param>
      <param name="callback">The callback to register for calling after an entry is evicted.<para>在逐出条目后注册调用的回调.</para></param>
      <returns>The <see cref="T:Microsoft.Extensions.Caching.Memory.MemoryCacheEntryOptions" /> so that additional calls can be chained.<para><see cref="T:Microsoft.Extensions.Caching.Memory.MemoryCacheEntryOptions" />,以便可以链接其他调用.</para></returns>
    </member>
    <member name="M:Microsoft.Extensions.Caching.Memory.MemoryCacheEntryExtensions.RegisterPostEvictionCallback(Microsoft.Extensions.Caching.Memory.MemoryCacheEntryOptions,Microsoft.Extensions.Caching.Memory.PostEvictionDelegate,System.Object)">
      <summary>The given callback will be fired after the cache entry is evicted from the cache.<para>从缓存中逐出缓存条目后,将触发给定的回调.</para></summary>
      <param name="options">The <see cref="T:Microsoft.Extensions.Caching.Memory.MemoryCacheEntryOptions" />.<para>的 <see cref="T:Microsoft.Extensions.Caching.Memory.MemoryCacheEntryOptions" />.</para></param>
      <param name="callback">The callback to register for calling after an entry is evicted.<para>在逐出条目后注册调用的回调.</para></param>
      <param name="state">The state to pass to the callback.<para>要传递给回调的状态.</para></param>
      <returns>The <see cref="T:Microsoft.Extensions.Caching.Memory.MemoryCacheEntryOptions" /> so that additional calls can be chained.<para><see cref="T:Microsoft.Extensions.Caching.Memory.MemoryCacheEntryOptions" />,以便可以链接其他调用.</para></returns>
    </member>
    <member name="T:Microsoft.Extensions.Caching.Memory.MemoryCacheEntryOptions">
      <summary>Represents the cache options applied to an entry of the <see cref="T:Microsoft.Extensions.Caching.Memory.IMemoryCache" /> instance.<para>表示应用于 <see cref="T:Microsoft.Extensions.Caching.Memory.IMemoryCache" /> 实例条目的缓存选项.</para></summary>
    </member>
    <member name="P:Microsoft.Extensions.Caching.Memory.MemoryCacheEntryOptions.AbsoluteExpiration">
      <summary>Gets or sets an absolute expiration date for the cache entry.<para>获取或设置缓存条目的绝对到期日期.</para></summary>
    </member>
    <member name="P:Microsoft.Extensions.Caching.Memory.MemoryCacheEntryOptions.AbsoluteExpirationRelativeToNow">
      <summary>Gets or sets an absolute expiration time, relative to now.<para>获取或设置相对于现在的绝对过期时间.</para></summary>
    </member>
    <member name="P:Microsoft.Extensions.Caching.Memory.MemoryCacheEntryOptions.SlidingExpiration">
      <summary>Gets or sets how long a cache entry can be inactive (e.g. not accessed) before it will be removed.
            This will not extend the entry lifetime beyond the absolute expiration (if set).<para>获取或设置缓存条目在被删除之前可以处于非活动状态（例如,未访问）的时间. 这不会将条目生存期延长到绝对过期时间（如果已设置）之后.</para></summary>
    </member>
    <member name="P:Microsoft.Extensions.Caching.Memory.MemoryCacheEntryOptions.ExpirationTokens">
      <summary>Gets the <see cref="T:Microsoft.Extensions.Primitives.IChangeToken" /> instances which cause the cache entry to expire.<para>获取导致缓存条目过期的 <see cref="T:Microsoft.Extensions.Primitives.IChangeToken" /> 实例.</para></summary>
    </member>
    <member name="P:Microsoft.Extensions.Caching.Memory.MemoryCacheEntryOptions.PostEvictionCallbacks">
      <summary>Gets or sets the callbacks will be fired after the cache entry is evicted from the cache.<para>获取或设置从缓存中逐出缓存条目后将触发的回调.</para></summary>
    </member>
    <member name="P:Microsoft.Extensions.Caching.Memory.MemoryCacheEntryOptions.Priority">
      <summary>Gets or sets the priority for keeping the cache entry in the cache during a
            memory pressure triggered cleanup. The default is <see cref="F:Microsoft.Extensions.Caching.Memory.CacheItemPriority.Normal" />.<para>获取或设置在 内存压力触发了清理.默认值为 <see cref="F:Microsoft.Extensions.Caching.Memory.CacheItemPriority.Normal" />.</para></summary>
    </member>
    <member name="P:Microsoft.Extensions.Caching.Memory.MemoryCacheEntryOptions.Size">
      <summary>Gets or sets the size of the cache entry value.<para>获取或设置缓存条目值的大小.</para></summary>
    </member>
    <member name="T:Microsoft.Extensions.Caching.Memory.MemoryCacheStatistics">
      <summary>Holds a snapshot of statistics for a memory cache.<para>保存内存缓存统计信息的快照.</para></summary>
    </member>
    <member name="M:Microsoft.Extensions.Caching.Memory.MemoryCacheStatistics.#ctor">
      <summary>Initializes an instance of MemoryCacheStatistics.<para>初始化 memorycachetstatistics 的实例.</para></summary>
    </member>
    <member name="P:Microsoft.Extensions.Caching.Memory.MemoryCacheStatistics.CurrentEntryCount">
      <summary>Gets the number of <see cref="T:Microsoft.Extensions.Caching.Memory.ICacheEntry" /> instances currently in the memory cache.<para>获取内存缓存中当前 <see cref="T:Microsoft.Extensions.Caching.Memory.ICacheEntry" /> 实例的数量.</para></summary>
    </member>
    <member name="P:Microsoft.Extensions.Caching.Memory.MemoryCacheStatistics.CurrentEstimatedSize">
      <summary>Gets an estimated sum of all the <see cref="P:Microsoft.Extensions.Caching.Memory.ICacheEntry.Size" /> values currently in the memory cache.<para>获取内存缓存中当前所有 <see cref="P:Microsoft.Extensions.Caching.Memory.ICacheEntry.Size" /> 值的估计总和.</para></summary>
      <returns>Returns <see langword="null" /> if size isn't being tracked. The common MemoryCache implementation tracks size whenever a SizeLimit is set on the cache.<para>如果未跟踪大小,则返回 <see langword="null" />.每当在缓存上设置大小限制时,常见的内存缓存实现都会跟踪大小.</para></returns>
    </member>
    <member name="P:Microsoft.Extensions.Caching.Memory.MemoryCacheStatistics.TotalMisses">
      <summary>Gets the total number of cache misses.<para>获取缓存未命中的总数.</para></summary>
    </member>
    <member name="P:Microsoft.Extensions.Caching.Memory.MemoryCacheStatistics.TotalHits">
      <summary>Gets the total number of cache hits.<para>获取缓存命中的总数.</para></summary>
    </member>
    <member name="T:Microsoft.Extensions.Caching.Memory.PostEvictionDelegate">
      <summary>Signature of the callback which gets called when a cache entry expires.<para>缓存条目过期时调用的回调的签名.</para></summary>
      <param name="key">The key of the entry being evicted.<para>被逐出的条目的密钥.</para></param>
      <param name="value">The value of the entry being evicted.<para>被逐出的条目的值.</para></param>
      <param name="reason">The <see cref="T:Microsoft.Extensions.Caching.Memory.EvictionReason" />.<para><see cref="T:Microsoft.Extensions.Caching.Memory.EvictionReason" />.</para></param>
      <param name="state">The information that was passed when registering the callback.<para>注册回调时传递的信息.</para></param>
    </member>
    <member name="M:Microsoft.Extensions.Caching.Distributed.DistributedCacheEntryExtensions.SetAbsoluteExpiration(Microsoft.Extensions.Caching.Distributed.DistributedCacheEntryOptions,System.TimeSpan)">
      <summary>Sets an absolute expiration time, relative to now.<para>设置相对于现在的绝对过期时间.</para></summary>
      <param name="options">The options to be operated on.<para>要操作的选项.</para></param>
      <param name="relative">The expiration time, relative to now.<para>相对于现在的到期时间.</para></param>
    </member>
    <member name="M:Microsoft.Extensions.Caching.Distributed.DistributedCacheEntryExtensions.SetAbsoluteExpiration(Microsoft.Extensions.Caching.Distributed.DistributedCacheEntryOptions,System.DateTimeOffset)">
      <summary>Sets an absolute expiration date for the cache entry.<para>设置缓存条目的绝对到期日期.</para></summary>
      <param name="options">The options to be operated on.<para>要操作的选项.</para></param>
      <param name="absolute">The expiration time, in absolute terms.<para>过期时间,以绝对值表示.</para></param>
    </member>
    <member name="M:Microsoft.Extensions.Caching.Distributed.DistributedCacheEntryExtensions.SetSlidingExpiration(Microsoft.Extensions.Caching.Distributed.DistributedCacheEntryOptions,System.TimeSpan)">
      <summary>Sets how long the cache entry can be inactive (e.g. not accessed) before it will be removed.
            This will not extend the entry lifetime beyond the absolute expiration (if set).<para>设置缓存条目在被删除之前可以处于非活动状态（例如,未访问）的时间. 这不会将条目生存期延长到绝对过期时间（如果已设置）之后.</para></summary>
      <param name="options">The options to be operated on.<para>要操作的选项.</para></param>
      <param name="offset">The sliding expiration time.<para>滑动到期时间.</para></param>
    </member>
    <member name="T:Microsoft.Extensions.Caching.Distributed.DistributedCacheEntryOptions">
      <summary>Provides the cache options for an entry in <see cref="T:Microsoft.Extensions.Caching.Distributed.IDistributedCache" />.<para>为 <see cref="T:Microsoft.Extensions.Caching.Distributed.IDistributedCache" /> 中的条目提供缓存选项.</para></summary>
    </member>
    <member name="P:Microsoft.Extensions.Caching.Distributed.DistributedCacheEntryOptions.AbsoluteExpiration">
      <summary>Gets or sets an absolute expiration date for the cache entry.<para>获取或设置缓存条目的绝对到期日期.</para></summary>
    </member>
    <member name="P:Microsoft.Extensions.Caching.Distributed.DistributedCacheEntryOptions.AbsoluteExpirationRelativeToNow">
      <summary>Gets or sets an absolute expiration time, relative to now.<para>获取或设置相对于现在的绝对过期时间.</para></summary>
    </member>
    <member name="P:Microsoft.Extensions.Caching.Distributed.DistributedCacheEntryOptions.SlidingExpiration">
      <summary>Gets or sets how long a cache entry can be inactive (e.g. not accessed) before it will be removed.
            This will not extend the entry lifetime beyond the absolute expiration (if set).<para>获取或设置缓存条目在被删除之前可以处于非活动状态（例如,未访问）的时间. 这不会将条目生存期延长到绝对过期时间（如果已设置）之后.</para></summary>
    </member>
    <member name="T:Microsoft.Extensions.Caching.Distributed.DistributedCacheExtensions">
      <summary>Extension methods for setting data in an <see cref="T:Microsoft.Extensions.Caching.Distributed.IDistributedCache" />.<para>用于在 <see cref="T:Microsoft.Extensions.Caching.Distributed.IDistributedCache" /> 中设置数据的扩展方法.</para></summary>
    </member>
    <member name="M:Microsoft.Extensions.Caching.Distributed.DistributedCacheExtensions.Set(Microsoft.Extensions.Caching.Distributed.IDistributedCache,System.String,System.Byte[])">
      <summary>Sets a sequence of bytes in the specified cache with the specified key.<para>使用指定的键设置指定缓存中的字节序列.</para></summary>
      <param name="cache">The cache in which to store the data.<para>要在其中存储数据的缓存.</para></param>
      <param name="key">The key to store the data in.<para>用于存储数据的键.</para></param>
      <param name="value">The data to store in the cache.<para>要存储在缓存中的数据.</para></param>
      <exception cref="T:System.ArgumentNullException">Thrown when <paramref name="key" /> or <paramref name="value" /> is null.<para>当 <paramref name="key" /> 或 <paramref name="value" /> 为空时引发.</para></exception>
    </member>
    <member name="M:Microsoft.Extensions.Caching.Distributed.DistributedCacheExtensions.SetAsync(Microsoft.Extensions.Caching.Distributed.IDistributedCache,System.String,System.Byte[],System.Threading.CancellationToken)">
      <summary>Asynchronously sets a sequence of bytes in the specified cache with the specified key.<para>使用指定的键异步设置指定缓存中的字节序列.</para></summary>
      <param name="cache">The cache in which to store the data.<para>要在其中存储数据的缓存.</para></param>
      <param name="key">The key to store the data in.<para>用于存储数据的键.</para></param>
      <param name="value">The data to store in the cache.<para>要存储在缓存中的数据.</para></param>
      <param name="token">Optional. A <see cref="T:System.Threading.CancellationToken" /> to cancel the operation.<para>可选.a <see cref="T:System.Threading.CancellationToken" /> 取消操作.</para></param>
      <returns>A task that represents the asynchronous set operation.<para>表示异步设置操作的任务.</para></returns>
      <exception cref="T:System.ArgumentNullException">Thrown when <paramref name="key" /> or <paramref name="value" /> is null.<para>当 <paramref name="key" /> 或 <paramref name="value" /> 为空时引发.</para></exception>
    </member>
    <member name="M:Microsoft.Extensions.Caching.Distributed.DistributedCacheExtensions.SetString(Microsoft.Extensions.Caching.Distributed.IDistributedCache,System.String,System.String)">
      <summary>Sets a string in the specified cache with the specified key.<para>使用指定的键在指定的缓存中设置字符串.</para></summary>
      <param name="cache">The cache in which to store the data.<para>要在其中存储数据的缓存.</para></param>
      <param name="key">The key to store the data in.<para>用于存储数据的键.</para></param>
      <param name="value">The data to store in the cache.<para>要存储在缓存中的数据.</para></param>
      <exception cref="T:System.ArgumentNullException">Thrown when <paramref name="key" /> or <paramref name="value" /> is null.<para>当 <paramref name="key" /> 或 <paramref name="value" /> 为空时引发.</para></exception>
    </member>
    <member name="M:Microsoft.Extensions.Caching.Distributed.DistributedCacheExtensions.SetString(Microsoft.Extensions.Caching.Distributed.IDistributedCache,System.String,System.String,Microsoft.Extensions.Caching.Distributed.DistributedCacheEntryOptions)">
      <summary>Sets a string in the specified cache with the specified key.<para>使用指定的键在指定的缓存中设置字符串.</para></summary>
      <param name="cache">The cache in which to store the data.<para>要在其中存储数据的缓存.</para></param>
      <param name="key">The key to store the data in.<para>用于存储数据的键.</para></param>
      <param name="value">The data to store in the cache.<para>要存储在缓存中的数据.</para></param>
      <param name="options">The cache options for the entry.<para>条目的缓存选项.</para></param>
      <exception cref="T:System.ArgumentNullException">Thrown when <paramref name="key" /> or <paramref name="value" /> is null.<para>当 <paramref name="key" /> 或 <paramref name="value" /> 为空时引发.</para></exception>
    </member>
    <member name="M:Microsoft.Extensions.Caching.Distributed.DistributedCacheExtensions.SetStringAsync(Microsoft.Extensions.Caching.Distributed.IDistributedCache,System.String,System.String,System.Threading.CancellationToken)">
      <summary>Asynchronously sets a string in the specified cache with the specified key.<para>使用指定的键异步设置指定缓存中的字符串.</para></summary>
      <param name="cache">The cache in which to store the data.<para>要在其中存储数据的缓存.</para></param>
      <param name="key">The key to store the data in.<para>用于存储数据的键.</para></param>
      <param name="value">The data to store in the cache.<para>要存储在缓存中的数据.</para></param>
      <param name="token">Optional. A <see cref="T:System.Threading.CancellationToken" /> to cancel the operation.<para>可选.a <see cref="T:System.Threading.CancellationToken" /> 取消操作.</para></param>
      <returns>A task that represents the asynchronous set operation.<para>表示异步设置操作的任务.</para></returns>
      <exception cref="T:System.ArgumentNullException">Thrown when <paramref name="key" /> or <paramref name="value" /> is null.<para>当 <paramref name="key" /> 或 <paramref name="value" /> 为空时引发.</para></exception>
    </member>
    <member name="M:Microsoft.Extensions.Caching.Distributed.DistributedCacheExtensions.SetStringAsync(Microsoft.Extensions.Caching.Distributed.IDistributedCache,System.String,System.String,Microsoft.Extensions.Caching.Distributed.DistributedCacheEntryOptions,System.Threading.CancellationToken)">
      <summary>Asynchronously sets a string in the specified cache with the specified key.<para>使用指定的键异步设置指定缓存中的字符串.</para></summary>
      <param name="cache">The cache in which to store the data.<para>要在其中存储数据的缓存.</para></param>
      <param name="key">The key to store the data in.<para>用于存储数据的键.</para></param>
      <param name="value">The data to store in the cache.<para>要存储在缓存中的数据.</para></param>
      <param name="options">The cache options for the entry.<para>条目的缓存选项.</para></param>
      <param name="token">Optional. A <see cref="T:System.Threading.CancellationToken" /> to cancel the operation.<para>可选.a <see cref="T:System.Threading.CancellationToken" /> 取消操作.</para></param>
      <returns>A task that represents the asynchronous set operation.<para>表示异步设置操作的任务.</para></returns>
      <exception cref="T:System.ArgumentNullException">Thrown when <paramref name="key" /> or <paramref name="value" /> is null.<para>当 <paramref name="key" /> 或 <paramref name="value" /> 为空时引发.</para></exception>
    </member>
    <member name="M:Microsoft.Extensions.Caching.Distributed.DistributedCacheExtensions.GetString(Microsoft.Extensions.Caching.Distributed.IDistributedCache,System.String)">
      <summary>Gets a string from the specified cache with the specified key.<para>从具有指定键的指定缓存中获取字符串.</para></summary>
      <param name="cache">The cache in which to store the data.<para>要在其中存储数据的缓存.</para></param>
      <param name="key">The key to get the stored data for.<para>获取其存储数据的密钥.</para></param>
      <returns>The string value from the stored cache key.<para>存储的缓存键中的字符串值.</para></returns>
    </member>
    <member name="M:Microsoft.Extensions.Caching.Distributed.DistributedCacheExtensions.GetStringAsync(Microsoft.Extensions.Caching.Distributed.IDistributedCache,System.String,System.Threading.CancellationToken)">
      <summary>Asynchronously gets a string from the specified cache with the specified key.<para>使用指定的键从指定的缓存中异步获取字符串.</para></summary>
      <param name="cache">The cache in which to store the data.<para>要在其中存储数据的缓存.</para></param>
      <param name="key">The key to get the stored data for.<para>获取其存储数据的密钥.</para></param>
      <param name="token">Optional. A <see cref="T:System.Threading.CancellationToken" /> to cancel the operation.<para>可选.a <see cref="T:System.Threading.CancellationToken" /> 取消操作.</para></param>
      <returns>A task that gets the string value from the stored cache key.<para>从存储的缓存键中获取字符串值的任务.</para></returns>
    </member>
    <member name="T:Microsoft.Extensions.Caching.Distributed.IDistributedCache">
      <summary>Represents a distributed cache of serialized values.<para>表示序列化值的分布式缓存.</para></summary>
    </member>
    <member name="M:Microsoft.Extensions.Caching.Distributed.IDistributedCache.Get(System.String)">
      <summary>Gets a value with the given key.<para>获取具有给定键的值.</para></summary>
      <param name="key">A string identifying the requested value.<para>标识请求值的字符串.</para></param>
      <returns>The located value or null.<para>定位值或 null.</para></returns>
    </member>
    <member name="M:Microsoft.Extensions.Caching.Distributed.IDistributedCache.GetAsync(System.String,System.Threading.CancellationToken)">
      <summary>Gets a value with the given key.<para>获取具有给定键的值.</para></summary>
      <param name="key">A string identifying the requested value.<para>标识请求值的字符串.</para></param>
      <param name="token">Optional. The <see cref="T:System.Threading.CancellationToken" /> used to propagate notifications that the operation should be canceled.<para>可选.用于传播应取消操作的通知的 <see cref="T:System.Threading.CancellationToken" />.</para></param>
      <returns>The <see cref="T:System.Threading.Tasks.Task" /> that represents the asynchronous operation, containing the located value or null.<para>表示异步操作的 <see cref="T:System.Threading.Tasks.Task" />,包含定位值或 null.</para></returns>
    </member>
    <member name="M:Microsoft.Extensions.Caching.Distributed.IDistributedCache.Set(System.String,System.Byte[],Microsoft.Extensions.Caching.Distributed.DistributedCacheEntryOptions)">
      <summary>Sets a value with the given key.<para>使用给定键设置值.</para></summary>
      <param name="key">A string identifying the requested value.<para>标识请求值的字符串.</para></param>
      <param name="value">The value to set in the cache.<para>要在缓存中设置的值.</para></param>
      <param name="options">The cache options for the value.<para>值的缓存选项.</para></param>
    </member>
    <member name="M:Microsoft.Extensions.Caching.Distributed.IDistributedCache.SetAsync(System.String,System.Byte[],Microsoft.Extensions.Caching.Distributed.DistributedCacheEntryOptions,System.Threading.CancellationToken)">
      <summary>Sets the value with the given key.<para>使用给定键设置值.</para></summary>
      <param name="key">A string identifying the requested value.<para>标识请求值的字符串.</para></param>
      <param name="value">The value to set in the cache.<para>要在缓存中设置的值.</para></param>
      <param name="options">The cache options for the value.<para>值的缓存选项.</para></param>
      <param name="token">Optional. The <see cref="T:System.Threading.CancellationToken" /> used to propagate notifications that the operation should be canceled.<para>可选.用于传播应取消操作的通知的 <see cref="T:System.Threading.CancellationToken" />.</para></param>
      <returns>The <see cref="T:System.Threading.Tasks.Task" /> that represents the asynchronous operation.<para>表示异步操作的 <see cref="T:System.Threading.Tasks.Task" />.</para></returns>
    </member>
    <member name="M:Microsoft.Extensions.Caching.Distributed.IDistributedCache.Refresh(System.String)">
      <summary>Refreshes a value in the cache based on its key, resetting its sliding expiration timeout (if any).<para>根据缓存中的键刷新缓存中的值,重置其滑动过期超时（如果有）.</para></summary>
      <param name="key">A string identifying the requested value.<para>标识请求值的字符串.</para></param>
    </member>
    <member name="M:Microsoft.Extensions.Caching.Distributed.IDistributedCache.RefreshAsync(System.String,System.Threading.CancellationToken)">
      <summary>Refreshes a value in the cache based on its key, resetting its sliding expiration timeout (if any).<para>根据缓存中的键刷新缓存中的值,重置其滑动过期超时（如果有）.</para></summary>
      <param name="key">A string identifying the requested value.<para>标识请求值的字符串.</para></param>
      <param name="token">Optional. The <see cref="T:System.Threading.CancellationToken" /> used to propagate notifications that the operation should be canceled.<para>可选.用于传播应取消操作的通知的 <see cref="T:System.Threading.CancellationToken" />.</para></param>
      <returns>The <see cref="T:System.Threading.Tasks.Task" /> that represents the asynchronous operation.<para>表示异步操作的 <see cref="T:System.Threading.Tasks.Task" />.</para></returns>
    </member>
    <member name="M:Microsoft.Extensions.Caching.Distributed.IDistributedCache.Remove(System.String)">
      <summary>Removes the value with the given key.<para>删除具有给定键的值.</para></summary>
      <param name="key">A string identifying the requested value.<para>标识请求值的字符串.</para></param>
    </member>
    <member name="M:Microsoft.Extensions.Caching.Distributed.IDistributedCache.RemoveAsync(System.String,System.Threading.CancellationToken)">
      <summary>Removes the value with the given key.<para>删除具有给定键的值.</para></summary>
      <param name="key">A string identifying the requested value.<para>标识请求值的字符串.</para></param>
      <param name="token">Optional. The <see cref="T:System.Threading.CancellationToken" /> used to propagate notifications that the operation should be canceled.<para>可选.用于传播应取消操作的通知的 <see cref="T:System.Threading.CancellationToken" />.</para></param>
      <returns>The <see cref="T:System.Threading.Tasks.Task" /> that represents the asynchronous operation.<para>表示异步操作的 <see cref="T:System.Threading.Tasks.Task" />.</para></returns>
    </member>
    <member name="T:Microsoft.Extensions.Internal.ISystemClock">
      <summary>Abstracts the system clock to facilitate testing.<para>抽象系统时钟以方便测试.</para></summary>
    </member>
    <member name="P:Microsoft.Extensions.Internal.ISystemClock.UtcNow">
      <summary>Retrieves the current system time in UTC.<para>以 utc 格式检索当前系统时间.</para></summary>
    </member>
    <member name="T:Microsoft.Extensions.Internal.SystemClock">
      <summary>Provides access to the normal system clock.<para>提供对正常系统时钟的访问.</para></summary>
    </member>
    <member name="P:Microsoft.Extensions.Internal.SystemClock.UtcNow">
      <summary>Retrieves the current system time in UTC.<para>以 utc 格式检索当前系统时间.</para></summary>
    </member>
    <member name="M:System.ThrowHelper.ThrowIfNull(System.Object,System.String)">
      <summary>Throws an <see cref="T:System.ArgumentNullException" /> if <paramref name="argument" /> is null.<para>抛出一个 <see cref="t:system.argumentnullexception" /> 如果 <paramref name="argument" /> 为空.</para></summary>
      <param name="argument">The reference type argument to validate as non-null.<para>要验证为非 null 的引用类型参数.</para></param>
      <param name="paramName">The name of the parameter with which <paramref name="argument" /> corresponds.<para><paramref name="argument" /> 对应的参数的名称.</para></param>
    </member>
  </members>
</doc>