<?xml version="1.0"?>
<doc>
  <assembly>
    <name>Microsoft.AspNetCore.Diagnostics</name>
  </assembly>
  <members>
    <member name="T:Microsoft.AspNetCore.Builder.DeveloperExceptionPageExtensions">
      <summary>
        <see cref="T:Microsoft.AspNetCore.Builder.IApplicationBuilder" /> extension methods for the <see cref="T:Microsoft.AspNetCore.Diagnostics.DeveloperExceptionPageMiddleware" />.<para><see cref="t:microsoft.aspnetcore.builder.iapplicationbuilder" /> 的扩展方法 <see cref="t:microsoft.aspnetcore.diagnostics.developerexceptionpagemiddleware" /> .</para></summary>
    </member>
    <member name="M:Microsoft.AspNetCore.Builder.DeveloperExceptionPageExtensions.UseDeveloperExceptionPage(Microsoft.AspNetCore.Builder.IApplicationBuilder)">
      <summary>Captures synchronous and asynchronous <see cref="T:System.Exception" /> instances from the pipeline and generates HTML error responses.<para>从管道捕获同步和异步 <see cref="T:System.Exception" /> 实例并生成 html 错误响应.</para></summary>
      <param name="app">The <see cref="T:Microsoft.AspNetCore.Builder.IApplicationBuilder" />.<para>这 <see cref="t:microsoft.aspnetcore.builder.iapplicationbuilder" /> .</para></param>
      <returns>A reference to the <paramref name="app" /> after the operation has completed.<para>操作完成后对 <paramref name="app" /> 的引用.</para></returns>
      <remarks>This should only be enabled in the Development environment.<para>这应该只在开发环境中启用.</para></remarks>
    </member>
    <member name="M:Microsoft.AspNetCore.Builder.DeveloperExceptionPageExtensions.UseDeveloperExceptionPage(Microsoft.AspNetCore.Builder.IApplicationBuilder,Microsoft.AspNetCore.Builder.DeveloperExceptionPageOptions)">
      <summary>Captures synchronous and asynchronous <see cref="T:System.Exception" /> instances from the pipeline and generates HTML error responses.<para>从管道捕获同步和异步 <see cref="T:System.Exception" /> 实例并生成 html 错误响应.</para></summary>
      <param name="app">The <see cref="T:Microsoft.AspNetCore.Builder.IApplicationBuilder" />.<para>这 <see cref="t:microsoft.aspnetcore.builder.iapplicationbuilder" /> .</para></param>
      <param name="options">A <see cref="T:Microsoft.AspNetCore.Builder.DeveloperExceptionPageOptions" /> that specifies options for the middleware.<para>a <see cref="t:microsoft.aspnetcore.builder.developerexceptionpageoptions" /> 指定中间件的选项.</para></param>
      <returns>A reference to the <paramref name="app" /> after the operation has completed.<para>操作完成后对 <paramref name="app" /> 的引用.</para></returns>
      <remarks>This should only be enabled in the Development environment.<para>这应该只在开发环境中启用.</para></remarks>
    </member>
    <member name="T:Microsoft.AspNetCore.Builder.DeveloperExceptionPageOptions">
      <summary>Options for the <see cref="T:Microsoft.AspNetCore.Diagnostics.DeveloperExceptionPageMiddleware" />.<para>的选项 <see cref="t:microsoft.aspnetcore.diagnostics.developerexceptionpagemiddleware" /> .</para></summary>
    </member>
    <member name="M:Microsoft.AspNetCore.Builder.DeveloperExceptionPageOptions.#ctor">
      <summary>Create an instance with the default options settings.<para>使用默认选项设置创建实例.</para></summary>
    </member>
    <member name="P:Microsoft.AspNetCore.Builder.DeveloperExceptionPageOptions.SourceCodeLineCount">
      <summary>Determines how many lines of code to include before and after the line of code
            present in an exception's stack frame. Only applies when symbols are available and
            source code referenced by the exception stack trace is present on the server.<para>确定在代码行之前和之后要包含的代码行数 存在于异常的堆栈帧中.仅当符号可用且 异常堆栈跟踪引用的源代码存在于服务器上.</para></summary>
    </member>
    <member name="P:Microsoft.AspNetCore.Builder.DeveloperExceptionPageOptions.FileProvider">
      <summary>Provides files containing source code used to display contextual information of an exception.<para>提供包含用于显示异常上下文信息的源代码的文件.</para></summary>
      <remarks>If <c>null</c><see cref="T:Microsoft.AspNetCore.Diagnostics.DeveloperExceptionPageMiddleware" /> will use a <see cref="T:Microsoft.Extensions.FileProviders.PhysicalFileProvider" />.<para>如果 <c>null</c> <see cref="t:microsoft.aspnetcore.diagnostics.developerexceptionpagemiddleware" /> 将使用 <see cref="T:Microsoft.Extensions.FileProviders.PhysicalFileProvider" />.</para></remarks>
    </member>
    <member name="T:Microsoft.AspNetCore.Builder.ExceptionHandlerExtensions">
      <summary>Extension methods for enabling <see cref="T:Microsoft.AspNetCore.Builder.ExceptionHandlerExtensions" />.<para>用于启用的扩展方法 <see cref="t:microsoft.aspnetcore.builder.exceptionhandlerextensions" /> .</para></summary>
    </member>
    <member name="M:Microsoft.AspNetCore.Builder.ExceptionHandlerExtensions.UseExceptionHandler(Microsoft.AspNetCore.Builder.IApplicationBuilder)">
      <summary>Adds a middleware to the pipeline that will catch exceptions, log them, and re-execute the request in an alternate pipeline.
            The request will not be re-executed if the response has already started.<para>向管道添加一个中间件,该中间件将捕获异常,记录异常,并在备用管道中重新执行请求. 如果响应已启动,则不会重新执行请求.</para></summary>
      <param name="app">
        <para>
        </para>
      </param>
      <returns>
        <para>
        </para>
      </returns>
    </member>
    <member name="M:Microsoft.AspNetCore.Builder.ExceptionHandlerExtensions.UseExceptionHandler(Microsoft.AspNetCore.Builder.IApplicationBuilder,System.String)">
      <summary>Adds a middleware to the pipeline that will catch exceptions, log them, reset the request path, and re-execute the request.
            The request will not be re-executed if the response has already started.<para>向管道添加一个中间件,该中间件将捕获异常、记录异常、重置请求路径并重新执行请求. 如果响应已启动,则不会重新执行请求.</para></summary>
      <param name="app">
        <para>
        </para>
      </param>
      <param name="errorHandlingPath">
        <para>
        </para>
      </param>
      <returns>
        <para>
        </para>
      </returns>
    </member>
    <member name="M:Microsoft.AspNetCore.Builder.ExceptionHandlerExtensions.UseExceptionHandler(Microsoft.AspNetCore.Builder.IApplicationBuilder,System.Action{Microsoft.AspNetCore.Builder.IApplicationBuilder})">
      <summary>Adds a middleware to the pipeline that will catch exceptions, log them, and re-execute the request in an alternate pipeline.
            The request will not be re-executed if the response has already started.<para>向管道添加一个中间件,该中间件将捕获异常,记录异常,并在备用管道中重新执行请求. 如果响应已启动,则不会重新执行请求.</para></summary>
      <param name="app">
        <para>
        </para>
      </param>
      <param name="configure">
        <para>
        </para>
      </param>
      <returns>
        <para>
        </para>
      </returns>
    </member>
    <member name="M:Microsoft.AspNetCore.Builder.ExceptionHandlerExtensions.UseExceptionHandler(Microsoft.AspNetCore.Builder.IApplicationBuilder,Microsoft.AspNetCore.Builder.ExceptionHandlerOptions)">
      <summary>Adds a middleware to the pipeline that will catch exceptions, log them, and re-execute the request in an alternate pipeline.
            The request will not be re-executed if the response has already started.<para>向管道添加一个中间件,该中间件将捕获异常,记录异常,并在备用管道中重新执行请求. 如果响应已启动,则不会重新执行请求.</para></summary>
      <param name="app">
        <para>
        </para>
      </param>
      <param name="options">
        <para>
        </para>
      </param>
      <returns>
        <para>
        </para>
      </returns>
    </member>
    <member name="T:Microsoft.AspNetCore.Builder.ExceptionHandlerOptions">
      <summary>Options for configuring the <see cref="T:Microsoft.AspNetCore.Diagnostics.ExceptionHandlerMiddleware" />.<para>用于配置 <see cref="t:microsoft.aspnetcore.diagnostics.exceptionhandlermiddleware" /> .</para></summary>
    </member>
    <member name="P:Microsoft.AspNetCore.Builder.ExceptionHandlerOptions.ExceptionHandlingPath">
      <summary>The path to the exception handling endpoint. This path will be used when executing
            the <see cref="P:Microsoft.AspNetCore.Builder.ExceptionHandlerOptions.ExceptionHandler" />.<para>异常处理终结点的路径.执行时将使用此路径 这 <see cref="p:microsoft.aspnetcore.builder.exceptionhandleroptions.exceptionhandler" /> .</para></summary>
    </member>
    <member name="P:Microsoft.AspNetCore.Builder.ExceptionHandlerOptions.ExceptionHandler">
      <summary>The <see cref="T:Microsoft.AspNetCore.Http.RequestDelegate" /> that will handle the exception. If this is not
            explicitly provided, the subsequent middleware pipeline will be used by default.<para>这 <see cref="t:microsoft.aspnetcore.http.requestdelegate" /> 这将处理异常.如果不是 显式提供,默认情况下将使用后续中间件管道.</para></summary>
    </member>
    <member name="P:Microsoft.AspNetCore.Builder.ExceptionHandlerOptions.AllowStatusCode404Response">
      <summary>This value controls whether the <see cref="T:Microsoft.AspNetCore.Diagnostics.ExceptionHandlerMiddleware" /> should
            consider a response with a 404 status code to be a valid result of executing the
            <see cref="P:Microsoft.AspNetCore.Builder.ExceptionHandlerOptions.ExceptionHandler" />. The default value is false and the middleware will
            consider 404 status codes to be an error on the server and will therefore rethrow
            the original exception.<para>此值控制是否 <see cref="t:microsoft.aspnetcore.diagnostics.exceptionhandlermiddleware" /> 应该 将具有 404 状态代码的响应视为执行 <see cref="p:microsoft.aspnetcore.builder.exceptionhandleroptions.exceptionhandler" /> .默认值为 false,中间件将 将 404 状态代码视为服务器上的错误,因此将重新引发 原始例外.</para></summary>
    </member>
    <member name="T:Microsoft.AspNetCore.Builder.StatusCodePagesExtensions">
      <summary>Extension methods for enabling <see cref="T:Microsoft.AspNetCore.Diagnostics.StatusCodePagesMiddleware" />.<para>用于启用的扩展方法 <see cref="t:microsoft.aspnetcore.diagnostics.statuscodepagesmiddleware" /> .</para></summary>
    </member>
    <member name="M:Microsoft.AspNetCore.Builder.StatusCodePagesExtensions.UseStatusCodePages(Microsoft.AspNetCore.Builder.IApplicationBuilder,Microsoft.AspNetCore.Builder.StatusCodePagesOptions)">
      <summary>Adds a StatusCodePages middleware with the given options that checks for responses with status codes
            between 400 and 599 that do not have a body.<para>添加具有给定选项的 statuscodepages 中间件,用于检查带有状态代码的响应 在 400 到 599 之间没有身体.</para></summary>
      <param name="app">
        <para>
        </para>
      </param>
      <param name="options">
        <para>
        </para>
      </param>
      <returns>
        <para>
        </para>
      </returns>
    </member>
    <member name="M:Microsoft.AspNetCore.Builder.StatusCodePagesExtensions.UseStatusCodePages(Microsoft.AspNetCore.Builder.IApplicationBuilder)">
      <summary>Adds a StatusCodePages middleware with a default response handler that checks for responses with status codes
            between 400 and 599 that do not have a body.<para>添加具有默认响应处理程序的 statuscodepages 中间件,该处理程序检查具有状态代码的响应 在 400 到 599 之间没有身体.</para></summary>
      <param name="app">
        <para>
        </para>
      </param>
      <returns>
        <para>
        </para>
      </returns>
    </member>
    <member name="M:Microsoft.AspNetCore.Builder.StatusCodePagesExtensions.UseStatusCodePages(Microsoft.AspNetCore.Builder.IApplicationBuilder,System.Func{Microsoft.AspNetCore.Diagnostics.StatusCodeContext,System.Threading.Tasks.Task})">
      <summary>Adds a StatusCodePages middleware with the specified handler that checks for responses with status codes
            between 400 and 599 that do not have a body.<para>添加具有指定处理程序的 statuscodepages 中间件,用于检查具有状态代码的响应 在 400 到 599 之间没有身体.</para></summary>
      <param name="app">
        <para>
        </para>
      </param>
      <param name="handler">
        <para>
        </para>
      </param>
      <returns>
        <para>
        </para>
      </returns>
    </member>
    <member name="M:Microsoft.AspNetCore.Builder.StatusCodePagesExtensions.UseStatusCodePages(Microsoft.AspNetCore.Builder.IApplicationBuilder,System.String,System.String)">
      <summary>Adds a StatusCodePages middleware with the specified response body to send. This may include a '{0}' placeholder for the status code.
            The middleware checks for responses with status codes between 400 and 599 that do not have a body.<para>添加具有要发送的指定响应正文的 statuscodepages 中间件.这可能包括状态代码的"{0}"占位符. 中间件检查状态代码在 400 到 599 之间且没有正文的响应.</para></summary>
      <param name="app">
        <para>
        </para>
      </param>
      <param name="contentType">
        <para>
        </para>
      </param>
      <param name="bodyFormat">
        <para>
        </para>
      </param>
      <returns>
        <para>
        </para>
      </returns>
    </member>
    <member name="M:Microsoft.AspNetCore.Builder.StatusCodePagesExtensions.UseStatusCodePagesWithRedirects(Microsoft.AspNetCore.Builder.IApplicationBuilder,System.String)">
      <summary>Adds a StatusCodePages middleware to the pipeline. Specifies that responses should be handled by redirecting
            with the given location URL template. This may include a '{0}' placeholder for the status code. URLs starting
            with '~' will have PathBase prepended, where any other URL will be used as is.<para>将状态代码页中间件添加到管道.指定应通过重定向来处理响应 使用给定的位置 url 模板.这可能包括状态代码的"{0}"占位符.网址开始 带有"~"将预先添加 pathbase,其中任何其他 url 将按原样使用.</para></summary>
      <param name="app">
        <para>
        </para>
      </param>
      <param name="locationFormat">
        <para>
        </para>
      </param>
      <returns>
        <para>
        </para>
      </returns>
    </member>
    <member name="M:Microsoft.AspNetCore.Builder.StatusCodePagesExtensions.UseStatusCodePages(Microsoft.AspNetCore.Builder.IApplicationBuilder,System.Action{Microsoft.AspNetCore.Builder.IApplicationBuilder})">
      <summary>Adds a StatusCodePages middleware to the pipeline with the specified alternate middleware pipeline to execute
            to generate the response body.<para>将状态代码页中间件添加到管道中,其中包含要执行的指定备用中间件管道 以生成响应正文.</para></summary>
      <param name="app">
        <para>
        </para>
      </param>
      <param name="configuration">
        <para>
        </para>
      </param>
      <returns>
        <para>
        </para>
      </returns>
    </member>
    <member name="M:Microsoft.AspNetCore.Builder.StatusCodePagesExtensions.UseStatusCodePagesWithReExecute(Microsoft.AspNetCore.Builder.IApplicationBuilder,System.String,System.String)">
      <summary>Adds a StatusCodePages middleware to the pipeline. Specifies that the response body should be generated by
            re-executing the request pipeline using an alternate path. This path may contain a '{0}' placeholder of the status code.<para>将状态代码页中间件添加到管道.指定响应正文应由 使用备用路径重新执行请求管道.此路径可能包含状态代码的"{0}"占位符.</para></summary>
      <param name="app">
        <para>
        </para>
      </param>
      <param name="pathFormat">
        <para>
        </para>
      </param>
      <param name="queryFormat">
        <para>
        </para>
      </param>
      <returns>
        <para>
        </para>
      </returns>
    </member>
    <member name="T:Microsoft.AspNetCore.Builder.StatusCodePagesOptions">
      <summary>Options for <see cref="T:Microsoft.AspNetCore.Diagnostics.StatusCodePagesMiddleware" />.<para>的选项 <see cref="t:microsoft.aspnetcore.diagnostics.statuscodepagesmiddleware" /> .</para></summary>
    </member>
    <member name="M:Microsoft.AspNetCore.Builder.StatusCodePagesOptions.#ctor">
      <summary>Creates a default <see cref="T:Microsoft.AspNetCore.Builder.StatusCodePagesOptions" /> which produces a plaintext response
            containing the status code and the reason phrase.<para>创建默认值 <see cref="t:microsoft.aspnetcore.builder.statuscodepagesoptions" /> 产生纯文本响应 包含状态代码和原因短语.</para></summary>
    </member>
    <member name="P:Microsoft.AspNetCore.Builder.StatusCodePagesOptions.HandleAsync">
      <summary>The handler that generates the response body for the given <see cref="T:Microsoft.AspNetCore.Diagnostics.StatusCodeContext" />. By default this produces a plain text response that includes the status code.<para>为给定的响应正文生成响应正文的处理程序 <see cref="t:microsoft.aspnetcore.diagnostics.statuscodecontext" /> .默认情况下,这将生成包含状态代码的纯文本响应.</para></summary>
    </member>
    <member name="T:Microsoft.AspNetCore.Builder.WelcomePageExtensions">
      <summary>IApplicationBuilder extensions for the WelcomePageMiddleware.<para>welcomepagemiddleware 的 iapplicationbuilder 扩展.</para></summary>
    </member>
    <member name="M:Microsoft.AspNetCore.Builder.WelcomePageExtensions.UseWelcomePage(Microsoft.AspNetCore.Builder.IApplicationBuilder,Microsoft.AspNetCore.Builder.WelcomePageOptions)">
      <summary>Adds the WelcomePageMiddleware to the pipeline with the given options.<para>使用给定选项将欢迎页面中间件添加到管道中.</para></summary>
      <param name="app">
        <para>
        </para>
      </param>
      <param name="options">
        <para>
        </para>
      </param>
      <returns>
        <para>
        </para>
      </returns>
    </member>
    <member name="M:Microsoft.AspNetCore.Builder.WelcomePageExtensions.UseWelcomePage(Microsoft.AspNetCore.Builder.IApplicationBuilder,Microsoft.AspNetCore.Http.PathString)">
      <summary>Adds the WelcomePageMiddleware to the pipeline with the given path.<para>将欢迎页中间件添加到具有给定路径的管道中.</para></summary>
      <param name="app">
        <para>
        </para>
      </param>
      <param name="path">
        <para>
        </para>
      </param>
      <returns>
        <para>
        </para>
      </returns>
    </member>
    <member name="M:Microsoft.AspNetCore.Builder.WelcomePageExtensions.UseWelcomePage(Microsoft.AspNetCore.Builder.IApplicationBuilder,System.String)">
      <summary>Adds the WelcomePageMiddleware to the pipeline with the given path.<para>将欢迎页中间件添加到具有给定路径的管道中.</para></summary>
      <param name="app">
        <para>
        </para>
      </param>
      <param name="path">
        <para>
        </para>
      </param>
      <returns>
        <para>
        </para>
      </returns>
    </member>
    <member name="M:Microsoft.AspNetCore.Builder.WelcomePageExtensions.UseWelcomePage(Microsoft.AspNetCore.Builder.IApplicationBuilder)">
      <summary>Adds the WelcomePageMiddleware to the pipeline.<para>将欢迎页面中间件添加到管道中.</para></summary>
      <param name="app">
        <para>
        </para>
      </param>
      <returns>
        <para>
        </para>
      </returns>
    </member>
    <member name="T:Microsoft.AspNetCore.Builder.WelcomePageOptions">
      <summary>Options for the WelcomePageMiddleware.<para>欢迎页面中间件的选项.</para></summary>
    </member>
    <member name="P:Microsoft.AspNetCore.Builder.WelcomePageOptions.Path">
      <summary>Specifies which requests paths will be responded to. Exact matches only. Leave null to handle all requests.<para>指定将响应哪些请求路径.仅完全匹配.保留 null 以处理所有请求.</para></summary>
    </member>
    <member name="T:Microsoft.AspNetCore.Diagnostics.DeveloperExceptionPageMiddleware">
      <summary>Captures synchronous and asynchronous exceptions from the pipeline and generates error responses.<para>从管道捕获同步和异步异常并生成错误响应.</para></summary>
    </member>
    <member name="M:Microsoft.AspNetCore.Diagnostics.DeveloperExceptionPageMiddleware.#ctor(Microsoft.AspNetCore.Http.RequestDelegate,Microsoft.Extensions.Options.IOptions{Microsoft.AspNetCore.Builder.DeveloperExceptionPageOptions},Microsoft.Extensions.Logging.ILoggerFactory,Microsoft.AspNetCore.Hosting.IWebHostEnvironment,System.Diagnostics.DiagnosticSource,System.Collections.Generic.IEnumerable{Microsoft.AspNetCore.Diagnostics.IDeveloperPageExceptionFilter})">
      <summary>Initializes a new instance of the <see cref="T:Microsoft.AspNetCore.Diagnostics.DeveloperExceptionPageMiddleware" /> class<para>初始化 <see cref="t:microsoft.aspnetcore.diagnostics.developerexceptionpagemiddleware" /> .class</para></summary>
      <param name="next">The <see cref="T:Microsoft.AspNetCore.Http.RequestDelegate" /> representing the next middleware in the pipeline.<para>这 <see cref="t:microsoft.aspnetcore.http.requestdelegate" /> 表示管道中的下一个中间件.</para></param>
      <param name="options">The options for configuring the middleware.<para>用于配置中间件的选项.</para></param>
      <param name="loggerFactory">The <see cref="T:Microsoft.Extensions.Logging.ILoggerFactory" /> used for logging.<para>用于日志记录的 <see cref="T:Microsoft.Extensions.Logging.ILoggerFactory" />.</para></param>
      <param name="hostingEnvironment">
        <para>
        </para>
      </param>
      <param name="diagnosticSource">The <see cref="T:System.Diagnostics.DiagnosticSource" /> used for writing diagnostic messages.<para>用于编写诊断消息的 <see cref="T:System.Diagnostics.DiagnosticSource" />.</para></param>
      <param name="filters">The list of registered <see cref="T:Microsoft.AspNetCore.Diagnostics.IDeveloperPageExceptionFilter" />.<para>注册列表 <see cref="t:microsoft.aspnetcore.diagnostics.ideveloperpageexceptionfilter" /> .</para></param>
    </member>
    <member name="M:Microsoft.AspNetCore.Diagnostics.DeveloperExceptionPageMiddleware.Invoke(Microsoft.AspNetCore.Http.HttpContext)">
      <summary>Process an individual request.<para>处理单个请求.</para></summary>
      <param name="context">
        <para>
        </para>
      </param>
      <returns>
        <para>
        </para>
      </returns>
    </member>
    <member name="T:Microsoft.AspNetCore.Diagnostics.DeveloperExceptionPageMiddlewareImpl">
      <summary>Captures synchronous and asynchronous exceptions from the pipeline and generates error responses.<para>从管道捕获同步和异步异常并生成错误响应.</para></summary>
    </member>
    <member name="M:Microsoft.AspNetCore.Diagnostics.DeveloperExceptionPageMiddlewareImpl.#ctor(Microsoft.AspNetCore.Http.RequestDelegate,Microsoft.Extensions.Options.IOptions{Microsoft.AspNetCore.Builder.DeveloperExceptionPageOptions},Microsoft.Extensions.Logging.ILoggerFactory,Microsoft.AspNetCore.Hosting.IWebHostEnvironment,System.Diagnostics.DiagnosticSource,System.Collections.Generic.IEnumerable{Microsoft.AspNetCore.Diagnostics.IDeveloperPageExceptionFilter},Microsoft.AspNetCore.Http.IProblemDetailsService)">
      <summary>Initializes a new instance of the <see cref="T:Microsoft.AspNetCore.Diagnostics.DeveloperExceptionPageMiddleware" /> class<para>初始化 <see cref="t:microsoft.aspnetcore.diagnostics.developerexceptionpagemiddleware" /> .class</para></summary>
      <param name="next">The <see cref="T:Microsoft.AspNetCore.Http.RequestDelegate" /> representing the next middleware in the pipeline.<para>这 <see cref="t:microsoft.aspnetcore.http.requestdelegate" /> 表示管道中的下一个中间件.</para></param>
      <param name="options">The options for configuring the middleware.<para>用于配置中间件的选项.</para></param>
      <param name="loggerFactory">The <see cref="T:Microsoft.Extensions.Logging.ILoggerFactory" /> used for logging.<para>用于日志记录的 <see cref="T:Microsoft.Extensions.Logging.ILoggerFactory" />.</para></param>
      <param name="hostingEnvironment">
        <para>
        </para>
      </param>
      <param name="diagnosticSource">The <see cref="T:System.Diagnostics.DiagnosticSource" /> used for writing diagnostic messages.<para>用于编写诊断消息的 <see cref="T:System.Diagnostics.DiagnosticSource" />.</para></param>
      <param name="filters">The list of registered <see cref="T:Microsoft.AspNetCore.Diagnostics.IDeveloperPageExceptionFilter" />.<para>注册列表 <see cref="t:microsoft.aspnetcore.diagnostics.ideveloperpageexceptionfilter" /> .</para></param>
      <param name="problemDetailsService">The <see cref="T:Microsoft.AspNetCore.Http.IProblemDetailsService" /> used for writing <see cref="T:Microsoft.AspNetCore.Mvc.ProblemDetails" /> messages.<para><see cref="t:microsoft.aspnetcore.http.iproblemdetailsservice" /> 用于写作 <see cref="t:microsoft.aspnetcore.mvc.problemdetails" /> 消息.</para></param>
    </member>
    <member name="M:Microsoft.AspNetCore.Diagnostics.DeveloperExceptionPageMiddlewareImpl.Invoke(Microsoft.AspNetCore.Http.HttpContext)">
      <summary>Process an individual request.<para>处理单个请求.</para></summary>
      <param name="context">
        <para>
        </para>
      </param>
      <returns>
        <para>
        </para>
      </returns>
    </member>
    <member name="T:Microsoft.AspNetCore.Diagnostics.RazorViews.CompilationErrorPageModel">
      <summary>Holds data to be displayed on the compilation error page.<para>保存要在编译错误页面上显示的数据.</para></summary>
    </member>
    <member name="P:Microsoft.AspNetCore.Diagnostics.RazorViews.CompilationErrorPageModel.Options">
      <summary>Options for what output to display.<para>要显示的输出的选项.</para></summary>
    </member>
    <member name="P:Microsoft.AspNetCore.Diagnostics.RazorViews.CompilationErrorPageModel.ErrorDetails">
      <summary>Detailed information about each parse or compilation error.<para>有关每个分析或编译错误的详细信息.</para></summary>
    </member>
    <member name="P:Microsoft.AspNetCore.Diagnostics.RazorViews.CompilationErrorPageModel.CompiledContent">
      <summary>Gets the generated content that produced the corresponding <see cref="P:Microsoft.AspNetCore.Diagnostics.RazorViews.CompilationErrorPageModel.ErrorDetails" />.<para>获取生成相应 <see cref="p:microsoft.aspnetcore.diagnostics.razorviews.compilationerrorpagemodel.errordetails" /> .</para></summary>
    </member>
    <member name="T:Microsoft.AspNetCore.Diagnostics.RazorViews.ErrorPageModel">
      <summary>Holds data to be displayed on the error page.<para>保存要在错误页面上显示的数据.</para></summary>
    </member>
    <member name="P:Microsoft.AspNetCore.Diagnostics.RazorViews.ErrorPageModel.Options">
      <summary>Options for what output to display.<para>要显示的输出的选项.</para></summary>
    </member>
    <member name="P:Microsoft.AspNetCore.Diagnostics.RazorViews.ErrorPageModel.ErrorDetails">
      <summary>Detailed information about each exception in the stack.<para>有关堆栈中每个异常的详细信息.</para></summary>
    </member>
    <member name="P:Microsoft.AspNetCore.Diagnostics.RazorViews.ErrorPageModel.Query">
      <summary>Parsed query data.<para>分析的查询数据.</para></summary>
    </member>
    <member name="P:Microsoft.AspNetCore.Diagnostics.RazorViews.ErrorPageModel.Cookies">
      <summary>Request cookies.<para>请求饼干.</para></summary>
    </member>
    <member name="P:Microsoft.AspNetCore.Diagnostics.RazorViews.ErrorPageModel.Headers">
      <summary>Request headers.<para>请求标头.</para></summary>
    </member>
    <member name="P:Microsoft.AspNetCore.Diagnostics.RazorViews.ErrorPageModel.RouteValues">
      <summary>Request route values.<para>请求路由值.</para></summary>
    </member>
    <member name="P:Microsoft.AspNetCore.Diagnostics.RazorViews.ErrorPageModel.Endpoint">
      <summary>Request endpoint.<para>请求终结点.</para></summary>
    </member>
    <member name="P:Microsoft.AspNetCore.Diagnostics.RazorViews.ErrorPageModel.Title">
      <summary>The text be inside the HTML title element.<para>文本位于 html 标题元素内.</para></summary>
    </member>
    <member name="T:Microsoft.AspNetCore.Diagnostics.ExceptionHandlerFeature">
      <summary>A feature containing the path and error of the original request for examination by an exception handler.<para>包含异常处理程序检查的原始请求的路径和错误的功能.</para></summary>
    </member>
    <member name="P:Microsoft.AspNetCore.Diagnostics.ExceptionHandlerFeature.Error">
      <inheritdoc />
    </member>
    <member name="P:Microsoft.AspNetCore.Diagnostics.ExceptionHandlerFeature.Path">
      <inheritdoc />
    </member>
    <member name="P:Microsoft.AspNetCore.Diagnostics.ExceptionHandlerFeature.Endpoint">
      <inheritdoc />
    </member>
    <member name="P:Microsoft.AspNetCore.Diagnostics.ExceptionHandlerFeature.RouteValues">
      <inheritdoc />
    </member>
    <member name="T:Microsoft.AspNetCore.Diagnostics.ExceptionHandlerMiddleware">
      <summary>A middleware for handling exceptions in the application.<para>用于处理应用程序中异常的中间件.</para></summary>
    </member>
    <member name="M:Microsoft.AspNetCore.Diagnostics.ExceptionHandlerMiddleware.#ctor(Microsoft.AspNetCore.Http.RequestDelegate,Microsoft.Extensions.Logging.ILoggerFactory,Microsoft.Extensions.Options.IOptions{Microsoft.AspNetCore.Builder.ExceptionHandlerOptions},System.Diagnostics.DiagnosticListener)">
      <summary>Creates a new <see cref="T:Microsoft.AspNetCore.Diagnostics.ExceptionHandlerMiddleware" /><para>创建一个新的 <see cref="t:microsoft.aspnetcore.diagnostics.exceptionhandlermiddleware" /></para></summary>
      <param name="next">The <see cref="T:Microsoft.AspNetCore.Http.RequestDelegate" /> representing the next middleware in the pipeline.<para>这 <see cref="t:microsoft.aspnetcore.http.requestdelegate" /> 表示管道中的下一个中间件.</para></param>
      <param name="loggerFactory">The <see cref="T:Microsoft.Extensions.Logging.ILoggerFactory" /> used for logging.<para>用于日志记录的 <see cref="T:Microsoft.Extensions.Logging.ILoggerFactory" />.</para></param>
      <param name="options">The options for configuring the middleware.<para>用于配置中间件的选项.</para></param>
      <param name="diagnosticListener">The <see cref="T:System.Diagnostics.DiagnosticListener" /> used for writing diagnostic messages.<para>用于编写诊断消息的 <see cref="T:System.Diagnostics.DiagnosticListener" />.</para></param>
    </member>
    <member name="M:Microsoft.AspNetCore.Diagnostics.ExceptionHandlerMiddleware.Invoke(Microsoft.AspNetCore.Http.HttpContext)">
      <summary>Executes the middleware.<para>执行中间件.</para></summary>
      <param name="context">The <see cref="T:Microsoft.AspNetCore.Http.HttpContext" /> for the current request.<para>这 <see cref="t:microsoft.aspnetcore.http.httpcontext" /> 对于当前请求.</para></param>
    </member>
    <member name="T:Microsoft.AspNetCore.Diagnostics.ExceptionHandlerMiddlewareImpl">
      <summary>A middleware for handling exceptions in the application.<para>用于处理应用程序中异常的中间件.</para></summary>
    </member>
    <member name="M:Microsoft.AspNetCore.Diagnostics.ExceptionHandlerMiddlewareImpl.#ctor(Microsoft.AspNetCore.Http.RequestDelegate,Microsoft.Extensions.Logging.ILoggerFactory,Microsoft.Extensions.Options.IOptions{Microsoft.AspNetCore.Builder.ExceptionHandlerOptions},System.Diagnostics.DiagnosticListener,Microsoft.AspNetCore.Http.IProblemDetailsService)">
      <summary>Creates a new <see cref="T:Microsoft.AspNetCore.Diagnostics.ExceptionHandlerMiddleware" /><para>创建一个新的 <see cref="t:microsoft.aspnetcore.diagnostics.exceptionhandlermiddleware" /></para></summary>
      <param name="next">The <see cref="T:Microsoft.AspNetCore.Http.RequestDelegate" /> representing the next middleware in the pipeline.<para>这 <see cref="t:microsoft.aspnetcore.http.requestdelegate" /> 表示管道中的下一个中间件.</para></param>
      <param name="loggerFactory">The <see cref="T:Microsoft.Extensions.Logging.ILoggerFactory" /> used for logging.<para>用于日志记录的 <see cref="T:Microsoft.Extensions.Logging.ILoggerFactory" />.</para></param>
      <param name="options">The options for configuring the middleware.<para>用于配置中间件的选项.</para></param>
      <param name="diagnosticListener">The <see cref="T:System.Diagnostics.DiagnosticListener" /> used for writing diagnostic messages.<para>用于编写诊断消息的 <see cref="T:System.Diagnostics.DiagnosticListener" />.</para></param>
      <param name="problemDetailsService">The <see cref="T:Microsoft.AspNetCore.Http.IProblemDetailsService" /> used for writing <see cref="T:Microsoft.AspNetCore.Mvc.ProblemDetails" /> messages.<para><see cref="t:microsoft.aspnetcore.http.iproblemdetailsservice" /> 用于写作 <see cref="t:microsoft.aspnetcore.mvc.problemdetails" /> 消息.</para></param>
    </member>
    <member name="M:Microsoft.AspNetCore.Diagnostics.ExceptionHandlerMiddlewareImpl.Invoke(Microsoft.AspNetCore.Http.HttpContext)">
      <summary>Executes the middleware.<para>执行中间件.</para></summary>
      <param name="context">The <see cref="T:Microsoft.AspNetCore.Http.HttpContext" /> for the current request.<para>这 <see cref="t:microsoft.aspnetcore.http.httpcontext" /> 对于当前请求.</para></param>
    </member>
    <member name="T:Microsoft.AspNetCore.Diagnostics.StatusCodeContext">
      <summary>Contains information used by the handler of the <see cref="T:Microsoft.AspNetCore.Diagnostics.StatusCodePagesMiddleware" />.<para>包含 的处理程序使用的信息 <see cref="t:microsoft.aspnetcore.diagnostics.statuscodepagesmiddleware" /> .</para></summary>
    </member>
    <member name="M:Microsoft.AspNetCore.Diagnostics.StatusCodeContext.#ctor(Microsoft.AspNetCore.Http.HttpContext,Microsoft.AspNetCore.Builder.StatusCodePagesOptions,Microsoft.AspNetCore.Http.RequestDelegate)">
      <summary>Creates a new <see cref="T:Microsoft.AspNetCore.Diagnostics.StatusCodeContext" />.<para>创建一个新的 <see cref="t:microsoft.aspnetcore.diagnostics.statuscodecontext" /> .</para></summary>
      <param name="context">The <see cref="P:Microsoft.AspNetCore.Diagnostics.StatusCodeContext.HttpContext" />.<para>这 <see cref="p:microsoft.aspnetcore.diagnostics.statuscodecontext.httpcontext" /> .</para></param>
      <param name="options">The configured <see cref="T:Microsoft.AspNetCore.Builder.StatusCodePagesOptions" />.<para>已配置 <see cref="t:microsoft.aspnetcore.builder.statuscodepagesoptions" /> .</para></param>
      <param name="next">The <see cref="T:Microsoft.AspNetCore.Http.RequestDelegate" /> representing the next middleware in the pipeline.<para><see cref="t:microsoft.aspnetcore.http.requestdelegate" /> 表示管道中的下一个中间件.</para></param>
    </member>
    <member name="P:Microsoft.AspNetCore.Diagnostics.StatusCodeContext.HttpContext">
      <summary>Gets the <see cref="P:Microsoft.AspNetCore.Diagnostics.StatusCodeContext.HttpContext" />.<para>获取 <see cref="p:microsoft.aspnetcore.diagnostics.statuscodecontext.httpcontext" /> .</para></summary>
    </member>
    <member name="P:Microsoft.AspNetCore.Diagnostics.StatusCodeContext.Options">
      <summary>Gets the configured <see cref="T:Microsoft.AspNetCore.Builder.StatusCodePagesOptions" />.<para>获取已配置的 <see cref="t:microsoft.aspnetcore.builder.statuscodepagesoptions" /> .</para></summary>
    </member>
    <member name="P:Microsoft.AspNetCore.Diagnostics.StatusCodeContext.Next">
      <summary>Gets the <see cref="T:Microsoft.AspNetCore.Http.RequestDelegate" /> representing the next middleware in the pipeline.<para>获取 <see cref="t:microsoft.aspnetcore.http.requestdelegate" /> 表示管道中的下一个中间件.</para></summary>
    </member>
    <member name="T:Microsoft.AspNetCore.Diagnostics.StatusCodePagesFeature">
      <summary>Represents the Status code pages feature.<para>表示状态代码页功能.</para></summary>
    </member>
    <member name="P:Microsoft.AspNetCore.Diagnostics.StatusCodePagesFeature.Enabled">
      <summary>Enables or disables status code pages. The default value is true.
            Set this to false to prevent the <see cref="T:Microsoft.AspNetCore.Diagnostics.StatusCodePagesMiddleware" />
            from creating a response body while handling the error status code.<para>启用或禁用状态代码页.默认值为 true. 将此设置为 false 以防止 <see cref="t:microsoft.aspnetcore.diagnostics.statuscodepagesmiddleware" /> 从在处理错误状态代码时创建响应正文.</para></summary>
    </member>
    <member name="T:Microsoft.AspNetCore.Diagnostics.StatusCodePagesMiddleware">
      <summary>A middleware for generating the response body of error status codes with no body.<para>一个中间件,用于生成没有正文的错误状态代码的响应正文.</para></summary>
    </member>
    <member name="M:Microsoft.AspNetCore.Diagnostics.StatusCodePagesMiddleware.#ctor(Microsoft.AspNetCore.Http.RequestDelegate,Microsoft.Extensions.Options.IOptions{Microsoft.AspNetCore.Builder.StatusCodePagesOptions})">
      <summary>Creates a new <see cref="T:Microsoft.AspNetCore.Diagnostics.StatusCodePagesMiddleware" /><para>创建一个新的 <see cref="t:microsoft.aspnetcore.diagnostics.statuscodepagesmiddleware" /></para></summary>
      <param name="next">The <see cref="T:Microsoft.AspNetCore.Http.RequestDelegate" /> representing the next middleware in the pipeline.<para>这 <see cref="t:microsoft.aspnetcore.http.requestdelegate" /> 表示管道中的下一个中间件.</para></param>
      <param name="options">The options for configuring the middleware.<para>用于配置中间件的选项.</para></param>
    </member>
    <member name="M:Microsoft.AspNetCore.Diagnostics.StatusCodePagesMiddleware.Invoke(Microsoft.AspNetCore.Http.HttpContext)">
      <summary>Executes the middleware.<para>执行中间件.</para></summary>
      <param name="context">The <see cref="T:Microsoft.AspNetCore.Http.HttpContext" /> for the current request.<para>这 <see cref="t:microsoft.aspnetcore.http.httpcontext" /> 对于当前请求.</para></param>
      <returns>A task that represents the execution of this middleware.<para>表示此中间件执行的任务.</para></returns>
    </member>
    <member name="T:Microsoft.AspNetCore.Diagnostics.StatusCodeReExecuteFeature">
      <summary>Default implementation for <see cref="T:Microsoft.AspNetCore.Diagnostics.IStatusCodeReExecuteFeature" />.<para>的默认实现 <see cref="t:microsoft.aspnetcore.diagnostics.istatuscodereexecutefeature" /> .</para></summary>
    </member>
    <member name="P:Microsoft.AspNetCore.Diagnostics.StatusCodeReExecuteFeature.OriginalPath">
      <inheritdoc />
    </member>
    <member name="P:Microsoft.AspNetCore.Diagnostics.StatusCodeReExecuteFeature.OriginalPathBase">
      <inheritdoc />
    </member>
    <member name="P:Microsoft.AspNetCore.Diagnostics.StatusCodeReExecuteFeature.OriginalQueryString">
      <inheritdoc />
    </member>
    <member name="P:Microsoft.AspNetCore.Diagnostics.StatusCodeReExecuteFeature.Endpoint">
      <inheritdoc />
    </member>
    <member name="P:Microsoft.AspNetCore.Diagnostics.StatusCodeReExecuteFeature.RouteValues">
      <inheritdoc />
    </member>
    <member name="T:Microsoft.AspNetCore.Diagnostics.WelcomePageMiddleware">
      <summary>This middleware provides a default web page for new applications.<para>此中间件为新应用程序提供默认网页.</para></summary>
    </member>
    <member name="M:Microsoft.AspNetCore.Diagnostics.WelcomePageMiddleware.#ctor(Microsoft.AspNetCore.Http.RequestDelegate,Microsoft.Extensions.Options.IOptions{Microsoft.AspNetCore.Builder.WelcomePageOptions})">
      <summary>Creates a default web page for new applications.<para>为新应用程序创建默认网页.</para></summary>
      <param name="next">
        <para>
        </para>
      </param>
      <param name="options">
        <para>
        </para>
      </param>
    </member>
    <member name="M:Microsoft.AspNetCore.Diagnostics.WelcomePageMiddleware.Invoke(Microsoft.AspNetCore.Http.HttpContext)">
      <summary>Process an individual request.<para>处理单个请求.</para></summary>
      <param name="context">The <see cref="T:Microsoft.AspNetCore.Http.HttpContext" />.<para>这 <see cref="t:microsoft.aspnetcore.http.httpcontext" /> .</para></param>
      <returns>
        <para>
        </para>
      </returns>
    </member>
    <member name="P:Microsoft.AspNetCore.Diagnostics.Resources.DiagnosticsPageHtml_Information">
      <summary>You are seeing this page because DiagnosticsPageMiddleware was added to your web application.<para>您看到此页面是因为诊断页面中间件已添加到您的 web 应用程序中.</para></summary>
    </member>
    <member name="P:Microsoft.AspNetCore.Diagnostics.Resources.DiagnosticsPageHtml_TestErrorMessage">
      <summary>Test Error Message<para>测试错误消息</para></summary>
    </member>
    <member name="P:Microsoft.AspNetCore.Diagnostics.Resources.DiagnosticsPageHtml_TestErrorSection">
      <summary>Test Error Page<para>测试错误页</para></summary>
    </member>
    <member name="P:Microsoft.AspNetCore.Diagnostics.Resources.DiagnosticsPageHtml_Title">
      <summary>Diagnostics Page<para>诊断页面</para></summary>
    </member>
    <member name="P:Microsoft.AspNetCore.Diagnostics.Resources.ErrorPageHtml_CookiesButton">
      <summary>Cookies<para>饼干</para></summary>
    </member>
    <member name="P:Microsoft.AspNetCore.Diagnostics.Resources.ErrorPageHtml_HeadersButton">
      <summary>Headers<para>头</para></summary>
    </member>
    <member name="P:Microsoft.AspNetCore.Diagnostics.Resources.ErrorPageHtml_NoCookieData">
      <summary>No cookie data.<para>没有饼干数据.</para></summary>
    </member>
    <member name="P:Microsoft.AspNetCore.Diagnostics.Resources.ErrorPageHtml_NoHeaderData">
      <summary>No header data.<para>无标头数据.</para></summary>
    </member>
    <member name="P:Microsoft.AspNetCore.Diagnostics.Resources.ErrorPageHtml_NoQueryStringData">
      <summary>No query string data.<para>无查询字符串数据.</para></summary>
    </member>
    <member name="P:Microsoft.AspNetCore.Diagnostics.Resources.ErrorPageHtml_QueryButton">
      <summary>Query<para>查询</para></summary>
    </member>
    <member name="P:Microsoft.AspNetCore.Diagnostics.Resources.ErrorPageHtml_StackButton">
      <summary>Stack<para>叠</para></summary>
    </member>
    <member name="P:Microsoft.AspNetCore.Diagnostics.Resources.ErrorPageHtml_Title">
      <summary>Internal Server Error<para>内部服务器错误</para></summary>
    </member>
    <member name="P:Microsoft.AspNetCore.Diagnostics.Resources.ErrorPageHtml_UnhandledException">
      <summary>An unhandled exception occurred while processing the request.<para>处理请求时发生未处理的异常.</para></summary>
    </member>
    <member name="P:Microsoft.AspNetCore.Diagnostics.Resources.ErrorPageHtml_UnknownLocation">
      <summary>Unknown location<para>未知位置</para></summary>
    </member>
    <member name="P:Microsoft.AspNetCore.Diagnostics.Resources.ErrorPageHtml_ValueColumn">
      <summary>Value<para>价值</para></summary>
    </member>
    <member name="P:Microsoft.AspNetCore.Diagnostics.Resources.ErrorPageHtml_VariableColumn">
      <summary>Variable<para>变量</para></summary>
    </member>
    <member name="P:Microsoft.AspNetCore.Diagnostics.Resources.Exception_PathMustStartWithSlash">
      <summary>The path must start with a '/'.<para>路径必须以"/"开头.</para></summary>
    </member>
    <member name="P:Microsoft.AspNetCore.Diagnostics.Resources.RuntimeInfoPage_PackageNameColumnName">
      <summary>Name<para>名字</para></summary>
    </member>
    <member name="P:Microsoft.AspNetCore.Diagnostics.Resources.RuntimeInfoPage_PackagePathColumnName">
      <summary>Path<para>路径</para></summary>
    </member>
    <member name="P:Microsoft.AspNetCore.Diagnostics.Resources.RuntimeInfoPage_Packages">
      <summary>Packages:<para>包:</para></summary>
    </member>
    <member name="P:Microsoft.AspNetCore.Diagnostics.Resources.RuntimeInfoPage_PackagesFail">
      <summary>Could not retrieve the list of loaded packages.<para>无法检索已加载包的列表.</para></summary>
    </member>
    <member name="P:Microsoft.AspNetCore.Diagnostics.Resources.RuntimeInfoPage_PackageVersionColumnName">
      <summary>Version<para>版本</para></summary>
    </member>
    <member name="P:Microsoft.AspNetCore.Diagnostics.Resources.RuntimeInfoPage_RuntimeVersion">
      <summary>Runtime Version:<para>运行时版本:</para></summary>
    </member>
    <member name="P:Microsoft.AspNetCore.Diagnostics.Resources.RuntimeInfoPage_RuntimeVersionFail">
      <summary>Could not determine the runtime version.<para>无法确定运行时版本.</para></summary>
    </member>
    <member name="P:Microsoft.AspNetCore.Diagnostics.Resources.RuntimeInfoPage_Title">
      <summary>Runtime Information<para>运行时信息</para></summary>
    </member>
    <member name="P:Microsoft.AspNetCore.Diagnostics.Resources.WelcomeHeader">
      <summary>Welcome<para>欢迎</para></summary>
    </member>
    <member name="P:Microsoft.AspNetCore.Diagnostics.Resources.WelcomeLearnMicrosoftAspNet">
      <summary>Learn more about the Microsoft ASP.NET Core components<para>了解有关microsoft asp.net 核心组件的更多信息</para></summary>
    </member>
    <member name="P:Microsoft.AspNetCore.Diagnostics.Resources.WelcomePageImageText_Browser">
      <summary>Browser<para>浏览器</para></summary>
    </member>
    <member name="P:Microsoft.AspNetCore.Diagnostics.Resources.WelcomePageImageText_LearnMore">
      <summary>Learn More<para>了解更多信息</para></summary>
    </member>
    <member name="P:Microsoft.AspNetCore.Diagnostics.Resources.WelcomePageImageText_LightBulb">
      <summary>Light Bulb<para>电灯泡</para></summary>
    </member>
    <member name="P:Microsoft.AspNetCore.Diagnostics.Resources.WelcomePageImageText_Skyline">
      <summary>Skyline<para>地平线</para></summary>
    </member>
    <member name="P:Microsoft.AspNetCore.Diagnostics.Resources.WelcomeStarted">
      <summary>Your ASP.NET Core application has been successfully started<para>您的 asp.net 核心应用程序已成功启动</para></summary>
    </member>
    <member name="P:Microsoft.AspNetCore.Diagnostics.Resources.WelcomeTitle">
      <summary>Your ASP.NET Core application has been successfully started.<para>您的 asp.net 核心应用程序已成功启动.</para></summary>
    </member>
    <member name="P:Microsoft.AspNetCore.Diagnostics.Resources.ErrorPageHtml_CompilationException">
      <summary>An error occurred during the compilation of a resource required to process this request. Please review the following specific error details and modify your source code appropriately.<para>编译处理此请求所需的资源时出错.请查看以下特定错误详细信息并相应地修改源代码.</para></summary>
    </member>
    <member name="P:Microsoft.AspNetCore.Diagnostics.Resources.RuntimeInfoPage_OperatingSystem">
      <summary>Operating System:<para>操作系统:</para></summary>
    </member>
    <member name="P:Microsoft.AspNetCore.Diagnostics.Resources.RuntimeInfoPage_RuntimeArchitecture">
      <summary>Runtime Architecture:<para>运行时架构:</para></summary>
    </member>
    <member name="P:Microsoft.AspNetCore.Diagnostics.Resources.RuntimeInfoPage_RuntimeType">
      <summary>Runtime Type:<para>运行时类型:</para></summary>
    </member>
    <member name="P:Microsoft.AspNetCore.Diagnostics.Resources.RuntimeInfoPage_OperatingSystemFail">
      <summary>Could not determine the operating system.<para>无法确定操作系统.</para></summary>
    </member>
    <member name="P:Microsoft.AspNetCore.Diagnostics.Resources.RuntimeInfoPage_RuntimeArchitectureFail">
      <summary>Could not determine the runtime architecture.<para>无法确定运行时体系结构.</para></summary>
    </member>
    <member name="P:Microsoft.AspNetCore.Diagnostics.Resources.RuntimeInfoPage_RuntimeTypeFail">
      <summary>Could not determine the runtime type.<para>无法确定运行时类型.</para></summary>
    </member>
    <member name="P:Microsoft.AspNetCore.Diagnostics.Resources.RuntimeInfoPage_Environment">
      <summary>Environment:<para>环境:</para></summary>
    </member>
    <member name="P:Microsoft.AspNetCore.Diagnostics.Resources.ExceptionHandlerOptions_NotConfiguredCorrectly">
      <summary>An error occurred when configuring the exception handler middleware. Either the 'ExceptionHandlingPath' or the 'ExceptionHandler' property must be set in 'UseExceptionHandler()'. Alternatively, set one of the aforementioned properties in 'Startup.Configure ...<para>配置异常处理程序中间件时出错.必须在"useexceptionhandler（）"中设置"exceptionhandlingpath"或"exceptionhandler"属性.或者,在"启动配置...</para></summary>
    </member>
    <member name="P:Microsoft.AspNetCore.Diagnostics.Resources.ErrorPageHtml_NoRouteValues">
      <summary>No route values.<para>无路由值.</para></summary>
    </member>
    <member name="P:Microsoft.AspNetCore.Diagnostics.Resources.ErrorPageHtml_RoutingButton">
      <summary>Routing<para>路由</para></summary>
    </member>
    <member name="P:Microsoft.AspNetCore.Diagnostics.Resources.ErrorPageHtml_Endpoint">
      <summary>Endpoint<para>端点</para></summary>
    </member>
    <member name="P:Microsoft.AspNetCore.Diagnostics.Resources.ErrorPageHtml_EndpointDisplayName">
      <summary>Display Name<para>显示名称</para></summary>
    </member>
    <member name="P:Microsoft.AspNetCore.Diagnostics.Resources.ErrorPageHtml_EndpointRouteOrder">
      <summary>Route Order<para>路线顺序</para></summary>
    </member>
    <member name="P:Microsoft.AspNetCore.Diagnostics.Resources.ErrorPageHtml_EndpointRouteHttpMethod">
      <summary>Route HTTP Method<para>路由 http 方法</para></summary>
    </member>
    <member name="P:Microsoft.AspNetCore.Diagnostics.Resources.ErrorPageHtml_EndpointRoutePattern">
      <summary>Route Pattern<para>路由模式</para></summary>
    </member>
    <member name="P:Microsoft.AspNetCore.Diagnostics.Resources.ErrorPageHtml_NoEndpoint">
      <summary>No endpoint.<para>无终结点.</para></summary>
    </member>
    <member name="P:Microsoft.AspNetCore.Diagnostics.Resources.ErrorPageHtml_RouteValues">
      <summary>Route Values<para>路由值</para></summary>
    </member>
    <member name="P:Microsoft.AspNetCore.Diagnostics.Resources.ErrorPageHtml_NameColumn">
      <summary>Name<para>名字</para></summary>
    </member>
    <member name="P:Microsoft.AspNetCore.DiagnosticsViewPage.Views.BaseView.Context">
      <summary>The request context<para>请求上下文</para></summary>
    </member>
    <member name="P:Microsoft.AspNetCore.DiagnosticsViewPage.Views.BaseView.Request">
      <summary>The request<para>请求</para></summary>
    </member>
    <member name="P:Microsoft.AspNetCore.DiagnosticsViewPage.Views.BaseView.Response">
      <summary>The response<para>响应</para></summary>
    </member>
    <member name="P:Microsoft.AspNetCore.DiagnosticsViewPage.Views.BaseView.Output">
      <summary>The output stream<para>输出流</para></summary>
    </member>
    <member name="P:Microsoft.AspNetCore.DiagnosticsViewPage.Views.BaseView.HtmlEncoder">
      <summary>Html encoder used to encode content.<para>用于对内容进行编码的 html 编码器.</para></summary>
    </member>
    <member name="P:Microsoft.AspNetCore.DiagnosticsViewPage.Views.BaseView.UrlEncoder">
      <summary>Url encoder used to encode content.<para>用于对内容进行编码的 url 编码器.</para></summary>
    </member>
    <member name="P:Microsoft.AspNetCore.DiagnosticsViewPage.Views.BaseView.JavaScriptEncoder">
      <summary>JavaScript encoder used to encode content.<para>用于编码内容的 javascript 编码器.</para></summary>
    </member>
    <member name="M:Microsoft.AspNetCore.DiagnosticsViewPage.Views.BaseView.ExecuteAsync(Microsoft.AspNetCore.Http.HttpContext)">
      <summary>Execute an individual request<para>执行单个请求</para></summary>
      <param name="context">
        <para>
        </para>
      </param>
    </member>
    <member name="M:Microsoft.AspNetCore.DiagnosticsViewPage.Views.BaseView.ExecuteAsync">
      <summary>Execute an individual request<para>执行单个请求</para></summary>
    </member>
    <member name="M:Microsoft.AspNetCore.DiagnosticsViewPage.Views.BaseView.WriteLiteral(System.String)">
      <summary>Write the given value directly to the output<para>将给定值直接写入输出</para></summary>
      <param name="value">
        <para>
        </para>
      </param>
    </member>
    <member name="M:Microsoft.AspNetCore.DiagnosticsViewPage.Views.BaseView.WriteLiteral(System.Object)">
      <summary>Write the given value directly to the output<para>将给定值直接写入输出</para></summary>
      <param name="value">
        <para>
        </para>
      </param>
    </member>
    <member name="M:Microsoft.AspNetCore.DiagnosticsViewPage.Views.BaseView.WriteAttributeTo(System.IO.TextWriter,System.String,System.String,System.String,Microsoft.AspNetCore.DiagnosticsViewPage.Views.AttributeValue[])">
      <summary>Writes the given attribute to the given writer<para>将给定属性写入给定编写器</para></summary>
      <param name="writer">The <see cref="T:System.IO.TextWriter" /> instance to write to.<para>要写入的 <see cref="T:System.IO.TextWriter" /> 实例.</para></param>
      <param name="name">The name of the attribute to write<para>要写入的属性的名称</para></param>
      <param name="leader">The value of the prefix<para>前缀的值</para></param>
      <param name="trailer">The value of the suffix<para>后缀的值</para></param>
      <param name="values">The <see cref="T:Microsoft.AspNetCore.DiagnosticsViewPage.Views.AttributeValue" />s to write.<para><see cref="t:microsoft.aspnetcore.diagnosticsviewpage.views.attributevalue" /> s来写.</para></param>
    </member>
    <member name="M:Microsoft.AspNetCore.DiagnosticsViewPage.Views.BaseView.Write(System.Object)">
      <summary>Convert to string and html encode<para>转换为字符串和 html 编码</para></summary>
      <param name="value">
        <para>
        </para>
      </param>
    </member>
    <member name="M:Microsoft.AspNetCore.DiagnosticsViewPage.Views.BaseView.Write(System.String)">
      <summary>Html encode and write<para>html 编码和写入</para></summary>
      <param name="value">
        <para>
        </para>
      </param>
    </member>
    <member name="M:Microsoft.AspNetCore.DiagnosticsViewPage.Views.BaseView.Write(Microsoft.AspNetCore.DiagnosticsViewPage.Views.HelperResult)">
      <summary>
        <see cref="M:Microsoft.AspNetCore.DiagnosticsViewPage.Views.HelperResult.WriteTo(System.IO.TextWriter)" /> is invoked<para><see cref="m:microsoft.aspnetcore.diagnosticsviewpage.views.helperresult.writeto（system.io.textwriter）" /> 被调用</para></summary>
      <param name="result">The <see cref="T:Microsoft.AspNetCore.DiagnosticsViewPage.Views.HelperResult" /> to invoke<para>这 <see cref="t:microsoft.aspnetcore.diagnosticsviewpage.views.helperresult" /> 调用</para></param>
    </member>
    <member name="M:Microsoft.AspNetCore.DiagnosticsViewPage.Views.BaseView.WriteTo(System.IO.TextWriter,System.Object)">
      <summary>Writes the specified <paramref name="value" /> to <paramref name="writer" />.<para>将指定的 <paramref name="value" /> 写入 <paramref name="writer" />.</para></summary>
      <param name="writer">The <see cref="T:System.IO.TextWriter" /> instance to write to.<para>要写入的 <see cref="T:System.IO.TextWriter" /> 实例.</para></param>
      <param name="value">The <see cref="T:System.Object" /> to write.<para>要写入的 <see cref="T:System.Object" />.</para></param>
      <remarks>
        <see cref="M:Microsoft.AspNetCore.DiagnosticsViewPage.Views.HelperResult.WriteTo(System.IO.TextWriter)" /> is invoked for <see cref="T:Microsoft.AspNetCore.DiagnosticsViewPage.Views.HelperResult" /> types.
            For all other types, the encoded result of <see cref="M:System.Object.ToString" /> is written to the
            <paramref name="writer" />.<para><see cref="m:microsoft.aspnetcore.diagnosticsviewpage.views.helperresult.writeto（system.io.textwriter）" /> 被调用 <see cref="t:microsoft.aspnetcore.diagnosticsviewpage.views.helperresult" /> 类型. 对于所有其他类型,<see cref="M:System.Object.ToString" /> 的编码结果将写入 <paramref name="writer" />.</para></remarks>
    </member>
    <member name="M:Microsoft.AspNetCore.DiagnosticsViewPage.Views.BaseView.WriteTo(System.IO.TextWriter,System.String)">
      <summary>Writes the specified <paramref name="value" /> with HTML encoding to <paramref name="writer" />.<para>将带有 html 编码的指定 <paramref name="value" /> 写入 <paramref name="writer" />.</para></summary>
      <param name="writer">The <see cref="T:System.IO.TextWriter" /> instance to write to.<para>要写入的 <see cref="T:System.IO.TextWriter" /> 实例.</para></param>
      <param name="value">The <see cref="T:System.String" /> to write.<para>要写入的 <see cref="T:System.String" />.</para></param>
    </member>
    <member name="M:Microsoft.AspNetCore.DiagnosticsViewPage.Views.BaseView.WriteLiteralTo(System.IO.TextWriter,System.Object)">
      <summary>Writes the specified <paramref name="value" /> without HTML encoding to the <paramref name="writer" />.<para>将不带 html 编码的指定 <paramref name="value" /> 写入 <paramref name="writer" />.</para></summary>
      <param name="writer">The <see cref="T:System.IO.TextWriter" /> instance to write to.<para>要写入的 <see cref="T:System.IO.TextWriter" /> 实例.</para></param>
      <param name="value">The <see cref="T:System.Object" /> to write.<para>要写入的 <see cref="T:System.Object" />.</para></param>
    </member>
    <member name="M:Microsoft.AspNetCore.DiagnosticsViewPage.Views.BaseView.WriteLiteralTo(System.IO.TextWriter,System.String)">
      <summary>Writes the specified <paramref name="value" /> without HTML encoding to <see cref="P:Microsoft.AspNetCore.DiagnosticsViewPage.Views.BaseView.Output" />.<para>将指定的 <paramref name="value" /> 写入而不进行 html 编码 <see cref="p:microsoft.aspnetcore.diagnosticsviewpage.views.baseview.output" /> .</para></summary>
      <param name="writer">The <see cref="T:System.IO.TextWriter" /> instance to write to.<para>要写入的 <see cref="T:System.IO.TextWriter" /> 实例.</para></param>
      <param name="value">The <see cref="T:System.String" /> to write.<para>要写入的 <see cref="T:System.String" />.</para></param>
    </member>
    <member name="T:Microsoft.AspNetCore.DiagnosticsViewPage.Views.HelperResult">
      <summary>Represents a deferred write operation in a <see cref="T:Microsoft.AspNetCore.DiagnosticsViewPage.Views.BaseView" />.<para>表示 <see cref="t:microsoft.aspnetcore.diagnosticsviewpage.views.baseview" /> .</para></summary>
    </member>
    <member name="M:Microsoft.AspNetCore.DiagnosticsViewPage.Views.HelperResult.#ctor(System.Action{System.IO.TextWriter})">
      <summary>Creates a new instance of <see cref="T:Microsoft.AspNetCore.DiagnosticsViewPage.Views.HelperResult" />.<para>创建 的新实例 <see cref="t:microsoft.aspnetcore.diagnosticsviewpage.views.helperresult" /> .</para></summary>
      <param name="action">The delegate to invoke when <see cref="M:Microsoft.AspNetCore.DiagnosticsViewPage.Views.HelperResult.WriteTo(System.IO.TextWriter)" /> is called.<para>在以下情况下调用的委托 <see cref="m:microsoft.aspnetcore.diagnosticsviewpage.views.helperresult.writeto（system.io.textwriter）" /> 被称为.</para></param>
    </member>
    <member name="M:Microsoft.AspNetCore.DiagnosticsViewPage.Views.HelperResult.WriteTo(System.IO.TextWriter)">
      <summary>Method invoked to produce content from the <see cref="T:Microsoft.AspNetCore.DiagnosticsViewPage.Views.HelperResult" />.<para>调用以从 <see cref="t:microsoft.aspnetcore.diagnosticsviewpage.views.helperresult" /> .</para></summary>
      <param name="writer">The <see cref="T:System.IO.TextWriter" /> instance to write to.<para>要写入的 <see cref="T:System.IO.TextWriter" /> 实例.</para></param>
    </member>
    <member name="T:Microsoft.Extensions.DependencyInjection.ExceptionHandlerServiceCollectionExtensions">
      <summary>Extension methods for the exception handler middleware.<para>异常处理程序中间件的扩展方法.</para></summary>
    </member>
    <member name="M:Microsoft.Extensions.DependencyInjection.ExceptionHandlerServiceCollectionExtensions.AddExceptionHandler(Microsoft.Extensions.DependencyInjection.IServiceCollection,System.Action{Microsoft.AspNetCore.Builder.ExceptionHandlerOptions})">
      <summary>Adds services and options for the exception handler middleware.<para>为异常处理程序中间件添加服务和选项.</para></summary>
      <param name="services">The <see cref="T:Microsoft.Extensions.DependencyInjection.IServiceCollection" /> for adding services.<para>用于添加服务的 <see cref="T:Microsoft.Extensions.DependencyInjection.IServiceCollection" />.</para></param>
      <param name="configureOptions">A delegate to configure the <see cref="T:Microsoft.AspNetCore.Builder.ExceptionHandlerOptions" />.<para>用于配置 <see cref="t:microsoft.aspnetcore.builder.exceptionhandleroptions" /> .</para></param>
      <returns>
        <para>
        </para>
      </returns>
    </member>
    <member name="M:Microsoft.Extensions.DependencyInjection.ExceptionHandlerServiceCollectionExtensions.AddExceptionHandler``1(Microsoft.Extensions.DependencyInjection.IServiceCollection,System.Action{Microsoft.AspNetCore.Builder.ExceptionHandlerOptions,``0})">
      <summary>Adds services and options for the exception handler middleware.<para>为异常处理程序中间件添加服务和选项.</para></summary>
      <param name="services">The <see cref="T:Microsoft.Extensions.DependencyInjection.IServiceCollection" /> for adding services.<para>用于添加服务的 <see cref="T:Microsoft.Extensions.DependencyInjection.IServiceCollection" />.</para></param>
      <param name="configureOptions">A delegate to configure the <see cref="T:Microsoft.AspNetCore.Builder.ExceptionHandlerOptions" />.<para>用于配置 <see cref="t:microsoft.aspnetcore.builder.exceptionhandleroptions" /> .</para></param>
      <returns>
        <para>
        </para>
      </returns>
    </member>
    <member name="T:Microsoft.Extensions.RazorViews.BaseView">
      <summary>Infrastructure<para>基础设施</para></summary>
    </member>
    <member name="P:Microsoft.Extensions.RazorViews.BaseView.Context">
      <summary>The request context<para>请求上下文</para></summary>
    </member>
    <member name="P:Microsoft.Extensions.RazorViews.BaseView.Request">
      <summary>The request<para>请求</para></summary>
    </member>
    <member name="P:Microsoft.Extensions.RazorViews.BaseView.Response">
      <summary>The response<para>响应</para></summary>
    </member>
    <member name="P:Microsoft.Extensions.RazorViews.BaseView.Output">
      <summary>The output stream<para>输出流</para></summary>
    </member>
    <member name="P:Microsoft.Extensions.RazorViews.BaseView.HtmlEncoder">
      <summary>Html encoder used to encode content.<para>用于对内容进行编码的 html 编码器.</para></summary>
    </member>
    <member name="P:Microsoft.Extensions.RazorViews.BaseView.UrlEncoder">
      <summary>Url encoder used to encode content.<para>用于对内容进行编码的 url 编码器.</para></summary>
    </member>
    <member name="P:Microsoft.Extensions.RazorViews.BaseView.JavaScriptEncoder">
      <summary>JavaScript encoder used to encode content.<para>用于编码内容的 javascript 编码器.</para></summary>
    </member>
    <member name="M:Microsoft.Extensions.RazorViews.BaseView.ExecuteAsync(System.IO.Stream)">
      <summary>Execute an individual request<para>执行单个请求</para></summary>
      <param name="stream">The stream to write to<para>要写入的流</para></param>
    </member>
    <member name="M:Microsoft.Extensions.RazorViews.BaseView.ExecuteAsync(Microsoft.AspNetCore.Http.HttpContext)">
      <summary>Execute an individual request<para>执行单个请求</para></summary>
      <param name="context">
        <para>
        </para>
      </param>
    </member>
    <member name="M:Microsoft.Extensions.RazorViews.BaseView.ExecuteAsync">
      <summary>Execute an individual request<para>执行单个请求</para></summary>
    </member>
    <member name="M:Microsoft.Extensions.RazorViews.BaseView.WriteLiteral(System.Object)">
      <summary>Write the given value without HTML encoding directly to <see cref="P:Microsoft.Extensions.RazorViews.BaseView.Output" />.<para>将不带 html 编码的给定值直接写入 <see cref="P:Microsoft.Extensions.RazorViews.BaseView.Output" />.</para></summary>
      <param name="value">The <see cref="T:System.Object" /> to write.<para>要写入的 <see cref="T:System.Object" />.</para></param>
    </member>
    <member name="M:Microsoft.Extensions.RazorViews.BaseView.WriteLiteral(System.String)">
      <summary>Write the given value without HTML encoding directly to <see cref="P:Microsoft.Extensions.RazorViews.BaseView.Output" />.<para>将不带 html 编码的给定值直接写入 <see cref="P:Microsoft.Extensions.RazorViews.BaseView.Output" />.</para></summary>
      <param name="value">The <see cref="T:System.String" /> to write.<para>要写入的 <see cref="T:System.String" />.</para></param>
    </member>
    <member name="M:Microsoft.Extensions.RazorViews.BaseView.WriteAttribute(System.String,System.String,System.String,Microsoft.Extensions.RazorViews.AttributeValue[])">
      <summary>Writes the given attribute to the given writer<para>将给定属性写入给定编写器</para></summary>
      <param name="name">The name of the attribute to write<para>要写入的属性的名称</para></param>
      <param name="leader">The value of the prefix<para>前缀的值</para></param>
      <param name="trailer">The value of the suffix<para>后缀的值</para></param>
      <param name="values">The <see cref="T:Microsoft.Extensions.RazorViews.AttributeValue" />s to write.<para><see cref="t:microsoft.extensions.razorviews.attributevalue" /> s来写.</para></param>
    </member>
    <member name="M:Microsoft.Extensions.RazorViews.BaseView.Write(Microsoft.Extensions.RazorViews.HelperResult)">
      <summary>
        <see cref="M:Microsoft.Extensions.RazorViews.HelperResult.WriteTo(System.IO.TextWriter)" /> is invoked<para><see cref="M:Microsoft.Extensions.RazorViews.HelperResult.WriteTo(System.IO.TextWriter)" /> 被调用</para></summary>
      <param name="result">The <see cref="T:Microsoft.Extensions.RazorViews.HelperResult" /> to invoke<para>要调用</para></param>
    </member>
    <member name="M:Microsoft.Extensions.RazorViews.BaseView.Write(System.Object)">
      <summary>Writes the specified <paramref name="value" /> to <see cref="P:Microsoft.Extensions.RazorViews.BaseView.Output" />.<para>将指定的 <paramref name="value" /> 写入 <see cref="P:Microsoft.Extensions.RazorViews.BaseView.Output" />.</para></summary>
      <param name="value">The <see cref="T:System.Object" /> to write.<para>要写入的 <see cref="T:System.Object" />.</para></param>
      <remarks>
        <see cref="M:Microsoft.Extensions.RazorViews.HelperResult.WriteTo(System.IO.TextWriter)" /> is invoked for <see cref="T:Microsoft.Extensions.RazorViews.HelperResult" /> types.
            For all other types, the encoded result of <see cref="M:System.Object.ToString" /> is written to
            <see cref="P:Microsoft.Extensions.RazorViews.BaseView.Output" />.<para><see cref="M:Microsoft.Extensions.RazorViews.HelperResult.WriteTo(System.IO.TextWriter)" /> 是为 <see cref="T:Microsoft.Extensions.RazorViews.HelperResult" /> 类型调用的. 对于所有其他类型,<see cref="M:System.Object.ToString" /> 的编码结果将写入 <see cref="P:Microsoft.Extensions.RazorViews.BaseView.Output" />.</para></remarks>
    </member>
    <member name="M:Microsoft.Extensions.RazorViews.BaseView.Write(System.String)">
      <summary>Writes the specified <paramref name="value" /> with HTML encoding to <see cref="P:Microsoft.Extensions.RazorViews.BaseView.Output" />.<para>将带有 html 编码的指定 <paramref name="value" /> 写入 <see cref="P:Microsoft.Extensions.RazorViews.BaseView.Output" />.</para></summary>
      <param name="value">The <see cref="T:System.String" /> to write.<para>要写入的 <see cref="T:System.String" />.</para></param>
    </member>
    <member name="T:Microsoft.Extensions.RazorViews.HelperResult">
      <summary>Represents a deferred write operation in a <see cref="T:Microsoft.Extensions.RazorViews.BaseView" />.<para>表示 <see cref="T:Microsoft.Extensions.RazorViews.BaseView" /> 中的延迟写入操作.</para></summary>
    </member>
    <member name="M:Microsoft.Extensions.RazorViews.HelperResult.#ctor(System.Action{System.IO.TextWriter})">
      <summary>Creates a new instance of <see cref="T:Microsoft.Extensions.RazorViews.HelperResult" />.<para>创建 <see cref="T:Microsoft.Extensions.RazorViews.HelperResult" /> 的新实例.</para></summary>
      <param name="action">The delegate to invoke when <see cref="M:Microsoft.Extensions.RazorViews.HelperResult.WriteTo(System.IO.TextWriter)" /> is called.<para>调用 <see cref="M:Microsoft.Extensions.RazorViews.HelperResult.WriteTo(System.IO.TextWriter)" /> 时要调用的委托.</para></param>
    </member>
    <member name="M:Microsoft.Extensions.RazorViews.HelperResult.WriteTo(System.IO.TextWriter)">
      <summary>Method invoked to produce content from the <see cref="T:Microsoft.Extensions.RazorViews.HelperResult" />.<para>调用的方法以从 <see cref="T:Microsoft.Extensions.RazorViews.HelperResult" /> 生成内容.</para></summary>
      <param name="writer">The <see cref="T:System.IO.TextWriter" /> instance to write to.<para>要写入的 <see cref="T:System.IO.TextWriter" /> 实例.</para></param>
    </member>
    <member name="T:Microsoft.Extensions.StackTrace.Sources.ExceptionDetails">
      <summary>Contains details for individual exception messages.<para>包含各个异常消息的详细信息.</para></summary>
    </member>
    <member name="P:Microsoft.Extensions.StackTrace.Sources.ExceptionDetails.Error">
      <summary>An individual exception<para>个别例外</para></summary>
    </member>
    <member name="P:Microsoft.Extensions.StackTrace.Sources.ExceptionDetails.StackFrames">
      <summary>The generated stack frames<para>生成的堆栈帧</para></summary>
    </member>
    <member name="P:Microsoft.Extensions.StackTrace.Sources.ExceptionDetails.ErrorMessage">
      <summary>Gets or sets the summary message.<para>获取或设置摘要消息.</para></summary>
    </member>
    <member name="T:Microsoft.Extensions.StackTrace.Sources.StackFrameSourceCodeInfo">
      <summary>Contains the source code where the exception occurred.<para>包含发生异常的源代码.</para></summary>
    </member>
    <member name="P:Microsoft.Extensions.StackTrace.Sources.StackFrameSourceCodeInfo.Function">
      <summary>Function containing instruction<para>包含指令的函数</para></summary>
    </member>
    <member name="P:Microsoft.Extensions.StackTrace.Sources.StackFrameSourceCodeInfo.File">
      <summary>File containing the instruction<para>包含指令的文件</para></summary>
    </member>
    <member name="P:Microsoft.Extensions.StackTrace.Sources.StackFrameSourceCodeInfo.Line">
      <summary>The line number of the instruction<para>指令的行号</para></summary>
    </member>
    <member name="P:Microsoft.Extensions.StackTrace.Sources.StackFrameSourceCodeInfo.PreContextLine">
      <summary>The line preceding the frame line<para>框架线前面的线</para></summary>
    </member>
    <member name="P:Microsoft.Extensions.StackTrace.Sources.StackFrameSourceCodeInfo.PreContextCode">
      <summary>Lines of code before the actual error line(s).<para>实际错误行之前的代码行.</para></summary>
    </member>
    <member name="P:Microsoft.Extensions.StackTrace.Sources.StackFrameSourceCodeInfo.ContextCode">
      <summary>Line(s) of code responsible for the error.<para>导致错误的代码行.</para></summary>
    </member>
    <member name="P:Microsoft.Extensions.StackTrace.Sources.StackFrameSourceCodeInfo.PostContextCode">
      <summary>Lines of code after the actual error line(s).<para>实际错误行之后的代码行.</para></summary>
    </member>
    <member name="P:Microsoft.Extensions.StackTrace.Sources.StackFrameSourceCodeInfo.ErrorDetails">
      <summary>Specific error details for this stack frame.<para>此堆栈帧的特定错误详细信息.</para></summary>
    </member>
    <member name="M:Microsoft.Extensions.Internal.TypeNameHelper.GetTypeDisplayName(System.Type,System.Boolean,System.Boolean,System.Boolean,System.Char)">
      <summary>Pretty print a type name.<para>漂亮地打印一个类型名称.</para></summary>
      <param name="type">The <see cref="T:System.Type" />.<para>的 <see cref="T:System.Type" />.</para></param>
      <param name="fullName">
        <c>true</c> to print a fully qualified name.<para><c>true</c> 打印完全限定的名称.</para></param>
      <param name="includeGenericParameterNames">
        <c>true</c> to include generic parameter names.<para><c>true</c> 以包含泛型参数名称.</para></param>
      <param name="includeGenericParameters">
        <c>true</c> to include generic parameters.<para><c>true</c> 以包含泛型参数.</para></param>
      <param name="nestedTypeDelimiter">Character to use as a delimiter in nested type names<para>在嵌套类型名称中用作分隔符的字符</para></param>
      <returns>The pretty printed type name.<para>漂亮的打印类型名称.</para></returns>
    </member>
  </members>
</doc>