<?xml version="1.0"?>
<doc>
  <assembly>
    <name>Microsoft.AspNetCore.Components.Forms</name>
  </assembly>
  <members>
    <member name="T:Microsoft.AspNetCore.Components.Forms.DataAnnotationsValidator">
      <summary>Adds Data Annotations validation support to an <see cref="T:Microsoft.AspNetCore.Components.Forms.EditContext" />.<para>将数据批注验证支持添加到 <see cref="t:microsoft.aspnetcore.components.forms.editcontext" /> .</para></summary>
    </member>
    <member name="M:Microsoft.AspNetCore.Components.Forms.DataAnnotationsValidator.OnInitialized">
      <inheritdoc />
    </member>
    <member name="M:Microsoft.AspNetCore.Components.Forms.DataAnnotationsValidator.OnParametersSet">
      <inheritdoc />
    </member>
    <member name="M:Microsoft.AspNetCore.Components.Forms.DataAnnotationsValidator.Dispose(System.Boolean)">
      <inheritdoc />
    </member>
    <member name="T:Microsoft.AspNetCore.Components.Forms.EditContext">
      <summary>Holds metadata related to a data editing process, such as flags to indicate which
            fields have been modified and the current set of validation messages.<para>保存与数据编辑过程相关的元数据,例如指示哪个 字段已修改,当前验证消息集已修改.</para></summary>
    </member>
    <member name="M:Microsoft.AspNetCore.Components.Forms.EditContext.#ctor(System.Object)">
      <summary>Constructs an instance of <see cref="T:Microsoft.AspNetCore.Components.Forms.EditContext" />.<para>构造 的实例 <see cref="t:microsoft.aspnetcore.components.forms.editcontext" /> .</para></summary>
      <param name="model">The model object for the <see cref="T:Microsoft.AspNetCore.Components.Forms.EditContext" />. This object should hold the data being edited, for example as a set of properties.<para>的模型对象 <see cref="t:microsoft.aspnetcore.components.forms.editcontext" /> .此对象应保存正在编辑的数据,例如作为一组属性保存.</para></param>
    </member>
    <member name="E:Microsoft.AspNetCore.Components.Forms.EditContext.OnFieldChanged">
      <summary>An event that is raised when a field value changes.<para>字段值更改时引发的事件.</para></summary>
    </member>
    <member name="E:Microsoft.AspNetCore.Components.Forms.EditContext.OnValidationRequested">
      <summary>An event that is raised when validation is requested.<para>请求验证时引发的事件.</para></summary>
    </member>
    <member name="E:Microsoft.AspNetCore.Components.Forms.EditContext.OnValidationStateChanged">
      <summary>An event that is raised when validation state has changed.<para>验证状态更改时引发的事件.</para></summary>
    </member>
    <member name="M:Microsoft.AspNetCore.Components.Forms.EditContext.Field(System.String)">
      <summary>Supplies a <see cref="T:Microsoft.AspNetCore.Components.Forms.FieldIdentifier" /> corresponding to a specified field name
            on this <see cref="T:Microsoft.AspNetCore.Components.Forms.EditContext" />'s <see cref="P:Microsoft.AspNetCore.Components.Forms.EditContext.Model" />.<para>耗材 <see cref="t:microsoft.aspnetcore.components.forms.fieldidentifier" /> 对应于指定的字段名称 关于这个 <see cref="t:microsoft.aspnetcore.components.forms.editcontext" /> 的 <see cref="p:microsoft.aspnetcore.components.forms.editcontext.model" /> .</para></summary>
      <param name="fieldName">The name of the editable field.<para>可编辑字段的名称.</para></param>
      <returns>A <see cref="T:Microsoft.AspNetCore.Components.Forms.FieldIdentifier" /> corresponding to a specified field name on this <see cref="T:Microsoft.AspNetCore.Components.Forms.EditContext" />'s <see cref="P:Microsoft.AspNetCore.Components.Forms.EditContext.Model" />.<para>一个 <see cref="t:microsoft.aspnetcore.components.forms.fieldidentifier" /> 对应于此上的指定字段名称 <see cref="t:microsoft.aspnetcore.components.forms.editcontext" /> 的 <see cref="p:microsoft.aspnetcore.components.forms.editcontext.model" /> .</para></returns>
    </member>
    <member name="P:Microsoft.AspNetCore.Components.Forms.EditContext.Model">
      <summary>Gets the model object for this <see cref="T:Microsoft.AspNetCore.Components.Forms.EditContext" />.<para>获取此对象的模型对象 <see cref="t:microsoft.aspnetcore.components.forms.editcontext" /> .</para></summary>
    </member>
    <member name="P:Microsoft.AspNetCore.Components.Forms.EditContext.Properties">
      <summary>Gets a collection of arbitrary properties associated with this instance.<para>获取与此实例关联的任意属性的集合.</para></summary>
    </member>
    <member name="M:Microsoft.AspNetCore.Components.Forms.EditContext.NotifyFieldChanged(Microsoft.AspNetCore.Components.Forms.FieldIdentifier@)">
      <summary>Signals that the value for the specified field has changed.<para>指示指定字段的值已更改.</para></summary>
      <param name="fieldIdentifier">Identifies the field whose value has been changed.<para>标识其值已更改的字段.</para></param>
    </member>
    <member name="M:Microsoft.AspNetCore.Components.Forms.EditContext.NotifyValidationStateChanged">
      <summary>Signals that some aspect of validation state has changed.<para>指示验证状态的某些方面已更改.</para></summary>
    </member>
    <member name="M:Microsoft.AspNetCore.Components.Forms.EditContext.MarkAsUnmodified(Microsoft.AspNetCore.Components.Forms.FieldIdentifier@)">
      <summary>Clears any modification flag that may be tracked for the specified field.<para>清除可能为指定字段跟踪的任何修改标志.</para></summary>
      <param name="fieldIdentifier">Identifies the field whose modification flag (if any) should be cleared.<para>标识应清除其修改标志（如果有）的字段.</para></param>
    </member>
    <member name="M:Microsoft.AspNetCore.Components.Forms.EditContext.MarkAsUnmodified">
      <summary>Clears all modification flags within this <see cref="T:Microsoft.AspNetCore.Components.Forms.EditContext" />.<para>清除此标志中的所有修改标志 <see cref="t:microsoft.aspnetcore.components.forms.editcontext" /> .</para></summary>
    </member>
    <member name="M:Microsoft.AspNetCore.Components.Forms.EditContext.IsModified">
      <summary>Determines whether any of the fields in this <see cref="T:Microsoft.AspNetCore.Components.Forms.EditContext" /> have been modified.<para>确定此字段中是否有任何字段 <see cref="t:microsoft.aspnetcore.components.forms.editcontext" /> 已被修改.</para></summary>
      <returns>True if any of the fields in this <see cref="T:Microsoft.AspNetCore.Components.Forms.EditContext" /> have been modified; otherwise false.<para>如果此字段中有任何字段,则为 true. <see cref="t:microsoft.aspnetcore.components.forms.editcontext" /> 已被修改;否则为假.</para></returns>
    </member>
    <member name="M:Microsoft.AspNetCore.Components.Forms.EditContext.GetValidationMessages">
      <summary>Gets the current validation messages across all fields.
            
             This method does not perform validation itself. It only returns messages determined by previous validation actions.<para>获取所有字段中的当前验证消息. 此方法本身不执行验证.它仅返回由以前的验证操作确定的消息.</para></summary>
      <returns>The current validation messages.<para>当前验证消息.</para></returns>
    </member>
    <member name="M:Microsoft.AspNetCore.Components.Forms.EditContext.GetValidationMessages(Microsoft.AspNetCore.Components.Forms.FieldIdentifier)">
      <summary>Gets the current validation messages for the specified field.
            
             This method does not perform validation itself. It only returns messages determined by previous validation actions.<para>获取指定字段的当前验证消息. 此方法本身不执行验证.它仅返回由以前的验证操作确定的消息.</para></summary>
      <param name="fieldIdentifier">Identifies the field whose current validation messages should be returned.<para>标识应返回其当前验证消息的字段.</para></param>
      <returns>The current validation messages for the specified field.<para>指定字段的当前验证消息.</para></returns>
    </member>
    <member name="M:Microsoft.AspNetCore.Components.Forms.EditContext.GetValidationMessages(System.Linq.Expressions.Expression{System.Func{System.Object}})">
      <summary>Gets the current validation messages for the specified field.
            
             This method does not perform validation itself. It only returns messages determined by previous validation actions.<para>获取指定字段的当前验证消息. 此方法本身不执行验证.它仅返回由以前的验证操作确定的消息.</para></summary>
      <param name="accessor">Identifies the field whose current validation messages should be returned.<para>标识应返回其当前验证消息的字段.</para></param>
      <returns>The current validation messages for the specified field.<para>指定字段的当前验证消息.</para></returns>
    </member>
    <member name="M:Microsoft.AspNetCore.Components.Forms.EditContext.IsModified(Microsoft.AspNetCore.Components.Forms.FieldIdentifier@)">
      <summary>Determines whether the specified fields in this <see cref="T:Microsoft.AspNetCore.Components.Forms.EditContext" /> has been modified.<para>确定此字段中的指定字段是否 <see cref="t:microsoft.aspnetcore.components.forms.editcontext" /> 已被修改.</para></summary>
      <returns>True if the field has been modified; otherwise false.<para>如果字段已被修改,则为 true;否则为假.</para></returns>
    </member>
    <member name="M:Microsoft.AspNetCore.Components.Forms.EditContext.IsModified(System.Linq.Expressions.Expression{System.Func{System.Object}})">
      <summary>Determines whether the specified fields in this <see cref="T:Microsoft.AspNetCore.Components.Forms.EditContext" /> has been modified.<para>确定此字段中的指定字段是否 <see cref="t:microsoft.aspnetcore.components.forms.editcontext" /> 已被修改.</para></summary>
      <param name="accessor">Identifies the field whose current validation messages should be returned.<para>标识应返回其当前验证消息的字段.</para></param>
      <returns>True if the field has been modified; otherwise false.<para>如果字段已被修改,则为 true;否则为假.</para></returns>
    </member>
    <member name="M:Microsoft.AspNetCore.Components.Forms.EditContext.Validate">
      <summary>Validates this <see cref="T:Microsoft.AspNetCore.Components.Forms.EditContext" />.<para>验证这一点 <see cref="t:microsoft.aspnetcore.components.forms.editcontext" /> .</para></summary>
      <returns>True if there are no validation messages after validation; otherwise false.<para>如果验证后没有验证消息,则为 true;否则为假.</para></returns>
    </member>
    <member name="T:Microsoft.AspNetCore.Components.Forms.EditContextDataAnnotationsExtensions">
      <summary>Extension methods to add DataAnnotations validation to an <see cref="T:Microsoft.AspNetCore.Components.Forms.EditContext" />.<para>用于将数据批注验证添加到 <see cref="t:microsoft.aspnetcore.components.forms.editcontext" /> .</para></summary>
    </member>
    <member name="M:Microsoft.AspNetCore.Components.Forms.EditContextDataAnnotationsExtensions.AddDataAnnotationsValidation(Microsoft.AspNetCore.Components.Forms.EditContext)">
      <summary>Adds DataAnnotations validation support to the <see cref="T:Microsoft.AspNetCore.Components.Forms.EditContext" />.<para>将数据注释验证支持添加到 <see cref="t:microsoft.aspnetcore.components.forms.editcontext" /> .</para></summary>
      <param name="editContext">The <see cref="T:Microsoft.AspNetCore.Components.Forms.EditContext" />.<para>这 <see cref="t:microsoft.aspnetcore.components.forms.editcontext" /> .</para></param>
    </member>
    <member name="M:Microsoft.AspNetCore.Components.Forms.EditContextDataAnnotationsExtensions.EnableDataAnnotationsValidation(Microsoft.AspNetCore.Components.Forms.EditContext)">
      <summary>Enables DataAnnotations validation support for the <see cref="T:Microsoft.AspNetCore.Components.Forms.EditContext" />.<para>启用对 的数据批注验证支持 <see cref="t:microsoft.aspnetcore.components.forms.editcontext" /> .</para></summary>
      <param name="editContext">The <see cref="T:Microsoft.AspNetCore.Components.Forms.EditContext" />.<para>这 <see cref="t:microsoft.aspnetcore.components.forms.editcontext" /> .</para></param>
      <returns>A disposable object whose disposal will remove DataAnnotations validation support from the <see cref="T:Microsoft.AspNetCore.Components.Forms.EditContext" />.<para>一次性对象,其处置将从 <see cref="t:microsoft.aspnetcore.components.forms.editcontext" /> .</para></returns>
    </member>
    <member name="M:Microsoft.AspNetCore.Components.Forms.EditContextDataAnnotationsExtensions.EnableDataAnnotationsValidation(Microsoft.AspNetCore.Components.Forms.EditContext,System.IServiceProvider)">
      <summary>Enables DataAnnotations validation support for the <see cref="T:Microsoft.AspNetCore.Components.Forms.EditContext" />.<para>启用对 的数据批注验证支持 <see cref="t:microsoft.aspnetcore.components.forms.editcontext" /> .</para></summary>
      <param name="editContext">The <see cref="T:Microsoft.AspNetCore.Components.Forms.EditContext" />.<para>这 <see cref="t:microsoft.aspnetcore.components.forms.editcontext" /> .</para></param>
      <param name="serviceProvider">The <see cref="T:System.IServiceProvider" /> to be used in the <see cref="T:System.ComponentModel.DataAnnotations.ValidationContext" />.<para>要在 <see cref="t:system.componentmodel.dataannotations.validationcontext" /> .</para></param>
      <returns>A disposable object whose disposal will remove DataAnnotations validation support from the <see cref="T:Microsoft.AspNetCore.Components.Forms.EditContext" />.<para>一次性对象,其处置将从 <see cref="t:microsoft.aspnetcore.components.forms.editcontext" /> .</para></returns>
    </member>
    <member name="T:Microsoft.AspNetCore.Components.Forms.EditContextProperties">
      <summary>Holds arbitrary key/value pairs associated with an <see cref="T:Microsoft.AspNetCore.Components.Forms.EditContext" />.
            This can be used to track additional metadata for application-specific purposes.<para>保存与 <see cref="t:microsoft.aspnetcore.components.forms.editcontext" /> . 这可用于跟踪其他元数据,以用于特定于应用程序的目的.</para></summary>
    </member>
    <member name="P:Microsoft.AspNetCore.Components.Forms.EditContextProperties.Item(System.Object)">
      <summary>Gets or sets a value in the collection.<para>获取或设置集合中的值.</para></summary>
      <param name="key">The key under which the value is stored.<para>存储值的键.</para></param>
      <returns>The stored value.<para>存储的值.</para></returns>
    </member>
    <member name="M:Microsoft.AspNetCore.Components.Forms.EditContextProperties.TryGetValue(System.Object,System.Object@)">
      <summary>Gets the value associated with the specified key, if any.<para>获取与指定键关联的值（如果有）.</para></summary>
      <param name="key">The key under which the value is stored.<para>存储值的键.</para></param>
      <param name="value">The value, if present.<para>值（如果存在）.</para></param>
      <returns>True if the value was present, otherwise false.<para>如果值存在,则为 true,否则为 false.</para></returns>
    </member>
    <member name="M:Microsoft.AspNetCore.Components.Forms.EditContextProperties.Remove(System.Object)">
      <summary>Removes the specified entry from the collection.<para>从集合中删除指定的条目.</para></summary>
      <param name="key">The key of the entry to be removed.<para>要删除的条目的键.</para></param>
      <returns>True if the value was present, otherwise false.<para>如果值存在,则为 true,否则为 false.</para></returns>
    </member>
    <member name="T:Microsoft.AspNetCore.Components.Forms.FieldChangedEventArgs">
      <summary>Provides information about the <see cref="E:Microsoft.AspNetCore.Components.Forms.EditContext.OnFieldChanged" /> event.<para>提供有关 <see cref="e:microsoft.aspnetcore.components.forms.editcontext.onfieldchanged" /> 事件.</para></summary>
    </member>
    <member name="M:Microsoft.AspNetCore.Components.Forms.FieldChangedEventArgs.#ctor(Microsoft.AspNetCore.Components.Forms.FieldIdentifier@)">
      <summary>Creates a new instance of <see cref="T:Microsoft.AspNetCore.Components.Forms.FieldChangedEventArgs" />.<para>创建 的新实例 <see cref="t:microsoft.aspnetcore.components.forms.fieldchangedeventargs" /> .</para></summary>
      <param name="fieldIdentifier">The <see cref="T:Microsoft.AspNetCore.Components.Forms.FieldIdentifier" /><para>这 <see cref="t:microsoft.aspnetcore.components.forms.fieldidentifier" /></para></param>
    </member>
    <member name="P:Microsoft.AspNetCore.Components.Forms.FieldChangedEventArgs.FieldIdentifier">
      <summary>Identifies the field whose value has changed.<para>标识其值已更改的字段.</para></summary>
    </member>
    <member name="T:Microsoft.AspNetCore.Components.Forms.FieldIdentifier">
      <summary>Uniquely identifies a single field that can be edited. This may correspond to a property on a
            model object, or can be any other named value.<para>唯一标识可编辑的单个字段.这可能对应于 模型对象,也可以是任何其他命名值.</para></summary>
    </member>
    <member name="M:Microsoft.AspNetCore.Components.Forms.FieldIdentifier.Create``1(System.Linq.Expressions.Expression{System.Func{``0}})">
      <summary>Initializes a new instance of the <see cref="T:Microsoft.AspNetCore.Components.Forms.FieldIdentifier" /> structure.<para>初始化 <see cref="t:microsoft.aspnetcore.components.forms.fieldidentifier" /> 结构.</para></summary>
      <param name="accessor">An expression that identifies an object member.<para>标识对象成员的表达式.</para></param>
      <typeparam name="TField">The field <see cref="T:System.Type" />.<para>字段 <see cref="T:System.Type" />.</para></typeparam>
    </member>
    <member name="M:Microsoft.AspNetCore.Components.Forms.FieldIdentifier.#ctor(System.Object,System.String)">
      <summary>Initializes a new instance of the <see cref="T:Microsoft.AspNetCore.Components.Forms.FieldIdentifier" /> structure.<para>初始化 <see cref="t:microsoft.aspnetcore.components.forms.fieldidentifier" /> 结构.</para></summary>
      <param name="model">The object that owns the field.<para>拥有字段的对象.</para></param>
      <param name="fieldName">The name of the editable field.<para>可编辑字段的名称.</para></param>
    </member>
    <member name="P:Microsoft.AspNetCore.Components.Forms.FieldIdentifier.Model">
      <summary>Gets the object that owns the editable field.<para>获取拥有可编辑字段的对象.</para></summary>
    </member>
    <member name="P:Microsoft.AspNetCore.Components.Forms.FieldIdentifier.FieldName">
      <summary>Gets the name of the editable field.<para>获取可编辑字段的名称.</para></summary>
    </member>
    <member name="M:Microsoft.AspNetCore.Components.Forms.FieldIdentifier.GetHashCode">
      <inheritdoc />
    </member>
    <member name="M:Microsoft.AspNetCore.Components.Forms.FieldIdentifier.Equals(System.Object)">
      <inheritdoc />
    </member>
    <member name="M:Microsoft.AspNetCore.Components.Forms.FieldIdentifier.Equals(Microsoft.AspNetCore.Components.Forms.FieldIdentifier)">
      <inheritdoc />
    </member>
    <member name="T:Microsoft.AspNetCore.Components.Forms.ValidationMessageStore">
      <summary>Holds validation messages for an <see cref="T:Microsoft.AspNetCore.Components.Forms.EditContext" />.<para>保存验证消息 <see cref="t:microsoft.aspnetcore.components.forms.editcontext" /> .</para></summary>
    </member>
    <member name="M:Microsoft.AspNetCore.Components.Forms.ValidationMessageStore.#ctor(Microsoft.AspNetCore.Components.Forms.EditContext)">
      <summary>Creates an instance of <see cref="T:Microsoft.AspNetCore.Components.Forms.ValidationMessageStore" />.<para>创建 的实例 <see cref="t:microsoft.aspnetcore.components.forms.validationmessagestore" /> .</para></summary>
      <param name="editContext">The <see cref="T:Microsoft.AspNetCore.Components.Forms.EditContext" /> with which this store should be associated.<para>这 <see cref="t:microsoft.aspnetcore.components.forms.editcontext" /> 应与此存储相关联.</para></param>
    </member>
    <member name="M:Microsoft.AspNetCore.Components.Forms.ValidationMessageStore.Add(Microsoft.AspNetCore.Components.Forms.FieldIdentifier@,System.String)">
      <summary>Adds a validation message for the specified field.<para>为指定字段添加验证消息.</para></summary>
      <param name="fieldIdentifier">The identifier for the field.<para>字段的标识符.</para></param>
      <param name="message">The validation message.<para>验证消息.</para></param>
    </member>
    <member name="M:Microsoft.AspNetCore.Components.Forms.ValidationMessageStore.Add(System.Linq.Expressions.Expression{System.Func{System.Object}},System.String)">
      <summary>Adds a validation message for the specified field.<para>为指定字段添加验证消息.</para></summary>
      <param name="accessor">Identifies the field for which to add the message.<para>标识要为其添加消息的字段.</para></param>
      <param name="message">The validation message.<para>验证消息.</para></param>
    </member>
    <member name="M:Microsoft.AspNetCore.Components.Forms.ValidationMessageStore.Add(Microsoft.AspNetCore.Components.Forms.FieldIdentifier@,System.Collections.Generic.IEnumerable{System.String})">
      <summary>Adds the messages from the specified collection for the specified field.<para>为指定字段添加指定集合中的消息.</para></summary>
      <param name="fieldIdentifier">The identifier for the field.<para>字段的标识符.</para></param>
      <param name="messages">The validation messages to be added.<para>要添加的验证消息.</para></param>
    </member>
    <member name="M:Microsoft.AspNetCore.Components.Forms.ValidationMessageStore.Add(System.Linq.Expressions.Expression{System.Func{System.Object}},System.Collections.Generic.IEnumerable{System.String})">
      <summary>Adds the messages from the specified collection for the specified field.<para>为指定字段添加指定集合中的消息.</para></summary>
      <param name="accessor">Identifies the field for which to add the messages.<para>标识要为其添加消息的字段.</para></param>
      <param name="messages">The validation messages to be added.<para>要添加的验证消息.</para></param>
    </member>
    <member name="P:Microsoft.AspNetCore.Components.Forms.ValidationMessageStore.Item(Microsoft.AspNetCore.Components.Forms.FieldIdentifier)">
      <summary>Gets the validation messages within this <see cref="T:Microsoft.AspNetCore.Components.Forms.ValidationMessageStore" /> for the specified field.
            
             To get the validation messages across all validation message stores, use <see cref="M:Microsoft.AspNetCore.Components.Forms.EditContext.GetValidationMessages(Microsoft.AspNetCore.Components.Forms.FieldIdentifier)" /> instead<para>获取其中的验证消息 <see cref="t:microsoft.aspnetcore.components.forms.validationmessagestore" /> 对于指定的字段. 若要跨所有验证消息存储获取验证消息,请使用 <see cref="m:microsoft.aspnetcore.components.forms.editcontext.getvalidationmessages（microsoft.aspnetcore.components.forms.fieldidentifier）" /> 相反</para></summary>
      <param name="fieldIdentifier">The identifier for the field.<para>字段的标识符.</para></param>
      <returns>The validation messages for the specified field within this <see cref="T:Microsoft.AspNetCore.Components.Forms.ValidationMessageStore" />.<para>此字段中指定字段的验证消息 <see cref="t:microsoft.aspnetcore.components.forms.validationmessagestore" /> .</para></returns>
    </member>
    <member name="P:Microsoft.AspNetCore.Components.Forms.ValidationMessageStore.Item(System.Linq.Expressions.Expression{System.Func{System.Object}})">
      <summary>Gets the validation messages within this <see cref="T:Microsoft.AspNetCore.Components.Forms.ValidationMessageStore" /> for the specified field.
            
             To get the validation messages across all validation message stores, use <see cref="M:Microsoft.AspNetCore.Components.Forms.EditContext.GetValidationMessages(Microsoft.AspNetCore.Components.Forms.FieldIdentifier)" /> instead<para>获取其中的验证消息 <see cref="t:microsoft.aspnetcore.components.forms.validationmessagestore" /> 对于指定的字段. 若要跨所有验证消息存储获取验证消息,请使用 <see cref="m:microsoft.aspnetcore.components.forms.editcontext.getvalidationmessages（microsoft.aspnetcore.components.forms.fieldidentifier）" /> 相反</para></summary>
      <param name="accessor">The identifier for the field.<para>字段的标识符.</para></param>
      <returns>The validation messages for the specified field within this <see cref="T:Microsoft.AspNetCore.Components.Forms.ValidationMessageStore" />.<para>此字段中指定字段的验证消息 <see cref="t:microsoft.aspnetcore.components.forms.validationmessagestore" /> .</para></returns>
    </member>
    <member name="M:Microsoft.AspNetCore.Components.Forms.ValidationMessageStore.Clear">
      <summary>Removes all messages within this <see cref="T:Microsoft.AspNetCore.Components.Forms.ValidationMessageStore" />.<para>删除此邮件中的所有邮件 <see cref="t:microsoft.aspnetcore.components.forms.validationmessagestore" /> .</para></summary>
    </member>
    <member name="M:Microsoft.AspNetCore.Components.Forms.ValidationMessageStore.Clear(System.Linq.Expressions.Expression{System.Func{System.Object}})">
      <summary>Removes all messages within this <see cref="T:Microsoft.AspNetCore.Components.Forms.ValidationMessageStore" /> for the specified field.<para>删除此邮件中的所有邮件 <see cref="t:microsoft.aspnetcore.components.forms.validationmessagestore" /> 对于指定的字段.</para></summary>
      <param name="accessor">Identifies the field for which to remove the messages.<para>标识要删除其消息的字段.</para></param>
    </member>
    <member name="M:Microsoft.AspNetCore.Components.Forms.ValidationMessageStore.Clear(Microsoft.AspNetCore.Components.Forms.FieldIdentifier@)">
      <summary>Removes all messages within this <see cref="T:Microsoft.AspNetCore.Components.Forms.ValidationMessageStore" /> for the specified field.<para>删除此邮件中的所有邮件 <see cref="t:microsoft.aspnetcore.components.forms.validationmessagestore" /> 对于指定的字段.</para></summary>
      <param name="fieldIdentifier">The identifier for the field.<para>字段的标识符.</para></param>
    </member>
    <member name="T:Microsoft.AspNetCore.Components.Forms.ValidationRequestedEventArgs">
      <summary>Provides information about the <see cref="E:Microsoft.AspNetCore.Components.Forms.EditContext.OnValidationRequested" /> event.<para>提供有关 <see cref="e:microsoft.aspnetcore.components.forms.editcontext.onvalidationrequest" /> 事件.</para></summary>
    </member>
    <member name="F:Microsoft.AspNetCore.Components.Forms.ValidationRequestedEventArgs.Empty">
      <summary>Gets a shared empty instance of <see cref="T:Microsoft.AspNetCore.Components.Forms.ValidationRequestedEventArgs" />.<para>获取 的共享空实例 <see cref="t:microsoft.aspnetcore.components.forms.validationrequesteventargs" /> .</para></summary>
    </member>
    <member name="M:Microsoft.AspNetCore.Components.Forms.ValidationRequestedEventArgs.#ctor">
      <summary>Creates a new instance of <see cref="T:Microsoft.AspNetCore.Components.Forms.ValidationRequestedEventArgs" />.<para>创建 的新实例 <see cref="t:microsoft.aspnetcore.components.forms.validationrequesteventargs" /> .</para></summary>
    </member>
    <member name="T:Microsoft.AspNetCore.Components.Forms.ValidationStateChangedEventArgs">
      <summary>Provides information about the <see cref="E:Microsoft.AspNetCore.Components.Forms.EditContext.OnValidationStateChanged" /> event.<para>提供有关 <see cref="e:microsoft.aspnetcore.components.forms.editcontext.onvalidationstatechanged" /> 事件.</para></summary>
    </member>
    <member name="F:Microsoft.AspNetCore.Components.Forms.ValidationStateChangedEventArgs.Empty">
      <summary>Gets a shared empty instance of <see cref="T:Microsoft.AspNetCore.Components.Forms.ValidationStateChangedEventArgs" />.<para>获取 的共享空实例 <see cref="t:microsoft.aspnetcore.components.forms.validationstatechangedeventargs" /> .</para></summary>
    </member>
    <member name="M:Microsoft.AspNetCore.Components.Forms.ValidationStateChangedEventArgs.#ctor">
      <summary>Creates a new instance of <see cref="T:Microsoft.AspNetCore.Components.Forms.ValidationStateChangedEventArgs" /><para>创建 的新实例 <see cref="t:microsoft.aspnetcore.components.forms.validationstatechangedeventargs" /></para></summary>
    </member>
  </members>
</doc>