<?xml version="1.0"?>
<doc>
  <assembly>
    <name>Microsoft.Extensions.Diagnostics.HealthChecks</name>
  </assembly>
  <members>
    <member name="T:Microsoft.Extensions.Diagnostics.HealthChecks.DelegateHealthCheck">
      <summary>A simple implementation of <see cref="T:Microsoft.Extensions.Diagnostics.HealthChecks.IHealthCheck" /> which uses a provided delegate to
            implement the check.<para><see cref="T:Microsoft.Extensions.Diagnostics.HealthChecks.IHealthCheck" /> 的简单实现,它使用提供的委托来 实施检查.</para></summary>
    </member>
    <member name="M:Microsoft.Extensions.Diagnostics.HealthChecks.DelegateHealthCheck.#ctor(System.Func{System.Threading.CancellationToken,System.Threading.Tasks.Task{Microsoft.Extensions.Diagnostics.HealthChecks.HealthCheckResult}})">
      <summary>Create an instance of <see cref="T:Microsoft.Extensions.Diagnostics.HealthChecks.DelegateHealthCheck" /> from the specified delegate.<para>从指定的委托创建 <see cref="T:Microsoft.Extensions.Diagnostics.HealthChecks.DelegateHealthCheck" /> 的实例.</para></summary>
      <param name="check">A delegate which provides the code to execute when the health check is run.<para>一个委托,它提供运行运行状况检查时要执行的代码.</para></param>
    </member>
    <member name="M:Microsoft.Extensions.Diagnostics.HealthChecks.DelegateHealthCheck.CheckHealthAsync(Microsoft.Extensions.Diagnostics.HealthChecks.HealthCheckContext,System.Threading.CancellationToken)">
      <summary>Runs the health check, returning the status of the component being checked.<para>运行运行状况检查,返回正在检查的组件的状态.</para></summary>
      <param name="context">A context object associated with the current execution.<para>与当前执行关联的上下文对象.</para></param>
      <param name="cancellationToken">A <see cref="T:System.Threading.CancellationToken" /> that can be used to cancel the health check.<para>可用于取消运行状况检查的 <see cref="T:System.Threading.CancellationToken" />.</para></param>
      <returns>A <see cref="T:System.Threading.Tasks.Task`1" /> that completes when the health check has finished, yielding the status of the component being checked.<para>一个 <see cref="T:System.Threading.Tasks.Task`1" />,在运行状况检查完成后完成,生成正在检查的组件的状态.</para></returns>
    </member>
    <member name="M:Microsoft.Extensions.Diagnostics.HealthChecks.HealthCheckLogScope.#ctor(System.String)">
      <summary>Creates a new instance of <see cref="T:Microsoft.Extensions.Diagnostics.HealthChecks.HealthCheckLogScope" /> with the provided name.<para>使用提供的名称创建 <see cref="T:Microsoft.Extensions.Diagnostics.HealthChecks.HealthCheckLogScope" /> 的新实例.</para></summary>
      <param name="healthCheckName">The name of the health check being executed.<para>正在执行的运行状况检查的名称.</para></param>
    </member>
    <member name="T:Microsoft.Extensions.Diagnostics.HealthChecks.HealthCheckPublisherOptions">
      <summary>Options for the default service that executes <see cref="T:Microsoft.Extensions.Diagnostics.HealthChecks.IHealthCheckPublisher" /> instances.<para>执行 <see cref="T:Microsoft.Extensions.Diagnostics.HealthChecks.IHealthCheckPublisher" /> 实例的默认服务的选项.</para></summary>
    </member>
    <member name="M:Microsoft.Extensions.Diagnostics.HealthChecks.HealthCheckPublisherOptions.#ctor">
      <summary>Creates a new instance of <see cref="T:Microsoft.Extensions.Diagnostics.HealthChecks.HealthCheckPublisherOptions" />.<para>创建 <see cref="T:Microsoft.Extensions.Diagnostics.HealthChecks.HealthCheckPublisherOptions" /> 的新实例.</para></summary>
    </member>
    <member name="P:Microsoft.Extensions.Diagnostics.HealthChecks.HealthCheckPublisherOptions.Delay">
      <summary>Gets or sets the initial delay applied after the application starts before executing
            <see cref="T:Microsoft.Extensions.Diagnostics.HealthChecks.IHealthCheckPublisher" /> instances. The delay is applied once at startup, and does
            not apply to subsequent iterations. The default value is 5 seconds.<para>获取或设置在应用程序启动后执行之前应用的初始延迟 <see cref="T:Microsoft.Extensions.Diagnostics.HealthChecks.IHealthCheckPublisher" /> 实例.延迟在启动时应用一次,并且确实 不适用于后续迭代.默认值为 5 秒.</para></summary>
    </member>
    <member name="P:Microsoft.Extensions.Diagnostics.HealthChecks.HealthCheckPublisherOptions.Period">
      <summary>Gets or sets the period of <see cref="T:Microsoft.Extensions.Diagnostics.HealthChecks.IHealthCheckPublisher" /> execution. The default value is
            30 seconds.<para>获取或设置 <see cref="T:Microsoft.Extensions.Diagnostics.HealthChecks.IHealthCheckPublisher" /> 执行的周期.默认值为 30秒.</para></summary>
      <remarks>The <see cref="P:Microsoft.Extensions.Diagnostics.HealthChecks.HealthCheckPublisherOptions.Period" /> cannot be set to a value lower than 1 second.<para>不能将 <see cref="P:Microsoft.Extensions.Diagnostics.HealthChecks.HealthCheckPublisherOptions.Period" /> 设置为小于 1 秒的值.</para></remarks>
    </member>
    <member name="P:Microsoft.Extensions.Diagnostics.HealthChecks.HealthCheckPublisherOptions.Predicate">
      <summary>Gets or sets a predicate that is used to filter the set of health checks executed.<para>获取或设置用于筛选执行的运行状况检查集的谓词.</para></summary>
      <remarks>If <see cref="P:Microsoft.Extensions.Diagnostics.HealthChecks.HealthCheckPublisherOptions.Predicate" /> is <c>null</c>, the health check publisher service will run all
            registered health checks - this is the default behavior. To run a subset of health checks,
            provide a function that filters the set of checks. The predicate will be evaluated each period.<para>如果 <see cref="P:Microsoft.Extensions.Diagnostics.HealthChecks.HealthCheckPublisherOptions.Predicate" /> 为 <c>null</c>,则运行状况检查发布者服务将运行所有 已注册的运行状况检查 - 这是默认行为.要运行一部分运行状况检查, 提供筛选检查集的函数.将在每个期间评估谓词.</para></remarks>
    </member>
    <member name="P:Microsoft.Extensions.Diagnostics.HealthChecks.HealthCheckPublisherOptions.Timeout">
      <summary>Gets or sets the timeout for executing the health checks an all <see cref="T:Microsoft.Extensions.Diagnostics.HealthChecks.IHealthCheckPublisher" />
            instances. Use <see cref="F:System.Threading.Timeout.InfiniteTimeSpan" /> to execute with no timeout.
            The default value is 30 seconds.<para>获取或设置执行运行状况检查的超时 <see cref="T:Microsoft.Extensions.Diagnostics.HealthChecks.IHealthCheckPublisher" /> 实例.使用 <see cref="F:System.Threading.Timeout.InfiniteTimeSpan" /> 执行,不超时. 默认值为 30 秒.</para></summary>
    </member>
    <member name="T:Microsoft.Extensions.Diagnostics.HealthChecks.HealthCheckService">
      <summary>A service which can be used to check the status of <see cref="T:Microsoft.Extensions.Diagnostics.HealthChecks.IHealthCheck" /> instances
            registered in the application.<para>可用于检查 <see cref="T:Microsoft.Extensions.Diagnostics.HealthChecks.IHealthCheck" /> 实例状态的服务 在应用程序中注册.</para></summary>
      <remarks>
        <para>
            The default implementation of <see cref="T:Microsoft.Extensions.Diagnostics.HealthChecks.HealthCheckService" /> is registered in the dependency
            injection container as a singleton service by calling
            <see cref="M:Microsoft.Extensions.DependencyInjection.HealthCheckServiceCollectionExtensions.AddHealthChecks(Microsoft.Extensions.DependencyInjection.IServiceCollection)" />.
            </para>
        <para>
            The <see cref="T:Microsoft.Extensions.DependencyInjection.IHealthChecksBuilder" /> returned by
            <see cref="M:Microsoft.Extensions.DependencyInjection.HealthCheckServiceCollectionExtensions.AddHealthChecks(Microsoft.Extensions.DependencyInjection.IServiceCollection)" />
            provides a convenience API for registering health checks.
            </para>
        <para>
          <see cref="T:Microsoft.Extensions.Diagnostics.HealthChecks.IHealthCheck" /> implementations can be registered through extension methods provided by
            <see cref="T:Microsoft.Extensions.DependencyInjection.IHealthChecksBuilder" />.
            </para>
        <para>
          <para> 的默认实现 <see cref="t:microsoft.extensions.diagnostics.healthchecks.healthcheckservice" /> 在依赖项中注册 通过调用将容器注入为单一实例服务 <see cref="m:microsoft.extensions.dependencyinjection.healthcheckservicecollectionextensions.addhealthchecks（microsoft.extensions.dependencyinjection.iservicecollection）" /> . </para>
          <para> 这 <see cref="t:microsoft.extensions.dependencyinjection.ihealthchecksbuilder" /> 返回者 <see cref="m:microsoft.extensions.dependencyinjection.healthcheckservicecollectionextensions.addhealthchecks（microsoft.extensions.dependencyinjection.iservicecollection）" /> 提供用于注册运行状况检查的便捷 api. </para>
          <para> <see cref="t:microsoft.extensions.diagnostics.healthchecks.ihealthcheck" /> 可以通过 提供的扩展方法注册实现 <see cref="t:microsoft.extensions.dependencyinjection.ihealthchecksbuilder" /> . </para>
        </para>
      </remarks>
    </member>
    <member name="M:Microsoft.Extensions.Diagnostics.HealthChecks.HealthCheckService.CheckHealthAsync(System.Threading.CancellationToken)">
      <summary>Runs all the health checks in the application and returns the aggregated status.<para>运行应用程序中的所有运行状况检查并返回聚合状态.</para></summary>
      <param name="cancellationToken">A <see cref="T:System.Threading.CancellationToken" /> which can be used to cancel the health checks.<para>一个 <see cref="T:System.Threading.CancellationToken" />,可用于取消运行状况检查.</para></param>
      <returns>A <see cref="T:System.Threading.Tasks.Task`1" /> which will complete when all the health checks have been run,
            yielding a <see cref="T:Microsoft.Extensions.Diagnostics.HealthChecks.HealthReport" /> containing the results.<para>一个 <see cref="T:System.Threading.Tasks.Task`1" />,它将在运行所有运行状况检查后完成, 生成包含结果的 <see cref="T:Microsoft.Extensions.Diagnostics.HealthChecks.HealthReport" />.</para></returns>
    </member>
    <member name="M:Microsoft.Extensions.Diagnostics.HealthChecks.HealthCheckService.CheckHealthAsync(System.Func{Microsoft.Extensions.Diagnostics.HealthChecks.HealthCheckRegistration,System.Boolean},System.Threading.CancellationToken)">
      <summary>Runs the provided health checks and returns the aggregated status<para>运行提供的运行状况检查并返回聚合状态</para></summary>
      <param name="predicate">A predicate that can be used to include health checks based on user-defined criteria.<para>可用于包含基于用户定义的条件的运行状况检查的谓词.</para></param>
      <param name="cancellationToken">A <see cref="T:System.Threading.CancellationToken" /> which can be used to cancel the health checks.<para>一个 <see cref="T:System.Threading.CancellationToken" />,可用于取消运行状况检查.</para></param>
      <returns>A <see cref="T:System.Threading.Tasks.Task`1" /> which will complete when all the health checks have been run,
            yielding a <see cref="T:Microsoft.Extensions.Diagnostics.HealthChecks.HealthReport" /> containing the results.<para>一个 <see cref="T:System.Threading.Tasks.Task`1" />,它将在运行所有运行状况检查后完成, 生成包含结果的 <see cref="T:Microsoft.Extensions.Diagnostics.HealthChecks.HealthReport" />.</para></returns>
    </member>
    <member name="T:Microsoft.Extensions.Diagnostics.HealthChecks.HealthCheckServiceOptions">
      <summary>Options for the default implementation of <see cref="T:Microsoft.Extensions.Diagnostics.HealthChecks.HealthCheckService" /><para><see cref="T:Microsoft.Extensions.Diagnostics.HealthChecks.HealthCheckService" /> 的默认实现的选项</para></summary>
    </member>
    <member name="P:Microsoft.Extensions.Diagnostics.HealthChecks.HealthCheckServiceOptions.Registrations">
      <summary>Gets the health check registrations.<para>获取运行状况检查注册.</para></summary>
    </member>
    <member name="T:Microsoft.Extensions.DependencyInjection.HealthChecksBuilderAddCheckExtensions">
      <summary>Provides basic extension methods for registering <see cref="T:Microsoft.Extensions.Diagnostics.HealthChecks.IHealthCheck" /> instances in an <see cref="T:Microsoft.Extensions.DependencyInjection.IHealthChecksBuilder" />.<para>提供用于在 <see cref="T:Microsoft.Extensions.DependencyInjection.IHealthChecksBuilder" /> 中注册 <see cref="T:Microsoft.Extensions.Diagnostics.HealthChecks.IHealthCheck" /> 实例的基本扩展方法.</para></summary>
    </member>
    <member name="M:Microsoft.Extensions.DependencyInjection.HealthChecksBuilderAddCheckExtensions.AddCheck(Microsoft.Extensions.DependencyInjection.IHealthChecksBuilder,System.String,Microsoft.Extensions.Diagnostics.HealthChecks.IHealthCheck,System.Nullable{Microsoft.Extensions.Diagnostics.HealthChecks.HealthStatus},System.Collections.Generic.IEnumerable{System.String})">
      <summary>Adds a new health check with the specified name and implementation.<para>添加具有指定名称和实现的新运行状况检查.</para></summary>
      <param name="builder">The <see cref="T:Microsoft.Extensions.DependencyInjection.IHealthChecksBuilder" />.<para>的 <see cref="T:Microsoft.Extensions.DependencyInjection.IHealthChecksBuilder" />.</para></param>
      <param name="name">The name of the health check.<para>运行状况检查的名称.</para></param>
      <param name="instance">An <see cref="T:Microsoft.Extensions.Diagnostics.HealthChecks.IHealthCheck" /> instance.<para>一个 <see cref="T:Microsoft.Extensions.Diagnostics.HealthChecks.IHealthCheck" /> 实例.</para></param>
      <param name="failureStatus">The <see cref="T:Microsoft.Extensions.Diagnostics.HealthChecks.HealthStatus" /> that should be reported when the health check reports a failure. If the provided value
            is <c>null</c>, then <see cref="F:Microsoft.Extensions.Diagnostics.HealthChecks.HealthStatus.Unhealthy" /> will be reported.<para>运行状况检查报告失败时应报告的 <see cref="T:Microsoft.Extensions.Diagnostics.HealthChecks.HealthStatus" />.如果提供的值 为 <c>null</c>,则将报告 <see cref="F:Microsoft.Extensions.Diagnostics.HealthChecks.HealthStatus.Unhealthy" />.</para></param>
      <param name="tags">A list of tags that can be used to filter health checks.<para>可用于筛选运行状况检查的标签列表.</para></param>
      <returns>The <see cref="T:Microsoft.Extensions.DependencyInjection.IHealthChecksBuilder" />.<para>的 <see cref="T:Microsoft.Extensions.DependencyInjection.IHealthChecksBuilder" />.</para></returns>
    </member>
    <member name="M:Microsoft.Extensions.DependencyInjection.HealthChecksBuilderAddCheckExtensions.AddCheck(Microsoft.Extensions.DependencyInjection.IHealthChecksBuilder,System.String,Microsoft.Extensions.Diagnostics.HealthChecks.IHealthCheck,System.Nullable{Microsoft.Extensions.Diagnostics.HealthChecks.HealthStatus},System.Collections.Generic.IEnumerable{System.String},System.Nullable{System.TimeSpan})">
      <summary>Adds a new health check with the specified name and implementation.<para>添加具有指定名称和实现的新运行状况检查.</para></summary>
      <param name="builder">The <see cref="T:Microsoft.Extensions.DependencyInjection.IHealthChecksBuilder" />.<para>的 <see cref="T:Microsoft.Extensions.DependencyInjection.IHealthChecksBuilder" />.</para></param>
      <param name="name">The name of the health check.<para>运行状况检查的名称.</para></param>
      <param name="instance">An <see cref="T:Microsoft.Extensions.Diagnostics.HealthChecks.IHealthCheck" /> instance.<para>一个 <see cref="T:Microsoft.Extensions.Diagnostics.HealthChecks.IHealthCheck" /> 实例.</para></param>
      <param name="failureStatus">The <see cref="T:Microsoft.Extensions.Diagnostics.HealthChecks.HealthStatus" /> that should be reported when the health check reports a failure. If the provided value
            is <c>null</c>, then <see cref="F:Microsoft.Extensions.Diagnostics.HealthChecks.HealthStatus.Unhealthy" /> will be reported.<para>运行状况检查报告失败时应报告的 <see cref="T:Microsoft.Extensions.Diagnostics.HealthChecks.HealthStatus" />.如果提供的值 为 <c>null</c>,则将报告 <see cref="F:Microsoft.Extensions.Diagnostics.HealthChecks.HealthStatus.Unhealthy" />.</para></param>
      <param name="tags">A list of tags that can be used to filter health checks.<para>可用于筛选运行状况检查的标签列表.</para></param>
      <param name="timeout">An optional <see cref="T:System.TimeSpan" /> representing the timeout of the check.<para>一个可选的 <see cref="T:System.TimeSpan" />,表示检查的超时.</para></param>
      <returns>The <see cref="T:Microsoft.Extensions.DependencyInjection.IHealthChecksBuilder" />.<para>的 <see cref="T:Microsoft.Extensions.DependencyInjection.IHealthChecksBuilder" />.</para></returns>
    </member>
    <member name="M:Microsoft.Extensions.DependencyInjection.HealthChecksBuilderAddCheckExtensions.AddCheck``1(Microsoft.Extensions.DependencyInjection.IHealthChecksBuilder,System.String,System.Nullable{Microsoft.Extensions.Diagnostics.HealthChecks.HealthStatus},System.Collections.Generic.IEnumerable{System.String})">
      <summary>Adds a new health check with the specified name and implementation.<para>添加具有指定名称和实现的新运行状况检查.</para></summary>
      <typeparam name="T">The health check implementation type.<para>运行状况检查实现类型.</para></typeparam>
      <param name="builder">The <see cref="T:Microsoft.Extensions.DependencyInjection.IHealthChecksBuilder" />.<para>的 <see cref="T:Microsoft.Extensions.DependencyInjection.IHealthChecksBuilder" />.</para></param>
      <param name="name">The name of the health check.<para>运行状况检查的名称.</para></param>
      <param name="failureStatus">The <see cref="T:Microsoft.Extensions.Diagnostics.HealthChecks.HealthStatus" /> that should be reported when the health check reports a failure. If the provided value
            is <c>null</c>, then <see cref="F:Microsoft.Extensions.Diagnostics.HealthChecks.HealthStatus.Unhealthy" /> will be reported.<para>运行状况检查报告失败时应报告的 <see cref="T:Microsoft.Extensions.Diagnostics.HealthChecks.HealthStatus" />.如果提供的值 为 <c>null</c>,则将报告 <see cref="F:Microsoft.Extensions.Diagnostics.HealthChecks.HealthStatus.Unhealthy" />.</para></param>
      <param name="tags">A list of tags that can be used to filter health checks.<para>可用于筛选运行状况检查的标签列表.</para></param>
      <returns>The <see cref="T:Microsoft.Extensions.DependencyInjection.IHealthChecksBuilder" />.<para>的 <see cref="T:Microsoft.Extensions.DependencyInjection.IHealthChecksBuilder" />.</para></returns>
      <remarks>This method will use <see cref="M:Microsoft.Extensions.DependencyInjection.ActivatorUtilities.GetServiceOrCreateInstance``1(System.IServiceProvider)" /> to create the health check
            instance when needed. If a service of type <typeparamref name="T" /> is registered in the dependency injection container
            with any lifetime it will be used. Otherwise an instance of type <typeparamref name="T" /> will be constructed with
            access to services from the dependency injection container.<para>此方法将使用 <see cref="m:microsoft.extensions.dependencyinjection.activatorutilities.getserviceorcreateinstance``1（system.iserviceprovider）" /> 创建运行状况检查 实例,在需要时.如果在依赖项注入容器中注册了 <typeparamref name="T" /> 类型的服务 在任何生命周期中,它都将被使用.否则,将使用 <typeparamref name="T" /> 构造类型 从依赖关系注入容器访问服务.</para></remarks>
    </member>
    <member name="M:Microsoft.Extensions.DependencyInjection.HealthChecksBuilderAddCheckExtensions.AddCheck``1(Microsoft.Extensions.DependencyInjection.IHealthChecksBuilder,System.String,System.Nullable{Microsoft.Extensions.Diagnostics.HealthChecks.HealthStatus},System.Collections.Generic.IEnumerable{System.String},System.Nullable{System.TimeSpan})">
      <summary>Adds a new health check with the specified name and implementation.<para>添加具有指定名称和实现的新运行状况检查.</para></summary>
      <typeparam name="T">The health check implementation type.<para>运行状况检查实现类型.</para></typeparam>
      <param name="builder">The <see cref="T:Microsoft.Extensions.DependencyInjection.IHealthChecksBuilder" />.<para>的 <see cref="T:Microsoft.Extensions.DependencyInjection.IHealthChecksBuilder" />.</para></param>
      <param name="name">The name of the health check.<para>运行状况检查的名称.</para></param>
      <param name="failureStatus">The <see cref="T:Microsoft.Extensions.Diagnostics.HealthChecks.HealthStatus" /> that should be reported when the health check reports a failure. If the provided value
            is <c>null</c>, then <see cref="F:Microsoft.Extensions.Diagnostics.HealthChecks.HealthStatus.Unhealthy" /> will be reported.<para>运行状况检查报告失败时应报告的 <see cref="T:Microsoft.Extensions.Diagnostics.HealthChecks.HealthStatus" />.如果提供的值 为 <c>null</c>,则将报告 <see cref="F:Microsoft.Extensions.Diagnostics.HealthChecks.HealthStatus.Unhealthy" />.</para></param>
      <param name="tags">A list of tags that can be used to filter health checks.<para>可用于筛选运行状况检查的标签列表.</para></param>
      <param name="timeout">An optional <see cref="T:System.TimeSpan" /> representing the timeout of the check.<para>一个可选的 <see cref="T:System.TimeSpan" />,表示检查的超时.</para></param>
      <returns>The <see cref="T:Microsoft.Extensions.DependencyInjection.IHealthChecksBuilder" />.<para>的 <see cref="T:Microsoft.Extensions.DependencyInjection.IHealthChecksBuilder" />.</para></returns>
      <remarks>This method will use <see cref="M:Microsoft.Extensions.DependencyInjection.ActivatorUtilities.GetServiceOrCreateInstance``1(System.IServiceProvider)" /> to create the health check
            instance when needed. If a service of type <typeparamref name="T" /> is registered in the dependency injection container
            with any lifetime it will be used. Otherwise an instance of type <typeparamref name="T" /> will be constructed with
            access to services from the dependency injection container.<para>此方法将使用 <see cref="m:microsoft.extensions.dependencyinjection.activatorutilities.getserviceorcreateinstance``1（system.iserviceprovider）" /> 创建运行状况检查 实例,在需要时.如果在依赖项注入容器中注册了 <typeparamref name="T" /> 类型的服务 在任何生命周期中,它都将被使用.否则,将使用 <typeparamref name="T" /> 构造类型 从依赖关系注入容器访问服务.</para></remarks>
    </member>
    <member name="M:Microsoft.Extensions.DependencyInjection.HealthChecksBuilderAddCheckExtensions.AddTypeActivatedCheck``1(Microsoft.Extensions.DependencyInjection.IHealthChecksBuilder,System.String,System.Object[])">
      <summary>Adds a new type activated health check with the specified name and implementation.<para>添加具有指定名称和实现的新类型激活运行状况检查.</para></summary>
      <typeparam name="T">The health check implementation type.<para>运行状况检查实现类型.</para></typeparam>
      <param name="builder">The <see cref="T:Microsoft.Extensions.DependencyInjection.IHealthChecksBuilder" />.<para>的 <see cref="T:Microsoft.Extensions.DependencyInjection.IHealthChecksBuilder" />.</para></param>
      <param name="name">The name of the health check.<para>运行状况检查的名称.</para></param>
      <param name="args">Additional arguments to provide to the constructor.<para>要提供给构造函数的其他参数.</para></param>
      <returns>The <see cref="T:Microsoft.Extensions.DependencyInjection.IHealthChecksBuilder" />.<para>的 <see cref="T:Microsoft.Extensions.DependencyInjection.IHealthChecksBuilder" />.</para></returns>
      <remarks>This method will use <see cref="M:Microsoft.Extensions.DependencyInjection.ActivatorUtilities.CreateInstance``1(System.IServiceProvider,System.Object[])" /> to create the health check
            instance when needed. Additional arguments can be provided to the constructor via <paramref name="args" />.<para>此方法将使用 <see cref="m:microsoft.extensions.dependencyinjection.activatorutilities.createinstance``1（system.iserviceprovider,system.object[]）" /> 创建运行状况检查 实例,在需要时.可以通过 <paramref name="args" /> 向构造函数提供其他参数.</para></remarks>
    </member>
    <member name="M:Microsoft.Extensions.DependencyInjection.HealthChecksBuilderAddCheckExtensions.AddTypeActivatedCheck``1(Microsoft.Extensions.DependencyInjection.IHealthChecksBuilder,System.String,System.Nullable{Microsoft.Extensions.Diagnostics.HealthChecks.HealthStatus},System.Object[])">
      <summary>Adds a new type activated health check with the specified name and implementation.<para>添加具有指定名称和实现的新类型激活运行状况检查.</para></summary>
      <typeparam name="T">The health check implementation type.<para>运行状况检查实现类型.</para></typeparam>
      <param name="builder">The <see cref="T:Microsoft.Extensions.DependencyInjection.IHealthChecksBuilder" />.<para>的 <see cref="T:Microsoft.Extensions.DependencyInjection.IHealthChecksBuilder" />.</para></param>
      <param name="name">The name of the health check.<para>运行状况检查的名称.</para></param>
      <param name="failureStatus">The <see cref="T:Microsoft.Extensions.Diagnostics.HealthChecks.HealthStatus" /> that should be reported when the health check reports a failure. If the provided value
            is <c>null</c>, then <see cref="F:Microsoft.Extensions.Diagnostics.HealthChecks.HealthStatus.Unhealthy" /> will be reported.<para>运行状况检查报告失败时应报告的 <see cref="T:Microsoft.Extensions.Diagnostics.HealthChecks.HealthStatus" />.如果提供的值 为 <c>null</c>,则将报告 <see cref="F:Microsoft.Extensions.Diagnostics.HealthChecks.HealthStatus.Unhealthy" />.</para></param>
      <param name="args">Additional arguments to provide to the constructor.<para>要提供给构造函数的其他参数.</para></param>
      <returns>The <see cref="T:Microsoft.Extensions.DependencyInjection.IHealthChecksBuilder" />.<para>的 <see cref="T:Microsoft.Extensions.DependencyInjection.IHealthChecksBuilder" />.</para></returns>
      <remarks>This method will use <see cref="M:Microsoft.Extensions.DependencyInjection.ActivatorUtilities.CreateInstance``1(System.IServiceProvider,System.Object[])" /> to create the health check
            instance when needed. Additional arguments can be provided to the constructor via <paramref name="args" />.<para>此方法将使用 <see cref="m:microsoft.extensions.dependencyinjection.activatorutilities.createinstance``1（system.iserviceprovider,system.object[]）" /> 创建运行状况检查 实例,在需要时.可以通过 <paramref name="args" /> 向构造函数提供其他参数.</para></remarks>
    </member>
    <member name="M:Microsoft.Extensions.DependencyInjection.HealthChecksBuilderAddCheckExtensions.AddTypeActivatedCheck``1(Microsoft.Extensions.DependencyInjection.IHealthChecksBuilder,System.String,System.Nullable{Microsoft.Extensions.Diagnostics.HealthChecks.HealthStatus},System.Collections.Generic.IEnumerable{System.String},System.Object[])">
      <summary>Adds a new type activated health check with the specified name and implementation.<para>添加具有指定名称和实现的新类型激活运行状况检查.</para></summary>
      <typeparam name="T">The health check implementation type.<para>运行状况检查实现类型.</para></typeparam>
      <param name="builder">The <see cref="T:Microsoft.Extensions.DependencyInjection.IHealthChecksBuilder" />.<para>的 <see cref="T:Microsoft.Extensions.DependencyInjection.IHealthChecksBuilder" />.</para></param>
      <param name="name">The name of the health check.<para>运行状况检查的名称.</para></param>
      <param name="failureStatus">The <see cref="T:Microsoft.Extensions.Diagnostics.HealthChecks.HealthStatus" /> that should be reported when the health check reports a failure. If the provided value
            is <c>null</c>, then <see cref="F:Microsoft.Extensions.Diagnostics.HealthChecks.HealthStatus.Unhealthy" /> will be reported.<para>运行状况检查报告失败时应报告的 <see cref="T:Microsoft.Extensions.Diagnostics.HealthChecks.HealthStatus" />.如果提供的值 为 <c>null</c>,则将报告 <see cref="F:Microsoft.Extensions.Diagnostics.HealthChecks.HealthStatus.Unhealthy" />.</para></param>
      <param name="tags">A list of tags that can be used to filter health checks.<para>可用于筛选运行状况检查的标签列表.</para></param>
      <param name="args">Additional arguments to provide to the constructor.<para>要提供给构造函数的其他参数.</para></param>
      <returns>The <see cref="T:Microsoft.Extensions.DependencyInjection.IHealthChecksBuilder" />.<para>的 <see cref="T:Microsoft.Extensions.DependencyInjection.IHealthChecksBuilder" />.</para></returns>
      <remarks>This method will use <see cref="M:Microsoft.Extensions.DependencyInjection.ActivatorUtilities.CreateInstance``1(System.IServiceProvider,System.Object[])" /> to create the health check
            instance when needed. Additional arguments can be provided to the constructor via <paramref name="args" />.<para>此方法将使用 <see cref="m:microsoft.extensions.dependencyinjection.activatorutilities.createinstance``1（system.iserviceprovider,system.object[]）" /> 创建运行状况检查 实例,在需要时.可以通过 <paramref name="args" /> 向构造函数提供其他参数.</para></remarks>
    </member>
    <member name="M:Microsoft.Extensions.DependencyInjection.HealthChecksBuilderAddCheckExtensions.AddTypeActivatedCheck``1(Microsoft.Extensions.DependencyInjection.IHealthChecksBuilder,System.String,System.Nullable{Microsoft.Extensions.Diagnostics.HealthChecks.HealthStatus},System.Collections.Generic.IEnumerable{System.String},System.TimeSpan,System.Object[])">
      <summary>Adds a new type activated health check with the specified name and implementation.<para>添加具有指定名称和实现的新类型激活运行状况检查.</para></summary>
      <typeparam name="T">The health check implementation type.<para>运行状况检查实现类型.</para></typeparam>
      <param name="builder">The <see cref="T:Microsoft.Extensions.DependencyInjection.IHealthChecksBuilder" />.<para>的 <see cref="T:Microsoft.Extensions.DependencyInjection.IHealthChecksBuilder" />.</para></param>
      <param name="name">The name of the health check.<para>运行状况检查的名称.</para></param>
      <param name="failureStatus">The <see cref="T:Microsoft.Extensions.Diagnostics.HealthChecks.HealthStatus" /> that should be reported when the health check reports a failure. If the provided value
            is <c>null</c>, then <see cref="F:Microsoft.Extensions.Diagnostics.HealthChecks.HealthStatus.Unhealthy" /> will be reported.<para>运行状况检查报告失败时应报告的 <see cref="T:Microsoft.Extensions.Diagnostics.HealthChecks.HealthStatus" />.如果提供的值 为 <c>null</c>,则将报告 <see cref="F:Microsoft.Extensions.Diagnostics.HealthChecks.HealthStatus.Unhealthy" />.</para></param>
      <param name="tags">A list of tags that can be used to filter health checks.<para>可用于筛选运行状况检查的标签列表.</para></param>
      <param name="args">Additional arguments to provide to the constructor.<para>要提供给构造函数的其他参数.</para></param>
      <param name="timeout">A <see cref="T:System.TimeSpan" /> representing the timeout of the check.<para>一个 <see cref="T:System.TimeSpan" />,表示检查的超时.</para></param>
      <returns>The <see cref="T:Microsoft.Extensions.DependencyInjection.IHealthChecksBuilder" />.<para>的 <see cref="T:Microsoft.Extensions.DependencyInjection.IHealthChecksBuilder" />.</para></returns>
      <remarks>This method will use <see cref="M:Microsoft.Extensions.DependencyInjection.ActivatorUtilities.CreateInstance``1(System.IServiceProvider,System.Object[])" /> to create the health check
            instance when needed. Additional arguments can be provided to the constructor via <paramref name="args" />.<para>此方法将使用 <see cref="m:microsoft.extensions.dependencyinjection.activatorutilities.createinstance``1（system.iserviceprovider,system.object[]）" /> 创建运行状况检查 实例,在需要时.可以通过 <paramref name="args" /> 向构造函数提供其他参数.</para></remarks>
    </member>
    <member name="T:Microsoft.Extensions.DependencyInjection.HealthChecksBuilderDelegateExtensions">
      <summary>Provides extension methods for registering delegates with the <see cref="T:Microsoft.Extensions.DependencyInjection.IHealthChecksBuilder" />.<para>提供用于向 <see cref="T:Microsoft.Extensions.DependencyInjection.IHealthChecksBuilder" /> 注册委托的扩展方法.</para></summary>
    </member>
    <member name="M:Microsoft.Extensions.DependencyInjection.HealthChecksBuilderDelegateExtensions.AddCheck(Microsoft.Extensions.DependencyInjection.IHealthChecksBuilder,System.String,System.Func{Microsoft.Extensions.Diagnostics.HealthChecks.HealthCheckResult},System.Collections.Generic.IEnumerable{System.String})">
      <summary>Adds a new health check with the specified name and implementation.<para>添加具有指定名称和实现的新运行状况检查.</para></summary>
      <param name="builder">The <see cref="T:Microsoft.Extensions.DependencyInjection.IHealthChecksBuilder" />.<para>的 <see cref="T:Microsoft.Extensions.DependencyInjection.IHealthChecksBuilder" />.</para></param>
      <param name="name">The name of the health check.<para>运行状况检查的名称.</para></param>
      <param name="tags">A list of tags that can be used to filter health checks.<para>可用于筛选运行状况检查的标签列表.</para></param>
      <param name="check">A delegate that provides the health check implementation.<para>提供运行状况检查实现的委托.</para></param>
      <returns>The <see cref="T:Microsoft.Extensions.DependencyInjection.IHealthChecksBuilder" />.<para>的 <see cref="T:Microsoft.Extensions.DependencyInjection.IHealthChecksBuilder" />.</para></returns>
    </member>
    <member name="M:Microsoft.Extensions.DependencyInjection.HealthChecksBuilderDelegateExtensions.AddCheck(Microsoft.Extensions.DependencyInjection.IHealthChecksBuilder,System.String,System.Func{Microsoft.Extensions.Diagnostics.HealthChecks.HealthCheckResult},System.Collections.Generic.IEnumerable{System.String},System.Nullable{System.TimeSpan})">
      <summary>Adds a new health check with the specified name and implementation.<para>添加具有指定名称和实现的新运行状况检查.</para></summary>
      <param name="builder">The <see cref="T:Microsoft.Extensions.DependencyInjection.IHealthChecksBuilder" />.<para>的 <see cref="T:Microsoft.Extensions.DependencyInjection.IHealthChecksBuilder" />.</para></param>
      <param name="name">The name of the health check.<para>运行状况检查的名称.</para></param>
      <param name="tags">A list of tags that can be used to filter health checks.<para>可用于筛选运行状况检查的标签列表.</para></param>
      <param name="check">A delegate that provides the health check implementation.<para>提供运行状况检查实现的委托.</para></param>
      <param name="timeout">An optional <see cref="T:System.TimeSpan" /> representing the timeout of the check.<para>一个可选的 <see cref="T:System.TimeSpan" />,表示检查的超时.</para></param>
      <returns>The <see cref="T:Microsoft.Extensions.DependencyInjection.IHealthChecksBuilder" />.<para>的 <see cref="T:Microsoft.Extensions.DependencyInjection.IHealthChecksBuilder" />.</para></returns>
    </member>
    <member name="M:Microsoft.Extensions.DependencyInjection.HealthChecksBuilderDelegateExtensions.AddCheck(Microsoft.Extensions.DependencyInjection.IHealthChecksBuilder,System.String,System.Func{System.Threading.CancellationToken,Microsoft.Extensions.Diagnostics.HealthChecks.HealthCheckResult},System.Collections.Generic.IEnumerable{System.String})">
      <summary>Adds a new health check with the specified name and implementation.<para>添加具有指定名称和实现的新运行状况检查.</para></summary>
      <param name="builder">The <see cref="T:Microsoft.Extensions.DependencyInjection.IHealthChecksBuilder" />.<para>的 <see cref="T:Microsoft.Extensions.DependencyInjection.IHealthChecksBuilder" />.</para></param>
      <param name="name">The name of the health check.<para>运行状况检查的名称.</para></param>
      <param name="tags">A list of tags that can be used to filter health checks.<para>可用于筛选运行状况检查的标签列表.</para></param>
      <param name="check">A delegate that provides the health check implementation.<para>提供运行状况检查实现的委托.</para></param>
      <returns>The <see cref="T:Microsoft.Extensions.DependencyInjection.IHealthChecksBuilder" />.<para>的 <see cref="T:Microsoft.Extensions.DependencyInjection.IHealthChecksBuilder" />.</para></returns>
    </member>
    <member name="M:Microsoft.Extensions.DependencyInjection.HealthChecksBuilderDelegateExtensions.AddCheck(Microsoft.Extensions.DependencyInjection.IHealthChecksBuilder,System.String,System.Func{System.Threading.CancellationToken,Microsoft.Extensions.Diagnostics.HealthChecks.HealthCheckResult},System.Collections.Generic.IEnumerable{System.String},System.Nullable{System.TimeSpan})">
      <summary>Adds a new health check with the specified name and implementation.<para>添加具有指定名称和实现的新运行状况检查.</para></summary>
      <param name="builder">The <see cref="T:Microsoft.Extensions.DependencyInjection.IHealthChecksBuilder" />.<para>的 <see cref="T:Microsoft.Extensions.DependencyInjection.IHealthChecksBuilder" />.</para></param>
      <param name="name">The name of the health check.<para>运行状况检查的名称.</para></param>
      <param name="tags">A list of tags that can be used to filter health checks.<para>可用于筛选运行状况检查的标签列表.</para></param>
      <param name="check">A delegate that provides the health check implementation.<para>提供运行状况检查实现的委托.</para></param>
      <param name="timeout">An optional <see cref="T:System.TimeSpan" /> representing the timeout of the check.<para>一个可选的 <see cref="T:System.TimeSpan" />,表示检查的超时.</para></param>
      <returns>The <see cref="T:Microsoft.Extensions.DependencyInjection.IHealthChecksBuilder" />.<para>的 <see cref="T:Microsoft.Extensions.DependencyInjection.IHealthChecksBuilder" />.</para></returns>
    </member>
    <member name="M:Microsoft.Extensions.DependencyInjection.HealthChecksBuilderDelegateExtensions.AddAsyncCheck(Microsoft.Extensions.DependencyInjection.IHealthChecksBuilder,System.String,System.Func{System.Threading.Tasks.Task{Microsoft.Extensions.Diagnostics.HealthChecks.HealthCheckResult}},System.Collections.Generic.IEnumerable{System.String})">
      <summary>Adds a new health check with the specified name and implementation.<para>添加具有指定名称和实现的新运行状况检查.</para></summary>
      <param name="builder">The <see cref="T:Microsoft.Extensions.DependencyInjection.IHealthChecksBuilder" />.<para>的 <see cref="T:Microsoft.Extensions.DependencyInjection.IHealthChecksBuilder" />.</para></param>
      <param name="name">The name of the health check.<para>运行状况检查的名称.</para></param>
      <param name="tags">A list of tags that can be used to filter health checks.<para>可用于筛选运行状况检查的标签列表.</para></param>
      <param name="check">A delegate that provides the health check implementation.<para>提供运行状况检查实现的委托.</para></param>
      <returns>The <see cref="T:Microsoft.Extensions.DependencyInjection.IHealthChecksBuilder" />.<para>的 <see cref="T:Microsoft.Extensions.DependencyInjection.IHealthChecksBuilder" />.</para></returns>
    </member>
    <member name="M:Microsoft.Extensions.DependencyInjection.HealthChecksBuilderDelegateExtensions.AddAsyncCheck(Microsoft.Extensions.DependencyInjection.IHealthChecksBuilder,System.String,System.Func{System.Threading.Tasks.Task{Microsoft.Extensions.Diagnostics.HealthChecks.HealthCheckResult}},System.Collections.Generic.IEnumerable{System.String},System.Nullable{System.TimeSpan})">
      <summary>Adds a new health check with the specified name and implementation.<para>添加具有指定名称和实现的新运行状况检查.</para></summary>
      <param name="builder">The <see cref="T:Microsoft.Extensions.DependencyInjection.IHealthChecksBuilder" />.<para>的 <see cref="T:Microsoft.Extensions.DependencyInjection.IHealthChecksBuilder" />.</para></param>
      <param name="name">The name of the health check.<para>运行状况检查的名称.</para></param>
      <param name="tags">A list of tags that can be used to filter health checks.<para>可用于筛选运行状况检查的标签列表.</para></param>
      <param name="check">A delegate that provides the health check implementation.<para>提供运行状况检查实现的委托.</para></param>
      <param name="timeout">An optional <see cref="T:System.TimeSpan" /> representing the timeout of the check.<para>一个可选的 <see cref="T:System.TimeSpan" />,表示检查的超时.</para></param>
      <returns>The <see cref="T:Microsoft.Extensions.DependencyInjection.IHealthChecksBuilder" />.<para>的 <see cref="T:Microsoft.Extensions.DependencyInjection.IHealthChecksBuilder" />.</para></returns>
    </member>
    <member name="M:Microsoft.Extensions.DependencyInjection.HealthChecksBuilderDelegateExtensions.AddAsyncCheck(Microsoft.Extensions.DependencyInjection.IHealthChecksBuilder,System.String,System.Func{System.Threading.CancellationToken,System.Threading.Tasks.Task{Microsoft.Extensions.Diagnostics.HealthChecks.HealthCheckResult}},System.Collections.Generic.IEnumerable{System.String})">
      <summary>Adds a new health check with the specified name and implementation.<para>添加具有指定名称和实现的新运行状况检查.</para></summary>
      <param name="builder">The <see cref="T:Microsoft.Extensions.DependencyInjection.IHealthChecksBuilder" />.<para>的 <see cref="T:Microsoft.Extensions.DependencyInjection.IHealthChecksBuilder" />.</para></param>
      <param name="name">The name of the health check.<para>运行状况检查的名称.</para></param>
      <param name="tags">A list of tags that can be used to filter health checks.<para>可用于筛选运行状况检查的标签列表.</para></param>
      <param name="check">A delegate that provides the health check implementation.<para>提供运行状况检查实现的委托.</para></param>
      <returns>The <see cref="T:Microsoft.Extensions.DependencyInjection.IHealthChecksBuilder" />.<para>的 <see cref="T:Microsoft.Extensions.DependencyInjection.IHealthChecksBuilder" />.</para></returns>
    </member>
    <member name="M:Microsoft.Extensions.DependencyInjection.HealthChecksBuilderDelegateExtensions.AddAsyncCheck(Microsoft.Extensions.DependencyInjection.IHealthChecksBuilder,System.String,System.Func{System.Threading.CancellationToken,System.Threading.Tasks.Task{Microsoft.Extensions.Diagnostics.HealthChecks.HealthCheckResult}},System.Collections.Generic.IEnumerable{System.String},System.Nullable{System.TimeSpan})">
      <summary>Adds a new health check with the specified name and implementation.<para>添加具有指定名称和实现的新运行状况检查.</para></summary>
      <param name="builder">The <see cref="T:Microsoft.Extensions.DependencyInjection.IHealthChecksBuilder" />.<para>的 <see cref="T:Microsoft.Extensions.DependencyInjection.IHealthChecksBuilder" />.</para></param>
      <param name="name">The name of the health check.<para>运行状况检查的名称.</para></param>
      <param name="tags">A list of tags that can be used to filter health checks.<para>可用于筛选运行状况检查的标签列表.</para></param>
      <param name="check">A delegate that provides the health check implementation.<para>提供运行状况检查实现的委托.</para></param>
      <param name="timeout">An optional <see cref="T:System.TimeSpan" /> representing the timeout of the check.<para>一个可选的 <see cref="T:System.TimeSpan" />,表示检查的超时.</para></param>
      <returns>The <see cref="T:Microsoft.Extensions.DependencyInjection.IHealthChecksBuilder" />.<para>的 <see cref="T:Microsoft.Extensions.DependencyInjection.IHealthChecksBuilder" />.</para></returns>
    </member>
    <member name="T:Microsoft.Extensions.DependencyInjection.HealthCheckServiceCollectionExtensions">
      <summary>Provides extension methods for registering <see cref="T:Microsoft.Extensions.Diagnostics.HealthChecks.HealthCheckService" /> in an <see cref="T:Microsoft.Extensions.DependencyInjection.IServiceCollection" />.<para>提供用于在 <see cref="T:Microsoft.Extensions.DependencyInjection.IServiceCollection" /> 中注册 <see cref="T:Microsoft.Extensions.Diagnostics.HealthChecks.HealthCheckService" /> 的扩展方法.</para></summary>
    </member>
    <member name="M:Microsoft.Extensions.DependencyInjection.HealthCheckServiceCollectionExtensions.AddHealthChecks(Microsoft.Extensions.DependencyInjection.IServiceCollection)">
      <summary>Adds the <see cref="T:Microsoft.Extensions.Diagnostics.HealthChecks.HealthCheckService" /> to the container, using the provided delegate to register
            health checks.<para>将 <see cref="T:Microsoft.Extensions.Diagnostics.HealthChecks.HealthCheckService" /> 添加到容器中,使用提供的委托进行注册 运行状况检查.</para></summary>
      <remarks>This operation is idempotent - multiple invocations will still only result in a single
            <see cref="T:Microsoft.Extensions.Diagnostics.HealthChecks.HealthCheckService" /> instance in the <see cref="T:Microsoft.Extensions.DependencyInjection.IServiceCollection" />. It can be invoked
            multiple times in order to get access to the <see cref="T:Microsoft.Extensions.DependencyInjection.IHealthChecksBuilder" /> in multiple places.<para>此操作是幂等的 - 多个调用仍然只会导致一个 <see cref="T:Microsoft.Extensions.DependencyInjection.IServiceCollection" /> 中的 <see cref="T:Microsoft.Extensions.Diagnostics.HealthChecks.HealthCheckService" /> 实例.它可以被调用 多次访问多个位置的 <see cref="T:Microsoft.Extensions.DependencyInjection.IHealthChecksBuilder" />.</para></remarks>
      <param name="services">The <see cref="T:Microsoft.Extensions.DependencyInjection.IServiceCollection" /> to add the <see cref="T:Microsoft.Extensions.Diagnostics.HealthChecks.HealthCheckService" /> to.<para>要添加 <see cref="T:Microsoft.Extensions.Diagnostics.HealthChecks.HealthCheckService" /> 的 <see cref="T:Microsoft.Extensions.DependencyInjection.IServiceCollection" />.</para></param>
      <returns>An instance of <see cref="T:Microsoft.Extensions.DependencyInjection.IHealthChecksBuilder" /> from which health checks can be registered.<para>可从中注册运行状况检查的 <see cref="T:Microsoft.Extensions.DependencyInjection.IHealthChecksBuilder" /> 实例.</para></returns>
    </member>
    <member name="T:Microsoft.Extensions.DependencyInjection.IHealthChecksBuilder">
      <summary>A builder used to register health checks.<para>用于注册运行状况检查的构建器.</para></summary>
    </member>
    <member name="M:Microsoft.Extensions.DependencyInjection.IHealthChecksBuilder.Add(Microsoft.Extensions.Diagnostics.HealthChecks.HealthCheckRegistration)">
      <summary>Adds a <see cref="T:Microsoft.Extensions.Diagnostics.HealthChecks.HealthCheckRegistration" /> for a health check.<para>添加用于运行状况检查的 <see cref="T:Microsoft.Extensions.Diagnostics.HealthChecks.HealthCheckRegistration" />.</para></summary>
      <param name="registration">The <see cref="T:Microsoft.Extensions.Diagnostics.HealthChecks.HealthCheckRegistration" />.<para>的 <see cref="T:Microsoft.Extensions.Diagnostics.HealthChecks.HealthCheckRegistration" />.</para></param>
    </member>
    <member name="P:Microsoft.Extensions.DependencyInjection.IHealthChecksBuilder.Services">
      <summary>Gets the <see cref="T:Microsoft.Extensions.DependencyInjection.IServiceCollection" /> into which <see cref="T:Microsoft.Extensions.Diagnostics.HealthChecks.IHealthCheck" /> instances should be registered.<para>获取应将 <see cref="T:Microsoft.Extensions.Diagnostics.HealthChecks.IHealthCheck" /> 实例注册到其中的 <see cref="T:Microsoft.Extensions.DependencyInjection.IServiceCollection" />.</para></summary>
    </member>
  </members>
</doc>