<?xml version="1.0"?>
<doc>
  <assembly>
    <name>Microsoft.Extensions.Configuration.FileExtensions</name>
  </assembly>
  <members>
    <member name="T:Microsoft.Extensions.Configuration.FileConfigurationExtensions">
      <summary>Extension methods for <see cref="T:Microsoft.Extensions.Configuration.FileConfigurationProvider" />.<para><see cref="T:Microsoft.Extensions.Configuration.FileConfigurationProvider" /> 的扩展方法.</para></summary>
    </member>
    <member name="M:Microsoft.Extensions.Configuration.FileConfigurationExtensions.SetFileProvider(Microsoft.Extensions.Configuration.IConfigurationBuilder,Microsoft.Extensions.FileProviders.IFileProvider)">
      <summary>Sets the default <see cref="T:Microsoft.Extensions.FileProviders.IFileProvider" /> to be used for file-based providers.<para>设置要用于基于文件的提供程序的默认 <see cref="T:Microsoft.Extensions.FileProviders.IFileProvider" />.</para></summary>
      <param name="builder">The <see cref="T:Microsoft.Extensions.Configuration.IConfigurationBuilder" /> to add to.<para>要添加到的 <see cref="T:Microsoft.Extensions.Configuration.IConfigurationBuilder" />.</para></param>
      <param name="fileProvider">The default file provider instance.<para>默认文件提供程序实例.</para></param>
      <returns>The <see cref="T:Microsoft.Extensions.Configuration.IConfigurationBuilder" />.<para>的 <see cref="T:Microsoft.Extensions.Configuration.IConfigurationBuilder" />.</para></returns>
    </member>
    <member name="M:Microsoft.Extensions.Configuration.FileConfigurationExtensions.GetFileProvider(Microsoft.Extensions.Configuration.IConfigurationBuilder)">
      <summary>Gets the default <see cref="T:Microsoft.Extensions.FileProviders.IFileProvider" /> to be used for file-based providers.<para>获取要用于基于文件的提供程序的默认 <see cref="T:Microsoft.Extensions.FileProviders.IFileProvider" />.</para></summary>
      <param name="builder">The <see cref="T:Microsoft.Extensions.Configuration.IConfigurationBuilder" />.<para>的 <see cref="T:Microsoft.Extensions.Configuration.IConfigurationBuilder" />.</para></param>
      <returns>The default <see cref="T:Microsoft.Extensions.FileProviders.IFileProvider" />.<para>默认值 <see cref="T:Microsoft.Extensions.FileProviders.IFileProvider" />.</para></returns>
    </member>
    <member name="M:Microsoft.Extensions.Configuration.FileConfigurationExtensions.SetBasePath(Microsoft.Extensions.Configuration.IConfigurationBuilder,System.String)">
      <summary>Sets the FileProvider for file-based providers to a PhysicalFileProvider with the base path.<para>将基于文件的提供程序的文件提供程序设置为具有基本路径的物理文件提供程序.</para></summary>
      <param name="builder">The <see cref="T:Microsoft.Extensions.Configuration.IConfigurationBuilder" /> to add to.<para>要添加到的 <see cref="T:Microsoft.Extensions.Configuration.IConfigurationBuilder" />.</para></param>
      <param name="basePath">The absolute path of file-based providers.<para>基于文件的提供程序的绝对路径.</para></param>
      <returns>The <see cref="T:Microsoft.Extensions.Configuration.IConfigurationBuilder" />.<para>的 <see cref="T:Microsoft.Extensions.Configuration.IConfigurationBuilder" />.</para></returns>
    </member>
    <member name="M:Microsoft.Extensions.Configuration.FileConfigurationExtensions.SetFileLoadExceptionHandler(Microsoft.Extensions.Configuration.IConfigurationBuilder,System.Action{Microsoft.Extensions.Configuration.FileLoadExceptionContext})">
      <summary>Sets a default action to be invoked for file-based providers when an error occurs.<para>设置发生错误时要为基于文件的提供程序调用的默认操作.</para></summary>
      <param name="builder">The <see cref="T:Microsoft.Extensions.Configuration.IConfigurationBuilder" /> to add to.<para>要添加到的 <see cref="T:Microsoft.Extensions.Configuration.IConfigurationBuilder" />.</para></param>
      <param name="handler">The Action to be invoked on a file load exception.<para>要在文件加载异常上调用的操作.</para></param>
      <returns>The <see cref="T:Microsoft.Extensions.Configuration.IConfigurationBuilder" />.<para>的 <see cref="T:Microsoft.Extensions.Configuration.IConfigurationBuilder" />.</para></returns>
    </member>
    <member name="M:Microsoft.Extensions.Configuration.FileConfigurationExtensions.GetFileLoadExceptionHandler(Microsoft.Extensions.Configuration.IConfigurationBuilder)">
      <summary>Gets the default <see cref="T:Microsoft.Extensions.FileProviders.IFileProvider" /> to be used for file-based providers.<para>获取要用于基于文件的提供程序的默认 <see cref="T:Microsoft.Extensions.FileProviders.IFileProvider" />.</para></summary>
      <param name="builder">The <see cref="T:Microsoft.Extensions.Configuration.IConfigurationBuilder" />.<para>的 <see cref="T:Microsoft.Extensions.Configuration.IConfigurationBuilder" />.</para></param>
      <returns>The <see cref="T:Microsoft.Extensions.Configuration.IConfigurationBuilder" />.<para>的 <see cref="T:Microsoft.Extensions.Configuration.IConfigurationBuilder" />.</para></returns>
    </member>
    <member name="T:Microsoft.Extensions.Configuration.FileConfigurationProvider">
      <summary>Base class for file based <see cref="T:Microsoft.Extensions.Configuration.ConfigurationProvider" />.<para>基于文件的基类 <see cref="T:Microsoft.Extensions.Configuration.ConfigurationProvider" />.</para></summary>
    </member>
    <member name="M:Microsoft.Extensions.Configuration.FileConfigurationProvider.#ctor(Microsoft.Extensions.Configuration.FileConfigurationSource)">
      <summary>Initializes a new instance with the specified source.<para>使用指定的源初始化新实例.</para></summary>
      <param name="source">The source settings.<para>源设置.</para></param>
    </member>
    <member name="P:Microsoft.Extensions.Configuration.FileConfigurationProvider.Source">
      <summary>The source settings for this provider.<para>此提供程序的源设置.</para></summary>
    </member>
    <member name="M:Microsoft.Extensions.Configuration.FileConfigurationProvider.ToString">
      <summary>Generates a string representing this provider name and relevant details.<para>生成表示此提供程序名称和相关详细信息的字符串.</para></summary>
      <returns>The configuration name.<para>配置名称.</para></returns>
    </member>
    <member name="M:Microsoft.Extensions.Configuration.FileConfigurationProvider.Load">
      <summary>Loads the contents of the file at <see cref="T:System.IO.Path" />.<para>在 <see cref="T:System.IO.Path" /> 处加载文件的内容.</para></summary>
      <exception cref="T:System.IO.DirectoryNotFoundException">Optional is <c>false</c> on the source and a
            directory cannot be found at the specified Path.<para>可选是源上的 <c>false</c> 和 在指定的路径中找不到目录.</para></exception>
      <exception cref="T:System.IO.FileNotFoundException">Optional is <c>false</c> on the source and a
            file does not exist at specified Path.<para>可选是源上的 <c>false</c> 和 文件在指定的路径中不存在.</para></exception>
      <exception cref="T:System.IO.InvalidDataException">An exception was thrown by the concrete implementation of the
            <see cref="M:Microsoft.Extensions.Configuration.FileConfigurationProvider.Load" /> method. Use the source <see cref="P:Microsoft.Extensions.Configuration.FileConfigurationSource.OnLoadException" /> callback
            if you need more control over the exception.<para>具体实现抛出异常 <see cref="M:Microsoft.Extensions.Configuration.FileConfigurationProvider.Load" /> 方法.使用源 <see cref="P:Microsoft.Extensions.Configuration.FileConfigurationSource.OnLoadException" /> 回调 如果需要对异常进行更多控制.</para></exception>
    </member>
    <member name="M:Microsoft.Extensions.Configuration.FileConfigurationProvider.Load(System.IO.Stream)">
      <summary>Loads this provider's data from a stream.<para>从流加载此提供程序的数据.</para></summary>
      <param name="stream">The stream to read.<para>要读取的流.</para></param>
    </member>
    <member name="M:Microsoft.Extensions.Configuration.FileConfigurationProvider.Dispose">
      <inheritdoc />
    </member>
    <member name="M:Microsoft.Extensions.Configuration.FileConfigurationProvider.Dispose(System.Boolean)">
      <summary>Dispose the provider.<para>释放提供程序.</para></summary>
      <param name="disposing">
        <c>true</c> if invoked from <see cref="M:System.IDisposable.Dispose" />.<para><c>true</c> 如果从 <see cref="M:System.IDisposable.Dispose" /> 调用.</para></param>
    </member>
    <member name="T:Microsoft.Extensions.Configuration.FileConfigurationSource">
      <summary>Represents a base class for file based <see cref="T:Microsoft.Extensions.Configuration.IConfigurationSource" />.<para>表示基于文件的 <see cref="T:Microsoft.Extensions.Configuration.IConfigurationSource" /> 的基类.</para></summary>
    </member>
    <member name="P:Microsoft.Extensions.Configuration.FileConfigurationSource.FileProvider">
      <summary>Used to access the contents of the file.<para>用于访问文件的内容.</para></summary>
    </member>
    <member name="P:Microsoft.Extensions.Configuration.FileConfigurationSource.Path">
      <summary>The path to the file.<para>文件的路径.</para></summary>
    </member>
    <member name="P:Microsoft.Extensions.Configuration.FileConfigurationSource.Optional">
      <summary>Determines if loading the file is optional.<para>确定加载文件是否可选.</para></summary>
    </member>
    <member name="P:Microsoft.Extensions.Configuration.FileConfigurationSource.ReloadOnChange">
      <summary>Determines whether the source will be loaded if the underlying file changes.<para>确定在基础文件发生更改时是否加载源.</para></summary>
    </member>
    <member name="P:Microsoft.Extensions.Configuration.FileConfigurationSource.ReloadDelay">
      <summary>Number of milliseconds that reload will wait before calling Load.  This helps
            avoid triggering reload before a file is completely written. Default is 250.<para>在调用 load 之前,重新加载将等待的毫秒数.这有助于 避免在文件完全写入之前触发重新加载.默认值为 250.</para></summary>
    </member>
    <member name="P:Microsoft.Extensions.Configuration.FileConfigurationSource.OnLoadException">
      <summary>Will be called if an uncaught exception occurs in FileConfigurationProvider.Load.<para>如果在 fileconfigurationprovider.load 中发生未捕获的异常,将调用.</para></summary>
    </member>
    <member name="M:Microsoft.Extensions.Configuration.FileConfigurationSource.Build(Microsoft.Extensions.Configuration.IConfigurationBuilder)">
      <summary>Builds the <see cref="T:Microsoft.Extensions.Configuration.IConfigurationProvider" /> for this source.<para>为此源生成 <see cref="T:Microsoft.Extensions.Configuration.IConfigurationProvider" />.</para></summary>
      <param name="builder">The <see cref="T:Microsoft.Extensions.Configuration.IConfigurationBuilder" />.<para>的 <see cref="T:Microsoft.Extensions.Configuration.IConfigurationBuilder" />.</para></param>
      <returns>A <see cref="T:Microsoft.Extensions.Configuration.IConfigurationProvider" /><para>a <see cref="T:Microsoft.Extensions.Configuration.IConfigurationProvider" /></para></returns>
    </member>
    <member name="M:Microsoft.Extensions.Configuration.FileConfigurationSource.EnsureDefaults(Microsoft.Extensions.Configuration.IConfigurationBuilder)">
      <summary>Called to use any default settings on the builder like the FileProvider or FileLoadExceptionHandler.<para>调用以使用构建器上的任何默认设置,如 fileprovider 或 fileloadexceptionhandler.</para></summary>
      <param name="builder">The <see cref="T:Microsoft.Extensions.Configuration.IConfigurationBuilder" />.<para>的 <see cref="T:Microsoft.Extensions.Configuration.IConfigurationBuilder" />.</para></param>
    </member>
    <member name="M:Microsoft.Extensions.Configuration.FileConfigurationSource.ResolveFileProvider">
      <summary>If no file provider has been set, for absolute Path, this will creates a physical file provider
            for the nearest existing directory.<para>如果未设置文件提供程序,则对于绝对路径,这将创建一个物理文件提供程序 以获取最近的现有目录.</para></summary>
    </member>
    <member name="T:Microsoft.Extensions.Configuration.FileLoadExceptionContext">
      <summary>Contains information about a file load exception.<para>包含有关文件加载异常的信息.</para></summary>
    </member>
    <member name="P:Microsoft.Extensions.Configuration.FileLoadExceptionContext.Provider">
      <summary>The <see cref="T:Microsoft.Extensions.Configuration.FileConfigurationProvider" /> that caused the exception.<para>导致异常的 <see cref="T:Microsoft.Extensions.Configuration.FileConfigurationProvider" />.</para></summary>
    </member>
    <member name="P:Microsoft.Extensions.Configuration.FileLoadExceptionContext.Exception">
      <summary>The exception that occurred in Load.<para>加载中发生的异常.</para></summary>
    </member>
    <member name="P:Microsoft.Extensions.Configuration.FileLoadExceptionContext.Ignore">
      <summary>If true, the exception will not be rethrown.<para>如果为 true,则不会重新引发异常.</para></summary>
    </member>
    <member name="M:System.ThrowHelper.ThrowIfNull(System.Object,System.String)">
      <summary>Throws an <see cref="T:System.ArgumentNullException" /> if <paramref name="argument" /> is null.<para>抛出一个 <see cref="t:system.argumentnullexception" /> 如果 <paramref name="argument" /> 为空.</para></summary>
      <param name="argument">The reference type argument to validate as non-null.<para>要验证为非 null 的引用类型参数.</para></param>
      <param name="paramName">The name of the parameter with which <paramref name="argument" /> corresponds.<para><paramref name="argument" /> 对应的参数的名称.</para></param>
    </member>
    <member name="P:System.SR.Error_ExpectedPhysicalPath">
      <summary>The expected physical path was '{0}'.<para>预期的物理路径为"{0}".</para></summary>
    </member>
    <member name="P:System.SR.Error_FileNotFound">
      <summary>The configuration file '{0}' was not found and is not optional.<para>找不到配置文件"{0}",并且不是可选的.</para></summary>
    </member>
    <member name="P:System.SR.Error_FailedToLoad">
      <summary>Failed to load configuration from file '{0}'.<para>无法从文件"{0}"加载配置.</para></summary>
    </member>
  </members>
</doc>