<?xml version="1.0"?>
<doc>
  <assembly>
    <name>Microsoft.AspNetCore.Server.IISIntegration</name>
  </assembly>
  <members>
    <member name="T:Microsoft.AspNetCore.Server.IISIntegration.IISDefaults">
      <summary>String constants used to configure IIS Out-Of-Process.<para>用于配置 iis 进程外的字符串常量.</para></summary>
    </member>
    <member name="F:Microsoft.AspNetCore.Server.IISIntegration.IISDefaults.AuthenticationScheme">
      <summary>Default authentication scheme, which is "Windows".<para>默认身份验证方案,即"windows".</para></summary>
    </member>
    <member name="F:Microsoft.AspNetCore.Server.IISIntegration.IISDefaults.Negotiate">
      <summary>Default negotiate string, which is "Negotiate".<para>默认协商字符串,即"协商".</para></summary>
    </member>
    <member name="F:Microsoft.AspNetCore.Server.IISIntegration.IISDefaults.Ntlm">
      <summary>Default NTLM string, which is "NTLM".<para>默认 ntlm 字符串,即"ntlm".</para></summary>
    </member>
    <member name="T:Microsoft.AspNetCore.Server.IISIntegration.IISHostingStartup">
      <summary>The <see cref="T:Microsoft.AspNetCore.Hosting.IHostingStartup" /> to add IISIntegration to apps.<para>这 <see cref="t:microsoft.aspnetcore.hosting.ihostingstartup" /> 以将 iisintegration 添加到应用.</para></summary>
      <remarks>This API isn't meant to be used by user code.<para>此 api 不应由用户代码使用.</para></remarks>
    </member>
    <member name="M:Microsoft.AspNetCore.Server.IISIntegration.IISHostingStartup.Configure(Microsoft.AspNetCore.Hosting.IWebHostBuilder)">
      <summary>Adds IISIntegration into the middleware pipeline.<para>将 iisintegration 添加到中间件管道中.</para></summary>
      <param name="builder">The <see cref="T:Microsoft.AspNetCore.Hosting.IWebHostBuilder" />.<para>这 <see cref="t:microsoft.aspnetcore.hosting.iwebhostbuilder" /> .</para></param>
    </member>
    <member name="T:Microsoft.AspNetCore.Server.IISIntegration.IISMiddleware">
      <summary>The middleware that enables IIS Out-Of-Process to work.<para>使 iis 进程外正常工作的中间件.</para></summary>
    </member>
    <member name="M:Microsoft.AspNetCore.Server.IISIntegration.IISMiddleware.#ctor(Microsoft.AspNetCore.Http.RequestDelegate,Microsoft.Extensions.Logging.ILoggerFactory,Microsoft.Extensions.Options.IOptions{Microsoft.AspNetCore.Builder.IISOptions},System.String,Microsoft.AspNetCore.Authentication.IAuthenticationSchemeProvider,Microsoft.Extensions.Hosting.IHostApplicationLifetime)">
      <summary>The middleware that enables IIS Out-Of-Process to work.<para>使 iis 进程外正常工作的中间件.</para></summary>
      <param name="next">The next middleware in the pipeline.<para>管道中的下一个中间件.</para></param>
      <param name="loggerFactory">The <see cref="T:Microsoft.Extensions.Logging.ILoggerFactory" />.<para><see cref="T:Microsoft.Extensions.Logging.ILoggerFactory" />.</para></param>
      <param name="options">The configuration for this middleware.<para>此中间件的配置.</para></param>
      <param name="pairingToken">A token used to coordinate with the ASP.NET Core Module.<para>用于与 asp.net 核心模块协调的令牌.</para></param>
      <param name="authentication">The <see cref="T:Microsoft.AspNetCore.Authentication.IAuthenticationSchemeProvider" />.<para><see cref="t:microsoft.aspnetcore.authentication.iauthenticationschemeprovider" /> .</para></param>
      <param name="applicationLifetime">The <see cref="T:Microsoft.Extensions.Hosting.IHostApplicationLifetime" />.<para><see cref="t:microsoft.extensions.hosting.ihostapplicationlifetime" /> .</para></param>
    </member>
    <member name="M:Microsoft.AspNetCore.Server.IISIntegration.IISMiddleware.#ctor(Microsoft.AspNetCore.Http.RequestDelegate,Microsoft.Extensions.Logging.ILoggerFactory,Microsoft.Extensions.Options.IOptions{Microsoft.AspNetCore.Builder.IISOptions},System.String,System.Boolean,Microsoft.AspNetCore.Authentication.IAuthenticationSchemeProvider,Microsoft.Extensions.Hosting.IHostApplicationLifetime)">
      <summary>The middleware that enables IIS Out-Of-Process to work.<para>使 iis 进程外正常工作的中间件.</para></summary>
      <param name="next">The next middleware in the pipeline.<para>管道中的下一个中间件.</para></param>
      <param name="loggerFactory">The <see cref="T:Microsoft.Extensions.Logging.ILoggerFactory" />.<para><see cref="T:Microsoft.Extensions.Logging.ILoggerFactory" />.</para></param>
      <param name="options">The configuration for this middleware.<para>此中间件的配置.</para></param>
      <param name="pairingToken">A token used to coordinate with the ASP.NET Core Module.<para>用于与 asp.net 核心模块协调的令牌.</para></param>
      <param name="isWebsocketsSupported">Whether websockets are supported by IIS.<para>iis 是否支持网络套接字.</para></param>
      <param name="authentication">The <see cref="T:Microsoft.AspNetCore.Authentication.IAuthenticationSchemeProvider" />.<para><see cref="t:microsoft.aspnetcore.authentication.iauthenticationschemeprovider" /> .</para></param>
      <param name="applicationLifetime">The <see cref="T:Microsoft.Extensions.Hosting.IHostApplicationLifetime" />.<para><see cref="t:microsoft.extensions.hosting.ihostapplicationlifetime" /> .</para></param>
    </member>
    <member name="M:Microsoft.AspNetCore.Server.IISIntegration.IISMiddleware.Invoke(Microsoft.AspNetCore.Http.HttpContext)">
      <summary>Invoke the middleware.<para>调用中间件.</para></summary>
      <param name="httpContext">The <see cref="T:Microsoft.AspNetCore.Http.HttpContext" />.<para>这 <see cref="t:microsoft.aspnetcore.http.httpcontext" /> .</para></param>
      <returns>A <see cref="T:System.Threading.Tasks.Task" /> that represents the asynchronous operation.<para>表示异步操作的 <see cref="T:System.Threading.Tasks.Task" />.</para></returns>
    </member>
    <member name="T:Microsoft.AspNetCore.Builder.IISOptions">
      <summary>Options to configure IIS Out-Of-Process.<para>用于配置 iis 进程外的选项.</para></summary>
    </member>
    <member name="P:Microsoft.AspNetCore.Builder.IISOptions.AutomaticAuthentication">
      <summary>If true the middleware should set HttpContext.User. If false the middleware will only provide an
            identity when explicitly requested by the AuthenticationScheme.
            Note Windows Authentication must also be enabled in IIS for this to work.<para>如果为 true,则中间件应设置 httpcontext.user.如果为 false,中间件将仅提供 身份验证方案显式请求时的标识. 注意:还必须在 iis 中启用 windows 身份验证才能正常工作.</para></summary>
    </member>
    <member name="P:Microsoft.AspNetCore.Builder.IISOptions.AuthenticationDisplayName">
      <summary>Sets the display name shown to users on login pages. The default is null.<para>设置在登录页面上向用户显示的显示名称.默认值为 null.</para></summary>
    </member>
    <member name="P:Microsoft.AspNetCore.Builder.IISOptions.ForwardWindowsAuthentication">
      <summary>Used to indicate if the authentication handler should be registered. This is only done if ANCM indicates
            IIS has a non-anonymous authentication enabled, or for back compat with ANCMs that did not provide this information.<para>用于指示是否应注册身份验证处理程序.仅当 ancm 指示时,才会执行此操作 iis 已启用非匿名身份验证,或者用于与未提供此信息的 ncm 进行反向兼容.</para></summary>
    </member>
    <member name="P:Microsoft.AspNetCore.Builder.IISOptions.ForwardClientCertificate">
      <summary>Populates the ITLSConnectionFeature if the MS-ASPNETCORE-CLIENTCERT request header is present.<para>填充 itlsconnectionfeature 如果存在 ms-aspnetcore-clientcert 请求标头.</para></summary>
    </member>
    <member name="T:Microsoft.AspNetCore.Hosting.WebHostBuilderIISExtensions">
      <summary>Extension methods for the IIS Out-Of-Process.<para>iis 进程外的扩展方法.</para></summary>
    </member>
    <member name="M:Microsoft.AspNetCore.Hosting.WebHostBuilderIISExtensions.UseIISIntegration(Microsoft.AspNetCore.Hosting.IWebHostBuilder)">
      <summary>Configures the port and base path the server should listen on when running behind AspNetCoreModule.
            The app will also be configured to capture startup errors.<para>配置服务器在 aspnetcoremodule 后面运行时应侦听的端口和基本路径. 该应用程序还将配置为捕获启动错误.</para></summary>
      <param name="hostBuilder">
        <para>
        </para>
      </param>
      <returns>
        <para>
        </para>
      </returns>
    </member>
  </members>
</doc>