<?xml version="1.0"?>
<doc>
  <assembly>
    <name>Microsoft.AspNetCore.Cors</name>
  </assembly>
  <members>
    <member name="T:Microsoft.AspNetCore.Cors.CorsPolicyMetadata">
      <summary>Metadata that provides a CORS policy.<para>提供 cors 策略的元数据.</para></summary>
    </member>
    <member name="M:Microsoft.AspNetCore.Cors.CorsPolicyMetadata.#ctor(Microsoft.AspNetCore.Cors.Infrastructure.CorsPolicy)">
      <summary>Creates a new instance of <see cref="T:Microsoft.AspNetCore.Cors.CorsPolicyMetadata" /> using the specified policy.<para>创建 的新实例 <see cref="t:microsoft.aspnetcore.cors.corspolicymetadata" /> 使用指定的策略.</para></summary>
      <param name="policy">The policy which needs to be applied.<para>需要应用的策略.</para></param>
    </member>
    <member name="P:Microsoft.AspNetCore.Cors.CorsPolicyMetadata.Policy">
      <summary>The policy which needs to be applied.<para>需要应用的策略.</para></summary>
    </member>
    <member name="T:Microsoft.AspNetCore.Cors.DisableCorsAttribute">
      <inheritdoc />
    </member>
    <member name="T:Microsoft.AspNetCore.Cors.EnableCorsAttribute">
      <inheritdoc />
    </member>
    <member name="M:Microsoft.AspNetCore.Cors.EnableCorsAttribute.#ctor">
      <summary>Creates a new instance of the <see cref="T:Microsoft.AspNetCore.Cors.EnableCorsAttribute" /> with the default policy
            name defined by <see cref="P:Microsoft.AspNetCore.Cors.Infrastructure.CorsOptions.DefaultPolicyName" />.<para>创建 <see cref="t:microsoft.aspnetcore.cors.enablecorsattribute" /> 使用默认策略 名称定义者 <see cref="p:microsoft.aspnetcore.cors.infrastructure.corsoptions.defaultpolicyname" /> .</para></summary>
    </member>
    <member name="M:Microsoft.AspNetCore.Cors.EnableCorsAttribute.#ctor(System.String)">
      <summary>Creates a new instance of the <see cref="T:Microsoft.AspNetCore.Cors.EnableCorsAttribute" /> with the supplied policy name.<para>创建 <see cref="t:microsoft.aspnetcore.cors.enablecorsattribute" /> 使用提供的策略名称.</para></summary>
      <param name="policyName">The name of the policy to be applied.<para>要应用的策略的名称.</para></param>
    </member>
    <member name="P:Microsoft.AspNetCore.Cors.EnableCorsAttribute.PolicyName">
      <inheritdoc />
    </member>
    <member name="T:Microsoft.AspNetCore.Cors.Infrastructure.CorsConstants">
      <summary>CORS-related constants.<para>与 cors 相关的常量.</para></summary>
    </member>
    <member name="F:Microsoft.AspNetCore.Cors.Infrastructure.CorsConstants.PreflightHttpMethod">
      <summary>The HTTP method for the CORS preflight request.<para>cors 预检请求的 http 方法.</para></summary>
    </member>
    <member name="F:Microsoft.AspNetCore.Cors.Infrastructure.CorsConstants.Origin">
      <summary>The Origin request header.<para>源请求标头.</para></summary>
    </member>
    <member name="F:Microsoft.AspNetCore.Cors.Infrastructure.CorsConstants.AnyOrigin">
      <summary>The value for the Access-Control-Allow-Origin response header to allow all origins.<para>访问控制允许源响应标头的值,以允许所有源.</para></summary>
    </member>
    <member name="F:Microsoft.AspNetCore.Cors.Infrastructure.CorsConstants.AccessControlRequestMethod">
      <summary>The Access-Control-Request-Method request header.<para>访问控制请求方法请求标头.</para></summary>
    </member>
    <member name="F:Microsoft.AspNetCore.Cors.Infrastructure.CorsConstants.AccessControlRequestHeaders">
      <summary>The Access-Control-Request-Headers request header.<para>访问控制请求标头请求标头.</para></summary>
    </member>
    <member name="F:Microsoft.AspNetCore.Cors.Infrastructure.CorsConstants.AccessControlAllowOrigin">
      <summary>The Access-Control-Allow-Origin response header.<para>访问控制允许源响应标头.</para></summary>
    </member>
    <member name="F:Microsoft.AspNetCore.Cors.Infrastructure.CorsConstants.AccessControlAllowHeaders">
      <summary>The Access-Control-Allow-Headers response header.<para>访问控制允许标头响应标头.</para></summary>
    </member>
    <member name="F:Microsoft.AspNetCore.Cors.Infrastructure.CorsConstants.AccessControlExposeHeaders">
      <summary>The Access-Control-Expose-Headers response header.<para>访问控制暴露标头响应标头.</para></summary>
    </member>
    <member name="F:Microsoft.AspNetCore.Cors.Infrastructure.CorsConstants.AccessControlAllowMethods">
      <summary>The Access-Control-Allow-Methods response header.<para>访问控制允许方法响应标头.</para></summary>
    </member>
    <member name="F:Microsoft.AspNetCore.Cors.Infrastructure.CorsConstants.AccessControlAllowCredentials">
      <summary>The Access-Control-Allow-Credentials response header.<para>访问控制允许凭据响应标头.</para></summary>
    </member>
    <member name="F:Microsoft.AspNetCore.Cors.Infrastructure.CorsConstants.AccessControlMaxAge">
      <summary>The Access-Control-Max-Age response header.<para>访问控制最大期限响应标头.</para></summary>
    </member>
    <member name="T:Microsoft.AspNetCore.Cors.Infrastructure.CorsMiddleware">
      <summary>A middleware for handling CORS.<para>用于处理 cors 的中间件.</para></summary>
    </member>
    <member name="M:Microsoft.AspNetCore.Cors.Infrastructure.CorsMiddleware.#ctor(Microsoft.AspNetCore.Http.RequestDelegate,Microsoft.AspNetCore.Cors.Infrastructure.ICorsService,Microsoft.Extensions.Logging.ILoggerFactory)">
      <summary>Instantiates a new <see cref="T:Microsoft.AspNetCore.Cors.Infrastructure.CorsMiddleware" />.<para>实例化一个新的 <see cref="t:microsoft.aspnetcore.cors.infrastructure.corsmiddleware" /> .</para></summary>
      <param name="next">The next middleware in the pipeline.<para>管道中的下一个中间件.</para></param>
      <param name="corsService">An instance of <see cref="T:Microsoft.AspNetCore.Cors.Infrastructure.ICorsService" />.<para>的实例 <see cref="t:microsoft.aspnetcore.cors.infrastructure.icorsservice" /> .</para></param>
      <param name="loggerFactory">An instance of <see cref="T:Microsoft.Extensions.Logging.ILoggerFactory" />.<para><see cref="T:Microsoft.Extensions.Logging.ILoggerFactory" /> 的实例.</para></param>
    </member>
    <member name="M:Microsoft.AspNetCore.Cors.Infrastructure.CorsMiddleware.#ctor(Microsoft.AspNetCore.Http.RequestDelegate,Microsoft.AspNetCore.Cors.Infrastructure.ICorsService,Microsoft.Extensions.Logging.ILoggerFactory,System.String)">
      <summary>Instantiates a new <see cref="T:Microsoft.AspNetCore.Cors.Infrastructure.CorsMiddleware" />.<para>实例化一个新的 <see cref="t:microsoft.aspnetcore.cors.infrastructure.corsmiddleware" /> .</para></summary>
      <param name="next">The next middleware in the pipeline.<para>管道中的下一个中间件.</para></param>
      <param name="corsService">An instance of <see cref="T:Microsoft.AspNetCore.Cors.Infrastructure.ICorsService" />.<para>的实例 <see cref="t:microsoft.aspnetcore.cors.infrastructure.icorsservice" /> .</para></param>
      <param name="loggerFactory">An instance of <see cref="T:Microsoft.Extensions.Logging.ILoggerFactory" />.<para><see cref="T:Microsoft.Extensions.Logging.ILoggerFactory" /> 的实例.</para></param>
      <param name="policyName">An optional name of the policy to be fetched.<para>要获取的策略的可选名称.</para></param>
    </member>
    <member name="M:Microsoft.AspNetCore.Cors.Infrastructure.CorsMiddleware.#ctor(Microsoft.AspNetCore.Http.RequestDelegate,Microsoft.AspNetCore.Cors.Infrastructure.ICorsService,Microsoft.AspNetCore.Cors.Infrastructure.CorsPolicy,Microsoft.Extensions.Logging.ILoggerFactory)">
      <summary>Instantiates a new <see cref="T:Microsoft.AspNetCore.Cors.Infrastructure.CorsMiddleware" />.<para>实例化一个新的 <see cref="t:microsoft.aspnetcore.cors.infrastructure.corsmiddleware" /> .</para></summary>
      <param name="next">The next middleware in the pipeline.<para>管道中的下一个中间件.</para></param>
      <param name="corsService">An instance of <see cref="T:Microsoft.AspNetCore.Cors.Infrastructure.ICorsService" />.<para>的实例 <see cref="t:microsoft.aspnetcore.cors.infrastructure.icorsservice" /> .</para></param>
      <param name="policy">An instance of the <see cref="T:Microsoft.AspNetCore.Cors.Infrastructure.CorsPolicy" /> which can be applied.<para>的实例 <see cref="t:microsoft.aspnetcore.cors.infrastructure.corspolicy" /> 可以应用.</para></param>
      <param name="loggerFactory">An instance of <see cref="T:Microsoft.Extensions.Logging.ILoggerFactory" />.<para><see cref="T:Microsoft.Extensions.Logging.ILoggerFactory" /> 的实例.</para></param>
    </member>
    <member name="M:Microsoft.AspNetCore.Cors.Infrastructure.CorsMiddleware.Invoke(Microsoft.AspNetCore.Http.HttpContext,Microsoft.AspNetCore.Cors.Infrastructure.ICorsPolicyProvider)">
      <inheritdoc />
    </member>
    <member name="T:Microsoft.AspNetCore.Cors.Infrastructure.CorsOptions">
      <summary>Provides programmatic configuration for Cors.<para>为 cors 提供编程配置.</para></summary>
    </member>
    <member name="P:Microsoft.AspNetCore.Cors.Infrastructure.CorsOptions.DefaultPolicyName">
      <summary>Gets or sets the default policy name.<para>获取或设置默认策略名称.</para></summary>
    </member>
    <member name="M:Microsoft.AspNetCore.Cors.Infrastructure.CorsOptions.AddDefaultPolicy(Microsoft.AspNetCore.Cors.Infrastructure.CorsPolicy)">
      <summary>Adds a new policy and sets it as the default.<para>添加新策略并将其设置为默认策略.</para></summary>
      <param name="policy">The <see cref="T:Microsoft.AspNetCore.Cors.Infrastructure.CorsPolicy" /> policy to be added.<para>这 <see cref="t:microsoft.aspnetcore.cors.infrastructure.corspolicy" /> 要添加的策略.</para></param>
    </member>
    <member name="M:Microsoft.AspNetCore.Cors.Infrastructure.CorsOptions.AddDefaultPolicy(System.Action{Microsoft.AspNetCore.Cors.Infrastructure.CorsPolicyBuilder})">
      <summary>Adds a new policy and sets it as the default.<para>添加新策略并将其设置为默认策略.</para></summary>
      <param name="configurePolicy">A delegate which can use a policy builder to build a policy.<para>可以使用策略生成器构建策略的委托.</para></param>
    </member>
    <member name="M:Microsoft.AspNetCore.Cors.Infrastructure.CorsOptions.AddPolicy(System.String,Microsoft.AspNetCore.Cors.Infrastructure.CorsPolicy)">
      <summary>Adds a new policy.<para>添加新策略.</para></summary>
      <param name="name">The name of the policy.<para>策略的名称.</para></param>
      <param name="policy">The <see cref="T:Microsoft.AspNetCore.Cors.Infrastructure.CorsPolicy" /> policy to be added.<para><see cref="t:microsoft.aspnetcore.cors.infrastructure.corspolicy" /> 要添加的策略.</para></param>
    </member>
    <member name="M:Microsoft.AspNetCore.Cors.Infrastructure.CorsOptions.AddPolicy(System.String,System.Action{Microsoft.AspNetCore.Cors.Infrastructure.CorsPolicyBuilder})">
      <summary>Adds a new policy.<para>添加新策略.</para></summary>
      <param name="name">The name of the policy.<para>策略的名称.</para></param>
      <param name="configurePolicy">A delegate which can use a policy builder to build a policy.<para>可以使用策略构建器构建策略的委托.</para></param>
    </member>
    <member name="M:Microsoft.AspNetCore.Cors.Infrastructure.CorsOptions.GetPolicy(System.String)">
      <summary>Gets the policy based on the <paramref name="name" /><para>获取基于 <paramref name="name" /> 的策略</para></summary>
      <param name="name">The name of the policy to lookup.<para>要查找的策略的名称.</para></param>
      <returns>The <see cref="T:Microsoft.AspNetCore.Cors.Infrastructure.CorsPolicy" /> if the policy was added.<c>null</c> otherwise.<para>这 <see cref="t:microsoft.aspnetcore.cors.infrastructure.corspolicy" /> 如果添加了策略.<c>null</c> 否则.</para></returns>
    </member>
    <member name="T:Microsoft.AspNetCore.Cors.Infrastructure.CorsPolicy">
      <summary>Defines the policy for Cross-Origin requests based on the CORS specifications.<para>根据 cors 规范定义跨源请求的策略.</para></summary>
    </member>
    <member name="M:Microsoft.AspNetCore.Cors.Infrastructure.CorsPolicy.#ctor">
      <summary>Default constructor for a CorsPolicy.<para>corspolicy 的默认构造函数.</para></summary>
    </member>
    <member name="P:Microsoft.AspNetCore.Cors.Infrastructure.CorsPolicy.AllowAnyHeader">
      <summary>Gets a value indicating if all headers are allowed.<para>获取一个值,该值指示是否允许所有标头.</para></summary>
    </member>
    <member name="P:Microsoft.AspNetCore.Cors.Infrastructure.CorsPolicy.AllowAnyMethod">
      <summary>Gets a value indicating if all methods are allowed.<para>获取一个值,该值指示是否允许所有方法.</para></summary>
    </member>
    <member name="P:Microsoft.AspNetCore.Cors.Infrastructure.CorsPolicy.AllowAnyOrigin">
      <summary>Gets a value indicating if all origins are allowed.<para>获取一个值,该值指示是否允许所有源.</para></summary>
    </member>
    <member name="P:Microsoft.AspNetCore.Cors.Infrastructure.CorsPolicy.IsDefaultIsOriginAllowed">
      <summary>Gets a value indicating if <see cref="P:Microsoft.AspNetCore.Cors.Infrastructure.CorsPolicy.IsOriginAllowed" /> is the default function that is set in the CorsPolicy constructor.<para>获取一个值,该值指示是否 <see cref="p:microsoft.aspnetcore.cors.infrastructure.corspolicy.isoriginallowed" /> 是在 corspolicy 构造函数中设置的默认函数.</para></summary>
    </member>
    <member name="P:Microsoft.AspNetCore.Cors.Infrastructure.CorsPolicy.IsOriginAllowed">
      <summary>Gets or sets a function which evaluates whether an origin is allowed.<para>获取或设置一个函数,该函数计算是否允许源.</para></summary>
    </member>
    <member name="P:Microsoft.AspNetCore.Cors.Infrastructure.CorsPolicy.ExposedHeaders">
      <summary>Gets the headers that the resource might use and can be exposed.<para>获取资源可能使用并且可以公开的标头.</para></summary>
    </member>
    <member name="P:Microsoft.AspNetCore.Cors.Infrastructure.CorsPolicy.Headers">
      <summary>Gets the headers that are supported by the resource.<para>获取资源支持的标头.</para></summary>
    </member>
    <member name="P:Microsoft.AspNetCore.Cors.Infrastructure.CorsPolicy.Methods">
      <summary>Gets the methods that are supported by the resource.<para>获取资源支持的方法.</para></summary>
    </member>
    <member name="P:Microsoft.AspNetCore.Cors.Infrastructure.CorsPolicy.Origins">
      <summary>Gets the origins that are allowed to access the resource.<para>获取允许访问资源的源.</para></summary>
    </member>
    <member name="P:Microsoft.AspNetCore.Cors.Infrastructure.CorsPolicy.PreflightMaxAge">
      <summary>Gets or sets the <see cref="T:System.TimeSpan" /> for which the results of a preflight request can be cached.<para>获取或设置 <see cref="T:System.TimeSpan" />,可以为其缓存预检请求的结果.</para></summary>
    </member>
    <member name="P:Microsoft.AspNetCore.Cors.Infrastructure.CorsPolicy.SupportsCredentials">
      <summary>Gets or sets a value indicating whether the resource supports user credentials in the request.<para>获取或设置一个值,该值指示资源是否支持请求中的用户凭据.</para></summary>
    </member>
    <member name="M:Microsoft.AspNetCore.Cors.Infrastructure.CorsPolicy.ToString">
      <summary>Returns a <see cref="T:System.String" /> that represents this instance.<para>返回表示此实例的 <see cref="T:System.String" />.</para></summary>
      <returns>A <see cref="T:System.String" /> that represents this instance.<para>表示此实例的 <see cref="T:System.String" />.</para></returns>
    </member>
    <member name="T:Microsoft.AspNetCore.Cors.Infrastructure.CorsPolicyBuilder">
      <summary>Exposes methods to build a policy.<para>公开用于生成策略的方法.</para></summary>
    </member>
    <member name="M:Microsoft.AspNetCore.Cors.Infrastructure.CorsPolicyBuilder.#ctor(System.String[])">
      <summary>Creates a new instance of the <see cref="T:Microsoft.AspNetCore.Cors.Infrastructure.CorsPolicyBuilder" />.<para>创建 <see cref="t:microsoft.aspnetcore.cors.infrastructure.corspolicybuilder" /> .</para></summary>
      <param name="origins">list of origins which can be added.<para>可以添加的起源列表.</para></param>
      <remarks>
        <see cref="M:Microsoft.AspNetCore.Cors.Infrastructure.CorsPolicyBuilder.WithOrigins(System.String[])" /> for details on normalizing the origin value.<para><see cref="m:microsoft.aspnetcore.cors.infrastructure.corspolicybuilder.withorigins（system.string[]）" /> 有关规范化原点值的详细信息.</para></remarks>
    </member>
    <member name="M:Microsoft.AspNetCore.Cors.Infrastructure.CorsPolicyBuilder.#ctor(Microsoft.AspNetCore.Cors.Infrastructure.CorsPolicy)">
      <summary>Creates a new instance of the <see cref="T:Microsoft.AspNetCore.Cors.Infrastructure.CorsPolicyBuilder" />.<para>创建 <see cref="t:microsoft.aspnetcore.cors.infrastructure.corspolicybuilder" /> .</para></summary>
      <param name="policy">The policy which will be used to intialize the builder.<para>将用于初始化构建器的策略.</para></param>
    </member>
    <member name="M:Microsoft.AspNetCore.Cors.Infrastructure.CorsPolicyBuilder.WithOrigins(System.String[])">
      <summary>Adds the specified <paramref name="origins" /> to the policy.<para>将指定的 <paramref name="origins" /> 添加到策略中.</para></summary>
      <param name="origins">The origins that are allowed.<para>允许的起源.</para></param>
      <returns>The current policy builder.<para>当前策略生成器.</para></returns>
      <remarks>This method normalizes the origin value prior to adding it to <see cref="P:Microsoft.AspNetCore.Cors.Infrastructure.CorsPolicy.Origins" /> to match
            the normalization performed by the browser on the value sent in the <c>ORIGIN</c> header.
            <list type="bullet"><item><description>If the specified origin has an internationalized domain name (IDN), the punycoded value is used. If the origin
            specifies a default port (e.g. 443 for HTTPS or 80 for HTTP), this will be dropped as part of normalization.
            Finally, the scheme and punycoded host name are culture invariant lower cased before being added to the <see cref="P:Microsoft.AspNetCore.Cors.Infrastructure.CorsPolicy.Origins" />
            collection.</description></item><item><description>For all other origins, normalization involves performing a culture invariant lower casing of the host name.</description></item></list><para>此方法在将原点值添加到 <see cref="p:microsoft.aspnetcore.cors.infrastructure.corspolicy.origins" /> 匹配 浏览器对 <c>ORIGIN</c> 标头中发送的值执行的规范化. <list type="bullet"><item> $ <description> $ 如果指定的源具有国际化域名 （idn）,则使用 punycode 值.如果原产地 指定默认端口（例如 https 为 443 或 http 为 80）,该端口将作为规范化的一部分被删除. 最后,方案和 punycoding 主机名在添加到 <see cref="p:microsoft.aspnetcore.cors.infrastructure.corspolicy.origins" /> collection.</description> $ </item> $ <item> $ <description> $ 对于所有其他源,规范化涉及执行主机名的区域性不变小写.</description> $ </item> $ </list></para></remarks>
    </member>
    <member name="M:Microsoft.AspNetCore.Cors.Infrastructure.CorsPolicyBuilder.WithHeaders(System.String[])">
      <summary>Adds the specified <paramref name="headers" /> to the policy.<para>将指定的 <paramref name="headers" /> 添加到策略中.</para></summary>
      <param name="headers">The headers which need to be allowed in the request.<para>请求中需要允许的标头.</para></param>
      <returns>The current policy builder.<para>当前策略生成器.</para></returns>
    </member>
    <member name="M:Microsoft.AspNetCore.Cors.Infrastructure.CorsPolicyBuilder.WithExposedHeaders(System.String[])">
      <summary>Adds the specified <paramref name="exposedHeaders" /> to the policy.<para>将指定的 <paramref name="exposedHeaders" /> 添加到策略中.</para></summary>
      <param name="exposedHeaders">The headers which need to be exposed to the client.<para>需要向客户端公开的标头.</para></param>
      <returns>The current policy builder.<para>当前策略生成器.</para></returns>
    </member>
    <member name="M:Microsoft.AspNetCore.Cors.Infrastructure.CorsPolicyBuilder.WithMethods(System.String[])">
      <summary>Adds the specified <paramref name="methods" /> to the policy.<para>将指定的 <paramref name="methods" /> 添加到策略中.</para></summary>
      <param name="methods">The methods which need to be added to the policy.<para>需要添加到策略中的方法.</para></param>
      <returns>The current policy builder.<para>当前策略生成器.</para></returns>
    </member>
    <member name="M:Microsoft.AspNetCore.Cors.Infrastructure.CorsPolicyBuilder.AllowCredentials">
      <summary>Sets the policy to allow credentials.<para>设置策略以允许凭据.</para></summary>
      <returns>The current policy builder.<para>当前策略生成器.</para></returns>
    </member>
    <member name="M:Microsoft.AspNetCore.Cors.Infrastructure.CorsPolicyBuilder.DisallowCredentials">
      <summary>Sets the policy to not allow credentials.<para>将策略设置为不允许凭据.</para></summary>
      <returns>The current policy builder.<para>当前策略生成器.</para></returns>
    </member>
    <member name="M:Microsoft.AspNetCore.Cors.Infrastructure.CorsPolicyBuilder.AllowAnyOrigin">
      <summary>Ensures that the policy allows any origin.<para>确保策略允许任何源.</para></summary>
      <returns>The current policy builder.<para>当前策略生成器.</para></returns>
    </member>
    <member name="M:Microsoft.AspNetCore.Cors.Infrastructure.CorsPolicyBuilder.AllowAnyMethod">
      <summary>Ensures that the policy allows any method.<para>确保策略允许任何方法.</para></summary>
      <returns>The current policy builder.<para>当前策略生成器.</para></returns>
    </member>
    <member name="M:Microsoft.AspNetCore.Cors.Infrastructure.CorsPolicyBuilder.AllowAnyHeader">
      <summary>Ensures that the policy allows any header.<para>确保策略允许任何标头.</para></summary>
      <returns>The current policy builder.<para>当前策略生成器.</para></returns>
    </member>
    <member name="M:Microsoft.AspNetCore.Cors.Infrastructure.CorsPolicyBuilder.SetPreflightMaxAge(System.TimeSpan)">
      <summary>Sets the preflightMaxAge for the underlying policy.<para>设置基础策略的预检最大值.</para></summary>
      <param name="preflightMaxAge">A positive <see cref="T:System.TimeSpan" /> indicating the time a preflight
            request can be cached.<para>正 <see cref="T:System.TimeSpan" /> 表示印前检查时间 可以缓存请求.</para></param>
      <returns>The current policy builder.<para>当前策略生成器.</para></returns>
    </member>
    <member name="M:Microsoft.AspNetCore.Cors.Infrastructure.CorsPolicyBuilder.SetIsOriginAllowed(System.Func{System.String,System.Boolean})">
      <summary>Sets the specified <paramref name="isOriginAllowed" /> for the underlying policy.<para>设置指定的 $<paramref name="isoriginallowed" /> 对于基础策略.</para></summary>
      <param name="isOriginAllowed">The function used by the policy to evaluate if an origin is allowed.<para>策略用于评估是否允许源的函数.</para></param>
      <returns>The current policy builder.<para>当前策略生成器.</para></returns>
    </member>
    <member name="M:Microsoft.AspNetCore.Cors.Infrastructure.CorsPolicyBuilder.SetIsOriginAllowedToAllowWildcardSubdomains">
      <summary>Sets the <see cref="P:Microsoft.AspNetCore.Cors.Infrastructure.CorsPolicy.IsOriginAllowed" /> property of the policy to be a function
            that allows origins to match a configured wildcarded domain when evaluating if the
            origin is allowed.<para>设置的 <see cref="p:microsoft.aspnetcore.cors.infrastructure.corspolicy.isoriginallowed" /> 要作为函数的策略的属性 这允许源在评估是否 原产地是允许的.</para></summary>
      <returns>The current policy builder.<para>当前策略生成器.</para></returns>
    </member>
    <member name="M:Microsoft.AspNetCore.Cors.Infrastructure.CorsPolicyBuilder.Build">
      <summary>Builds a new <see cref="T:Microsoft.AspNetCore.Cors.Infrastructure.CorsPolicy" /> using the entries added.<para>构建一个新的 <see cref="t:microsoft.aspnetcore.cors.infrastructure.corspolicy" /> 使用添加的条目.</para></summary>
      <returns>The constructed <see cref="T:Microsoft.AspNetCore.Cors.Infrastructure.CorsPolicy" />.<para>构建的 <see cref="t:microsoft.aspnetcore.cors.infrastructure.corspolicy" /> .</para></returns>
    </member>
    <member name="M:Microsoft.AspNetCore.Cors.Infrastructure.CorsPolicyBuilder.Combine(Microsoft.AspNetCore.Cors.Infrastructure.CorsPolicy)">
      <summary>Combines the given <paramref name="policy" /> to the existing properties in the builder.<para>将给定的 <paramref name="policy" /> 合并到生成器中的现有属性.</para></summary>
      <param name="policy">The policy which needs to be combined.<para>需要组合的策略.</para></param>
      <returns>The current policy builder.<para>当前策略生成器.</para></returns>
    </member>
    <member name="T:Microsoft.AspNetCore.Cors.Infrastructure.CorsResult">
      <summary>Results returned by <see cref="T:Microsoft.AspNetCore.Cors.Infrastructure.ICorsService" />.<para>返回的结果由 <see cref="t:microsoft.aspnetcore.cors.infrastructure.icorsservice" /> .</para></summary>
    </member>
    <member name="P:Microsoft.AspNetCore.Cors.Infrastructure.CorsResult.IsPreflightRequest">
      <summary>Gets or sets a value that determines if the current request is a CORS-preflight request.<para>获取或设置一个值,该值确定当前请求是否为 cors 预检请求.</para></summary>
    </member>
    <member name="P:Microsoft.AspNetCore.Cors.Infrastructure.CorsResult.AllowedOrigin">
      <summary>Gets or sets the allowed origin.<para>获取或设置允许的源.</para></summary>
    </member>
    <member name="P:Microsoft.AspNetCore.Cors.Infrastructure.CorsResult.IsOriginAllowed">
      <summary>Gets or sets a value that determines if the origin is allowed.
            When <c>false</c>, no CORS headers should be sent.<para>获取或设置一个值,该值确定是否允许原点. 当 <c>false</c> 时,不应发送任何 cors 标头.</para></summary>
    </member>
    <member name="P:Microsoft.AspNetCore.Cors.Infrastructure.CorsResult.SupportsCredentials">
      <summary>Gets or sets a value indicating whether the resource supports user credentials.<para>获取或设置一个值,该值指示资源是否支持用户凭据.</para></summary>
    </member>
    <member name="P:Microsoft.AspNetCore.Cors.Infrastructure.CorsResult.AllowedMethods">
      <summary>Gets the allowed methods.<para>获取允许的方法.</para></summary>
    </member>
    <member name="P:Microsoft.AspNetCore.Cors.Infrastructure.CorsResult.AllowedHeaders">
      <summary>Gets the allowed headers.<para>获取允许的标头.</para></summary>
    </member>
    <member name="P:Microsoft.AspNetCore.Cors.Infrastructure.CorsResult.AllowedExposedHeaders">
      <summary>Gets the allowed headers that can be exposed on the response.<para>获取可在响应上公开的允许标头.</para></summary>
    </member>
    <member name="P:Microsoft.AspNetCore.Cors.Infrastructure.CorsResult.VaryByOrigin">
      <summary>Gets or sets a value indicating if a 'Vary' header with the value 'Origin' is required.<para>获取或设置一个值,该值指示是否需要值为"origin"的"vary"标头.</para></summary>
    </member>
    <member name="P:Microsoft.AspNetCore.Cors.Infrastructure.CorsResult.PreflightMaxAge">
      <summary>Gets or sets the <see cref="T:System.TimeSpan" /> for which the results of a preflight request can be cached.<para>获取或设置 <see cref="T:System.TimeSpan" />,可以为其缓存预检请求的结果.</para></summary>
    </member>
    <member name="M:Microsoft.AspNetCore.Cors.Infrastructure.CorsResult.ToString">
      <summary>Returns a <see cref="T:System.String" /> that represents this instance.<para>返回表示此实例的 <see cref="T:System.String" />.</para></summary>
      <returns>A <see cref="T:System.String" /> that represents this instance.<para>表示此实例的 <see cref="T:System.String" />.</para></returns>
    </member>
    <member name="T:Microsoft.AspNetCore.Cors.Infrastructure.CorsService">
      <summary>Default implementation of <see cref="T:Microsoft.AspNetCore.Cors.Infrastructure.ICorsService" />.<para>默认实现 <see cref="t:microsoft.aspnetcore.cors.infrastructure.icorsservice" /> .</para></summary>
    </member>
    <member name="M:Microsoft.AspNetCore.Cors.Infrastructure.CorsService.#ctor(Microsoft.Extensions.Options.IOptions{Microsoft.AspNetCore.Cors.Infrastructure.CorsOptions},Microsoft.Extensions.Logging.ILoggerFactory)">
      <summary>Creates a new instance of the <see cref="T:Microsoft.AspNetCore.Cors.Infrastructure.CorsService" />.<para>创建 <see cref="t:microsoft.aspnetcore.cors.infrastructure.corsservice" /> .</para></summary>
      <param name="options">The option model representing <see cref="T:Microsoft.AspNetCore.Cors.Infrastructure.CorsOptions" />.<para>代表的选项模型 <see cref="t:microsoft.aspnetcore.cors.infrastructure.corsoptions" /> .</para></param>
      <param name="loggerFactory">The <see cref="T:Microsoft.Extensions.Logging.ILoggerFactory" />.<para><see cref="T:Microsoft.Extensions.Logging.ILoggerFactory" />.</para></param>
    </member>
    <member name="M:Microsoft.AspNetCore.Cors.Infrastructure.CorsService.EvaluatePolicy(Microsoft.AspNetCore.Http.HttpContext,System.String)">
      <summary>Looks up a policy using the <paramref name="policyName" /> and then evaluates the policy using the passed in
            <paramref name="context" />.<para>使用 <paramref name="policyName" /> 查找策略,然后使用传入的 <paramref name="context" />.</para></summary>
      <param name="context">
        <para>
        </para>
      </param>
      <param name="policyName">
        <para>
        </para>
      </param>
      <returns>A <see cref="T:Microsoft.AspNetCore.Cors.Infrastructure.CorsResult" /> which contains the result of policy evaluation and can be
            used by the caller to set appropriate response headers.<para>一个 <see cref="t:microsoft.aspnetcore.cors.infrastructure.corsresult" /> 其中包含策略评估的结果,可以是 调用方用于设置适当的响应标头.</para></returns>
    </member>
    <member name="M:Microsoft.AspNetCore.Cors.Infrastructure.CorsService.EvaluatePolicy(Microsoft.AspNetCore.Http.HttpContext,Microsoft.AspNetCore.Cors.Infrastructure.CorsPolicy)">
      <inheritdoc />
    </member>
    <member name="M:Microsoft.AspNetCore.Cors.Infrastructure.CorsService.EvaluateRequest(Microsoft.AspNetCore.Http.HttpContext,Microsoft.AspNetCore.Cors.Infrastructure.CorsPolicy,Microsoft.AspNetCore.Cors.Infrastructure.CorsResult)">
      <summary>Evaluate a request using the specified policy. The result is set on the specified <see cref="T:Microsoft.AspNetCore.Cors.Infrastructure.CorsResult" /> instance.<para>使用指定的策略评估请求.结果设置在指定的 <see cref="t:microsoft.aspnetcore.cors.infrastructure.corsresult" /> 实例.</para></summary>
      <param name="context">The current HTTP context.<para>当前 http 上下文.</para></param>
      <param name="policy">The <see cref="T:Microsoft.AspNetCore.Cors.Infrastructure.CorsPolicy" /> to evaluate.<para><see cref="t:microsoft.aspnetcore.cors.infrastructure.corspolicy" /> 来评估.</para></param>
      <param name="result">The <see cref="T:Microsoft.AspNetCore.Cors.Infrastructure.CorsResult" /> to set the result on.<para><see cref="t:microsoft.aspnetcore.cors.infrastructure.corsresult" /> 以设置结果.</para></param>
    </member>
    <member name="M:Microsoft.AspNetCore.Cors.Infrastructure.CorsService.EvaluatePreflightRequest(Microsoft.AspNetCore.Http.HttpContext,Microsoft.AspNetCore.Cors.Infrastructure.CorsPolicy,Microsoft.AspNetCore.Cors.Infrastructure.CorsResult)">
      <summary>Evaluate a preflight request using the specified policy. The result is set on the specified <see cref="T:Microsoft.AspNetCore.Cors.Infrastructure.CorsResult" /> instance.<para>使用指定的策略评估预检请求.结果设置在指定的 <see cref="t:microsoft.aspnetcore.cors.infrastructure.corsresult" /> 实例.</para></summary>
      <param name="context">The current HTTP context.<para>当前 http 上下文.</para></param>
      <param name="policy">The <see cref="T:Microsoft.AspNetCore.Cors.Infrastructure.CorsPolicy" /> to evaluate.<para><see cref="t:microsoft.aspnetcore.cors.infrastructure.corspolicy" /> 来评估.</para></param>
      <param name="result">The <see cref="T:Microsoft.AspNetCore.Cors.Infrastructure.CorsResult" /> to set the result on.<para><see cref="t:microsoft.aspnetcore.cors.infrastructure.corsresult" /> 以设置结果.</para></param>
    </member>
    <member name="M:Microsoft.AspNetCore.Cors.Infrastructure.CorsService.ApplyResult(Microsoft.AspNetCore.Cors.Infrastructure.CorsResult,Microsoft.AspNetCore.Http.HttpResponse)">
      <inheritdoc />
    </member>
    <member name="T:Microsoft.AspNetCore.Cors.Infrastructure.DefaultCorsPolicyProvider">
      <inheritdoc />
    </member>
    <member name="M:Microsoft.AspNetCore.Cors.Infrastructure.DefaultCorsPolicyProvider.#ctor(Microsoft.Extensions.Options.IOptions{Microsoft.AspNetCore.Cors.Infrastructure.CorsOptions})">
      <summary>Creates a new instance of <see cref="T:Microsoft.AspNetCore.Cors.Infrastructure.DefaultCorsPolicyProvider" />.<para>创建 的新实例 <see cref="t:microsoft.aspnetcore.cors.infrastructure.defaultcorspolicyprovider" /> .</para></summary>
      <param name="options">The options configured for the application.<para>为应用程序配置的选项.</para></param>
    </member>
    <member name="M:Microsoft.AspNetCore.Cors.Infrastructure.DefaultCorsPolicyProvider.GetPolicyAsync(Microsoft.AspNetCore.Http.HttpContext,System.String)">
      <inheritdoc />
    </member>
    <member name="T:Microsoft.AspNetCore.Cors.Infrastructure.ICorsPolicyMetadata">
      <summary>An interface which can be used to identify a type which provides metadata needed for enabling CORS support.<para>一个接口,可用于标识提供启用 cors 支持所需的元数据的类型.</para></summary>
    </member>
    <member name="P:Microsoft.AspNetCore.Cors.Infrastructure.ICorsPolicyMetadata.Policy">
      <summary>The policy which needs to be applied.<para>需要应用的策略.</para></summary>
    </member>
    <member name="T:Microsoft.AspNetCore.Cors.Infrastructure.ICorsPolicyProvider">
      <summary>A type which can provide a <see cref="T:Microsoft.AspNetCore.Cors.Infrastructure.CorsPolicy" /> for a particular <see cref="T:Microsoft.AspNetCore.Http.HttpContext" />.<para>一种可以提供 <see cref="t:microsoft.aspnetcore.cors.infrastructure.corspolicy" /> 对于特定 <see cref="t:microsoft.aspnetcore.http.httpcontext" /> .</para></summary>
    </member>
    <member name="M:Microsoft.AspNetCore.Cors.Infrastructure.ICorsPolicyProvider.GetPolicyAsync(Microsoft.AspNetCore.Http.HttpContext,System.String)">
      <summary>Gets a <see cref="T:Microsoft.AspNetCore.Cors.Infrastructure.CorsPolicy" /> from the given <paramref name="context" /><para>获取一个 <see cref="t:microsoft.aspnetcore.cors.infrastructure.corspolicy" /> 从给定的 <paramref name="context" /></para></summary>
      <param name="context">The <see cref="T:Microsoft.AspNetCore.Http.HttpContext" /> associated with this call.<para>这 <see cref="t:microsoft.aspnetcore.http.httpcontext" /> 与此调用相关联.</para></param>
      <param name="policyName">An optional policy name to look for.<para>要查找的可选策略名称.</para></param>
      <returns>A <see cref="T:Microsoft.AspNetCore.Cors.Infrastructure.CorsPolicy" /><para>一个 <see cref="t:microsoft.aspnetcore.cors.infrastructure.corspolicy" /></para></returns>
    </member>
    <member name="T:Microsoft.AspNetCore.Cors.Infrastructure.ICorsService">
      <summary>A type which can evaluate a policy for a particular <see cref="T:Microsoft.AspNetCore.Http.HttpContext" />.<para>可以评估特定策略的类型 <see cref="t:microsoft.aspnetcore.http.httpcontext" /> .</para></summary>
    </member>
    <member name="M:Microsoft.AspNetCore.Cors.Infrastructure.ICorsService.EvaluatePolicy(Microsoft.AspNetCore.Http.HttpContext,Microsoft.AspNetCore.Cors.Infrastructure.CorsPolicy)">
      <summary>Evaluates the given <paramref name="policy" /> using the passed in <paramref name="context" />.<para>使用传入的 <paramref name="context" /> 计算给定的 <paramref name="policy" />.</para></summary>
      <param name="context">The <see cref="T:Microsoft.AspNetCore.Http.HttpContext" /> associated with the call.<para>这 <see cref="t:microsoft.aspnetcore.http.httpcontext" /> 与呼叫关联.</para></param>
      <param name="policy">The <see cref="T:Microsoft.AspNetCore.Cors.Infrastructure.CorsPolicy" /> which needs to be evaluated.<para><see cref="t:microsoft.aspnetcore.cors.infrastructure.corspolicy" /> 这需要评估.</para></param>
      <returns>A <see cref="T:Microsoft.AspNetCore.Cors.Infrastructure.CorsResult" /> which contains the result of policy evaluation and can be
            used by the caller to set appropriate response headers.<para>一个 <see cref="t:microsoft.aspnetcore.cors.infrastructure.corsresult" /> 其中包含策略评估的结果,可以是 调用方用于设置适当的响应标头.</para></returns>
    </member>
    <member name="M:Microsoft.AspNetCore.Cors.Infrastructure.ICorsService.ApplyResult(Microsoft.AspNetCore.Cors.Infrastructure.CorsResult,Microsoft.AspNetCore.Http.HttpResponse)">
      <summary>Adds CORS-specific response headers to the given <paramref name="response" />.<para>将特定于 cors 的响应标头添加到给定的 <paramref name="response" />.</para></summary>
      <param name="result">The <see cref="T:Microsoft.AspNetCore.Cors.Infrastructure.CorsResult" /> used to read the allowed values.<para>这 <see cref="t:microsoft.aspnetcore.cors.infrastructure.corsresult" /> 用于读取允许的值.</para></param>
      <param name="response">The <see cref="T:Microsoft.AspNetCore.Http.HttpResponse" /> associated with the current call.<para><see cref="t:microsoft.aspnetcore.http.httpresponse" /> 与当前呼叫关联.</para></param>
    </member>
    <member name="T:Microsoft.AspNetCore.Cors.Infrastructure.IDisableCorsAttribute">
      <summary>An interface which can be used to identify a type which provides metdata to disable cors for a resource.<para>一个接口,可用于标识提供 metdata 以禁用资源的 cors 的类型.</para></summary>
    </member>
    <member name="T:Microsoft.AspNetCore.Cors.Infrastructure.IEnableCorsAttribute">
      <summary>An interface which can be used to identify a type which provides metadata needed for enabling CORS support.<para>一个接口,可用于标识提供启用 cors 支持所需的元数据的类型.</para></summary>
    </member>
    <member name="P:Microsoft.AspNetCore.Cors.Infrastructure.IEnableCorsAttribute.PolicyName">
      <summary>The name of the policy which needs to be applied.<para>需要应用的策略的名称.</para></summary>
    </member>
    <member name="P:Microsoft.AspNetCore.Cors.Resources.InsecureConfiguration">
      <summary>The CORS protocol does not allow specifying a wildcard (any) origin and credentials at the same time. Configure the CORS policy by listing individual origins if credentials needs to be supported.<para>cors 协议不允许同时指定通配符（任何）源和凭据.如果需要支持凭据,请通过列出单个源来配置 cors 策略.</para></summary>
    </member>
    <member name="P:Microsoft.AspNetCore.Cors.Resources.PolicyNotFound">
      <summary>Unable to find CORS policy with name '{0}'.<para>找不到名称为"{0}"的 cors 策略.</para></summary>
    </member>
    <member name="M:Microsoft.AspNetCore.Cors.Resources.FormatPolicyNotFound(System.Object)">
      <summary>Unable to find CORS policy with name '{0}'.<para>找不到名称为"{0}"的 cors 策略.</para></summary>
    </member>
    <member name="P:Microsoft.AspNetCore.Cors.Resources.PreflightMaxAgeOutOfRange">
      <summary>PreflightMaxAge must be greater than or equal to 0.<para>印前检查最大数量必须大于或等于 0.</para></summary>
    </member>
    <member name="T:Microsoft.AspNetCore.Builder.CorsEndpointConventionBuilderExtensions">
      <summary>CORS extension methods for <see cref="T:Microsoft.AspNetCore.Builder.IEndpointConventionBuilder" />.<para>的 cors 扩展方法 <see cref="t:microsoft.aspnetcore.builder.iendpointconventionbuilder" /> .</para></summary>
    </member>
    <member name="M:Microsoft.AspNetCore.Builder.CorsEndpointConventionBuilderExtensions.RequireCors``1(``0,System.String)">
      <summary>Adds a CORS policy with the specified name to the endpoint(s).<para>将具有指定名称的 cors 策略添加到终结点.</para></summary>
      <param name="builder">The endpoint convention builder.<para>终结点约定生成器.</para></param>
      <param name="policyName">The CORS policy name.<para>cors 策略名称.</para></param>
      <returns>The original convention builder parameter.<para>原始约定生成器参数.</para></returns>
    </member>
    <member name="M:Microsoft.AspNetCore.Builder.CorsEndpointConventionBuilderExtensions.RequireCors``1(``0,System.Action{Microsoft.AspNetCore.Cors.Infrastructure.CorsPolicyBuilder})">
      <summary>Adds the specified CORS policy to the endpoint(s).<para>将指定的 cors 策略添加到终结点.</para></summary>
      <param name="builder">The endpoint convention builder.<para>终结点约定生成器.</para></param>
      <param name="configurePolicy">A delegate which can use a policy builder to build a policy.<para>可以使用策略构建器构建策略的委托.</para></param>
      <returns>The original convention builder parameter.<para>原始约定生成器参数.</para></returns>
    </member>
    <member name="T:Microsoft.AspNetCore.Builder.CorsMiddlewareExtensions">
      <summary>The <see cref="T:Microsoft.AspNetCore.Builder.IApplicationBuilder" /> extensions for adding CORS middleware support.<para>这 <see cref="t:microsoft.aspnetcore.builder.iapplicationbuilder" /> 用于添加 cors 中间件支持的扩展.</para></summary>
    </member>
    <member name="M:Microsoft.AspNetCore.Builder.CorsMiddlewareExtensions.UseCors(Microsoft.AspNetCore.Builder.IApplicationBuilder)">
      <summary>Adds a CORS middleware to your web application pipeline to allow cross domain requests.<para>将 cors 中间件添加到 web 应用程序管道以允许跨域请求.</para></summary>
      <param name="app">The IApplicationBuilder passed to your Configure method<para>传递给配置方法的 iapplicationbuilder</para></param>
      <returns>The original app parameter<para>原始应用参数</para></returns>
    </member>
    <member name="M:Microsoft.AspNetCore.Builder.CorsMiddlewareExtensions.UseCors(Microsoft.AspNetCore.Builder.IApplicationBuilder,System.String)">
      <summary>Adds a CORS middleware to your web application pipeline to allow cross domain requests.<para>将 cors 中间件添加到 web 应用程序管道以允许跨域请求.</para></summary>
      <param name="app">The IApplicationBuilder passed to your Configure method<para>iapplicationbuilder 将已配置策略的策略名称传递给配置方法</para></param>
      <param name="policyName">The policy name of a configured policy.<para>.</para></param>
      <returns>The original app parameter<para>原始应用参数</para></returns>
    </member>
    <member name="M:Microsoft.AspNetCore.Builder.CorsMiddlewareExtensions.UseCors(Microsoft.AspNetCore.Builder.IApplicationBuilder,System.Action{Microsoft.AspNetCore.Cors.Infrastructure.CorsPolicyBuilder})">
      <summary>Adds a CORS middleware to your web application pipeline to allow cross domain requests.<para>将 cors 中间件添加到 web 应用程序管道以允许跨域请求.</para></summary>
      <param name="app">The IApplicationBuilder passed to your Configure method.<para>传递给配置方法的 iapplicationbuilder.</para></param>
      <param name="configurePolicy">A delegate which can use a policy builder to build a policy.<para>可以使用策略构建器构建策略的委托.</para></param>
      <returns>The original app parameter<para>原始应用参数</para></returns>
    </member>
    <member name="T:Microsoft.Extensions.DependencyInjection.CorsServiceCollectionExtensions">
      <summary>Extension methods for setting up cross-origin resource sharing services in an <see cref="T:Microsoft.Extensions.DependencyInjection.IServiceCollection" />.<para>用于在 <see cref="T:Microsoft.Extensions.DependencyInjection.IServiceCollection" /> 中设置跨源资源共享服务的扩展方法.</para></summary>
    </member>
    <member name="M:Microsoft.Extensions.DependencyInjection.CorsServiceCollectionExtensions.AddCors(Microsoft.Extensions.DependencyInjection.IServiceCollection)">
      <summary>Adds cross-origin resource sharing services to the specified <see cref="T:Microsoft.Extensions.DependencyInjection.IServiceCollection" />.<para>将跨源资源共享服务添加到指定的 <see cref="T:Microsoft.Extensions.DependencyInjection.IServiceCollection" />.</para></summary>
      <param name="services">The <see cref="T:Microsoft.Extensions.DependencyInjection.IServiceCollection" /> to add services to.<para>要向其添加服务的 <see cref="T:Microsoft.Extensions.DependencyInjection.IServiceCollection" />.</para></param>
      <returns>The <see cref="T:Microsoft.Extensions.DependencyInjection.IServiceCollection" /> so that additional calls can be chained.<para><see cref="T:Microsoft.Extensions.DependencyInjection.IServiceCollection" />,以便可以链接其他调用.</para></returns>
    </member>
    <member name="M:Microsoft.Extensions.DependencyInjection.CorsServiceCollectionExtensions.AddCors(Microsoft.Extensions.DependencyInjection.IServiceCollection,System.Action{Microsoft.AspNetCore.Cors.Infrastructure.CorsOptions})">
      <summary>Adds cross-origin resource sharing services to the specified <see cref="T:Microsoft.Extensions.DependencyInjection.IServiceCollection" />.<para>将跨源资源共享服务添加到指定的 <see cref="T:Microsoft.Extensions.DependencyInjection.IServiceCollection" />.</para></summary>
      <param name="services">The <see cref="T:Microsoft.Extensions.DependencyInjection.IServiceCollection" /> to add services to.<para>要向其添加服务的 <see cref="T:Microsoft.Extensions.DependencyInjection.IServiceCollection" />.</para></param>
      <param name="setupAction">An <see cref="T:System.Action`1" /> to configure the provided <see cref="T:Microsoft.AspNetCore.Cors.Infrastructure.CorsOptions" />.<para>一个 <see cref="t:system.action`1" /> 配置提供的 <see cref="t:microsoft.aspnetcore.cors.infrastructure.corsoptions" /> .</para></param>
      <returns>The <see cref="T:Microsoft.Extensions.DependencyInjection.IServiceCollection" /> so that additional calls can be chained.<para><see cref="T:Microsoft.Extensions.DependencyInjection.IServiceCollection" />,以便可以链接其他调用.</para></returns>
    </member>
  </members>
</doc>