<?xml version="1.0"?>
<doc>
  <assembly>
    <name>Microsoft.Extensions.Localization</name>
  </assembly>
  <members>
    <member name="T:Microsoft.Extensions.Localization.AssemblyWrapper">
      <summary>This API supports infrastructure and is not intended to be used
            directly from your code. This API may change or be removed in future releases.<para>此 api 支持基础结构,不打算使用 直接从您的代码.此 api 可能会在将来的版本中更改或删除.</para></summary>
    </member>
    <member name="T:Microsoft.Extensions.Localization.IResourceStringProvider">
      <summary>This API supports infrastructure and is not intended to be used
            directly from your code. This API may change or be removed in future releases.<para>此 api 支持基础结构,不打算使用 直接从您的代码.此 api 可能会在将来的版本中更改或删除.</para></summary>
    </member>
    <member name="T:Microsoft.Extensions.Localization.ResourceManagerStringProvider">
      <summary>This API supports infrastructure and is not intended to be used
            directly from your code. This API may change or be removed in future releases.<para>此 api 支持基础结构,不打算使用 直接从您的代码.此 api 可能会在将来的版本中更改或删除.</para></summary>
    </member>
    <member name="T:Microsoft.Extensions.Localization.IResourceNamesCache">
      <summary>Represents a cache of string names in resources.<para>表示资源中字符串名称的缓存.</para></summary>
    </member>
    <member name="M:Microsoft.Extensions.Localization.IResourceNamesCache.GetOrAdd(System.String,System.Func{System.String,System.Collections.Generic.IList{System.String}})">
      <summary>Adds a set of resource names to the cache by using the specified function, if the name does not already exist.<para>使用指定的函数将一组资源名称添加到缓存（如果该名称尚不存在）.</para></summary>
      <param name="name">The resource name to add string names for.<para>要为其添加字符串名称的资源名称.</para></param>
      <param name="valueFactory">The function used to generate the string names for the resource.<para>用于为资源生成字符串名称的函数.</para></param>
      <returns>The string names for the resource.<para>资源的字符串名称.</para></returns>
    </member>
    <member name="T:Microsoft.Extensions.Localization.LocalizationOptions">
      <summary>Provides programmatic configuration for localization.<para>为本地化提供编程配置.</para></summary>
    </member>
    <member name="M:Microsoft.Extensions.Localization.LocalizationOptions.#ctor">
      <summary>Creates a new <see cref="T:Microsoft.Extensions.Localization.LocalizationOptions" />.<para>创建新的 <see cref="T:Microsoft.Extensions.Localization.LocalizationOptions" />.</para></summary>
    </member>
    <member name="P:Microsoft.Extensions.Localization.LocalizationOptions.ResourcesPath">
      <summary>The relative path under application root where resource files are located.<para>资源文件所在的应用程序根目录下的相对路径.</para></summary>
    </member>
    <member name="T:Microsoft.Extensions.Localization.ResourceLocationAttribute">
      <summary>Provides the location of resources for an Assembly.<para>提供程序集的资源位置.</para></summary>
    </member>
    <member name="M:Microsoft.Extensions.Localization.ResourceLocationAttribute.#ctor(System.String)">
      <summary>Creates a new <see cref="T:Microsoft.Extensions.Localization.ResourceLocationAttribute" />.<para>创建一个新的 <see cref="t:microsoft.extensions.localization.resourcelocationattribute" /> .</para></summary>
      <param name="resourceLocation">The location of resources for this Assembly.<para>此程序集的资源位置.</para></param>
    </member>
    <member name="P:Microsoft.Extensions.Localization.ResourceLocationAttribute.ResourceLocation">
      <summary>The location of resources for this Assembly.<para>此程序集的资源位置.</para></summary>
    </member>
    <member name="T:Microsoft.Extensions.Localization.ResourceManagerStringLocalizer">
      <summary>An <see cref="T:Microsoft.Extensions.Localization.IStringLocalizer" /> that uses the <see cref="T:System.Resources.ResourceManager" /> and
            <see cref="T:System.Resources.ResourceReader" /> to provide localized strings.<para>使用 <see cref="T:System.Resources.ResourceManager" /> 和 <see cref="T:System.Resources.ResourceReader" /> 以提供本地化字符串.</para></summary>
      <remarks>This type is thread-safe.<para>此类型是线程安全的.</para></remarks>
    </member>
    <member name="M:Microsoft.Extensions.Localization.ResourceManagerStringLocalizer.#ctor(System.Resources.ResourceManager,System.Reflection.Assembly,System.String,Microsoft.Extensions.Localization.IResourceNamesCache,Microsoft.Extensions.Logging.ILogger)">
      <summary>Creates a new <see cref="T:Microsoft.Extensions.Localization.ResourceManagerStringLocalizer" />.<para>创建新的 <see cref="T:Microsoft.Extensions.Localization.ResourceManagerStringLocalizer" />.</para></summary>
      <param name="resourceManager">The <see cref="T:System.Resources.ResourceManager" /> to read strings from.<para>要从中读取字符串的 <see cref="T:System.Resources.ResourceManager" />.</para></param>
      <param name="resourceAssembly">The <see cref="T:System.Reflection.Assembly" /> that contains the strings as embedded resources.<para><see cref="t:system.reflection.assembly" /> 包含作为嵌入资源的字符串.</para></param>
      <param name="baseName">The base name of the embedded resource that contains the strings.<para>包含字符串的嵌入资源的基名称.</para></param>
      <param name="resourceNamesCache">Cache of the list of strings for a given resource assembly name.<para>给定资源程序集名称的字符串列表的缓存.</para></param>
      <param name="logger">The <see cref="T:Microsoft.Extensions.Logging.ILogger" />.<para><see cref="T:Microsoft.Extensions.Logging.ILogger" />.</para></param>
    </member>
    <member name="M:Microsoft.Extensions.Localization.ResourceManagerStringLocalizer.#ctor(System.Resources.ResourceManager,Microsoft.Extensions.Localization.AssemblyWrapper,System.String,Microsoft.Extensions.Localization.IResourceNamesCache,Microsoft.Extensions.Logging.ILogger)">
      <summary>Intended for testing purposes only.<para>仅用于测试目的.</para></summary>
    </member>
    <member name="M:Microsoft.Extensions.Localization.ResourceManagerStringLocalizer.#ctor(System.Resources.ResourceManager,Microsoft.Extensions.Localization.IResourceStringProvider,System.String,Microsoft.Extensions.Localization.IResourceNamesCache,Microsoft.Extensions.Logging.ILogger)">
      <summary>Intended for testing purposes only.<para>仅用于测试目的.</para></summary>
    </member>
    <member name="P:Microsoft.Extensions.Localization.ResourceManagerStringLocalizer.Item(System.String)">
      <inheritdoc />
    </member>
    <member name="P:Microsoft.Extensions.Localization.ResourceManagerStringLocalizer.Item(System.String,System.Object[])">
      <inheritdoc />
    </member>
    <member name="M:Microsoft.Extensions.Localization.ResourceManagerStringLocalizer.GetAllStrings(System.Boolean)">
      <inheritdoc />
    </member>
    <member name="M:Microsoft.Extensions.Localization.ResourceManagerStringLocalizer.GetAllStrings(System.Boolean,System.Globalization.CultureInfo)">
      <summary>Returns all strings in the specified culture.<para>返回指定区域性中的所有字符串.</para></summary>
      <param name="includeParentCultures">Whether to include parent cultures in the search for a resource.<para>是否在搜索资源时包括父区域性.</para></param>
      <param name="culture">The <see cref="T:System.Globalization.CultureInfo" /> to get strings for.<para>要获取其字符串的 <see cref="T:System.Globalization.CultureInfo" />.</para></param>
      <returns>The strings.<para>字符串.</para></returns>
    </member>
    <member name="M:Microsoft.Extensions.Localization.ResourceManagerStringLocalizer.GetStringSafely(System.String,System.Globalization.CultureInfo)">
      <summary>Gets a resource string from a <see cref="T:System.Resources.ResourceManager" /> and returns <c>null</c> instead of
            throwing exceptions if a match isn't found.<para>从 <see cref="T:System.Resources.ResourceManager" /> 获取资源字符串并返回 <c>null</c> 而不是 如果未找到匹配项,则引发异常.</para></summary>
      <param name="name">The name of the string resource.<para>字符串资源的名称.</para></param>
      <param name="culture">The <see cref="T:System.Globalization.CultureInfo" /> to get the string for.<para>要获取其字符串的 <see cref="T:System.Globalization.CultureInfo" />.</para></param>
      <returns>The resource string, or <c>null</c> if none was found.<para>资源字符串,如果未找到,则为 <c>null</c>.</para></returns>
    </member>
    <member name="T:Microsoft.Extensions.Localization.ResourceManagerStringLocalizerFactory">
      <summary>An <see cref="T:Microsoft.Extensions.Localization.IStringLocalizerFactory" /> that creates instances of <see cref="T:Microsoft.Extensions.Localization.ResourceManagerStringLocalizer" />.<para>创建 <see cref="T:Microsoft.Extensions.Localization.ResourceManagerStringLocalizer" /> 实例的 <see cref="T:Microsoft.Extensions.Localization.IStringLocalizerFactory" />.</para></summary>
      <remarks>
        <see cref="T:Microsoft.Extensions.Localization.ResourceManagerStringLocalizerFactory" /> offers multiple ways to set the relative path of
            resources to be used. They are, in order of precedence:
            <see cref="T:Microsoft.Extensions.Localization.ResourceLocationAttribute" /> -&gt; <see cref="P:Microsoft.Extensions.Localization.LocalizationOptions.ResourcesPath" /> -&gt; the project root.<para><see cref="T:Microsoft.Extensions.Localization.ResourceManagerStringLocalizerFactory" /> 提供了多种方法来设置 要使用的资源.它们按优先级顺序是: <see cref="t:microsoft.extensions.localization.resourcelocationattribute" /> -&gt;<see cref="P:Microsoft.Extensions.Localization.LocalizationOptions.ResourcesPath" /> -&gt;项目根目录.</para></remarks>
    </member>
    <member name="M:Microsoft.Extensions.Localization.ResourceManagerStringLocalizerFactory.#ctor(Microsoft.Extensions.Options.IOptions{Microsoft.Extensions.Localization.LocalizationOptions},Microsoft.Extensions.Logging.ILoggerFactory)">
      <summary>Creates a new <see cref="T:Microsoft.Extensions.Localization.ResourceManagerStringLocalizer" />.<para>创建新的 <see cref="T:Microsoft.Extensions.Localization.ResourceManagerStringLocalizer" />.</para></summary>
      <param name="localizationOptions">The <see cref="T:Microsoft.Extensions.Options.IOptions`1" />.<para>的 <see cref="T:Microsoft.Extensions.Options.IOptions`1" />.</para></param>
      <param name="loggerFactory">The <see cref="T:Microsoft.Extensions.Logging.ILoggerFactory" />.<para><see cref="T:Microsoft.Extensions.Logging.ILoggerFactory" />.</para></param>
    </member>
    <member name="M:Microsoft.Extensions.Localization.ResourceManagerStringLocalizerFactory.GetResourcePrefix(System.Reflection.TypeInfo)">
      <summary>Gets the resource prefix used to look up the resource.<para>获取用于查找资源的资源前缀.</para></summary>
      <param name="typeInfo">The type of the resource to be looked up.<para>要查找的资源的类型.</para></param>
      <returns>The prefix for resource lookup.<para>资源查找的前缀.</para></returns>
    </member>
    <member name="M:Microsoft.Extensions.Localization.ResourceManagerStringLocalizerFactory.GetResourcePrefix(System.Reflection.TypeInfo,System.String,System.String)">
      <summary>Gets the resource prefix used to look up the resource.<para>获取用于查找资源的资源前缀.</para></summary>
      <param name="typeInfo">The type of the resource to be looked up.<para>要查找的资源的类型.</para></param>
      <param name="baseNamespace">The base namespace of the application.<para>应用程序的基命名空间.</para></param>
      <param name="resourcesRelativePath">The folder containing all resources.<para>包含所有资源的文件夹.</para></param>
      <returns>The prefix for resource lookup.<para>资源查找的前缀.</para></returns>
      <remarks>For the type "Sample.Controllers.Home" if there's a resourceRelativePath return
            "Sample.Resourcepath.Controllers.Home" if there isn't one then it would return "Sample.Controllers.Home".<para>对于类型"sample.controllers.home",如果有资源相对路径返回 "sample.resourcepath.controllers.home"如果没有,那么它将返回"sample.controllers.home".</para></remarks>
    </member>
    <member name="M:Microsoft.Extensions.Localization.ResourceManagerStringLocalizerFactory.GetResourcePrefix(System.String,System.String)">
      <summary>Gets the resource prefix used to look up the resource.<para>获取用于查找资源的资源前缀.</para></summary>
      <param name="baseResourceName">The name of the resource to be looked up<para>要查找的资源的名称</para></param>
      <param name="baseNamespace">The base namespace of the application.<para>应用程序的基命名空间.</para></param>
      <returns>The prefix for resource lookup.<para>资源查找的前缀.</para></returns>
    </member>
    <member name="M:Microsoft.Extensions.Localization.ResourceManagerStringLocalizerFactory.Create(System.Type)">
      <summary>Creates a <see cref="T:Microsoft.Extensions.Localization.ResourceManagerStringLocalizer" /> using the <see cref="T:System.Reflection.Assembly" /> and
            <see cref="P:System.Type.FullName" /> of the specified <see cref="T:System.Type" />.<para>使用 <see cref="t:system.reflection.assembly" /> 和 指定的 <see cref="T:System.Type" /> 的 <see cref="P:System.Type.FullName" />.</para></summary>
      <param name="resourceSource">The <see cref="T:System.Type" />.<para>的 <see cref="T:System.Type" />.</para></param>
      <returns>The <see cref="T:Microsoft.Extensions.Localization.ResourceManagerStringLocalizer" />.<para>的 <see cref="T:Microsoft.Extensions.Localization.ResourceManagerStringLocalizer" />.</para></returns>
    </member>
    <member name="M:Microsoft.Extensions.Localization.ResourceManagerStringLocalizerFactory.Create(System.String,System.String)">
      <summary>Creates a <see cref="T:Microsoft.Extensions.Localization.ResourceManagerStringLocalizer" />.<para>创建一个 <see cref="T:Microsoft.Extensions.Localization.ResourceManagerStringLocalizer" />.</para></summary>
      <param name="baseName">The base name of the resource to load strings from.<para>要从中加载字符串的资源的基本名称.</para></param>
      <param name="location">The location to load resources from.<para>要从中加载资源的位置.</para></param>
      <returns>The <see cref="T:Microsoft.Extensions.Localization.ResourceManagerStringLocalizer" />.<para>的 <see cref="T:Microsoft.Extensions.Localization.ResourceManagerStringLocalizer" />.</para></returns>
    </member>
    <member name="M:Microsoft.Extensions.Localization.ResourceManagerStringLocalizerFactory.CreateResourceManagerStringLocalizer(System.Reflection.Assembly,System.String)">
      <summary>Creates a <see cref="T:Microsoft.Extensions.Localization.ResourceManagerStringLocalizer" /> for the given input.<para>为给定输入创建 <see cref="T:Microsoft.Extensions.Localization.ResourceManagerStringLocalizer" />.</para></summary>
      <param name="assembly">The assembly to create a <see cref="T:Microsoft.Extensions.Localization.ResourceManagerStringLocalizer" /> for.<para>要为其创建 <see cref="T:Microsoft.Extensions.Localization.ResourceManagerStringLocalizer" /> 的程序集.</para></param>
      <param name="baseName">The base name of the resource to search for.<para>要搜索的资源的基本名称.</para></param>
      <returns>A <see cref="T:Microsoft.Extensions.Localization.ResourceManagerStringLocalizer" /> for the given <paramref name="assembly" /> and <paramref name="baseName" />.<para>a <see cref="T:Microsoft.Extensions.Localization.ResourceManagerStringLocalizer" /> 表示给定的 <paramref name="assembly" /> 和 <paramref name="baseName" />.</para></returns>
      <remarks>This method is virtual for testing purposes only.<para>此方法是虚拟的,仅用于测试目的.</para></remarks>
    </member>
    <member name="M:Microsoft.Extensions.Localization.ResourceManagerStringLocalizerFactory.GetResourcePrefix(System.String,System.String,System.String)">
      <summary>Gets the resource prefix used to look up the resource.<para>获取用于查找资源的资源前缀.</para></summary>
      <param name="location">The general location of the resource.<para>资源的大致位置.</para></param>
      <param name="baseName">The base name of the resource.<para>资源的基本名称.</para></param>
      <param name="resourceLocation">The location of the resource within <paramref name="location" />.<para>资源在 <paramref name="location" /> 中的位置.</para></param>
      <returns>The resource prefix used to look up the resource.<para>用于查找资源的资源前缀.</para></returns>
    </member>
    <member name="M:Microsoft.Extensions.Localization.ResourceManagerStringLocalizerFactory.GetResourceLocationAttribute(System.Reflection.Assembly)">
      <summary>Gets a <see cref="T:Microsoft.Extensions.Localization.ResourceLocationAttribute" /> from the provided <see cref="T:System.Reflection.Assembly" />.<para>获取一个 <see cref="t:microsoft.extensions.localization.resourcelocationattribute" /> 从提供的 <see cref="t:system.reflection.assembly" /> .</para></summary>
      <param name="assembly">The assembly to get a <see cref="T:Microsoft.Extensions.Localization.ResourceLocationAttribute" /> from.<para>要获得的程序集 <see cref="t:microsoft.extensions.localization.resourcelocationattribute" /> 从.</para></param>
      <returns>The <see cref="T:Microsoft.Extensions.Localization.ResourceLocationAttribute" /> associated with the given <see cref="T:System.Reflection.Assembly" />.<para>这 <see cref="t:microsoft.extensions.localization.resourcelocationattribute" /> 与给定的相关联 <see cref="t:system.reflection.assembly" /> .</para></returns>
      <remarks>This method is protected and virtual for testing purposes only.<para>此方法受保护和虚拟,仅用于测试目的.</para></remarks>
    </member>
    <member name="M:Microsoft.Extensions.Localization.ResourceManagerStringLocalizerFactory.GetRootNamespaceAttribute(System.Reflection.Assembly)">
      <summary>Gets a <see cref="T:Microsoft.Extensions.Localization.RootNamespaceAttribute" /> from the provided <see cref="T:System.Reflection.Assembly" />.<para>获取一个 <see cref="t:microsoft.extensions.localization.rootnamespaceattribute" /> 从提供的 <see cref="t:system.reflection.assembly" /> .</para></summary>
      <param name="assembly">The assembly to get a <see cref="T:Microsoft.Extensions.Localization.RootNamespaceAttribute" /> from.<para>要获得的程序集 <see cref="t:microsoft.extensions.localization.rootnamespaceattribute" /> 从.</para></param>
      <returns>The <see cref="T:Microsoft.Extensions.Localization.RootNamespaceAttribute" /> associated with the given <see cref="T:System.Reflection.Assembly" />.<para>这 <see cref="t:microsoft.extensions.localization.rootnamespaceattribute" /> 与给定的相关联 <see cref="t:system.reflection.assembly" /> .</para></returns>
      <remarks>This method is protected and virtual for testing purposes only.<para>此方法受保护和虚拟,仅用于测试目的.</para></remarks>
    </member>
    <member name="T:Microsoft.Extensions.Localization.ResourceNamesCache">
      <summary>An implementation of <see cref="T:Microsoft.Extensions.Localization.IResourceNamesCache" /> backed by a <see cref="T:System.Collections.Concurrent.ConcurrentDictionary`2" />.<para>由 <see cref="T:System.Collections.Concurrent.ConcurrentDictionary`2" /> 支持的 <see cref="T:Microsoft.Extensions.Localization.IResourceNamesCache" /> 的实现.</para></summary>
    </member>
    <member name="M:Microsoft.Extensions.Localization.ResourceNamesCache.#ctor">
      <summary>Creates a new <see cref="T:Microsoft.Extensions.Localization.ResourceNamesCache" /><para>创建新的 <see cref="T:Microsoft.Extensions.Localization.ResourceNamesCache" /></para></summary>
    </member>
    <member name="M:Microsoft.Extensions.Localization.ResourceNamesCache.GetOrAdd(System.String,System.Func{System.String,System.Collections.Generic.IList{System.String}})">
      <inheritdoc />
    </member>
    <member name="T:Microsoft.Extensions.Localization.RootNamespaceAttribute">
      <summary>Provides the RootNamespace of an Assembly. The RootNamespace of the assembly is used by Localization to
            determine the resource name to look for when RootNamespace differs from the AssemblyName.<para>提供程序集的 rootnamespace.程序集的 rootnamespace 由本地化使用 确定当 rootnamespace 与程序集名称不同时要查找的资源名称.</para></summary>
    </member>
    <member name="M:Microsoft.Extensions.Localization.RootNamespaceAttribute.#ctor(System.String)">
      <summary>Creates a new <see cref="T:Microsoft.Extensions.Localization.RootNamespaceAttribute" />.<para>创建一个新的 <see cref="t:microsoft.extensions.localization.rootnamespaceattribute" /> .</para></summary>
      <param name="rootNamespace">The RootNamespace for this Assembly.<para>此程序集的根命名空间.</para></param>
    </member>
    <member name="P:Microsoft.Extensions.Localization.RootNamespaceAttribute.RootNamespace">
      <summary>The RootNamespace of this Assembly. The RootNamespace of the assembly is used by Localization to
            determine the resource name to look for when RootNamespace differs from the AssemblyName.<para>此程序集的根命名空间.程序集的 rootnamespace 由本地化使用 确定当 rootnamespace 与程序集名称不同时要查找的资源名称.</para></summary>
    </member>
    <member name="P:Microsoft.Extensions.Localization.Resources.Localization_MissingManifest">
      <summary>The manifest '{0}' was not found.<para>找不到清单"{0}".</para></summary>
    </member>
    <member name="M:Microsoft.Extensions.Localization.Resources.FormatLocalization_MissingManifest(System.Object)">
      <summary>The manifest '{0}' was not found.<para>找不到清单"{0}".</para></summary>
    </member>
    <member name="P:Microsoft.Extensions.Localization.Resources.Localization_MissingManifest_Parent">
      <summary>No manifests exist for the current culture.<para>当前区域性不存在清单.</para></summary>
    </member>
    <member name="P:Microsoft.Extensions.Localization.Resources.Localization_TypeMustHaveTypeName">
      <summary>Type '{0}' must have a non-null type name.<para>类型"{0}"必须具有非空类型名称.</para></summary>
    </member>
    <member name="M:Microsoft.Extensions.Localization.Resources.FormatLocalization_TypeMustHaveTypeName(System.Object)">
      <summary>Type '{0}' must have a non-null type name.<para>类型"{0}"必须具有非空类型名称.</para></summary>
    </member>
    <member name="T:Microsoft.Extensions.DependencyInjection.LocalizationServiceCollectionExtensions">
      <summary>Extension methods for setting up localization services in an <see cref="T:Microsoft.Extensions.DependencyInjection.IServiceCollection" />.<para>用于在 <see cref="T:Microsoft.Extensions.DependencyInjection.IServiceCollection" /> 中设置本地化服务的扩展方法.</para></summary>
    </member>
    <member name="M:Microsoft.Extensions.DependencyInjection.LocalizationServiceCollectionExtensions.AddLocalization(Microsoft.Extensions.DependencyInjection.IServiceCollection)">
      <summary>Adds services required for application localization.<para>添加应用程序本地化所需的服务.</para></summary>
      <param name="services">The <see cref="T:Microsoft.Extensions.DependencyInjection.IServiceCollection" /> to add the services to.<para>要将服务添加到的 <see cref="T:Microsoft.Extensions.DependencyInjection.IServiceCollection" />.</para></param>
      <returns>The <see cref="T:Microsoft.Extensions.DependencyInjection.IServiceCollection" /> so that additional calls can be chained.<para><see cref="T:Microsoft.Extensions.DependencyInjection.IServiceCollection" />,以便可以链接其他调用.</para></returns>
    </member>
    <member name="M:Microsoft.Extensions.DependencyInjection.LocalizationServiceCollectionExtensions.AddLocalization(Microsoft.Extensions.DependencyInjection.IServiceCollection,System.Action{Microsoft.Extensions.Localization.LocalizationOptions})">
      <summary>Adds services required for application localization.<para>添加应用程序本地化所需的服务.</para></summary>
      <param name="services">The <see cref="T:Microsoft.Extensions.DependencyInjection.IServiceCollection" /> to add the services to.<para>要将服务添加到的 <see cref="T:Microsoft.Extensions.DependencyInjection.IServiceCollection" />.</para></param>
      <param name="setupAction">An <see cref="T:System.Action`1" /> to configure the <see cref="T:Microsoft.Extensions.Localization.LocalizationOptions" />.<para>一个 <see cref="t:system.action`1" /> 以配置 <see cref="T:Microsoft.Extensions.Localization.LocalizationOptions" />.</para></param>
      <returns>The <see cref="T:Microsoft.Extensions.DependencyInjection.IServiceCollection" /> so that additional calls can be chained.<para><see cref="T:Microsoft.Extensions.DependencyInjection.IServiceCollection" />,以便可以链接其他调用.</para></returns>
    </member>
  </members>
</doc>