<?xml version="1.0"?>
<doc>
  <assembly>
    <name>Microsoft.Extensions.FileProviders.Embedded</name>
  </assembly>
  <members>
    <member name="T:Microsoft.Extensions.FileProviders.EmbeddedFileProvider">
      <summary>Looks up files using embedded resources in the specified assembly.
            This file provider is case sensitive.<para>使用指定程序集中的嵌入资源查找文件. 此文件提供程序区分大小写.</para></summary>
    </member>
    <member name="M:Microsoft.Extensions.FileProviders.EmbeddedFileProvider.#ctor(System.Reflection.Assembly)">
      <summary>Initializes a new instance of the <see cref="T:Microsoft.Extensions.FileProviders.EmbeddedFileProvider" /> class using the specified
            assembly with the base namespace defaulting to the assembly name.<para>使用指定的初始化 <see cref="T:Microsoft.Extensions.FileProviders.EmbeddedFileProvider" /> 类的新实例 基命名空间默认为程序集名称的程序集.</para></summary>
      <param name="assembly">The assembly that contains the embedded resources.<para>包含嵌入资源的程序集.</para></param>
    </member>
    <member name="M:Microsoft.Extensions.FileProviders.EmbeddedFileProvider.#ctor(System.Reflection.Assembly,System.String)">
      <summary>Initializes a new instance of the <see cref="T:Microsoft.Extensions.FileProviders.EmbeddedFileProvider" /> class using the specified
            assembly and base namespace.<para>使用指定的初始化 <see cref="T:Microsoft.Extensions.FileProviders.EmbeddedFileProvider" /> 类的新实例 程序集和基命名空间.</para></summary>
      <param name="assembly">The assembly that contains the embedded resources.<para>包含嵌入资源的程序集.</para></param>
      <param name="baseNamespace">The base namespace that contains the embedded resources.<para>包含嵌入资源的基命名空间.</para></param>
    </member>
    <member name="M:Microsoft.Extensions.FileProviders.EmbeddedFileProvider.GetFileInfo(System.String)">
      <summary>Locates a file at the given path.<para>在给定路径处查找文件.</para></summary>
      <param name="subpath">The path that identifies the file.<para>标识文件的路径.</para></param>
      <returns>The file information. Caller must check Exists property. A <see cref="T:Microsoft.Extensions.FileProviders.NotFoundFileInfo" /> if the file could
            not be found.<para>文件信息.调用方必须检查"存在"属性.a <see cref="T:Microsoft.Extensions.FileProviders.NotFoundFileInfo" /> 如果文件可以 找不到.</para></returns>
    </member>
    <member name="M:Microsoft.Extensions.FileProviders.EmbeddedFileProvider.GetDirectoryContents(System.String)">
      <summary>Enumerate a directory at the given path, if any.
            This file provider uses a flat directory structure. Everything under the base namespace is considered to be one
            directory.<para>枚举给定路径处的目录（如果有）. 此文件提供程序使用平面目录结构.基命名空间下的所有内容都被视为一个 目录.</para></summary>
      <param name="subpath">The path that identifies the directory<para>标识目录</para></param>
      <returns>Contents of the directory. Caller must check Exists property. A <see cref="T:Microsoft.Extensions.FileProviders.NotFoundDirectoryContents" /> if no
            resources were found that match <paramref name="subpath" /><para>目录的内容.调用方必须检查"存在"属性.a <see cref="T:Microsoft.Extensions.FileProviders.NotFoundDirectoryContents" /> 如果否 找到与 <paramref name="subpath" /> 匹配的资源</para></returns>
    </member>
    <member name="M:Microsoft.Extensions.FileProviders.EmbeddedFileProvider.Watch(System.String)">
      <summary>Embedded files do not change.<para>嵌入的文件不会更改.</para></summary>
      <param name="pattern">This parameter is ignored<para>此参数被忽略</para></param>
      <returns>A <see cref="T:Microsoft.Extensions.FileProviders.NullChangeToken" /><para>a <see cref="T:Microsoft.Extensions.FileProviders.NullChangeToken" /></para></returns>
    </member>
    <member name="T:Microsoft.Extensions.FileProviders.Embedded.EmbeddedResourceFileInfo">
      <summary>Represents a file embedded in an assembly.<para>表示嵌入在程序集中的文件.</para></summary>
    </member>
    <member name="M:Microsoft.Extensions.FileProviders.Embedded.EmbeddedResourceFileInfo.#ctor(System.Reflection.Assembly,System.String,System.String,System.DateTimeOffset)">
      <summary>Initializes a new instance of <see cref="T:Microsoft.Extensions.FileProviders.EmbeddedFileProvider" /> for an assembly using <paramref name="resourcePath" /> as the base<para>使用 <paramref name="resourcePath" /> 作为基础的程序集初始化 <see cref="T:Microsoft.Extensions.FileProviders.EmbeddedFileProvider" /> 的新实例</para></summary>
      <param name="assembly">The assembly that contains the embedded resource<para>包含嵌入资源的程序集</para></param>
      <param name="resourcePath">The path to the embedded resource<para>嵌入资源的路径</para></param>
      <param name="name">An arbitrary name for this instance<para>此实例的任意名称</para></param>
      <param name="lastModified">The <see cref="T:System.DateTimeOffset" /> to use for <see cref="P:Microsoft.Extensions.FileProviders.Embedded.EmbeddedResourceFileInfo.LastModified" /><para>用于 <see cref="P:Microsoft.Extensions.FileProviders.Embedded.EmbeddedResourceFileInfo.LastModified" /> 的 <see cref="T:System.DateTimeOffset" /></para></param>
    </member>
    <member name="P:Microsoft.Extensions.FileProviders.Embedded.EmbeddedResourceFileInfo.Exists">
      <summary>Always true.<para>总是正确的.</para></summary>
    </member>
    <member name="P:Microsoft.Extensions.FileProviders.Embedded.EmbeddedResourceFileInfo.Length">
      <summary>The length, in bytes, of the embedded resource<para>嵌入资源的长度（以字节为单位）</para></summary>
    </member>
    <member name="P:Microsoft.Extensions.FileProviders.Embedded.EmbeddedResourceFileInfo.PhysicalPath">
      <summary>Always null.<para>始终为空.</para></summary>
    </member>
    <member name="P:Microsoft.Extensions.FileProviders.Embedded.EmbeddedResourceFileInfo.Name">
      <summary>The name of embedded file<para>嵌入文件的名称</para></summary>
    </member>
    <member name="P:Microsoft.Extensions.FileProviders.Embedded.EmbeddedResourceFileInfo.LastModified">
      <summary>The time, in UTC, when the <see cref="T:Microsoft.Extensions.FileProviders.EmbeddedFileProvider" /> was created<para>创建 <see cref="T:Microsoft.Extensions.FileProviders.EmbeddedFileProvider" /> 的时间（以 utc 为单位）</para></summary>
    </member>
    <member name="P:Microsoft.Extensions.FileProviders.Embedded.EmbeddedResourceFileInfo.IsDirectory">
      <summary>Always false.<para>总是假的.</para></summary>
    </member>
    <member name="M:Microsoft.Extensions.FileProviders.Embedded.EmbeddedResourceFileInfo.CreateReadStream">
      <inheritdoc />
    </member>
    <member name="T:Microsoft.Extensions.FileProviders.ManifestEmbeddedFileProvider">
      <summary>An embedded file provider that uses a manifest compiled in the assembly to
            reconstruct the original paths of the embedded files when they were embedded
            into the assembly.<para>一个嵌入式文件提供程序,它使用在程序集中编译的清单来 在嵌入嵌入文件时重建其原始路径 进入程序集.</para></summary>
    </member>
    <member name="M:Microsoft.Extensions.FileProviders.ManifestEmbeddedFileProvider.#ctor(System.Reflection.Assembly)">
      <summary>Initializes a new instance of <see cref="T:Microsoft.Extensions.FileProviders.ManifestEmbeddedFileProvider" />.<para>初始化 <see cref="T:Microsoft.Extensions.FileProviders.ManifestEmbeddedFileProvider" /> 的新实例.</para></summary>
      <param name="assembly">The assembly containing the embedded files.<para>包含嵌入文件的程序集.</para></param>
    </member>
    <member name="M:Microsoft.Extensions.FileProviders.ManifestEmbeddedFileProvider.#ctor(System.Reflection.Assembly,System.String)">
      <summary>Initializes a new instance of <see cref="T:Microsoft.Extensions.FileProviders.ManifestEmbeddedFileProvider" />.<para>初始化 <see cref="T:Microsoft.Extensions.FileProviders.ManifestEmbeddedFileProvider" /> 的新实例.</para></summary>
      <param name="assembly">The assembly containing the embedded files.<para>包含嵌入文件的程序集.</para></param>
      <param name="root">The relative path from the root of the manifest to use as root for the provider.<para>清单根目录的相对路径,用作提供程序的根目录.</para></param>
    </member>
    <member name="M:Microsoft.Extensions.FileProviders.ManifestEmbeddedFileProvider.#ctor(System.Reflection.Assembly,System.String,System.DateTimeOffset)">
      <summary>Initializes a new instance of <see cref="T:Microsoft.Extensions.FileProviders.ManifestEmbeddedFileProvider" />.<para>初始化 <see cref="T:Microsoft.Extensions.FileProviders.ManifestEmbeddedFileProvider" /> 的新实例.</para></summary>
      <param name="assembly">The assembly containing the embedded files.<para>包含嵌入文件的程序集.</para></param>
      <param name="root">The relative path from the root of the manifest to use as root for the provider.<para>清单根目录的相对路径,用作提供程序的根目录.</para></param>
      <param name="lastModified">The LastModified date to use on the <see cref="T:Microsoft.Extensions.FileProviders.IFileInfo" /> instances
            returned by this <see cref="T:Microsoft.Extensions.FileProviders.IFileProvider" />.<para>要在 <see cref="T:Microsoft.Extensions.FileProviders.IFileInfo" /> 实例上使用的上次修改日期 由此 <see cref="T:Microsoft.Extensions.FileProviders.IFileProvider" /> 返回.</para></param>
    </member>
    <member name="M:Microsoft.Extensions.FileProviders.ManifestEmbeddedFileProvider.#ctor(System.Reflection.Assembly,System.String,System.String,System.DateTimeOffset)">
      <summary>Initializes a new instance of <see cref="T:Microsoft.Extensions.FileProviders.ManifestEmbeddedFileProvider" />.<para>初始化 <see cref="T:Microsoft.Extensions.FileProviders.ManifestEmbeddedFileProvider" /> 的新实例.</para></summary>
      <param name="assembly">The assembly containing the embedded files.<para>包含嵌入文件的程序集.</para></param>
      <param name="root">The relative path from the root of the manifest to use as root for the provider.<para>清单根目录的相对路径,用作提供程序的根目录.</para></param>
      <param name="manifestName">The name of the embedded resource containing the manifest.<para>包含清单的嵌入资源的名称.</para></param>
      <param name="lastModified">The LastModified date to use on the <see cref="T:Microsoft.Extensions.FileProviders.IFileInfo" /> instances
            returned by this <see cref="T:Microsoft.Extensions.FileProviders.IFileProvider" />.<para>要在 <see cref="T:Microsoft.Extensions.FileProviders.IFileInfo" /> 实例上使用的上次修改日期 由此 <see cref="T:Microsoft.Extensions.FileProviders.IFileProvider" /> 返回.</para></param>
    </member>
    <member name="P:Microsoft.Extensions.FileProviders.ManifestEmbeddedFileProvider.Assembly">
      <summary>Gets the <see cref="P:Microsoft.Extensions.FileProviders.ManifestEmbeddedFileProvider.Assembly" /> for this provider.<para>获取 <see cref="p:microsoft.extensions.fileproviders.manifestembeddedfileprovider.assembly" /> 对于此提供程序.</para></summary>
    </member>
    <member name="M:Microsoft.Extensions.FileProviders.ManifestEmbeddedFileProvider.GetDirectoryContents(System.String)">
      <inheritdoc />
    </member>
    <member name="M:Microsoft.Extensions.FileProviders.ManifestEmbeddedFileProvider.GetFileInfo(System.String)">
      <inheritdoc />
    </member>
    <member name="M:Microsoft.Extensions.FileProviders.ManifestEmbeddedFileProvider.Watch(System.String)">
      <inheritdoc />
    </member>
  </members>
</doc>