<?xml version="1.0"?>
<doc>
  <assembly>
    <name>Microsoft.AspNetCore.Html.Abstractions</name>
  </assembly>
  <members>
    <member name="T:Microsoft.AspNetCore.Html.HtmlContentBuilder">
      <summary>An <see cref="T:Microsoft.AspNetCore.Html.IHtmlContentBuilder" /> implementation using an in memory list.<para>一 <see cref="t:microsoft.aspnetcore.html.ihtmlcontentbuilder" /> 使用内存中列表实现.</para></summary>
    </member>
    <member name="M:Microsoft.AspNetCore.Html.HtmlContentBuilder.#ctor">
      <summary>Creates a new <see cref="T:Microsoft.AspNetCore.Html.HtmlContentBuilder" />.<para>创建一个新的 <see cref="t:microsoft.aspnetcore.html.htmlcontentbuilder" /> .</para></summary>
    </member>
    <member name="M:Microsoft.AspNetCore.Html.HtmlContentBuilder.#ctor(System.Int32)">
      <summary>Creates a new <see cref="T:Microsoft.AspNetCore.Html.HtmlContentBuilder" /> with the given initial capacity.<para>创建一个新的 <see cref="t:microsoft.aspnetcore.html.htmlcontentbuilder" /> 具有给定的初始容量.</para></summary>
      <param name="capacity">The initial capacity of the backing store.<para>后备存储的初始容量.</para></param>
    </member>
    <member name="P:Microsoft.AspNetCore.Html.HtmlContentBuilder.Count">
      <summary>Gets the number of elements in the <see cref="T:Microsoft.AspNetCore.Html.HtmlContentBuilder" />.<para>获取 <see cref="t:microsoft.aspnetcore.html.htmlcontentbuilder" /> .</para></summary>
    </member>
    <member name="M:Microsoft.AspNetCore.Html.HtmlContentBuilder.#ctor(System.Collections.Generic.IList{System.Object})">
      <summary>Creates a new <see cref="T:Microsoft.AspNetCore.Html.HtmlContentBuilder" /> with the given list of entries.<para>创建一个新的 <see cref="t:microsoft.aspnetcore.html.htmlcontentbuilder" /> 与给定的条目列表.</para></summary>
      <param name="entries">The list of entries. The <see cref="T:Microsoft.AspNetCore.Html.HtmlContentBuilder" /> will use this list without making a copy.<para>条目列表.这 <see cref="t:microsoft.aspnetcore.html.htmlcontentbuilder" /> 将使用此列表而不复制.</para></param>
    </member>
    <member name="M:Microsoft.AspNetCore.Html.HtmlContentBuilder.Append(System.String)">
      <inheritdoc />
    </member>
    <member name="M:Microsoft.AspNetCore.Html.HtmlContentBuilder.AppendHtml(Microsoft.AspNetCore.Html.IHtmlContent)">
      <inheritdoc />
    </member>
    <member name="M:Microsoft.AspNetCore.Html.HtmlContentBuilder.AppendHtml(System.String)">
      <inheritdoc />
    </member>
    <member name="M:Microsoft.AspNetCore.Html.HtmlContentBuilder.Clear">
      <inheritdoc />
    </member>
    <member name="M:Microsoft.AspNetCore.Html.HtmlContentBuilder.CopyTo(Microsoft.AspNetCore.Html.IHtmlContentBuilder)">
      <inheritdoc />
    </member>
    <member name="M:Microsoft.AspNetCore.Html.HtmlContentBuilder.MoveTo(Microsoft.AspNetCore.Html.IHtmlContentBuilder)">
      <inheritdoc />
    </member>
    <member name="M:Microsoft.AspNetCore.Html.HtmlContentBuilder.WriteTo(System.IO.TextWriter,System.Text.Encodings.Web.HtmlEncoder)">
      <inheritdoc />
    </member>
    <member name="T:Microsoft.AspNetCore.Html.HtmlContentBuilderExtensions">
      <summary>Extension methods for <see cref="T:Microsoft.AspNetCore.Html.IHtmlContentBuilder" />.<para>的扩展方法 <see cref="t:microsoft.aspnetcore.html.ihtmlcontentbuilder" /> .</para></summary>
    </member>
    <member name="M:Microsoft.AspNetCore.Html.HtmlContentBuilderExtensions.AppendFormat(Microsoft.AspNetCore.Html.IHtmlContentBuilder,System.String,System.Object[])">
      <summary>Appends the specified <paramref name="format" /> to the existing content after replacing each format
            item with the HTML encoded <see cref="T:System.String" /> representation of the corresponding item in the
            <paramref name="args" /> array.<para>替换每种格式后,将指定的 <paramref name="format" /> 追加到现有内容 具有相应项目的 html 编码 <see cref="T:System.String" /> 表示形式的项 <paramref name="args" /> 数组.</para></summary>
      <param name="builder">The <see cref="T:Microsoft.AspNetCore.Html.IHtmlContentBuilder" />.<para>这 <see cref="t:microsoft.aspnetcore.html.ihtmlcontentbuilder" /> .</para></param>
      <param name="format">The composite format <see cref="T:System.String" /> (see http://msdn.microsoft.com/en-us/library/txafckwd.aspx).
            The format string is assumed to be HTML encoded as-provided, and no further encoding will be performed.<para>复合格式 <see cref="T:System.String" /> （请参阅 http://msdn.microsoft.com/en-us/library/txafckwd.aspx）. 假定格式字符串是按提供的 html 编码,并且不会执行进一步的编码.</para></param>
      <param name="args">The object array to format. Each element in the array will be formatted and then HTML encoded.<para>要格式化的对象数组.数组中的每个元素都将被格式化,然后进行 html 编码.</para></param>
      <returns>A reference to this instance after the append operation has completed.<para>追加操作完成后对此实例的引用.</para></returns>
    </member>
    <member name="M:Microsoft.AspNetCore.Html.HtmlContentBuilderExtensions.AppendFormat(Microsoft.AspNetCore.Html.IHtmlContentBuilder,System.IFormatProvider,System.String,System.Object[])">
      <summary>Appends the specified <paramref name="format" /> to the existing content with information from the
            <paramref name="formatProvider" /> after replacing each format item with the HTML encoded
            <see cref="T:System.String" /> representation of the corresponding item in the <paramref name="args" /> array.<para>将指定的 <paramref name="format" /> 附加到现有内容,其中包含来自 <paramref name="formatProvider" /> 将每个格式项替换为 html 编码后 <paramref name="args" /> 数组中相应项的表示形式.</para></summary>
      <param name="builder">The <see cref="T:Microsoft.AspNetCore.Html.IHtmlContentBuilder" />.<para>这 <see cref="t:microsoft.aspnetcore.html.ihtmlcontentbuilder" /> .</para></param>
      <param name="formatProvider">An object that supplies culture-specific formatting information.<para>一个对象,它提供特定于区域性的格式信息.</para></param>
      <param name="format">The composite format <see cref="T:System.String" /> (see http://msdn.microsoft.com/en-us/library/txafckwd.aspx).
            The format string is assumed to be HTML encoded as-provided, and no further encoding will be performed.<para>复合格式 <see cref="T:System.String" /> （请参阅 http://msdn.microsoft.com/en-us/library/txafckwd.aspx）. 假定格式字符串是按提供的 html 编码,并且不会执行进一步的编码.</para></param>
      <param name="args">The object array to format. Each element in the array will be formatted and then HTML encoded.<para>要格式化的对象数组.数组中的每个元素都将被格式化,然后进行 html 编码.</para></param>
      <returns>A reference to this instance after the append operation has completed.<para>追加操作完成后对此实例的引用.</para></returns>
    </member>
    <member name="M:Microsoft.AspNetCore.Html.HtmlContentBuilderExtensions.AppendLine(Microsoft.AspNetCore.Html.IHtmlContentBuilder)">
      <summary>Appends an <see cref="P:System.Environment.NewLine" />.<para>追加一个 <see cref="P:System.Environment.NewLine" />.</para></summary>
      <param name="builder">The <see cref="T:Microsoft.AspNetCore.Html.IHtmlContentBuilder" />.<para>这 <see cref="t:microsoft.aspnetcore.html.ihtmlcontentbuilder" /> .</para></param>
      <returns>The <see cref="T:Microsoft.AspNetCore.Html.IHtmlContentBuilder" />.<para>这 <see cref="t:microsoft.aspnetcore.html.ihtmlcontentbuilder" /> .</para></returns>
    </member>
    <member name="M:Microsoft.AspNetCore.Html.HtmlContentBuilderExtensions.AppendLine(Microsoft.AspNetCore.Html.IHtmlContentBuilder,System.String)">
      <summary>Appends an <see cref="P:System.Environment.NewLine" /> after appending the <see cref="T:System.String" /> value.
            The value is treated as unencoded as-provided, and will be HTML encoded before writing to output.<para>在追加 <see cref="T:System.String" /> 值后追加 <see cref="P:System.Environment.NewLine" />. 该值被视为未编码,在写入输出之前将进行 html 编码.</para></summary>
      <param name="builder">The <see cref="T:Microsoft.AspNetCore.Html.IHtmlContentBuilder" />.<para>这 <see cref="t:microsoft.aspnetcore.html.ihtmlcontentbuilder" /> .</para></param>
      <param name="unencoded">The <see cref="T:System.String" /> to append.<para>要追加的 <see cref="T:System.String" />.</para></param>
      <returns>The <see cref="T:Microsoft.AspNetCore.Html.IHtmlContentBuilder" />.<para>这 <see cref="t:microsoft.aspnetcore.html.ihtmlcontentbuilder" /> .</para></returns>
    </member>
    <member name="M:Microsoft.AspNetCore.Html.HtmlContentBuilderExtensions.AppendLine(Microsoft.AspNetCore.Html.IHtmlContentBuilder,Microsoft.AspNetCore.Html.IHtmlContent)">
      <summary>Appends an <see cref="P:System.Environment.NewLine" /> after appending the <see cref="T:Microsoft.AspNetCore.Html.IHtmlContent" /> value.<para>在附加 <see cref="t:microsoft.aspnetcore.html.ihtmlcontent" /> 价值.</para></summary>
      <param name="builder">The <see cref="T:Microsoft.AspNetCore.Html.IHtmlContentBuilder" />.<para>这 <see cref="t:microsoft.aspnetcore.html.ihtmlcontentbuilder" /> .</para></param>
      <param name="content">The <see cref="T:Microsoft.AspNetCore.Html.IHtmlContent" /> to append.<para><see cref="t:microsoft.aspnetcore.html.ihtmlcontent" /> 要追加.</para></param>
      <returns>The <see cref="T:Microsoft.AspNetCore.Html.IHtmlContentBuilder" />.<para>这 <see cref="t:microsoft.aspnetcore.html.ihtmlcontentbuilder" /> .</para></returns>
    </member>
    <member name="M:Microsoft.AspNetCore.Html.HtmlContentBuilderExtensions.AppendHtmlLine(Microsoft.AspNetCore.Html.IHtmlContentBuilder,System.String)">
      <summary>Appends an <see cref="P:System.Environment.NewLine" /> after appending the <see cref="T:System.String" /> value.
            The value is treated as HTML encoded as-provided, and no further encoding will be performed.<para>在追加 <see cref="T:System.String" /> 值后追加 <see cref="P:System.Environment.NewLine" />. 该值被视为按提供的 html 编码,并且不会执行进一步的编码.</para></summary>
      <param name="builder">The <see cref="T:Microsoft.AspNetCore.Html.IHtmlContentBuilder" />.<para>这 <see cref="t:microsoft.aspnetcore.html.ihtmlcontentbuilder" /> .</para></param>
      <param name="encoded">The HTML encoded <see cref="T:System.String" /> to append.<para>要追加的编码 <see cref="T:System.String" /> 的 html.</para></param>
      <returns>The <see cref="T:Microsoft.AspNetCore.Html.IHtmlContentBuilder" />.<para>这 <see cref="t:microsoft.aspnetcore.html.ihtmlcontentbuilder" /> .</para></returns>
    </member>
    <member name="M:Microsoft.AspNetCore.Html.HtmlContentBuilderExtensions.SetContent(Microsoft.AspNetCore.Html.IHtmlContentBuilder,System.String)">
      <summary>Sets the content to the <see cref="T:System.String" /> value. The value is treated as unencoded as-provided,
            and will be HTML encoded before writing to output.<para>将内容设置为 <see cref="T:System.String" /> 值.该值被视为未编码的提供, 并将在写入输出之前进行 html 编码.</para></summary>
      <param name="builder">The <see cref="T:Microsoft.AspNetCore.Html.IHtmlContentBuilder" />.<para>这 <see cref="t:microsoft.aspnetcore.html.ihtmlcontentbuilder" /> .</para></param>
      <param name="unencoded">The <see cref="T:System.String" /> value that replaces the content.<para>替换内容的 <see cref="T:System.String" /> 值.</para></param>
      <returns>The <see cref="T:Microsoft.AspNetCore.Html.IHtmlContentBuilder" />.<para>这 <see cref="t:microsoft.aspnetcore.html.ihtmlcontentbuilder" /> .</para></returns>
    </member>
    <member name="M:Microsoft.AspNetCore.Html.HtmlContentBuilderExtensions.SetHtmlContent(Microsoft.AspNetCore.Html.IHtmlContentBuilder,Microsoft.AspNetCore.Html.IHtmlContent)">
      <summary>Sets the content to the <see cref="T:Microsoft.AspNetCore.Html.IHtmlContent" /> value.<para>将内容设置为 <see cref="t:microsoft.aspnetcore.html.ihtmlcontent" /> 价值.</para></summary>
      <param name="builder">The <see cref="T:Microsoft.AspNetCore.Html.IHtmlContentBuilder" />.<para>这 <see cref="t:microsoft.aspnetcore.html.ihtmlcontentbuilder" /> .</para></param>
      <param name="content">The <see cref="T:Microsoft.AspNetCore.Html.IHtmlContent" /> value that replaces the content.<para><see cref="t:microsoft.aspnetcore.html.ihtmlcontent" /> 替换内容的值.</para></param>
      <returns>The <see cref="T:Microsoft.AspNetCore.Html.IHtmlContentBuilder" />.<para>这 <see cref="t:microsoft.aspnetcore.html.ihtmlcontentbuilder" /> .</para></returns>
    </member>
    <member name="M:Microsoft.AspNetCore.Html.HtmlContentBuilderExtensions.SetHtmlContent(Microsoft.AspNetCore.Html.IHtmlContentBuilder,System.String)">
      <summary>Sets the content to the <see cref="T:System.String" /> value. The value is treated as HTML encoded as-provided, and
            no further encoding will be performed.<para>将内容设置为 <see cref="T:System.String" /> 值.该值被视为按提供的 html 编码,并且 不会执行进一步的编码.</para></summary>
      <param name="builder">The <see cref="T:Microsoft.AspNetCore.Html.IHtmlContentBuilder" />.<para>这 <see cref="t:microsoft.aspnetcore.html.ihtmlcontentbuilder" /> .</para></param>
      <param name="encoded">The HTML encoded <see cref="T:System.String" /> that replaces the content.<para>用于替换内容的 html 编码的 <see cref="T:System.String" />.</para></param>
      <returns>The <see cref="T:Microsoft.AspNetCore.Html.IHtmlContentBuilder" />.<para>这 <see cref="t:microsoft.aspnetcore.html.ihtmlcontentbuilder" /> .</para></returns>
    </member>
    <member name="T:Microsoft.AspNetCore.Html.HtmlFormattableString">
      <summary>An <see cref="T:Microsoft.AspNetCore.Html.IHtmlContent" /> implementation of composite string formatting
            (see <see href="https://msdn.microsoft.com/en-us/library/txafckwd(v=vs.110).aspx" />) which HTML encodes
            formatted arguments.<para>一 <see cref="t:microsoft.aspnetcore.html.ihtmlcontent" /> 复合字符串格式的实现 （请参阅 <see href="https://msdn.microsoft.com/en-us/library/txafckwd(v=vs.110).aspx" />） 哪个 html 编码 格式化参数.</para></summary>
    </member>
    <member name="M:Microsoft.AspNetCore.Html.HtmlFormattableString.#ctor(System.String,System.Object[])">
      <summary>Creates a new <see cref="T:Microsoft.AspNetCore.Html.HtmlFormattableString" /> with the given <paramref name="format" /> and
            <paramref name="args" />.<para>创建一个新的 <see cref="t:microsoft.aspnetcore.html.htmlformattablestring" /> 使用给定的 <paramref name="format" /> 和 <paramref name="args" />.</para></summary>
      <param name="format">A composite format string.<para>复合格式字符串.</para></param>
      <param name="args">An array that contains objects to format.<para>包含要格式化的对象的数组.</para></param>
    </member>
    <member name="M:Microsoft.AspNetCore.Html.HtmlFormattableString.#ctor(System.IFormatProvider,System.String,System.Object[])">
      <summary>Creates a new <see cref="T:Microsoft.AspNetCore.Html.HtmlFormattableString" /> with the given <paramref name="formatProvider" />,
            <paramref name="format" /> and <paramref name="args" />.<para>创建一个新的 <see cref="t:microsoft.aspnetcore.html.htmlformattablestring" /> 使用给定的 <paramref name="formatProvider" />, <paramref name="format" /> 和 <paramref name="args" />.</para></summary>
      <param name="formatProvider">An object that provides culture-specific formatting information.<para>提供区域性特定格式设置信息的对象.</para></param>
      <param name="format">A composite format string.<para>复合格式字符串.</para></param>
      <param name="args">An array that contains objects to format.<para>包含要格式化的对象的数组.</para></param>
    </member>
    <member name="M:Microsoft.AspNetCore.Html.HtmlFormattableString.WriteTo(System.IO.TextWriter,System.Text.Encodings.Web.HtmlEncoder)">
      <inheritdoc />
    </member>
    <member name="T:Microsoft.AspNetCore.Html.HtmlString">
      <summary>An <see cref="T:Microsoft.AspNetCore.Html.IHtmlContent" /> implementation that wraps an HTML encoded <see cref="T:System.String" />.<para>一 <see cref="t:microsoft.aspnetcore.html.ihtmlcontent" /> 包装 html 编码的 <see cref="T:System.String" /> 的实现.</para></summary>
    </member>
    <member name="F:Microsoft.AspNetCore.Html.HtmlString.NewLine">
      <summary>An <see cref="T:Microsoft.AspNetCore.Html.HtmlString" /> instance for <see cref="P:System.Environment.NewLine" />.<para>一 <see cref="t:microsoft.aspnetcore.html.htmlstring" /> <see cref="P:System.Environment.NewLine" /> 的实例.</para></summary>
    </member>
    <member name="F:Microsoft.AspNetCore.Html.HtmlString.Empty">
      <summary>An <see cref="T:Microsoft.AspNetCore.Html.HtmlString" /> instance for <see cref="F:System.String.Empty" />.<para>一 <see cref="t:microsoft.aspnetcore.html.htmlstring" /> <see cref="F:System.String.Empty" /> 的实例.</para></summary>
    </member>
    <member name="M:Microsoft.AspNetCore.Html.HtmlString.#ctor(System.String)">
      <summary>Creates a new <see cref="T:Microsoft.AspNetCore.Html.HtmlString" />.<para>创建一个新的 <see cref="t:microsoft.aspnetcore.html.htmlstring" /> .</para></summary>
      <param name="value">The HTML encoded value.<para>html 编码的值.</para></param>
    </member>
    <member name="P:Microsoft.AspNetCore.Html.HtmlString.Value">
      <summary>Gets the HTML encoded value.<para>获取 html 编码的值.</para></summary>
    </member>
    <member name="M:Microsoft.AspNetCore.Html.HtmlString.WriteTo(System.IO.TextWriter,System.Text.Encodings.Web.HtmlEncoder)">
      <inheritdoc />
    </member>
    <member name="M:Microsoft.AspNetCore.Html.HtmlString.ToString">
      <inheritdoc />
    </member>
    <member name="T:Microsoft.AspNetCore.Html.IHtmlContent">
      <summary>HTML content which can be written to a TextWriter.<para>可以写入文本编写器的html内容.</para></summary>
    </member>
    <member name="M:Microsoft.AspNetCore.Html.IHtmlContent.WriteTo(System.IO.TextWriter,System.Text.Encodings.Web.HtmlEncoder)">
      <summary>Writes the content by encoding it with the specified <paramref name="encoder" />
            to the specified <paramref name="writer" />.<para>通过使用指定的 <paramref name="encoder" /> 对内容进行编码来写入内容 到指定的 <paramref name="writer" />.</para></summary>
      <param name="writer">The <see cref="T:System.IO.TextWriter" /> to which the content is written.<para>内容写入到的 <see cref="T:System.IO.TextWriter" />.</para></param>
      <param name="encoder">The <see cref="T:System.Text.Encodings.Web.HtmlEncoder" /> which encodes the content to be written.<para>对要写入的内容进行编码的 <see cref="T:System.Text.Encodings.Web.HtmlEncoder" />.</para></param>
    </member>
    <member name="T:Microsoft.AspNetCore.Html.IHtmlContentBuilder">
      <summary>A builder for HTML content.<para>html 内容的构建器.</para></summary>
    </member>
    <member name="M:Microsoft.AspNetCore.Html.IHtmlContentBuilder.AppendHtml(Microsoft.AspNetCore.Html.IHtmlContent)">
      <summary>Appends an <see cref="T:Microsoft.AspNetCore.Html.IHtmlContent" /> instance.<para>附加一个 <see cref="t:microsoft.aspnetcore.html.ihtmlcontent" /> 实例.</para></summary>
      <param name="content">The <see cref="T:Microsoft.AspNetCore.Html.IHtmlContent" /> to append.<para>这 <see cref="t:microsoft.aspnetcore.html.ihtmlcontent" /> 要追加.</para></param>
      <returns>The <see cref="T:Microsoft.AspNetCore.Html.IHtmlContentBuilder" />.<para>这 <see cref="t:microsoft.aspnetcore.html.ihtmlcontentbuilder" /> .</para></returns>
    </member>
    <member name="M:Microsoft.AspNetCore.Html.IHtmlContentBuilder.Append(System.String)">
      <summary>Appends a <see cref="T:System.String" /> value. The value is treated as unencoded as-provided, and will be HTML
            encoded before writing to output.<para>追加 <see cref="T:System.String" /> 值.该值被视为未编码,并且将是 html 在写入输出之前进行编码.</para></summary>
      <param name="unencoded">The <see cref="T:System.String" /> to append.<para>要追加的 <see cref="T:System.String" />.</para></param>
      <returns>The <see cref="T:Microsoft.AspNetCore.Html.IHtmlContentBuilder" />.<para>这 <see cref="t:microsoft.aspnetcore.html.ihtmlcontentbuilder" /> .</para></returns>
    </member>
    <member name="M:Microsoft.AspNetCore.Html.IHtmlContentBuilder.AppendHtml(System.String)">
      <summary>Appends an HTML encoded <see cref="T:System.String" /> value. The value is treated as HTML encoded as-provided, and
            no further encoding will be performed.<para>追加 html 编码的 <see cref="T:System.String" /> 值.该值被视为按提供的 html 编码,并且 不会执行进一步的编码.</para></summary>
      <param name="encoded">The HTML encoded <see cref="T:System.String" /> to append.<para>要追加的 html 编码的 <see cref="T:System.String" />.</para></param>
      <returns>The <see cref="T:Microsoft.AspNetCore.Html.IHtmlContentBuilder" />.<para>这 <see cref="t:microsoft.aspnetcore.html.ihtmlcontentbuilder" /> .</para></returns>
    </member>
    <member name="M:Microsoft.AspNetCore.Html.IHtmlContentBuilder.Clear">
      <summary>Clears the content.<para>清除内容.</para></summary>
      <returns>The <see cref="T:Microsoft.AspNetCore.Html.IHtmlContentBuilder" />.<para>这 <see cref="t:microsoft.aspnetcore.html.ihtmlcontentbuilder" /> .</para></returns>
    </member>
    <member name="T:Microsoft.AspNetCore.Html.IHtmlContentContainer">
      <summary>Defines a contract for <see cref="T:Microsoft.AspNetCore.Html.IHtmlContent" /> instances made up of several components which
            can be copied into an <see cref="T:Microsoft.AspNetCore.Html.IHtmlContentBuilder" />.<para>定义协定 <see cref="t:microsoft.aspnetcore.html.ihtmlcontent" /> 由多个组件组成的实例 可以复制到 <see cref="t:microsoft.aspnetcore.html.ihtmlcontentbuilder" /> .</para></summary>
    </member>
    <member name="M:Microsoft.AspNetCore.Html.IHtmlContentContainer.CopyTo(Microsoft.AspNetCore.Html.IHtmlContentBuilder)">
      <summary>Copies the contained content of this <see cref="T:Microsoft.AspNetCore.Html.IHtmlContentContainer" /> into <paramref name="builder" />.<para>复制此包含的内容 <see cref="t:microsoft.aspnetcore.html.ihtmlcontentcontainer" /> 到 <paramref name="builder" /> 中.</para></summary>
      <param name="builder">The <see cref="T:Microsoft.AspNetCore.Html.IHtmlContentBuilder" />.<para>这 <see cref="t:microsoft.aspnetcore.html.ihtmlcontentbuilder" /> .</para></param>
    </member>
    <member name="M:Microsoft.AspNetCore.Html.IHtmlContentContainer.MoveTo(Microsoft.AspNetCore.Html.IHtmlContentBuilder)">
      <summary>
        <para>
            Moves the contained content of this <see cref="T:Microsoft.AspNetCore.Html.IHtmlContentContainer" /> into <paramref name="builder" />.
            </para>
        <para>
            After <see cref="M:Microsoft.AspNetCore.Html.IHtmlContentContainer.MoveTo(Microsoft.AspNetCore.Html.IHtmlContentBuilder)" /> is called, this <see cref="T:Microsoft.AspNetCore.Html.IHtmlContentContainer" /> instance should be left
            in an empty state.
            </para>
        <para>
          <para> 移动此包含的内容 <see cref="t:microsoft.aspnetcore.html.ihtmlcontentcontainer" /> 到 $<paramref name="builder" /> . </para>
          <para> 后 <see cref="m:microsoft.aspnetcore.html.ihtmlcontentcontainer.moveto（microsoft.aspnetcore.html.ihtmlcontentbuilder）" /> 被称为,这个 <see cref="t:microsoft.aspnetcore.html.ihtmlcontentcontainer" /> 应保留实例 处于空状态. </para>
        </para>
      </summary>
      <param name="builder">The <see cref="T:Microsoft.AspNetCore.Html.IHtmlContentBuilder" />.<para>这 <see cref="t:microsoft.aspnetcore.html.ihtmlcontentbuilder" /> .</para></param>
    </member>
  </members>
</doc>