<?xml version="1.0"?>
<doc>
  <assembly>
    <name>Microsoft.AspNetCore.ResponseCaching</name>
  </assembly>
  <members>
    <member name="M:Microsoft.AspNetCore.ResponseCaching.IResponseCache.Get(System.String)">
      <summary>Gets the cached response for the given key, if it exists.
            If no cached response exists for the given key, <c>null</c> is returned.<para>获取给定键的缓存响应（如果存在）. 如果给定键不存在缓存响应,则返回 <c>null</c>.</para></summary>
      <param name="key">The cache key to look up.<para>要查找的缓存键.</para></param>
      <returns>The response cache entry if it exists; otherwise <c>null</c>.<para>响应缓存条目（如果存在）;否则 <c>null</c>.</para></returns>
    </member>
    <member name="M:Microsoft.AspNetCore.ResponseCaching.IResponseCache.Set(System.String,Microsoft.AspNetCore.ResponseCaching.IResponseCacheEntry,System.TimeSpan)">
      <summary>Stores the given response in the response cache.<para>将给定的响应存储在响应缓存中.</para></summary>
      <param name="key">The cache key to store the response under.<para>用于存储响应的缓存键.</para></param>
      <param name="entry">The response cache entry to store.<para>要存储的响应缓存条目.</para></param>
      <param name="validFor">The amount of time the entry will be kept in the cache before expiring, relative to now.<para>条目在过期前将保留在缓存中的时间量（相对于现在）.</para></param>
    </member>
    <member name="M:Microsoft.AspNetCore.ResponseCaching.IResponseCachingKeyProvider.CreateBaseKey(Microsoft.AspNetCore.ResponseCaching.ResponseCachingContext)">
      <summary>Create a base key for a response cache entry.<para>为响应缓存条目创建基本键.</para></summary>
      <param name="context">The <see cref="T:Microsoft.AspNetCore.ResponseCaching.ResponseCachingContext" />.<para>这 <see cref="t:microsoft.aspnetcore.responsecaching.responsecachingcontext" /> .</para></param>
      <returns>The created base key.<para>创建的基本密钥.</para></returns>
    </member>
    <member name="M:Microsoft.AspNetCore.ResponseCaching.IResponseCachingKeyProvider.CreateStorageVaryByKey(Microsoft.AspNetCore.ResponseCaching.ResponseCachingContext)">
      <summary>Create a vary key for storing cached responses.<para>创建用于存储缓存响应的 vary 键.</para></summary>
      <param name="context">The <see cref="T:Microsoft.AspNetCore.ResponseCaching.ResponseCachingContext" />.<para>这 <see cref="t:microsoft.aspnetcore.responsecaching.responsecachingcontext" /> .</para></param>
      <returns>The created vary key.<para>创建的可变键.</para></returns>
    </member>
    <member name="M:Microsoft.AspNetCore.ResponseCaching.IResponseCachingKeyProvider.CreateLookupVaryByKeys(Microsoft.AspNetCore.ResponseCaching.ResponseCachingContext)">
      <summary>Create one or more vary keys for looking up cached responses.<para>创建一个或多个用于查找缓存响应的 vary 键.</para></summary>
      <param name="context">The <see cref="T:Microsoft.AspNetCore.ResponseCaching.ResponseCachingContext" />.<para>这 <see cref="t:microsoft.aspnetcore.responsecaching.responsecachingcontext" /> .</para></param>
      <returns>An ordered <see cref="T:System.Collections.Generic.IEnumerable`1" /> containing the vary keys to try when looking up items.<para>一个有序的 <see cref="T:System.Collections.Generic.IEnumerable`1" />,其中包含查找项目时要尝试的 vary 键.</para></returns>
    </member>
    <member name="M:Microsoft.AspNetCore.ResponseCaching.IResponseCachingPolicyProvider.AttemptResponseCaching(Microsoft.AspNetCore.ResponseCaching.ResponseCachingContext)">
      <summary>Determine whether the response caching logic should be attempted for the incoming HTTP request.<para>确定是否应为传入的 http 请求尝试响应缓存逻辑.</para></summary>
      <param name="context">The <see cref="T:Microsoft.AspNetCore.ResponseCaching.ResponseCachingContext" />.<para>这 <see cref="t:microsoft.aspnetcore.responsecaching.responsecachingcontext" /> .</para></param>
      <returns>
        <c>true</c> if response caching logic should be attempted; otherwise <c>false</c>.<para><c>true</c> 如果应尝试响应缓存逻辑;否则 <c>false</c>.</para></returns>
    </member>
    <member name="M:Microsoft.AspNetCore.ResponseCaching.IResponseCachingPolicyProvider.AllowCacheLookup(Microsoft.AspNetCore.ResponseCaching.ResponseCachingContext)">
      <summary>Determine whether a cache lookup is allowed for the incoming HTTP request.<para>确定是否允许对传入的 http 请求进行缓存查找.</para></summary>
      <param name="context">The <see cref="T:Microsoft.AspNetCore.ResponseCaching.ResponseCachingContext" />.<para>这 <see cref="t:microsoft.aspnetcore.responsecaching.responsecachingcontext" /> .</para></param>
      <returns>
        <c>true</c> if cache lookup for this request is allowed; otherwise <c>false</c>.<para><c>true</c> 如果允许对此请求进行缓存查找;否则 <c>false</c>.</para></returns>
    </member>
    <member name="M:Microsoft.AspNetCore.ResponseCaching.IResponseCachingPolicyProvider.AllowCacheStorage(Microsoft.AspNetCore.ResponseCaching.ResponseCachingContext)">
      <summary>Determine whether storage of the response is allowed for the incoming HTTP request.<para>确定是否允许为传入的 http 请求存储响应.</para></summary>
      <param name="context">The <see cref="T:Microsoft.AspNetCore.ResponseCaching.ResponseCachingContext" />.<para>这 <see cref="t:microsoft.aspnetcore.responsecaching.responsecachingcontext" /> .</para></param>
      <returns>
        <c>true</c> if storage of the response for this request is allowed; otherwise <c>false</c>.<para><c>true</c> 如果允许存储此请求的响应;否则 <c>false</c>.</para></returns>
    </member>
    <member name="M:Microsoft.AspNetCore.ResponseCaching.IResponseCachingPolicyProvider.IsResponseCacheable(Microsoft.AspNetCore.ResponseCaching.ResponseCachingContext)">
      <summary>Determine whether the response received by the middleware can be cached for future requests.<para>确定是否可以缓存中间件收到的响应以供将来的请求使用.</para></summary>
      <param name="context">The <see cref="T:Microsoft.AspNetCore.ResponseCaching.ResponseCachingContext" />.<para>这 <see cref="t:microsoft.aspnetcore.responsecaching.responsecachingcontext" /> .</para></param>
      <returns>
        <c>true</c> if the response is cacheable; otherwise <c>false</c>.<para><c>true</c> 如果响应是可缓存的;否则 <c>false</c>.</para></returns>
    </member>
    <member name="M:Microsoft.AspNetCore.ResponseCaching.IResponseCachingPolicyProvider.IsCachedEntryFresh(Microsoft.AspNetCore.ResponseCaching.ResponseCachingContext)">
      <summary>Determine whether the response retrieved from the response cache is fresh and can be served.<para>确定从响应缓存中检索的响应是否是最新的,是否可以提供.</para></summary>
      <param name="context">The <see cref="T:Microsoft.AspNetCore.ResponseCaching.ResponseCachingContext" />.<para>这 <see cref="t:microsoft.aspnetcore.responsecaching.responsecachingcontext" /> .</para></param>
      <returns>
        <c>true</c> if the cached entry is fresh; otherwise <c>false</c>.<para><c>true</c> 如果缓存的条目是最新的;否则 <c>false</c>.</para></returns>
    </member>
    <member name="T:Microsoft.AspNetCore.ResponseCaching.ISystemClock">
      <summary>Abstracts the system clock to facilitate testing.<para>抽象系统时钟以方便测试.</para></summary>
    </member>
    <member name="P:Microsoft.AspNetCore.ResponseCaching.ISystemClock.UtcNow">
      <summary>Retrieves the current system time in UTC.<para>以 utc 格式检索当前系统时间.</para></summary>
    </member>
    <member name="T:Microsoft.AspNetCore.ResponseCaching.LoggerExtensions">
      <summary>Defines *all* the logger messages produced by response caching<para>定义响应缓存生成的*所有*记录器消息</para></summary>
    </member>
    <member name="T:Microsoft.AspNetCore.ResponseCaching.ResponseCachingFeature">
            Default implementation for <see cref="T:Microsoft.AspNetCore.ResponseCaching.IResponseCachingFeature" /></member>
    <member name="P:Microsoft.AspNetCore.ResponseCaching.ResponseCachingFeature.VaryByQueryKeys">
      <inheritdoc />
    </member>
    <member name="T:Microsoft.AspNetCore.ResponseCaching.ResponseCachingMiddleware">
      <summary>Enable HTTP response caching.<para>启用 http 响应缓存.</para></summary>
    </member>
    <member name="M:Microsoft.AspNetCore.ResponseCaching.ResponseCachingMiddleware.#ctor(Microsoft.AspNetCore.Http.RequestDelegate,Microsoft.Extensions.Options.IOptions{Microsoft.AspNetCore.ResponseCaching.ResponseCachingOptions},Microsoft.Extensions.Logging.ILoggerFactory,Microsoft.Extensions.ObjectPool.ObjectPoolProvider)">
      <summary>Creates a new <see cref="T:Microsoft.AspNetCore.ResponseCaching.ResponseCachingMiddleware" />.<para>创建一个新的 <see cref="t:microsoft.aspnetcore.responsecaching.responsecachingmiddleware" /> .</para></summary>
      <param name="next">The <see cref="T:Microsoft.AspNetCore.Http.RequestDelegate" /> representing the next middleware in the pipeline.<para>这 <see cref="t:microsoft.aspnetcore.http.requestdelegate" /> 表示管道中的下一个中间件.</para></param>
      <param name="options">The options for this middleware.<para>此中间件的选项.</para></param>
      <param name="loggerFactory">The <see cref="T:Microsoft.Extensions.Logging.ILoggerFactory" /> used for logging.<para>用于日志记录的 <see cref="T:Microsoft.Extensions.Logging.ILoggerFactory" />.</para></param>
      <param name="poolProvider">The <see cref="T:Microsoft.Extensions.ObjectPool.ObjectPoolProvider" /> used for creating <see cref="T:Microsoft.Extensions.ObjectPool.ObjectPool" /> instances.<para>用于创建 <see cref="T:Microsoft.Extensions.ObjectPool.ObjectPool" /> 实例的 <see cref="T:Microsoft.Extensions.ObjectPool.ObjectPoolProvider" />.</para></param>
    </member>
    <member name="M:Microsoft.AspNetCore.ResponseCaching.ResponseCachingMiddleware.Invoke(Microsoft.AspNetCore.Http.HttpContext)">
      <summary>Invokes the logic of the middleware.<para>调用中间件的逻辑.</para></summary>
      <param name="httpContext">The <see cref="T:Microsoft.AspNetCore.Http.HttpContext" />.<para>这 <see cref="t:microsoft.aspnetcore.http.httpcontext" /> .</para></param>
      <returns>A <see cref="T:System.Threading.Tasks.Task" /> that completes when the middleware has completed processing.<para>一个 <see cref="T:System.Threading.Tasks.Task" />,在中间件完成处理时完成.</para></returns>
    </member>
    <member name="M:Microsoft.AspNetCore.ResponseCaching.ResponseCachingMiddleware.OnFinalizeCacheHeaders(Microsoft.AspNetCore.ResponseCaching.ResponseCachingContext)">
      <summary>Finalize cache headers.<para>完成缓存标头.</para></summary>
      <param name="context">
        <para>
        </para>
      </param>
      <returns>
        <c>true</c> if a vary by entry needs to be stored in the cache; otherwise <c>false</c>.<para><c>true</c> 如果需要将变化依据条目存储在缓存中;否则 <c>false</c>.</para></returns>
    </member>
    <member name="M:Microsoft.AspNetCore.ResponseCaching.ResponseCachingMiddleware.OnStartResponse(Microsoft.AspNetCore.ResponseCaching.ResponseCachingContext)">
      <summary>Mark the response as started and set the response time if no response was started yet.<para>将响应标记为已启动,如果尚未启动响应,则设置响应时间.</para></summary>
      <param name="context">
        <para>
        </para>
      </param>
      <returns>
        <c>true</c> if the response was not started before this call; otherwise <c>false</c>.<para><c>true</c> 如果在此调用之前未启动响应;否则 <c>false</c>.</para></returns>
    </member>
    <member name="T:Microsoft.AspNetCore.ResponseCaching.ResponseCachingOptions">
      <summary>Options for configuring the <see cref="T:Microsoft.AspNetCore.ResponseCaching.ResponseCachingMiddleware" />.<para>用于配置 <see cref="t:microsoft.aspnetcore.responsecaching.responsecachingmiddleware" /> .</para></summary>
    </member>
    <member name="P:Microsoft.AspNetCore.ResponseCaching.ResponseCachingOptions.SizeLimit">
      <summary>The size limit for the response cache middleware in bytes. The default is set to 100 MB.
            When this limit is exceeded, no new responses will be cached until older entries are
            evicted.<para>响应缓存中间件的大小限制（以字节为单位）.默认值设置为 100 mb. 超过此限制时,在旧条目之前不会缓存任何新响应 驱逐.</para></summary>
    </member>
    <member name="P:Microsoft.AspNetCore.ResponseCaching.ResponseCachingOptions.MaximumBodySize">
      <summary>The largest cacheable size for the response body in bytes. The default is set to 64 MB.
            If the response body exceeds this limit, it will not be cached by the <see cref="T:Microsoft.AspNetCore.ResponseCaching.ResponseCachingMiddleware" />.<para>响应正文的最大可缓存大小（以字节为单位）.默认值设置为 64 mb. 如果响应正文超过此限制,则不会由 <see cref="t:microsoft.aspnetcore.responsecaching.responsecachingmiddleware" /> .</para></summary>
    </member>
    <member name="P:Microsoft.AspNetCore.ResponseCaching.ResponseCachingOptions.UseCaseSensitivePaths">
      <summary>
        <c>true</c> if request paths are case-sensitive; otherwise <c>false</c>. The default is to treat paths as case-insensitive.<para><c>true</c> 如果请求路径区分大小写;否则 <c>false</c>.默认设置是将路径视为不区分大小写.</para></summary>
    </member>
    <member name="P:Microsoft.AspNetCore.ResponseCaching.ResponseCachingOptions.SystemClock">
      <summary>For testing purposes only.<para>仅用于测试目的.</para></summary>
    </member>
    <member name="P:Microsoft.AspNetCore.ResponseCaching.StreamUtilities.BodySegmentSize">
      <summary>The segment size for buffering the response body in bytes. The default is set to 80 KB (81920 Bytes) to avoid allocations on the LOH.<para>用于缓冲响应正文的段大小（以字节为单位）.默认值设置为 80 kb（81920 字节）以避免在 loh 上进行分配.</para></summary>
    </member>
    <member name="T:Microsoft.AspNetCore.ResponseCaching.SystemClock">
      <summary>Provides access to the normal system clock.<para>提供对正常系统时钟的访问.</para></summary>
    </member>
    <member name="P:Microsoft.AspNetCore.ResponseCaching.SystemClock.UtcNow">
      <summary>Retrieves the current system time in UTC.<para>以 utc 格式检索当前系统时间.</para></summary>
    </member>
    <member name="T:Microsoft.AspNetCore.Builder.ResponseCachingExtensions">
      <summary>Extension methods for adding the <see cref="T:Microsoft.AspNetCore.ResponseCaching.ResponseCachingMiddleware" /> to an application.<para>用于添加 <see cref="t:microsoft.aspnetcore.responsecaching.responsecachingmiddleware" /> 到应用程序.</para></summary>
    </member>
    <member name="M:Microsoft.AspNetCore.Builder.ResponseCachingExtensions.UseResponseCaching(Microsoft.AspNetCore.Builder.IApplicationBuilder)">
      <summary>Adds the <see cref="T:Microsoft.AspNetCore.ResponseCaching.ResponseCachingMiddleware" /> for caching HTTP responses.<para>添加 <see cref="t:microsoft.aspnetcore.responsecaching.responsecachingmiddleware" /> 用于缓存 http 响应.</para></summary>
      <param name="app">The <see cref="T:Microsoft.AspNetCore.Builder.IApplicationBuilder" />.<para>这 <see cref="t:microsoft.aspnetcore.builder.iapplicationbuilder" /> .</para></param>
    </member>
    <member name="T:Microsoft.Extensions.DependencyInjection.ResponseCachingServicesExtensions">
      <summary>Extension methods for the ResponseCaching middleware.<para>响应缓存中间件的扩展方法.</para></summary>
    </member>
    <member name="M:Microsoft.Extensions.DependencyInjection.ResponseCachingServicesExtensions.AddResponseCaching(Microsoft.Extensions.DependencyInjection.IServiceCollection)">
      <summary>Add response caching services.<para>添加响应缓存服务.</para></summary>
      <param name="services">The <see cref="T:Microsoft.Extensions.DependencyInjection.IServiceCollection" /> for adding services.<para>用于添加服务的 <see cref="T:Microsoft.Extensions.DependencyInjection.IServiceCollection" />.</para></param>
      <returns>
        <para>
        </para>
      </returns>
    </member>
    <member name="M:Microsoft.Extensions.DependencyInjection.ResponseCachingServicesExtensions.AddResponseCaching(Microsoft.Extensions.DependencyInjection.IServiceCollection,System.Action{Microsoft.AspNetCore.ResponseCaching.ResponseCachingOptions})">
      <summary>Add response caching services and configure the related options.<para>添加响应缓存服务并配置相关选项.</para></summary>
      <param name="services">The <see cref="T:Microsoft.Extensions.DependencyInjection.IServiceCollection" /> for adding services.<para>用于添加服务的 <see cref="T:Microsoft.Extensions.DependencyInjection.IServiceCollection" />.</para></param>
      <param name="configureOptions">A delegate to configure the <see cref="T:Microsoft.AspNetCore.ResponseCaching.ResponseCachingOptions" />.<para>用于配置 <see cref="t:microsoft.aspnetcore.responsecaching.responsecachingoptions" /> .</para></param>
      <returns>
        <para>
        </para>
      </returns>
    </member>
    <member name="T:System.Threading.Tasks.TaskToApm">
      <summary>Provides support for efficiently using Tasks to implement the APM (Begin/End) pattern.<para>为高效使用任务实现 apm（开始/结束）模式提供支持.</para></summary>
    </member>
    <member name="M:System.Threading.Tasks.TaskToApm.Begin(System.Threading.Tasks.Task,System.AsyncCallback,System.Object)">
      <summary>Marshals the Task as an IAsyncResult, using the supplied callback and state
            to implement the APM pattern.<para>使用提供的回调和状态将任务封送为 iasyncresult 以实现 apm 模式.</para></summary>
      <param name="task">The Task to be marshaled.<para>要封送的任务.</para></param>
      <param name="callback">The callback to be invoked upon completion.<para>完成后要调用的回调.</para></param>
      <param name="state">The state to be stored in the IAsyncResult.<para>要存储在 iasyncresult 中的状态.</para></param>
      <returns>An IAsyncResult to represent the task's asynchronous operation.<para>一个 iasyncresult 来表示任务的异步操作.</para></returns>
    </member>
    <member name="M:System.Threading.Tasks.TaskToApm.End(System.IAsyncResult)">
      <summary>Processes an IAsyncResult returned by Begin.<para>处理 begin 返回的 iasyncresult.</para></summary>
      <param name="asyncResult">The IAsyncResult to unwrap.<para>要解包的 iasyncresult .</para></param>
    </member>
    <member name="M:System.Threading.Tasks.TaskToApm.End``1(System.IAsyncResult)">
      <summary>Processes an IAsyncResult returned by Begin.<para>处理 begin 返回的 iasyncresult.</para></summary>
      <param name="asyncResult">The IAsyncResult to unwrap.<para>要解包的 iasyncresult .</para></param>
    </member>
    <member name="T:System.Threading.Tasks.TaskToApm.TaskAsyncResult">
      <summary>Provides a simple IAsyncResult that wraps a Task.<para>提供包装任务的简单 iasyncresult.</para></summary>
      <remarks>We could use the Task as the IAsyncResult if the Task's AsyncState is the same as the object state,
            but that's very rare, in particular in a situation where someone cares about allocation, and always
            using TaskAsyncResult simplifies things and enables additional optimizations.<para>如果任务的异步状态与对象状态相同,我们可以将任务用作 iasyncresult, 但这非常罕见,特别是在有人关心分配的情况下,而且总是 使用 taskasyncresult 可以简化操作并启用其他优化.</para></remarks>
    </member>
    <member name="F:System.Threading.Tasks.TaskToApm.TaskAsyncResult._task">
      <summary>The wrapped Task.<para>包装后的任务.</para></summary>
    </member>
    <member name="F:System.Threading.Tasks.TaskToApm.TaskAsyncResult._callback">
      <summary>Callback to invoke when the wrapped task completes.<para>包装后的任务完成时要调用的回调.</para></summary>
    </member>
    <member name="M:System.Threading.Tasks.TaskToApm.TaskAsyncResult.#ctor(System.Threading.Tasks.Task,System.Object,System.AsyncCallback)">
      <summary>Initializes the IAsyncResult with the Task to wrap and the associated object state.<para>使用要包装的任务和关联的对象状态初始化 iasyncresult .</para></summary>
      <param name="task">The Task to wrap.<para>要包装的任务.</para></param>
      <param name="state">The new AsyncState value.<para>新的异步状态值.</para></param>
      <param name="callback">Callback to invoke when the wrapped task completes.<para>包装任务完成时要调用的回调.</para></param>
    </member>
    <member name="M:System.Threading.Tasks.TaskToApm.TaskAsyncResult.InvokeCallback">
      <summary>Invokes the callback.<para>调用回调.</para></summary>
    </member>
    <member name="P:System.Threading.Tasks.TaskToApm.TaskAsyncResult.AsyncState">
      <summary>Gets a user-defined object that qualifies or contains information about an asynchronous operation.<para>获取限定或包含有关异步操作的信息的用户定义对象.</para></summary>
    </member>
    <member name="P:System.Threading.Tasks.TaskToApm.TaskAsyncResult.CompletedSynchronously">
      <summary>Gets a value that indicates whether the asynchronous operation completed synchronously.<para>获取一个值,该值指示异步操作是否同步完成.</para></summary>
      <remarks>This is set lazily based on whether the <see cref="F:System.Threading.Tasks.TaskToApm.TaskAsyncResult._task" /> has completed by the time this object is created.<para>这是根据是否 <see cref="f:system.threading.tasks.tasktoapm.taskasyncresult._task" /> 在创建此对象时已完成.</para></remarks>
    </member>
    <member name="P:System.Threading.Tasks.TaskToApm.TaskAsyncResult.IsCompleted">
      <summary>Gets a value that indicates whether the asynchronous operation has completed.<para>获取一个值,该值指示异步操作是否已完成.</para></summary>
    </member>
    <member name="P:System.Threading.Tasks.TaskToApm.TaskAsyncResult.AsyncWaitHandle">
      <summary>Gets a <see cref="T:System.Threading.WaitHandle" /> that is used to wait for an asynchronous operation to complete.<para>获取用于等待异步操作完成的 <see cref="T:System.Threading.WaitHandle" />.</para></summary>
    </member>
  </members>
</doc>