<?xml version="1.0"?>
<doc>
  <assembly>
    <name>Microsoft.AspNetCore.RequestDecompression</name>
  </assembly>
  <members>
    <member name="T:Microsoft.AspNetCore.RequestDecompression.BrotliDecompressionProvider">
      <summary>Brotli decompression provider.<para>布罗特利减压提供者.</para></summary>
    </member>
    <member name="M:Microsoft.AspNetCore.RequestDecompression.BrotliDecompressionProvider.GetDecompressionStream(System.IO.Stream)">
      <inheritdoc />
    </member>
    <member name="T:Microsoft.AspNetCore.RequestDecompression.DefaultRequestDecompressionProvider">
      <inheritdoc />
    </member>
    <member name="M:Microsoft.AspNetCore.RequestDecompression.DefaultRequestDecompressionProvider.GetDecompressionStream(Microsoft.AspNetCore.Http.HttpContext)">
      <inheritdoc />
    </member>
    <member name="T:Microsoft.AspNetCore.RequestDecompression.DeflateDecompressionProvider">
      <summary>DEFLATE decompression provider.<para>deflate 解压缩提供程序.</para></summary>
    </member>
    <member name="M:Microsoft.AspNetCore.RequestDecompression.DeflateDecompressionProvider.GetDecompressionStream(System.IO.Stream)">
      <inheritdoc />
    </member>
    <member name="T:Microsoft.AspNetCore.RequestDecompression.GZipDecompressionProvider">
      <summary>GZip decompression provider.<para>gzip解压缩提供商.</para></summary>
    </member>
    <member name="M:Microsoft.AspNetCore.RequestDecompression.GZipDecompressionProvider.GetDecompressionStream(System.IO.Stream)">
      <inheritdoc />
    </member>
    <member name="T:Microsoft.AspNetCore.RequestDecompression.IDecompressionProvider">
      <summary>Provides a specific decompression implementation to decompress HTTP request bodies.<para>提供特定的解压缩实现来解压缩 http 请求正文.</para></summary>
    </member>
    <member name="M:Microsoft.AspNetCore.RequestDecompression.IDecompressionProvider.GetDecompressionStream(System.IO.Stream)">
      <summary>Creates a new decompression stream.<para>创建新的解压缩流.</para></summary>
      <param name="stream">The compressed request body stream.<para>压缩的请求正文流.</para></param>
      <returns>The decompression stream.<para>减压流.</para></returns>
    </member>
    <member name="T:Microsoft.AspNetCore.RequestDecompression.IRequestDecompressionProvider">
      <summary>Used to examine requests to see if decompression should be used.<para>用于检查请求以查看是否应使用解压缩.</para></summary>
    </member>
    <member name="M:Microsoft.AspNetCore.RequestDecompression.IRequestDecompressionProvider.GetDecompressionStream(Microsoft.AspNetCore.Http.HttpContext)">
      <summary>Examines the request and selects an acceptable decompression provider, if any.<para>检查请求并选择可接受的解压缩提供程序（如果有）.</para></summary>
      <param name="context">The <see cref="T:Microsoft.AspNetCore.Http.HttpContext" />.<para>这 <see cref="t:microsoft.aspnetcore.http.httpcontext" /> .</para></param>
      <returns>The decompression stream when the provider is capable of decompressing the HTTP request body, otherwise <see langword="null" />.<para>提供程序能够解压缩 http 请求正文时的解压缩流,否则为 <see langword="null" />.</para></returns>
    </member>
    <member name="T:Microsoft.AspNetCore.RequestDecompression.RequestDecompressionMiddleware">
      <summary>Enables HTTP request decompression.<para>启用 http 请求解压缩.</para></summary>
    </member>
    <member name="M:Microsoft.AspNetCore.RequestDecompression.RequestDecompressionMiddleware.#ctor(Microsoft.AspNetCore.Http.RequestDelegate,Microsoft.Extensions.Logging.ILogger{Microsoft.AspNetCore.RequestDecompression.RequestDecompressionMiddleware},Microsoft.AspNetCore.RequestDecompression.IRequestDecompressionProvider)">
      <summary>Initialize the request decompression middleware.<para>初始化请求解压缩中间件.</para></summary>
      <param name="next">The delegate representing the remaining middleware in the request pipeline.<para>代表请求管道中其余中间件的委托.</para></param>
      <param name="logger">The logger.<para>记录器.</para></param>
      <param name="provider">The <see cref="T:Microsoft.AspNetCore.RequestDecompression.IRequestDecompressionProvider" />.<para><see cref="t:microsoft.aspnetcore.requestdecompression.irequestdecompressionprovider" /> .</para></param>
    </member>
    <member name="M:Microsoft.AspNetCore.RequestDecompression.RequestDecompressionMiddleware.Invoke(Microsoft.AspNetCore.Http.HttpContext)">
      <summary>Invoke the middleware.<para>调用中间件.</para></summary>
      <param name="context">The <see cref="T:Microsoft.AspNetCore.Http.HttpContext" />.<para>这 <see cref="t:microsoft.aspnetcore.http.httpcontext" /> .</para></param>
      <returns>A task that represents the execution of this middleware.<para>表示此中间件执行的任务.</para></returns>
    </member>
    <member name="T:Microsoft.AspNetCore.RequestDecompression.RequestDecompressionOptions">
      <summary>Options for the HTTP request decompression middleware.<para>http 请求解压缩中间件的选项.</para></summary>
    </member>
    <member name="P:Microsoft.AspNetCore.RequestDecompression.RequestDecompressionOptions.DecompressionProviders">
      <summary>The <see cref="T:Microsoft.AspNetCore.RequestDecompression.IDecompressionProvider" /> types to use for request decompression.<para>这 <see cref="t:microsoft.aspnetcore.requestdecompression.idecompressionprovider" /> 用于请求解压缩的类型.</para></summary>
    </member>
    <member name="T:Microsoft.AspNetCore.Builder.RequestDecompressionBuilderExtensions">
      <summary>Extension methods for the HTTP request decompression middleware.<para>http 请求解压缩中间件的扩展方法.</para></summary>
    </member>
    <member name="M:Microsoft.AspNetCore.Builder.RequestDecompressionBuilderExtensions.UseRequestDecompression(Microsoft.AspNetCore.Builder.IApplicationBuilder)">
      <summary>Adds middleware for dynamically decompressing HTTP request bodies.<para>添加用于动态解压缩 http 请求正文的中间件.</para></summary>
      <param name="builder">The <see cref="T:Microsoft.AspNetCore.Builder.IApplicationBuilder" /> instance this method extends.<para>这 <see cref="t:microsoft.aspnetcore.builder.iapplicationbuilder" /> 实例此方法扩展.</para></param>
    </member>
    <member name="T:Microsoft.Extensions.DependencyInjection.RequestDecompressionServiceExtensions">
      <summary>Extension methods for the HTTP request decompression middleware.<para>http 请求解压缩中间件的扩展方法.</para></summary>
    </member>
    <member name="M:Microsoft.Extensions.DependencyInjection.RequestDecompressionServiceExtensions.AddRequestDecompression(Microsoft.Extensions.DependencyInjection.IServiceCollection)">
      <summary>Add request decompression services.<para>添加请求解压服务.</para></summary>
      <param name="services">The <see cref="T:Microsoft.Extensions.DependencyInjection.IServiceCollection" /> for adding services.<para>用于添加服务的 <see cref="T:Microsoft.Extensions.DependencyInjection.IServiceCollection" />.</para></param>
      <returns>The <see cref="T:Microsoft.Extensions.DependencyInjection.IServiceCollection" />.<para>的 <see cref="T:Microsoft.Extensions.DependencyInjection.IServiceCollection" />.</para></returns>
    </member>
    <member name="M:Microsoft.Extensions.DependencyInjection.RequestDecompressionServiceExtensions.AddRequestDecompression(Microsoft.Extensions.DependencyInjection.IServiceCollection,System.Action{Microsoft.AspNetCore.RequestDecompression.RequestDecompressionOptions})">
      <summary>Add request decompression services and configure the related options.<para>添加请求解压服务并配置相关选项.</para></summary>
      <param name="services">The <see cref="T:Microsoft.Extensions.DependencyInjection.IServiceCollection" /> for adding services.<para>用于添加服务的 <see cref="T:Microsoft.Extensions.DependencyInjection.IServiceCollection" />.</para></param>
      <param name="configureOptions">A delegate to configure the <see cref="T:Microsoft.AspNetCore.RequestDecompression.RequestDecompressionOptions" />.<para>用于配置 <see cref="t:microsoft.aspnetcore.requestdecompression.requestdecompressionoptions" /> .</para></param>
      <returns>The <see cref="T:Microsoft.Extensions.DependencyInjection.IServiceCollection" />.<para>的 <see cref="T:Microsoft.Extensions.DependencyInjection.IServiceCollection" />.</para></returns>
    </member>
  </members>
</doc>