<?xml version="1.0"?>
<doc>
  <assembly>
    <name>Microsoft.AspNetCore.HttpsPolicy</name>
  </assembly>
  <members>
    <member name="T:Microsoft.AspNetCore.Builder.HstsBuilderExtensions">
      <summary>Extension methods for the HSTS middleware.<para>hsts 中间件的扩展方法.</para></summary>
    </member>
    <member name="M:Microsoft.AspNetCore.Builder.HstsBuilderExtensions.UseHsts(Microsoft.AspNetCore.Builder.IApplicationBuilder)">
      <summary>Adds middleware for using HSTS, which adds the Strict-Transport-Security header.<para>添加了用于使用 hsts 的中间件,该中间件添加了严格传输安全标头.</para></summary>
      <param name="app">The <see cref="T:Microsoft.AspNetCore.Builder.IApplicationBuilder" /> instance this method extends.<para>这 <see cref="t:microsoft.aspnetcore.builder.iapplicationbuilder" /> 实例此方法扩展.</para></param>
    </member>
    <member name="T:Microsoft.AspNetCore.Builder.HstsServicesExtensions">
      <summary>Extension methods for the HSTS middleware.<para>hsts 中间件的扩展方法.</para></summary>
    </member>
    <member name="M:Microsoft.AspNetCore.Builder.HstsServicesExtensions.AddHsts(Microsoft.Extensions.DependencyInjection.IServiceCollection,System.Action{Microsoft.AspNetCore.HttpsPolicy.HstsOptions})">
      <summary>Adds HSTS services.<para>添加 hsts 服务.</para></summary>
      <param name="services">The <see cref="T:Microsoft.Extensions.DependencyInjection.IServiceCollection" /> for adding services.<para>用于添加服务的 <see cref="T:Microsoft.Extensions.DependencyInjection.IServiceCollection" />.</para></param>
      <param name="configureOptions">A delegate to configure the <see cref="T:Microsoft.AspNetCore.HttpsPolicy.HstsOptions" />.<para>用于配置 <see cref="t:microsoft.aspnetcore.httpspolicy.hstsoptions" /> .</para></param>
      <returns>
        <para>
        </para>
      </returns>
    </member>
    <member name="T:Microsoft.AspNetCore.Builder.HttpsPolicyBuilderExtensions">
      <summary>Extension methods for the HttpsRedirection middleware.<para>httpsredirection 中间件的扩展方法.</para></summary>
    </member>
    <member name="M:Microsoft.AspNetCore.Builder.HttpsPolicyBuilderExtensions.UseHttpsRedirection(Microsoft.AspNetCore.Builder.IApplicationBuilder)">
      <summary>Adds middleware for redirecting HTTP Requests to HTTPS.<para>添加了用于将 http 请求重定向到 https 的中间件.</para></summary>
      <param name="app">The <see cref="T:Microsoft.AspNetCore.Builder.IApplicationBuilder" /> instance this method extends.<para>这 <see cref="t:microsoft.aspnetcore.builder.iapplicationbuilder" /> 实例此方法扩展.</para></param>
      <returns>The <see cref="T:Microsoft.AspNetCore.Builder.IApplicationBuilder" /> for HttpsRedirection.<para>这 <see cref="t:microsoft.aspnetcore.builder.iapplicationbuilder" /> 对于 httpsredirection.</para></returns>
    </member>
    <member name="T:Microsoft.AspNetCore.Builder.HttpsRedirectionServicesExtensions">
      <summary>Extension methods for the HttpsRedirection middleware.<para>httpsredirection 中间件的扩展方法.</para></summary>
    </member>
    <member name="M:Microsoft.AspNetCore.Builder.HttpsRedirectionServicesExtensions.AddHttpsRedirection(Microsoft.Extensions.DependencyInjection.IServiceCollection,System.Action{Microsoft.AspNetCore.HttpsPolicy.HttpsRedirectionOptions})">
      <summary>Adds HTTPS redirection services.<para>添加 https 重定向服务.</para></summary>
      <param name="services">The <see cref="T:Microsoft.Extensions.DependencyInjection.IServiceCollection" /> for adding services.<para>用于添加服务的 <see cref="T:Microsoft.Extensions.DependencyInjection.IServiceCollection" />.</para></param>
      <param name="configureOptions">A delegate to configure the <see cref="T:Microsoft.AspNetCore.HttpsPolicy.HttpsRedirectionOptions" />.<para>用于配置 <see cref="t:microsoft.aspnetcore.httpspolicy.httpsredirectionoptions" /> .</para></param>
      <returns>
        <para>
        </para>
      </returns>
    </member>
    <member name="T:Microsoft.AspNetCore.HttpsPolicy.HstsMiddleware">
      <summary>Enables HTTP Strict Transport Security (HSTS)
            See <see href="https://tools.ietf.org/html/rfc6797" />.<para>启用 http 严格传输安全性 （hsts） 请参阅 <see href="https://tools.ietf.org/html/rfc6797" />.</para></summary>
    </member>
    <member name="M:Microsoft.AspNetCore.HttpsPolicy.HstsMiddleware.#ctor(Microsoft.AspNetCore.Http.RequestDelegate,Microsoft.Extensions.Options.IOptions{Microsoft.AspNetCore.HttpsPolicy.HstsOptions},Microsoft.Extensions.Logging.ILoggerFactory)">
      <summary>Initialize the HSTS middleware.<para>初始化 hsts 中间件.</para></summary>
      <param name="next">
        <para>
        </para>
      </param>
      <param name="options">
        <para>
        </para>
      </param>
      <param name="loggerFactory">
        <para>
        </para>
      </param>
    </member>
    <member name="M:Microsoft.AspNetCore.HttpsPolicy.HstsMiddleware.#ctor(Microsoft.AspNetCore.Http.RequestDelegate,Microsoft.Extensions.Options.IOptions{Microsoft.AspNetCore.HttpsPolicy.HstsOptions})">
      <summary>Initialize the HSTS middleware.<para>初始化 hsts 中间件.</para></summary>
      <param name="next">
        <para>
        </para>
      </param>
      <param name="options">
        <para>
        </para>
      </param>
    </member>
    <member name="M:Microsoft.AspNetCore.HttpsPolicy.HstsMiddleware.Invoke(Microsoft.AspNetCore.Http.HttpContext)">
      <summary>Invoke the middleware.<para>调用中间件.</para></summary>
      <param name="context">The <see cref="T:Microsoft.AspNetCore.Http.HttpContext" />.<para>这 <see cref="t:microsoft.aspnetcore.http.httpcontext" /> .</para></param>
      <returns>
        <para>
        </para>
      </returns>
    </member>
    <member name="T:Microsoft.AspNetCore.HttpsPolicy.HstsOptions">
      <summary>Options for the Hsts Middleware<para>hsts中间件的选项</para></summary>
    </member>
    <member name="P:Microsoft.AspNetCore.HttpsPolicy.HstsOptions.MaxAge">
      <summary>Sets the max-age parameter of the Strict-Transport-Security header.<para>设置严格传输安全标头的最大年龄参数.</para></summary>
      <remarks>Max-age is required; defaults to 30 days.
            See: <see href="https://tools.ietf.org/html/rfc6797#section-6.1.1" /><para>最大年龄是必需的;默认为 30 天. 请参阅: <see href="https://tools.ietf.org/html/rfc6797#section-6.1.1" /></para></remarks>
    </member>
    <member name="P:Microsoft.AspNetCore.HttpsPolicy.HstsOptions.IncludeSubDomains">
      <summary>Enables includeSubDomain parameter of the Strict-Transport-Security header.<para>启用严格传输安全标头的"包括子域"参数.</para></summary>
      <remarks>See: <see href="https://tools.ietf.org/html/rfc6797#section-6.1.2" /><para>请参阅: <see href="https://tools.ietf.org/html/rfc6797#section-6.1.2" /></para></remarks>
    </member>
    <member name="P:Microsoft.AspNetCore.HttpsPolicy.HstsOptions.Preload">
      <summary>Sets the preload parameter of the Strict-Transport-Security header.<para>设置严格传输安全标头的预加载参数.</para></summary>
      <remarks>Preload is not part of the RFC specification, but is supported by web browsers
            to preload HSTS sites on fresh install. See https://hstspreload.org/.<para>预加载不是 rfc 规范的一部分,但受 web 浏览器支持 在全新安装时预加载 hsts 站点.请参阅 https://hstspreload.org/.</para></remarks>
    </member>
    <member name="P:Microsoft.AspNetCore.HttpsPolicy.HstsOptions.ExcludedHosts">
      <summary>A list of host names that will not add the HSTS header.<para>不会添加 hsts 标头的主机名列表.</para></summary>
    </member>
    <member name="T:Microsoft.AspNetCore.HttpsPolicy.HttpsRedirectionMiddleware">
      <summary>Middleware that redirects non-HTTPS requests to an HTTPS URL.<para>将非 https 请求重定向到 https url 的中间件.</para></summary>
    </member>
    <member name="M:Microsoft.AspNetCore.HttpsPolicy.HttpsRedirectionMiddleware.#ctor(Microsoft.AspNetCore.Http.RequestDelegate,Microsoft.Extensions.Options.IOptions{Microsoft.AspNetCore.HttpsPolicy.HttpsRedirectionOptions},Microsoft.Extensions.Configuration.IConfiguration,Microsoft.Extensions.Logging.ILoggerFactory)">
      <summary>Initializes <see cref="T:Microsoft.AspNetCore.HttpsPolicy.HttpsRedirectionMiddleware" />.<para>初始 化 <see cref="t:microsoft.aspnetcore.httpspolicy.httpsredirectionmiddleware" /> .</para></summary>
      <param name="next">
        <para>
        </para>
      </param>
      <param name="options">
        <para>
        </para>
      </param>
      <param name="config">
        <para>
        </para>
      </param>
      <param name="loggerFactory">
        <para>
        </para>
      </param>
    </member>
    <member name="M:Microsoft.AspNetCore.HttpsPolicy.HttpsRedirectionMiddleware.#ctor(Microsoft.AspNetCore.Http.RequestDelegate,Microsoft.Extensions.Options.IOptions{Microsoft.AspNetCore.HttpsPolicy.HttpsRedirectionOptions},Microsoft.Extensions.Configuration.IConfiguration,Microsoft.Extensions.Logging.ILoggerFactory,Microsoft.AspNetCore.Hosting.Server.Features.IServerAddressesFeature)">
      <summary>Initializes <see cref="T:Microsoft.AspNetCore.HttpsPolicy.HttpsRedirectionMiddleware" />.<para>初始 化 <see cref="t:microsoft.aspnetcore.httpspolicy.httpsredirectionmiddleware" /> .</para></summary>
      <param name="next">
        <para>
        </para>
      </param>
      <param name="options">
        <para>
        </para>
      </param>
      <param name="config">
        <para>
        </para>
      </param>
      <param name="loggerFactory">
        <para>
        </para>
      </param>
      <param name="serverAddressesFeature">
        <para>
        </para>
      </param>
    </member>
    <member name="M:Microsoft.AspNetCore.HttpsPolicy.HttpsRedirectionMiddleware.Invoke(Microsoft.AspNetCore.Http.HttpContext)">
      <summary>Invokes the HttpsRedirectionMiddleware.<para>调用 httpsredirectionmiddleware.</para></summary>
      <param name="context">
        <para>
        </para>
      </param>
      <returns>
        <para>
        </para>
      </returns>
    </member>
    <member name="T:Microsoft.AspNetCore.HttpsPolicy.HttpsRedirectionOptions">
      <summary>Options for the HTTPS Redirection Middleware.<para>https 重定向中间件的选项.</para></summary>
    </member>
    <member name="P:Microsoft.AspNetCore.HttpsPolicy.HttpsRedirectionOptions.RedirectStatusCode">
      <summary>The status code used for the redirect response. The default is 307.<para>用于重定向响应的状态代码.默认值为 307.</para></summary>
    </member>
    <member name="P:Microsoft.AspNetCore.HttpsPolicy.HttpsRedirectionOptions.HttpsPort">
      <summary>The HTTPS port to be added to the redirected URL.<para>要添加到重定向 url 的 https 端口.</para></summary>
      <remarks>If the HttpsPort is not set, we will try to get the HttpsPort from the following:
            1. HTTPS_PORT environment variable
            2. IServerAddressesFeature
            If that fails then the middleware will log a warning and turn off.<para>如果未设置 httpsport,我们将尝试从以下位置获取 httpsport: 1. https_port环境变量 2. 地址功能 如果失败,则中间件将记录警告并关闭.</para></remarks>
    </member>
  </members>
</doc>