<?xml version="1.0"?>
<doc>
  <assembly>
    <name>Microsoft.AspNetCore.Razor.Runtime</name>
  </assembly>
  <members>
    <member name="T:Microsoft.AspNetCore.Razor.Hosting.IRazorSourceChecksumMetadata">
      <summary>A metadata object containing the checksum of a source file that contributed to a compiled item.<para>一个元数据对象,其中包含对已编译项有贡献的源文件的校验和.</para></summary>
    </member>
    <member name="P:Microsoft.AspNetCore.Razor.Hosting.IRazorSourceChecksumMetadata.Checksum">
      <summary>Gets the checksum as string of hex-encoded bytes.<para>获取十六进制编码字节字符串形式的校验和.</para></summary>
    </member>
    <member name="P:Microsoft.AspNetCore.Razor.Hosting.IRazorSourceChecksumMetadata.ChecksumAlgorithm">
      <summary>Gets the name of the algorithm used to create this checksum.<para>获取用于创建此校验和的算法的名称.</para></summary>
    </member>
    <member name="P:Microsoft.AspNetCore.Razor.Hosting.IRazorSourceChecksumMetadata.Identifier">
      <summary>Gets the identifier of the source file associated with this checksum.<para>获取与此校验和关联的源文件的标识符.</para></summary>
    </member>
    <member name="T:Microsoft.AspNetCore.Razor.Hosting.RazorCompiledItem">
      <summary>Identifies a compiled item that can be identified and loaded.<para>标识可以标识和加载的已编译项.</para></summary>
    </member>
    <member name="P:Microsoft.AspNetCore.Razor.Hosting.RazorCompiledItem.Identifier">
      <summary>Gets the identifier associated with the compiled item. The identifier is used programmatically to locate
            a specific item of a specific kind and should be uniqure within the assembly.<para>获取与已编译项关联的标识符.标识符以编程方式用于查找 特定类型的特定项目,应在大会内是 uniqure.</para></summary>
    </member>
    <member name="P:Microsoft.AspNetCore.Razor.Hosting.RazorCompiledItem.Kind">
      <summary>Gets the kind of compiled item. The kind is used programmatically to associate behaviors and semantics
            with the item.<para>获取已编译项的类型.该类型以编程方式用于关联行为和语义 与项目.</para></summary>
    </member>
    <member name="P:Microsoft.AspNetCore.Razor.Hosting.RazorCompiledItem.Metadata">
      <summary>Gets a collection of arbitrary metadata associated with the item.<para>获取与项关联的任意元数据的集合.</para></summary>
      <remarks>For items loaded with the default implementation of <see cref="T:Microsoft.AspNetCore.Razor.Hosting.RazorCompiledItemLoader" />, the
            metadata collection will return all attributes defined on the <see cref="P:Microsoft.AspNetCore.Razor.Hosting.RazorCompiledItem.Type" />.<para>对于加载了默认实现的项 <see cref="t:microsoft.aspnetcore.razor.hosting.razorcompileditemloader" /> 这 元数据集合将返回在 <see cref="p:microsoft.aspnetcore.razor.hosting.razorcompileditem.type" /> .</para></remarks>
    </member>
    <member name="P:Microsoft.AspNetCore.Razor.Hosting.RazorCompiledItem.Type">
      <summary>Gets the <see cref="P:Microsoft.AspNetCore.Razor.Hosting.RazorCompiledItem.Type" /> of the compiled item.<para>获取 <see cref="p:microsoft.aspnetcore.razor.hosting.razorcompileditem.type" /> 的已编译项.</para></summary>
    </member>
    <member name="T:Microsoft.AspNetCore.Razor.Hosting.RazorCompiledItemAttribute">
      <summary>Specifies that an assembly contains a compiled Razor asset.<para>指定程序集包含已编译的 razor 资源.</para></summary>
    </member>
    <member name="M:Microsoft.AspNetCore.Razor.Hosting.RazorCompiledItemAttribute.#ctor(System.Type,System.String,System.String)">
      <summary>Creates a new <see cref="T:Microsoft.AspNetCore.Razor.Hosting.RazorCompiledItemAttribute" />.<para>创建一个新的 <see cref="t:microsoft.aspnetcore.razor.hosting.razorcompileditemattribute" /> .</para></summary>
      <param name="type">The <see cref="P:Microsoft.AspNetCore.Razor.Hosting.RazorCompiledItemAttribute.Type" /> of the compiled item.<para>这 <see cref="p:microsoft.aspnetcore.razor.hosting.razorcompileditemattribute.type" /> 的已编译项.</para></param>
      <param name="kind">The kind of the compiled item. The kind is used programmatically to associate behaviors with the item.<para>已编译项的种类.该类型以编程方式用于将行为与项相关联.</para></param>
      <param name="identifier">The identifier associated with the item. The identifier is used programmatically to locate
            a specific item of a specific kind, and should be unique within the assembly.<para>与项目关联的标识符.标识符以编程方式用于查找 特定类型的特定项,在程序集中应该是唯一的.</para></param>
    </member>
    <member name="P:Microsoft.AspNetCore.Razor.Hosting.RazorCompiledItemAttribute.Kind">
      <summary>Gets the kind of compiled item. The kind is used programmatically to associate behaviors and semantics
            with the item.<para>获取已编译项的类型.该类型以编程方式用于关联行为和语义 与项目.</para></summary>
    </member>
    <member name="P:Microsoft.AspNetCore.Razor.Hosting.RazorCompiledItemAttribute.Identifier">
      <summary>Gets the identifier associated with the compiled item. The identifier is used programmatically to locate
            a specific item of a specific kind and should be unique within the assembly.<para>获取与已编译项关联的标识符.标识符以编程方式用于查找 特定类型的特定项,在程序集中应该是唯一的.</para></summary>
    </member>
    <member name="P:Microsoft.AspNetCore.Razor.Hosting.RazorCompiledItemAttribute.Type">
      <summary>Gets the <see cref="P:Microsoft.AspNetCore.Razor.Hosting.RazorCompiledItemAttribute.Type" /> of the compiled item. The type should be contained in the assembly associated
            with this instance of <see cref="T:Microsoft.AspNetCore.Razor.Hosting.RazorCompiledItemAttribute" />.<para>获取 <see cref="p:microsoft.aspnetcore.razor.hosting.razorcompileditemattribute.type" /> 的已编译项.类型应包含在关联的程序集中 有了这个实例 <see cref="t:microsoft.aspnetcore.razor.hosting.razorcompileditemattribute" /> .</para></summary>
    </member>
    <member name="T:Microsoft.AspNetCore.Razor.Hosting.RazorCompiledItemExtensions">
      <summary>Extension methods for <see cref="T:Microsoft.AspNetCore.Razor.Hosting.RazorCompiledItem" />.<para>的扩展方法 <see cref="t:microsoft.aspnetcore.razor.hosting.razorcompileditem" /> .</para></summary>
    </member>
    <member name="M:Microsoft.AspNetCore.Razor.Hosting.RazorCompiledItemExtensions.GetChecksumMetadata(Microsoft.AspNetCore.Razor.Hosting.RazorCompiledItem)">
      <summary>Gets the list of <see cref="T:Microsoft.AspNetCore.Razor.Hosting.IRazorSourceChecksumMetadata" /> associated with <paramref name="item" />.<para>获取列表 <see cref="t:microsoft.aspnetcore.razor.hosting.irazorsourcechecksummetadata" /> 与 <paramref name="item" /> 相关联.</para></summary>
      <param name="item">The <see cref="T:Microsoft.AspNetCore.Razor.Hosting.RazorCompiledItem" />.<para>这 <see cref="t:microsoft.aspnetcore.razor.hosting.razorcompileditem" /> .</para></param>
      <returns>A list of <see cref="T:Microsoft.AspNetCore.Razor.Hosting.IRazorSourceChecksumMetadata" />.<para>一个列表 <see cref="t:microsoft.aspnetcore.razor.hosting.irazorsourcechecksummetadata" /> .</para></returns>
    </member>
    <member name="T:Microsoft.AspNetCore.Razor.Hosting.RazorCompiledItemLoader">
      <summary>A loader implementation that can load <see cref="T:Microsoft.AspNetCore.Razor.Hosting.RazorCompiledItem" /> objects from an
            <see cref="T:System.Reflection.Assembly" /> using reflection.<para>可以加载的加载程序实现 <see cref="t:microsoft.aspnetcore.razor.hosting.razorcompileditem" /> 来自 <see cref="t:system.reflection.assembly" /> 使用反射.</para></summary>
      <remarks>
        <para>
            Inherit from <see cref="T:Microsoft.AspNetCore.Razor.Hosting.RazorCompiledItemLoader" /> to customize the behavior when loading
            <see cref="T:Microsoft.AspNetCore.Razor.Hosting.RazorCompiledItem" /> objects from an <see cref="T:System.Reflection.Assembly" />. The default implementations of methods
            defined by this class use reflection in a trivial way to load attributes from the assembly.
            </para>
        <para>
            Inheriting from <see cref="T:Microsoft.AspNetCore.Razor.Hosting.RazorCompiledItemLoader" /> is useful when an implementation needs to consider
            additional configuration or data outside of the <see cref="T:System.Reflection.Assembly" /> being loaded.
            </para>
        <para>
            Subclasses of <see cref="T:Microsoft.AspNetCore.Razor.Hosting.RazorCompiledItemLoader" /> can return subclasses of <see cref="T:Microsoft.AspNetCore.Razor.Hosting.RazorCompiledItem" />
            with additional data members by overriding <see cref="M:Microsoft.AspNetCore.Razor.Hosting.RazorCompiledItemLoader.CreateItem(Microsoft.AspNetCore.Razor.Hosting.RazorCompiledItemAttribute)" />.
            </para>
        <para>
          <para> 继承自 <see cref="t:microsoft.aspnetcore.razor.hosting.razorcompileditemloader" /> 自定义加载时的行为 <see cref="t:microsoft.aspnetcore.razor.hosting.razorcompileditem" /> 来自 <see cref="t:system.reflection.assembly" /> .方法的默认实现 此类定义 以简单的方式使用反射从程序集加载属性. </para>
          <para> 继承自 <see cref="t:microsoft.aspnetcore.razor.hosting.razorcompileditemloader" /> 当实现需要考虑时很有用 其他配置或数据之外的数据 <see cref="t:system.reflection.assembly" /> 正在加载. </para>
          <para> 的子类 <see cref="t:microsoft.aspnetcore.razor.hosting.razorcompileditemloader" /> 可以返回的子类 <see cref="t:microsoft.aspnetcore.razor.hosting.razorcompileditem" /> 通过覆盖其他数据成员 <see cref="m:microsoft.aspnetcore.razor.hosting.razorcompileditemloader.createitem（microsoft.aspnetcore.razor.hosting.razorcompileditemattribute）" /> . </para>
        </para>
      </remarks>
    </member>
    <member name="M:Microsoft.AspNetCore.Razor.Hosting.RazorCompiledItemLoader.LoadItems(System.Reflection.Assembly)">
      <summary>Loads a list of <see cref="T:Microsoft.AspNetCore.Razor.Hosting.RazorCompiledItem" /> objects from the provided <see cref="T:System.Reflection.Assembly" />.<para>加载列表 <see cref="t:microsoft.aspnetcore.razor.hosting.razorcompileditem" /> 提供的对象 <see cref="t:system.reflection.assembly" /> .</para></summary>
      <param name="assembly">The assembly to search.<para>要搜索的程序集.</para></param>
      <returns>A list of <see cref="T:Microsoft.AspNetCore.Razor.Hosting.RazorCompiledItem" /> objects.<para>一个列表 <see cref="t:microsoft.aspnetcore.razor.hosting.razorcompileditem" /> 对象.</para></returns>
    </member>
    <member name="M:Microsoft.AspNetCore.Razor.Hosting.RazorCompiledItemLoader.CreateItem(Microsoft.AspNetCore.Razor.Hosting.RazorCompiledItemAttribute)">
      <summary>Creates a <see cref="T:Microsoft.AspNetCore.Razor.Hosting.RazorCompiledItem" /> from a <see cref="T:Microsoft.AspNetCore.Razor.Hosting.RazorCompiledItemAttribute" />.<para>创建一个 <see cref="t:microsoft.aspnetcore.razor.hosting.razorcompileditem" /> 从 <see cref="t:microsoft.aspnetcore.razor.hosting.razorcompileditemattribute" /> .</para></summary>
      <param name="attribute">The <see cref="T:Microsoft.AspNetCore.Razor.Hosting.RazorCompiledItemAttribute" />.<para>这 <see cref="t:microsoft.aspnetcore.razor.hosting.razorcompileditemattribute" /> .</para></param>
      <returns>A <see cref="T:Microsoft.AspNetCore.Razor.Hosting.RazorCompiledItem" /> created from <paramref name="attribute" />.<para>一个 <see cref="t:microsoft.aspnetcore.razor.hosting.razorcompileditem" /> 从 <paramref name="attribute" /> 创建.</para></returns>
    </member>
    <member name="M:Microsoft.AspNetCore.Razor.Hosting.RazorCompiledItemLoader.LoadAttributes(System.Reflection.Assembly)">
      <summary>Retrieves the list of <see cref="T:Microsoft.AspNetCore.Razor.Hosting.RazorCompiledItemAttribute" /> attributes defined for the provided
            <see cref="T:System.Reflection.Assembly" />.<para>检索列表 <see cref="t:microsoft.aspnetcore.razor.hosting.razorcompileditemattribute" /> 为提供的属性定义 <see cref="t:system.reflection.assembly" /> .</para></summary>
      <param name="assembly">The <see cref="T:System.Reflection.Assembly" /> to search.<para>这 <see cref="t:system.reflection.assembly" /> 进行搜索.</para></param>
      <returns>A list of <see cref="T:Microsoft.AspNetCore.Razor.Hosting.RazorCompiledItemAttribute" /> attributes.<para>一个列表 <see cref="t:microsoft.aspnetcore.razor.hosting.razorcompileditemattribute" /> 属性.</para></returns>
    </member>
    <member name="T:Microsoft.AspNetCore.Razor.Hosting.RazorCompiledItemMetadataAttribute">
      <summary>Defines a key/value metadata pair for the decorated Razor type.<para>为修饰的 razor 类型定义键/值元数据对.</para></summary>
    </member>
    <member name="M:Microsoft.AspNetCore.Razor.Hosting.RazorCompiledItemMetadataAttribute.#ctor(System.String,System.String)">
      <summary>Creates a new <see cref="T:Microsoft.AspNetCore.Razor.Hosting.RazorCompiledItemMetadataAttribute" />.<para>创建一个新的 <see cref="t:microsoft.aspnetcore.razor.hosting.razorcompileditemmetadataattribute" /> .</para></summary>
      <param name="key">The key.<para>关键.</para></param>
      <param name="value">The value.<para>值.</para></param>
    </member>
    <member name="P:Microsoft.AspNetCore.Razor.Hosting.RazorCompiledItemMetadataAttribute.Key">
      <summary>Gets the key.<para>获取密钥.</para></summary>
    </member>
    <member name="P:Microsoft.AspNetCore.Razor.Hosting.RazorCompiledItemMetadataAttribute.Value">
      <summary>Gets the value.<para>获取值.</para></summary>
    </member>
    <member name="T:Microsoft.AspNetCore.Razor.Hosting.RazorConfigurationNameAttribute">
      <summary>Specifies the name of a Razor configuration as defined by the Razor SDK.<para>指定由 razor sdk 定义的 razor 配置的名称.</para></summary>
      <remarks>This attribute is applied to an application's entry point assembly by the Razor SDK during the build,
            so that the Razor configuration can be loaded at runtime based on the settings provided by the project
            file.<para>此属性在生成期间由 razor sdk 应用于应用程序的入口点程序集, 以便可以根据项目提供的设置在运行时加载 razor 配置 文件.</para></remarks>
    </member>
    <member name="M:Microsoft.AspNetCore.Razor.Hosting.RazorConfigurationNameAttribute.#ctor(System.String)">
      <summary>Creates a new instance of <see cref="T:Microsoft.AspNetCore.Razor.Hosting.RazorConfigurationNameAttribute" />.<para>创建 的新实例 <see cref="t:microsoft.aspnetcore.razor.hosting.razorconfigurationnameattribute" /> .</para></summary>
      <param name="configurationName">The name of the Razor configuration.<para>剃刀配置的名称.</para></param>
    </member>
    <member name="P:Microsoft.AspNetCore.Razor.Hosting.RazorConfigurationNameAttribute.ConfigurationName">
      <summary>Gets the name of the Razor configuration.<para>获取 razor 配置的名称.</para></summary>
    </member>
    <member name="T:Microsoft.AspNetCore.Razor.Hosting.RazorExtensionAssemblyNameAttribute">
      <summary>Specifies the name of a Razor extension as defined by the Razor SDK.<para>指定由 razor sdk 定义的 razor 扩展的名称.</para></summary>
      <remarks>This attribute is applied to an application's entry point assembly by the Razor SDK during the build,
            so that the Razor configuration can be loaded at runtime based on the settings provided by the project
            file.<para>此属性在生成期间由 razor sdk 应用于应用程序的入口点程序集, 以便可以根据项目提供的设置在运行时加载 razor 配置 文件.</para></remarks>
    </member>
    <member name="M:Microsoft.AspNetCore.Razor.Hosting.RazorExtensionAssemblyNameAttribute.#ctor(System.String,System.String)">
      <summary>Creates a new instance of <see cref="T:Microsoft.AspNetCore.Razor.Hosting.RazorExtensionAssemblyNameAttribute" />.<para>创建 的新实例 <see cref="t:microsoft.aspnetcore.razor.hosting.razorextensionassemblynameattribute" /> .</para></summary>
      <param name="extensionName">The name of the extension.<para>扩展的名称.</para></param>
      <param name="assemblyName">The assembly name of the extension.<para>扩展的程序集名称.</para></param>
    </member>
    <member name="P:Microsoft.AspNetCore.Razor.Hosting.RazorExtensionAssemblyNameAttribute.AssemblyName">
      <summary>Gets the assembly name of the extension.<para>获取扩展的程序集名称.</para></summary>
    </member>
    <member name="P:Microsoft.AspNetCore.Razor.Hosting.RazorExtensionAssemblyNameAttribute.ExtensionName">
      <summary>Gets the name of the extension.<para>获取扩展的名称.</para></summary>
    </member>
    <member name="T:Microsoft.AspNetCore.Razor.Hosting.RazorLanguageVersionAttribute">
      <summary>Specifies the name of a Razor configuration as defined by the Razor SDK.<para>指定由 razor sdk 定义的 razor 配置的名称.</para></summary>
      <remarks>This attribute is part of a set of metadata attributes that can be applied to an assembly at build
            time by the Razor SDK. These attributes allow the Razor configuration to be loaded at runtime based
            on the settings originally provided by the project file.<para>此属性是一组元数据属性的一部分,这些属性可在生成时应用于程序集 时间由剃刀 sdk 提供.这些属性允许在运行时加载 razor 配置 在项目文件最初提供的设置上.</para></remarks>
    </member>
    <member name="M:Microsoft.AspNetCore.Razor.Hosting.RazorLanguageVersionAttribute.#ctor(System.String)">
      <summary>Creates a new instance of <see cref="T:Microsoft.AspNetCore.Razor.Hosting.RazorLanguageVersionAttribute" />.<para>创建 的新实例 <see cref="t:microsoft.aspnetcore.razor.hosting.razorlanguageversionattribute" /> .</para></summary>
      <param name="languageVersion">The language version of Razor<para>剃刀的语言版本</para></param>
    </member>
    <member name="P:Microsoft.AspNetCore.Razor.Hosting.RazorLanguageVersionAttribute.LanguageVersion">
      <summary>Gets the Razor language version.<para>获取剃刀语言版本.</para></summary>
    </member>
    <member name="T:Microsoft.AspNetCore.Razor.Hosting.RazorSourceChecksumAttribute">
      <summary>Specifies the checksum of a source file that contributed to a compiled item.<para>指定为已编译项提供的源文件的校验和.</para></summary>
      <remarks>
        <para>
            These attributes are added by the Razor infrastructure when generating code to assist runtime
            implementations to determine the integrity of compiled items.
            </para>
        <para>
            Runtime implementations should access the checksum metadata for an item using
            <see cref="M:Microsoft.AspNetCore.Razor.Hosting.RazorCompiledItemExtensions.GetChecksumMetadata(Microsoft.AspNetCore.Razor.Hosting.RazorCompiledItem)" />.
            </para>
        <para>
          <para> 这些属性由 razor 基础结构在生成代码时添加,以帮助运行时 用于确定已编译项的完整性的实现. </para>
          <para> 运行时实现应使用 <see cref="m:microsoft.aspnetcore.razor.hosting.razorcompileditemextensions.getchecksummetadata（microsoft.aspnetcore.razor.hosting.razorcompileditem）" /> . </para>
        </para>
      </remarks>
    </member>
    <member name="M:Microsoft.AspNetCore.Razor.Hosting.RazorSourceChecksumAttribute.#ctor(System.String,System.String,System.String)">
      <summary>Creates a new <see cref="T:Microsoft.AspNetCore.Razor.Hosting.RazorSourceChecksumAttribute" />.<para>创建一个新的 <see cref="t:microsoft.aspnetcore.razor.hosting.razorsourcechecksumattribute" /> .</para></summary>
      <param name="checksumAlgorithm">The algorithm used to create this checksum.<para>用于创建此校验和的算法.</para></param>
      <param name="checksum">The checksum as a string of hex-encoded bytes.<para>十六进制编码字节字符串形式的校验和.</para></param>
      <param name="identifier">The identifier associated with this thumbprint.<para>与此指纹关联的标识符.</para></param>
    </member>
    <member name="P:Microsoft.AspNetCore.Razor.Hosting.RazorSourceChecksumAttribute.Checksum">
      <summary>Gets the checksum as string of hex-encoded bytes.<para>获取十六进制编码字节字符串形式的校验和.</para></summary>
    </member>
    <member name="P:Microsoft.AspNetCore.Razor.Hosting.RazorSourceChecksumAttribute.ChecksumAlgorithm">
      <summary>Gets the name of the algorithm used to create this checksum.<para>获取用于创建此校验和的算法的名称.</para></summary>
    </member>
    <member name="P:Microsoft.AspNetCore.Razor.Hosting.RazorSourceChecksumAttribute.Identifier">
      <summary>Gets the identifier of the source file associated with this checksum.<para>获取与此校验和关联的源文件的标识符.</para></summary>
    </member>
    <member name="T:Microsoft.AspNetCore.Razor.Runtime.TagHelpers.TagHelperExecutionContext">
      <summary>Class used to store information about a <see cref="T:Microsoft.AspNetCore.Razor.TagHelpers.ITagHelper" />'s execution lifetime.<para>用于存储有关 <see cref="t:microsoft.aspnetcore.razor.taghelpers.itaghelper" /> 的执行生存期.</para></summary>
    </member>
    <member name="M:Microsoft.AspNetCore.Razor.Runtime.TagHelpers.TagHelperExecutionContext.#ctor(System.String,Microsoft.AspNetCore.Razor.TagHelpers.TagMode)">
      <summary>Internal for testing purposes only.<para>内部仅用于测试目的.</para></summary>
    </member>
    <member name="M:Microsoft.AspNetCore.Razor.Runtime.TagHelpers.TagHelperExecutionContext.#ctor(System.String,Microsoft.AspNetCore.Razor.TagHelpers.TagMode,System.Collections.Generic.IDictionary{System.Object,System.Object},System.String,System.Func{System.Threading.Tasks.Task},System.Action{System.Text.Encodings.Web.HtmlEncoder},System.Func{Microsoft.AspNetCore.Razor.TagHelpers.TagHelperContent})">
      <summary>Instantiates a new <see cref="T:Microsoft.AspNetCore.Razor.Runtime.TagHelpers.TagHelperExecutionContext" />.<para>实例化一个新的 <see cref="t:microsoft.aspnetcore.razor.runtime.taghelpers.taghelperexecutioncontext" /> .</para></summary>
      <param name="tagName">The HTML tag name in the Razor source.<para>razor 源中的 html 标记名称.razor 源中元素的</para></param>
      <param name="tagMode">HTML syntax of the element in the Razor source.<para>html 语法.</para></param>
      <param name="items">The collection of items used to communicate with other
            <see cref="T:Microsoft.AspNetCore.Razor.TagHelpers.ITagHelper" />s<para>用于与其他项目通信的项目集合 <see cref="t:microsoft.aspnetcore.razor.taghelpers.itaghelper" /> s</para></param>
      <param name="uniqueId">An identifier unique to the HTML element this context is for.<para>此上下文所针对的 html 元素唯一的标识符.</para></param>
      <param name="executeChildContentAsync">A delegate used to execute the child content asynchronously.<para>用于异步执行子内容的委托.</para></param>
      <param name="startTagHelperWritingScope">A delegate used to start a writing scope in a Razor page and optionally override the page's
            <see cref="T:System.Text.Encodings.Web.HtmlEncoder" /> within that scope.<para>一个委托,用于在 razor 页面中启动写入范围,并选择性地覆盖页面的 <see cref="T:System.Text.Encodings.Web.HtmlEncoder" /> 在该范围内.</para></param>
      <param name="endTagHelperWritingScope">A delegate used to end a writing scope in a Razor page.<para>用于结束 razor 页面中的写入范围的委托.</para></param>
    </member>
    <member name="P:Microsoft.AspNetCore.Razor.Runtime.TagHelpers.TagHelperExecutionContext.ChildContentRetrieved">
      <summary>Indicates if <see cref="M:Microsoft.AspNetCore.Razor.Runtime.TagHelpers.TagHelperExecutionContext.GetChildContentAsync(System.Boolean,System.Text.Encodings.Web.HtmlEncoder)" /> has been called.<para>指示是否 <see cref="m:microsoft.aspnetcore.razor.runtime.taghelpers.taghelperexecutioncontext.getchildcontentasync（system.boolean,system.text.encodings.web.htmlencoder）" /> 已被调用.</para></summary>
    </member>
    <member name="P:Microsoft.AspNetCore.Razor.Runtime.TagHelpers.TagHelperExecutionContext.Items">
      <summary>Gets the collection of items used to communicate with other <see cref="T:Microsoft.AspNetCore.Razor.TagHelpers.ITagHelper" />s.<para>获取用于与其他项通信的项的集合 <see cref="t:microsoft.aspnetcore.razor.taghelpers.itaghelper" /> s.</para></summary>
    </member>
    <member name="P:Microsoft.AspNetCore.Razor.Runtime.TagHelpers.TagHelperExecutionContext.TagHelpers">
      <summary>
        <see cref="T:Microsoft.AspNetCore.Razor.TagHelpers.ITagHelper" />s that should be run.<para><see cref="t:microsoft.aspnetcore.razor.taghelpers.itaghelper" /> 应该运行的.</para></summary>
    </member>
    <member name="P:Microsoft.AspNetCore.Razor.Runtime.TagHelpers.TagHelperExecutionContext.Output">
      <summary>The <see cref="T:Microsoft.AspNetCore.Razor.TagHelpers.ITagHelper" />'s output.<para>这 <see cref="t:microsoft.aspnetcore.razor.taghelpers.itaghelper" /> 的输出.</para></summary>
    </member>
    <member name="P:Microsoft.AspNetCore.Razor.Runtime.TagHelpers.TagHelperExecutionContext.Context">
      <summary>The <see cref="T:Microsoft.AspNetCore.Razor.TagHelpers.ITagHelper" />'s context.<para>这 <see cref="t:microsoft.aspnetcore.razor.taghelpers.itaghelper" /> 的上下文.</para></summary>
    </member>
    <member name="M:Microsoft.AspNetCore.Razor.Runtime.TagHelpers.TagHelperExecutionContext.Add(Microsoft.AspNetCore.Razor.TagHelpers.ITagHelper)">
      <summary>Tracks the given <paramref name="tagHelper" />.<para>跟踪给定的 <paramref name="tagHelper" />.</para></summary>
      <param name="tagHelper">The tag helper to track.<para>要跟踪的标记帮助程序.</para></param>
    </member>
    <member name="M:Microsoft.AspNetCore.Razor.Runtime.TagHelpers.TagHelperExecutionContext.AddHtmlAttribute(System.String,System.Object,Microsoft.AspNetCore.Razor.TagHelpers.HtmlAttributeValueStyle)">
      <summary>Tracks the HTML attribute.<para>跟踪 html 属性.</para></summary>
      <param name="name">The HTML attribute name.<para>html 属性名称.</para></param>
      <param name="value">The HTML attribute value.<para>html 属性值.</para></param>
      <param name="valueStyle">The value style of the attribute.<para>属性的值样式.</para></param>
    </member>
    <member name="M:Microsoft.AspNetCore.Razor.Runtime.TagHelpers.TagHelperExecutionContext.AddHtmlAttribute(Microsoft.AspNetCore.Razor.TagHelpers.TagHelperAttribute)">
      <summary>Tracks the HTML attribute.<para>跟踪 html 属性.</para></summary>
      <param name="attribute">The <see cref="T:Microsoft.AspNetCore.Razor.TagHelpers.TagHelperAttribute" /> to track.<para>这 <see cref="t:microsoft.aspnetcore.razor.taghelpers.taghelperattribute" /> 进行跟踪.</para></param>
    </member>
    <member name="M:Microsoft.AspNetCore.Razor.Runtime.TagHelpers.TagHelperExecutionContext.AddTagHelperAttribute(System.String,System.Object,Microsoft.AspNetCore.Razor.TagHelpers.HtmlAttributeValueStyle)">
      <summary>Tracks the <see cref="T:Microsoft.AspNetCore.Razor.TagHelpers.ITagHelper" /> bound attribute.<para>跟踪 <see cref="t:microsoft.aspnetcore.razor.taghelpers.itaghelper" /> 绑定属性.</para></summary>
      <param name="name">The bound attribute name.<para>绑定的属性名称.</para></param>
      <param name="value">The attribute value.<para>属性值.</para></param>
      <param name="valueStyle">The value style of the attribute.<para>属性的值样式.</para></param>
    </member>
    <member name="M:Microsoft.AspNetCore.Razor.Runtime.TagHelpers.TagHelperExecutionContext.AddTagHelperAttribute(Microsoft.AspNetCore.Razor.TagHelpers.TagHelperAttribute)">
      <summary>Tracks the <see cref="T:Microsoft.AspNetCore.Razor.TagHelpers.ITagHelper" /> bound attribute.<para>跟踪 <see cref="t:microsoft.aspnetcore.razor.taghelpers.itaghelper" /> 绑定属性.</para></summary>
      <param name="attribute">The bound attribute.<para>绑定属性.</para></param>
    </member>
    <member name="M:Microsoft.AspNetCore.Razor.Runtime.TagHelpers.TagHelperExecutionContext.Reinitialize(System.String,Microsoft.AspNetCore.Razor.TagHelpers.TagMode,System.Collections.Generic.IDictionary{System.Object,System.Object},System.String,System.Func{System.Threading.Tasks.Task})">
      <summary>Clears the <see cref="T:Microsoft.AspNetCore.Razor.Runtime.TagHelpers.TagHelperExecutionContext" /> and updates its state with the provided values.<para>清除 <see cref="t:microsoft.aspnetcore.razor.runtime.taghelpers.taghelperexecutioncontext" /> 并使用提供的值更新其状态.</para></summary>
      <param name="tagName">The tag name to use.<para>要使用的标记名称.</para></param>
      <param name="tagMode">The <see cref="T:Microsoft.AspNetCore.Razor.TagHelpers.TagMode" /> to use.<para><see cref="t:microsoft.aspnetcore.razor.taghelpers.tagmode" /> 来使用.</para></param>
      <param name="items">The <see cref="T:System.Collections.Generic.IDictionary`2" /> to use.<para>要使用的 <see cref="T:System.Collections.Generic.IDictionary`2" />.</para></param>
      <param name="uniqueId">The unique id to use.<para>要使用的唯一 id.</para></param>
      <param name="executeChildContentAsync">The <see cref="T:System.Func`1" /> to use.<para>要使用的 <see cref="T:System.Func`1" />.</para></param>
    </member>
    <member name="M:Microsoft.AspNetCore.Razor.Runtime.TagHelpers.TagHelperExecutionContext.SetOutputContentAsync">
      <summary>Executes children asynchronously with the page's <see cref="T:System.Text.Encodings.Web.HtmlEncoder" /> in scope and
            sets <see cref="P:Microsoft.AspNetCore.Razor.Runtime.TagHelpers.TagHelperExecutionContext.Output" />'s <see cref="P:Microsoft.AspNetCore.Razor.TagHelpers.TagHelperOutput.Content" /> to the rendered results.<para>使用范围内的页面 <see cref="T:System.Text.Encodings.Web.HtmlEncoder" /> 异步执行子项,并且 集 <see cref="p:microsoft.aspnetcore.razor.runtime.taghelpers.taghelperexecutioncontext.output" /> 的 <see cref="p:microsoft.aspnetcore.razor.taghelpers.taghelperoutput.content" /> 到呈现的结果.</para></summary>
      <returns>A <see cref="T:System.Threading.Tasks.Task" /> that on completion sets <see cref="P:Microsoft.AspNetCore.Razor.Runtime.TagHelpers.TagHelperExecutionContext.Output" />'s
            <see cref="P:Microsoft.AspNetCore.Razor.TagHelpers.TagHelperOutput.Content" /> to the children's rendered content.<para>完成集上的 <see cref="T:System.Threading.Tasks.Task" /> <see cref="p:microsoft.aspnetcore.razor.runtime.taghelpers.taghelperexecutioncontext.output" /> 的 <see cref="p:microsoft.aspnetcore.razor.taghelpers.taghelperoutput.content" /> 到儿童渲染的内容.</para></returns>
    </member>
    <member name="T:Microsoft.AspNetCore.Razor.Runtime.TagHelpers.TagHelperRunner">
      <summary>A class used to run <see cref="T:Microsoft.AspNetCore.Razor.TagHelpers.ITagHelper" />s.<para>用于运行的类 <see cref="t:microsoft.aspnetcore.razor.taghelpers.itaghelper" /> s.</para></summary>
    </member>
    <member name="M:Microsoft.AspNetCore.Razor.Runtime.TagHelpers.TagHelperRunner.RunAsync(Microsoft.AspNetCore.Razor.Runtime.TagHelpers.TagHelperExecutionContext)">
      <summary>Calls the <see cref="M:Microsoft.AspNetCore.Razor.TagHelpers.ITagHelperComponent.ProcessAsync(Microsoft.AspNetCore.Razor.TagHelpers.TagHelperContext,Microsoft.AspNetCore.Razor.TagHelpers.TagHelperOutput)" /> method on <see cref="T:Microsoft.AspNetCore.Razor.TagHelpers.ITagHelper" />s.<para>调用 <see cref="m:microsoft.aspnetcore.razor.taghelpers.itaghelpercomponent.processasync（microsoft.aspnetcore.razor.taghelpers.taghelpercontext,microsoft.aspnetcore.razor.taghelpers.taghelperoutput）" /> 方法上 <see cref="t:microsoft.aspnetcore.razor.taghelpers.itaghelper" /> s.</para></summary>
      <param name="executionContext">Contains information associated with running <see cref="T:Microsoft.AspNetCore.Razor.TagHelpers.ITagHelper" />s.<para>包含与运行相关的信息 <see cref="t:microsoft.aspnetcore.razor.taghelpers.itaghelper" /> s.</para></param>
      <returns>Resulting <see cref="T:Microsoft.AspNetCore.Razor.TagHelpers.TagHelperOutput" /> from processing all of the
            <paramref name="executionContext" />'s <see cref="T:Microsoft.AspNetCore.Razor.TagHelpers.ITagHelper" />s.<para>导致 <see cref="t:microsoft.aspnetcore.razor.taghelpers.taghelperoutput" /> 从处理所有 <paramref name="executionContext" /> 的 <see cref="t:microsoft.aspnetcore.razor.taghelpers.itaghelper" /> s.</para></returns>
    </member>
    <member name="T:Microsoft.AspNetCore.Razor.Runtime.TagHelpers.TagHelperScopeManager">
      <summary>Class that manages <see cref="T:Microsoft.AspNetCore.Razor.Runtime.TagHelpers.TagHelperExecutionContext" /> scopes.<para>管理类 <see cref="t:microsoft.aspnetcore.razor.runtime.taghelpers.taghelperexecutioncontext" /> 范围.</para></summary>
    </member>
    <member name="M:Microsoft.AspNetCore.Razor.Runtime.TagHelpers.TagHelperScopeManager.#ctor(System.Action{System.Text.Encodings.Web.HtmlEncoder},System.Func{Microsoft.AspNetCore.Razor.TagHelpers.TagHelperContent})">
      <summary>Instantiates a new <see cref="T:Microsoft.AspNetCore.Razor.Runtime.TagHelpers.TagHelperScopeManager" />.<para>实例化一个新的 <see cref="t:microsoft.aspnetcore.razor.runtime.taghelpers.taghelperscopemanager" /> .</para></summary>
      <param name="startTagHelperWritingScope">A delegate used to start a writing scope in a Razor page and optionally override the page's
            <see cref="T:System.Text.Encodings.Web.HtmlEncoder" /> within that scope.<para>用于在 razor 页面中启动写入范围并选择性地覆盖页面的委托 <see cref="T:System.Text.Encodings.Web.HtmlEncoder" /> 在该范围内.</para></param>
      <param name="endTagHelperWritingScope">A delegate used to end a writing scope in a Razor page.<para>用于结束 razor 页面中的写入范围的委托.</para></param>
    </member>
    <member name="M:Microsoft.AspNetCore.Razor.Runtime.TagHelpers.TagHelperScopeManager.Begin(System.String,Microsoft.AspNetCore.Razor.TagHelpers.TagMode,System.String,System.Func{System.Threading.Tasks.Task})">
      <summary>Starts a <see cref="T:Microsoft.AspNetCore.Razor.Runtime.TagHelpers.TagHelperExecutionContext" /> scope.<para>启动一个 <see cref="t:microsoft.aspnetcore.razor.runtime.taghelpers.taghelperexecutioncontext" /> 范围.</para></summary>
      <param name="tagName">The HTML tag name that the scope is associated with.<para>与范围关联的 html 标记名称.razor 源中元素的</para></param>
      <param name="tagMode">HTML syntax of the element in the Razor source.<para>html 语法.</para></param>
      <param name="uniqueId">An identifier unique to the HTML element this scope is for.<para>此作用域所针对的 html 元素唯一的标识符.</para></param>
      <param name="executeChildContentAsync">A delegate used to execute the child content asynchronously.<para>用于异步执行子内容的委托.</para></param>
      <returns>A <see cref="T:Microsoft.AspNetCore.Razor.Runtime.TagHelpers.TagHelperExecutionContext" /> to use.<para>一个 <see cref="t:microsoft.aspnetcore.razor.runtime.taghelpers.taghelperexecutioncontext" /> 来使用.</para></returns>
    </member>
    <member name="M:Microsoft.AspNetCore.Razor.Runtime.TagHelpers.TagHelperScopeManager.End">
      <summary>Ends a <see cref="T:Microsoft.AspNetCore.Razor.Runtime.TagHelpers.TagHelperExecutionContext" /> scope.<para>结束一个 <see cref="t:microsoft.aspnetcore.razor.runtime.taghelpers.taghelperexecutioncontext" /> 范围.</para></summary>
      <returns>If the current scope is nested, the parent <see cref="T:Microsoft.AspNetCore.Razor.Runtime.TagHelpers.TagHelperExecutionContext" />.
            <c>null</c> otherwise.<para>如果当前范围是嵌套的,则父级 <see cref="t:microsoft.aspnetcore.razor.runtime.taghelpers.taghelperexecutioncontext" /> . <c>null</c> 否则.</para></returns>
    </member>
    <member name="P:Microsoft.AspNetCore.Razor.Runtime.Resources.ScopeManager_EndCannotBeCalledWithoutACallToBegin">
      <summary>Must call '{2}.{1}' before calling '{2}.{0}'.<para>必须呼叫"{2}.{1}",然后再打电话给"{2}.{0}`.</para></summary>
    </member>
    <member name="M:Microsoft.AspNetCore.Razor.Runtime.Resources.FormatScopeManager_EndCannotBeCalledWithoutACallToBegin(System.Object,System.Object,System.Object)">
      <summary>Must call '{2}.{1}' before calling '{2}.{0}'.<para>必须呼叫"{2}.{1}",然后再打电话给"{2}.{0}`.</para></summary>
    </member>
  </members>
</doc>