<?xml version="1.0"?>
<doc>
  <assembly>
    <name>Microsoft.AspNetCore.Rewrite</name>
  </assembly>
  <members>
    <member name="T:Microsoft.AspNetCore.Rewrite.ApacheModRewriteOptionsExtensions">
      <summary>Extensions for adding Apache mod_rewrite rules to <see cref="T:Microsoft.AspNetCore.Rewrite.RewriteOptions" /><para>用于将 apache mod_rewrite规则添加到的扩展 <see cref="t:microsoft.aspnetcore.rewrite.rewriteoptions" /></para></summary>
    </member>
    <member name="M:Microsoft.AspNetCore.Rewrite.ApacheModRewriteOptionsExtensions.AddApacheModRewrite(Microsoft.AspNetCore.Rewrite.RewriteOptions,Microsoft.Extensions.FileProviders.IFileProvider,System.String)">
      <summary>Add rules from an Apache mod_rewrite file<para>从 apache mod_rewrite 文件添加规则</para></summary>
      <param name="options">The <see cref="T:Microsoft.AspNetCore.Rewrite.RewriteOptions" /><para>这 <see cref="t:microsoft.aspnetcore.rewrite.rewriteoptions" /></para></param>
      <param name="fileProvider">The <see cref="T:Microsoft.Extensions.FileProviders.IFileProvider" /><para><see cref="T:Microsoft.Extensions.FileProviders.IFileProvider" /></para></param>
      <param name="filePath">The path to the file containing mod_rewrite rules.<para>包含mod_rewrite规则的文件的路径.</para></param>
    </member>
    <member name="M:Microsoft.AspNetCore.Rewrite.ApacheModRewriteOptionsExtensions.AddApacheModRewrite(Microsoft.AspNetCore.Rewrite.RewriteOptions,System.IO.TextReader)">
      <summary>Add rules from an Apache mod_rewrite file<para>从 apache mod_rewrite 文件添加规则</para></summary>
      <param name="options">The <see cref="T:Microsoft.AspNetCore.Rewrite.RewriteOptions" /><para>这 <see cref="t:microsoft.aspnetcore.rewrite.rewriteoptions" /></para></param>
      <param name="reader">A stream of mod_rewrite rules.<para>a stream of mod_rewrite rules.</para></param>
    </member>
    <member name="T:Microsoft.AspNetCore.Rewrite.ApacheModRewrite.ConditionPatternParser">
      <summary>Parses the "CondPattern" portion of the RewriteCond.
            RewriteCond TestString CondPattern<para>解析 rewritecond 的 "condpattern"部分. 重写cond teststring condpattern</para></summary>
    </member>
    <member name="M:Microsoft.AspNetCore.Rewrite.ApacheModRewrite.ConditionPatternParser.ParseActionCondition(System.String)">
      <summary>Given a CondPattern, create a ParsedConditionExpression, containing the type of operation
            and value.
            ParsedConditionExpression is an intermediary object, which will be made into a ConditionExpression
            once the flags are parsed.<para>给定一个 condpattern,创建一个包含操作类型的 parsedconditionexpression. 和价值. parsedconditionexpression 是一个中间对象,它将被制作成一个 conditionexpression 解析标志后.</para></summary>
      <param name="condition">The CondPattern portion of a mod_rewrite RewriteCond.<para>mod_rewrite重写cond的condpattern部分.</para></param>
      <returns>A new parsed condition.<para>新的分析条件.</para></returns>
    </member>
    <member name="M:Microsoft.AspNetCore.Rewrite.ApacheModRewrite.ConditionPatternParser.ParseProperty(Microsoft.AspNetCore.Rewrite.ParserContext,System.Boolean)">
      <summary>Given that the current index is a property (ex checks for directory or regular files), create a
            new ParsedConditionExpression with the appropriate property operation.<para>假设当前索引是一个属性（例如检查目录或常规文件）,创建一个 具有适当属性操作的新 parsedconditionexpression.</para></summary>
      <param name="context">
        <para>
        </para>
      </param>
      <param name="invert">
        <para>
        </para>
      </param>
      <returns>
        <para>
        </para>
      </returns>
    </member>
    <member name="M:Microsoft.AspNetCore.Rewrite.ApacheModRewrite.CookieActionFactory.Create(System.String)">
      <summary>Creates a <see cref="T:Microsoft.AspNetCore.Rewrite.UrlActions.ChangeCookieAction" /><see href="https://httpd.apache.org/docs/current/rewrite/flags.html#flag_co" /> for details.<para>创建一个 <see cref="t:microsoft.aspnetcore.rewrite.urlactions.changecookieaction" /> <see href="https://httpd.apache.org/docs/current/rewrite/flags.html#flag_co" /> 了解详细信息.</para></summary>
      <param name="flagValue">The flag<para>标志</para></param>
      <returns>The action<para>行动</para></returns>
    </member>
    <member name="T:Microsoft.AspNetCore.Rewrite.ApacheModRewrite.ServerVariables">
      <summary>mod_rewrite lookups for specific string constants.<para>mod_rewrite查找特定字符串常量.</para></summary>
    </member>
    <member name="M:Microsoft.AspNetCore.Rewrite.ApacheModRewrite.ServerVariables.FindServerVariable(System.String,Microsoft.AspNetCore.Rewrite.ParserContext)">
      <summary>Translates mod_rewrite server variables strings to an enum of different server variables.<para>将mod_rewrite服务器变量字符串转换为不同服务器变量的枚举.</para></summary>
      <param name="serverVariable">The server variable string.<para>服务器变量字符串.</para></param>
      <param name="context">The Parser context<para>解析器上下文</para></param>
      <returns>The appropriate enum if the server variable exists, else ServerVariable.None<para>如果服务器变量存在,则为相应的枚举,否则 servervariable.none</para></returns>
    </member>
    <member name="T:Microsoft.AspNetCore.Rewrite.ApacheModRewrite.TestStringParser">
      <summary>Parses the TestString segment of the mod_rewrite condition.<para>分析mod_rewrite条件的测试字符串段.</para></summary>
    </member>
    <member name="M:Microsoft.AspNetCore.Rewrite.ApacheModRewrite.TestStringParser.Parse(System.String)">
      <summary>Creates a pattern, which is a template to create a new test string to
            compare to the condition pattern. Can contain server variables, back references, etc.<para>创建一个模式,该模式是用于创建新的测试字符串的模板 与条件模式进行比较.可以包含服务器变量、反向引用等.</para></summary>
      <param name="testString">The test string portion of the RewriteCond
            Examples:
            %{REMOTE_ADDR}
            /var/www/%{REQUEST_URI}
            %1
            $1<para>重写cond 的测试字符串部分 例子: %{remote_addr} /var/www/%{request_uri} %1 $1</para></param>
      <returns>A new <see cref="T:Microsoft.AspNetCore.Rewrite.Pattern" />, containing a list of <see cref="T:Microsoft.AspNetCore.Rewrite.PatternSegment" /><para>一个新的 <see cref="t:microsoft.aspnetcore.rewrite.pattern" /> ,包含 <see cref="t:microsoft.aspnetcore.rewrite.patternsegment" /></para></returns>
            http://httpd.apache.org/docs/current/mod/mod_rewrite.html
        </member>
    <member name="M:Microsoft.AspNetCore.Rewrite.ApacheModRewrite.TestStringParser.ParseConditionParameter(Microsoft.AspNetCore.Rewrite.ParserContext,System.Collections.Generic.IList{Microsoft.AspNetCore.Rewrite.PatternSegment})">
      <summary>Obtains the condition parameter, which could either be a condition variable or a
            server variable. Assumes the current character is immediately after the '%'.
            context, on return will be on the last character of variable captured, such that after
            Next() is called, it will be on the character immediately after the condition parameter.<para>获取条件参数,该参数可以是条件变量或 服务器变量.假定当前字符紧跟在"%"之后. 上下文,返回时将在捕获的变量的最后一个字符上,这样在之后 调用 next（）,它将紧跟在条件参数之后的字符上.</para></summary>
      <param name="context">The ParserContext<para>解析器上下文</para></param>
      <param name="results">The List of results which the new condition parameter will be added.<para>将添加新条件参数的结果列表.</para></param>
      <returns>true<para>真</para></returns>
    </member>
    <member name="M:Microsoft.AspNetCore.Rewrite.ApacheModRewrite.TestStringParser.ParseLiteral(Microsoft.AspNetCore.Rewrite.ParserContext,System.Collections.Generic.IList{Microsoft.AspNetCore.Rewrite.PatternSegment})">
      <summary>Parse a string literal in the test string. Continues capturing until the start of a new variable type.<para>分析测试字符串中的字符串文本.继续捕获,直到新变量类型开始.</para></summary>
      <param name="context">
        <para>
        </para>
      </param>
      <param name="results">
        <para>
        </para>
      </param>
      <returns>
        <para>
        </para>
      </returns>
    </member>
    <member name="T:Microsoft.AspNetCore.Rewrite.ApacheModRewrite.Tokenizer">
      <summary>Tokenizes a mod_rewrite rule, delimited by spaces.<para>标记mod_rewrite规则,由空格分隔.</para></summary>
    </member>
    <member name="M:Microsoft.AspNetCore.Rewrite.ApacheModRewrite.Tokenizer.Tokenize(System.String)">
      <summary>Splits a string on whitespace, ignoring spaces, creating into a list of strings.<para>在空格上拆分字符串,忽略空格,创建字符串列表.</para></summary>
      <param name="rule">The rule to tokenize.<para>要标记化的规则.</para></param>
      <returns>A list of tokens.<para>令牌列表.</para></returns>
    </member>
    <member name="T:Microsoft.AspNetCore.Rewrite.IISUrlRewriteOptionsExtensions">
      <summary>Extensions for adding IIS Url Rewrite rules to <see cref="T:Microsoft.AspNetCore.Rewrite.RewriteOptions" /><para>用于将 iis url 重写规则添加到的扩展 <see cref="t:microsoft.aspnetcore.rewrite.rewriteoptions" /></para></summary>
    </member>
    <member name="M:Microsoft.AspNetCore.Rewrite.IISUrlRewriteOptionsExtensions.AddIISUrlRewrite(Microsoft.AspNetCore.Rewrite.RewriteOptions,Microsoft.Extensions.FileProviders.IFileProvider,System.String,System.Boolean)">
      <summary>Add rules from a IIS config file containing Url Rewrite rules<para>从包含 url 重写规则的 iis 配置文件添加规则</para></summary>
      <param name="options">The <see cref="T:Microsoft.AspNetCore.Rewrite.RewriteOptions" /><para>这 <see cref="t:microsoft.aspnetcore.rewrite.rewriteoptions" /></para></param>
      <param name="fileProvider">The <see cref="T:Microsoft.Extensions.FileProviders.IFileProvider" /><para>the <see cref="T:Microsoft.Extensions.FileProviders.IFileProvider" /></para></param>
      <param name="filePath">The path to the file containing UrlRewrite rules.<para>包含 urlrewrite 规则的文件的路径.</para></param>
      <param name="alwaysUseManagedServerVariables">Server variables are by default sourced from the server if it supports the <see cref="T:Microsoft.AspNetCore.Http.Features.IServerVariablesFeature" /> feature. Use <c>true</c> to disable that behavior<para>默认情况下,服务器变量来自服务器,如果它支持 <see cref="t:microsoft.aspnetcore.http.features.iservervariablesfeature" /> 特征.使用 <c>true</c> 禁用该行为</para></param>
    </member>
    <member name="M:Microsoft.AspNetCore.Rewrite.IISUrlRewriteOptionsExtensions.AddIISUrlRewrite(Microsoft.AspNetCore.Rewrite.RewriteOptions,System.IO.TextReader,System.Boolean)">
      <summary>Add rules from a IIS config file containing Url Rewrite rules<para>从包含 url 重写规则的 iis 配置文件添加规则</para></summary>
      <param name="options">The <see cref="T:Microsoft.AspNetCore.Rewrite.RewriteOptions" /><para>这 <see cref="t:microsoft.aspnetcore.rewrite.rewriteoptions" /></para></param>
      <param name="reader">The text reader stream.<para>文本读取器流.</para></param>
      <param name="alwaysUseManagedServerVariables">Server variables are by default sourced from the server if it supports the <see cref="T:Microsoft.AspNetCore.Http.Features.IServerVariablesFeature" /> feature. Use <c>true</c> to disable that behavior<para>默认情况下,服务器变量来自服务器,如果它支持 <see cref="t:microsoft.aspnetcore.http.features.iservervariablesfeature" /> 特征.使用 <c>true</c> 禁用该行为</para></param>
    </member>
    <member name="M:Microsoft.AspNetCore.Rewrite.IISUrlRewrite.InputParser.ParseInputString(System.String)">
      <summary>Creates a pattern, which is a template to create a new test string to
            compare to the condition. Can contain server variables, back references, etc.<para>创建一个模式,该模式是用于创建新的测试字符串的模板 与条件相比.可以包含服务器变量、反向引用等.</para></summary>
      <param name="testString">
        <para>
        </para>
      </param>
      <returns>A new <see cref="T:Microsoft.AspNetCore.Rewrite.Pattern" />, containing a list of <see cref="T:Microsoft.AspNetCore.Rewrite.PatternSegment" /><para>一个新的 <see cref="t:microsoft.aspnetcore.rewrite.pattern" /> ,包含 <see cref="t:microsoft.aspnetcore.rewrite.patternsegment" /></para></returns>
    </member>
    <member name="M:Microsoft.AspNetCore.Rewrite.IISUrlRewrite.InputParser.ParseInputString(System.String,Microsoft.AspNetCore.Rewrite.IISUrlRewrite.UriMatchPart)">
      <summary>Creates a pattern, which is a template to create a new test string to
            compare to the condition. Can contain server variables, back references, etc.<para>创建一个模式,该模式是用于创建新的测试字符串的模板 与条件相比.可以包含服务器变量、反向引用等.</para></summary>
      <param name="testString">
        <para>
        </para>
      </param>
      <param name="uriMatchPart">When testString evaluates to a URL segment, specify which part of the URI to evaluate.<para>当 teststring 计算结果为 url 段时,指定要评估的 uri 部分.</para></param>
      <returns>A new <see cref="T:Microsoft.AspNetCore.Rewrite.Pattern" />, containing a list of <see cref="T:Microsoft.AspNetCore.Rewrite.PatternSegment" /><para>一个新的 <see cref="t:microsoft.aspnetcore.rewrite.pattern" /> ,包含 <see cref="t:microsoft.aspnetcore.rewrite.patternsegment" /></para></returns>
    </member>
    <member name="M:Microsoft.AspNetCore.Rewrite.IISUrlRewrite.ServerVariables.FindServerVariable(System.String,Microsoft.AspNetCore.Rewrite.ParserContext,Microsoft.AspNetCore.Rewrite.IISUrlRewrite.UriMatchPart,System.Boolean)">
      <summary>Returns the matching <see cref="T:Microsoft.AspNetCore.Rewrite.PatternSegment" /> for the given <paramref name="serverVariable" /><para>返回匹配项 <see cref="t:microsoft.aspnetcore.rewrite.patternsegment" /> 对于给定的 <paramref name="serverVariable" /></para></summary>
      <param name="serverVariable">The server variable<para>服务器变量</para></param>
      <param name="context">The parser context which is utilized when an exception is thrown<para>引发异常时使用的解析器上下文</para></param>
      <param name="uriMatchPart">Indicates whether the full URI or the path should be evaluated for URL segments<para>指示是否应为 url 段评估完整 uri 或路径</para></param>
      <param name="alwaysUseManagedServerVariables">Determines whether server variables are sourced from the managed server<para>确定服务器变量是否来自受控服务器</para></param>
      <exception cref="T:System.FormatException">Thrown when the server variable is unknown<para>当服务器变量未知时引发</para></exception>
      <returns>The matching <see cref="T:Microsoft.AspNetCore.Rewrite.PatternSegment" /><para>匹配 <see cref="t:microsoft.aspnetcore.rewrite.patternsegment" /></para></returns>
    </member>
    <member name="M:Microsoft.AspNetCore.Rewrite.IISUrlRewrite.UrlRewriteFileParser.Parse(System.IO.TextReader,System.Boolean)">
      <summary>Parse an IIS rewrite section into a list of <see cref="T:Microsoft.AspNetCore.Rewrite.IISUrlRewrite.IISUrlRewriteRule" />s.<para>将 iis 重写部分解析为 <see cref="t:microsoft.aspnetcore.rewrite.iisurlrewrite.iisurlrewriterule" /> s.</para></summary>
      <param name="reader">The reader containing the rewrite XML<para>包含重写 xml 的读取器</para></param>
      <param name="alwaysUseManagedServerVariables">Determines whether server variables will be sourced from the managed server<para>确定服务器变量是否来自受控服务器</para></param>
    </member>
    <member name="T:Microsoft.AspNetCore.Rewrite.IRule">
      <summary>Represents a rule.<para>表示规则.</para></summary>
    </member>
    <member name="M:Microsoft.AspNetCore.Rewrite.IRule.ApplyRule(Microsoft.AspNetCore.Rewrite.RewriteContext)">
      <summary>Applies the rule.
            Implementations of ApplyRule should set the value for <see cref="P:Microsoft.AspNetCore.Rewrite.RewriteContext.Result" />
            (defaults to RuleResult.ContinueRules)<para>应用规则. 应用规则的实现应将值设置为 <see cref="p:microsoft.aspnetcore.rewrite.rewritecontext.result" /> （默认为 ruleresult.continuerules）</para></summary>
      <param name="context">
        <para>
        </para>
      </param>
    </member>
    <member name="T:Microsoft.AspNetCore.Rewrite.ParserContext">
      <summary>Represents a string iterator, with captures.<para>表示具有捕获的字符串迭代器.</para></summary>
    </member>
    <member name="T:Microsoft.AspNetCore.Rewrite.RewriteContext">
      <summary>A context object for <see cref="T:Microsoft.AspNetCore.Rewrite.RewriteMiddleware" /><para>的上下文对象 <see cref="t:microsoft.aspnetcore.rewrite.rewritemiddleware" /></para></summary>
    </member>
    <member name="P:Microsoft.AspNetCore.Rewrite.RewriteContext.HttpContext">
      <summary>Gets and sets the <see cref="P:Microsoft.AspNetCore.Rewrite.RewriteContext.HttpContext" /><para>获取和设置 <see cref="p:microsoft.aspnetcore.rewrite.rewritecontext.httpcontext" /></para></summary>
    </member>
    <member name="P:Microsoft.AspNetCore.Rewrite.RewriteContext.StaticFileProvider">
      <summary>Gets and sets the File Provider for file and directory checks.<para>获取和设置文件和目录检查的文件提供程序.</para></summary>
    </member>
    <member name="P:Microsoft.AspNetCore.Rewrite.RewriteContext.Logger">
      <summary>Gets and sets the logger<para>获取和设置记录器</para></summary>
    </member>
    <member name="P:Microsoft.AspNetCore.Rewrite.RewriteContext.Result">
      <summary>A shared result that is set appropriately by each rule for the next action that
            should be taken. See <see cref="T:Microsoft.AspNetCore.Rewrite.RuleResult" /><para>由每个规则为下一个操作适当设置的共享结果 应该服用.看 <see cref="t:microsoft.aspnetcore.rewrite.ruleresult" /></para></summary>
    </member>
    <member name="T:Microsoft.AspNetCore.Rewrite.RewriteMiddleware">
      <summary>Represents a middleware that rewrites urls<para>表示重写 url 的中间件</para></summary>
    </member>
    <member name="M:Microsoft.AspNetCore.Rewrite.RewriteMiddleware.#ctor(Microsoft.AspNetCore.Http.RequestDelegate,Microsoft.AspNetCore.Hosting.IWebHostEnvironment,Microsoft.Extensions.Logging.ILoggerFactory,Microsoft.Extensions.Options.IOptions{Microsoft.AspNetCore.Rewrite.RewriteOptions})">
      <summary>Creates a new instance of <see cref="T:Microsoft.AspNetCore.Rewrite.RewriteMiddleware" /><para>创建 的新实例 <see cref="t:microsoft.aspnetcore.rewrite.rewritemiddleware" /></para></summary>
      <param name="next">The delegate representing the next middleware in the request pipeline.<para>表示请求管道中下一个中间件的委托.</para></param>
      <param name="hostingEnvironment">The Hosting Environment.<para>托管环境.</para></param>
      <param name="loggerFactory">The Logger Factory.<para>记录器工厂.</para></param>
      <param name="options">The middleware options, containing the rules to apply.<para>中间件选项,包含要应用的规则.</para></param>
    </member>
    <member name="M:Microsoft.AspNetCore.Rewrite.RewriteMiddleware.Invoke(Microsoft.AspNetCore.Http.HttpContext)">
      <summary>Executes the middleware.<para>执行中间件.</para></summary>
      <param name="context">The <see cref="T:Microsoft.AspNetCore.Http.HttpContext" /> for the current request.<para>这 <see cref="t:microsoft.aspnetcore.http.httpcontext" /> 对于当前请求.</para></param>
      <returns>A task that represents the execution of this middleware.<para>表示此中间件执行的任务.</para></returns>
    </member>
    <member name="T:Microsoft.AspNetCore.Rewrite.RewriteOptions">
      <summary>Options for the <see cref="T:Microsoft.AspNetCore.Rewrite.RewriteMiddleware" /><para>的选项 <see cref="t:microsoft.aspnetcore.rewrite.rewritemiddleware" /></para></summary>
    </member>
    <member name="P:Microsoft.AspNetCore.Rewrite.RewriteOptions.Rules">
      <summary>A list of <see cref="T:Microsoft.AspNetCore.Rewrite.IRule" /> that will be applied in order upon a request.<para>一个列表 <see cref="t:microsoft.aspnetcore.rewrite.irule" /> 这将根据请求按顺序应用.</para></summary>
    </member>
    <member name="P:Microsoft.AspNetCore.Rewrite.RewriteOptions.StaticFileProvider">
      <summary>Gets and sets the File Provider for file and directory checks.<para>获取和设置文件和目录检查的文件提供程序.</para></summary>
      <value>
            Defaults to <see cref="P:Microsoft.AspNetCore.Hosting.IHostingEnvironment.WebRootFileProvider" />.
            </value>
    </member>
    <member name="T:Microsoft.AspNetCore.Rewrite.RewriteOptionsExtensions">
      <summary>The builder to a list of rules for <see cref="T:Microsoft.AspNetCore.Rewrite.RewriteOptions" /> and <see cref="T:Microsoft.AspNetCore.Rewrite.RewriteMiddleware" /><para>规则列表的生成器 <see cref="t:microsoft.aspnetcore.rewrite.rewriteoptions" /> 和 <see cref="t:microsoft.aspnetcore.rewrite.rewritemiddleware" /></para></summary>
    </member>
    <member name="M:Microsoft.AspNetCore.Rewrite.RewriteOptionsExtensions.Add(Microsoft.AspNetCore.Rewrite.RewriteOptions,Microsoft.AspNetCore.Rewrite.IRule)">
      <summary>Adds a rule to the current rules.<para>将规则添加到当前规则.</para></summary>
      <param name="options">The <see cref="T:Microsoft.AspNetCore.Rewrite.RewriteOptions" />.<para>这 <see cref="t:microsoft.aspnetcore.rewrite.rewriteoptions" /> .</para></param>
      <param name="rule">A rule to be added to the current rules.<para>要添加到当前规则中的规则.</para></param>
      <returns>The Rewrite options.<para>重写选项.</para></returns>
    </member>
    <member name="M:Microsoft.AspNetCore.Rewrite.RewriteOptionsExtensions.Add(Microsoft.AspNetCore.Rewrite.RewriteOptions,System.Action{Microsoft.AspNetCore.Rewrite.RewriteContext})">
      <summary>Adds a rule to the current rules.<para>将规则添加到当前规则.</para></summary>
      <param name="options">The <see cref="T:Microsoft.AspNetCore.Rewrite.RewriteOptions" />.<para>这 <see cref="t:microsoft.aspnetcore.rewrite.rewriteoptions" /> .</para></param>
      <param name="applyRule">A Func that checks and applies the rule.<para>检查和应用规则的 func.</para></param>
      <returns>
        <para>
        </para>
      </returns>
    </member>
    <member name="M:Microsoft.AspNetCore.Rewrite.RewriteOptionsExtensions.AddRewrite(Microsoft.AspNetCore.Rewrite.RewriteOptions,System.String,System.String,System.Boolean)">
      <summary>Adds a rule that rewrites the path if the regex matches the HttpContext's PathString.<para>添加一个规则,如果正则表达式与 httpcontext 的路径字符串匹配,则重写路径.</para></summary>
      <param name="options">The <see cref="T:Microsoft.AspNetCore.Rewrite.RewriteOptions" />.<para>这 <see cref="t:microsoft.aspnetcore.rewrite.rewriteoptions" /> .</para></param>
      <param name="regex">The regex string to compare with.<para>要比较的正则表达式字符串.</para></param>
      <param name="replacement">If the regex matches, what to replace the uri with.<para>如果正则表达式匹配,则用什么替换 uri.</para></param>
      <param name="skipRemainingRules">If the regex matches, conditionally stop processing other rules.<para>如果正则表达式匹配,则有条件地停止处理其他规则.</para></param>
      <returns>The Rewrite options.<para>重写选项.</para></returns>
    </member>
    <member name="M:Microsoft.AspNetCore.Rewrite.RewriteOptionsExtensions.AddRedirect(Microsoft.AspNetCore.Rewrite.RewriteOptions,System.String,System.String)">
      <summary>Redirect the request if the regex matches the HttpContext's PathString<para>如果正则表达式与 httpcontext 的路径字符串匹配,则重定向请求</para></summary>
      <param name="options">The <see cref="T:Microsoft.AspNetCore.Rewrite.RewriteOptions" />.<para>这 <see cref="t:microsoft.aspnetcore.rewrite.rewriteoptions" /> .</para></param>
      <param name="regex">The regex string to compare with.<para>要比较的正则表达式字符串.</para></param>
      <param name="replacement">If the regex matches, what to replace the uri with.<para>如果正则表达式匹配,则用什么替换 uri.</para></param>
      <returns>The Rewrite options.<para>重写选项.</para></returns>
    </member>
    <member name="M:Microsoft.AspNetCore.Rewrite.RewriteOptionsExtensions.AddRedirect(Microsoft.AspNetCore.Rewrite.RewriteOptions,System.String,System.String,System.Int32)">
      <summary>Redirect the request if the regex matches the HttpContext's PathString<para>如果正则表达式与 httpcontext 的路径字符串匹配,则重定向请求</para></summary>
      <param name="options">The <see cref="T:Microsoft.AspNetCore.Rewrite.RewriteOptions" />.<para>这 <see cref="t:microsoft.aspnetcore.rewrite.rewriteoptions" /> .</para></param>
      <param name="regex">The regex string to compare with.<para>要比较的正则表达式字符串.</para></param>
      <param name="replacement">If the regex matches, what to replace the uri with.<para>如果正则表达式匹配,则用什么替换 uri.</para></param>
      <param name="statusCode">The status code to add to the response.<para>要添加到响应的状态代码.</para></param>
      <returns>The Rewrite options.<para>重写选项.</para></returns>
    </member>
    <member name="M:Microsoft.AspNetCore.Rewrite.RewriteOptionsExtensions.AddRedirectToHttpsPermanent(Microsoft.AspNetCore.Rewrite.RewriteOptions)">
      <summary>Redirect a request to https if the incoming request is http, with returning a 301
            status code for permanently redirected.<para>如果传入请求是 http,则将请求重定向到 https,并返回 301 永久重定向的状态代码.</para></summary>
      <param name="options">The <see cref="T:Microsoft.AspNetCore.Rewrite.RewriteOptions" />.<para>这 <see cref="t:microsoft.aspnetcore.rewrite.rewriteoptions" /> .</para></param>
      <returns>
        <para>
        </para>
      </returns>
    </member>
    <member name="M:Microsoft.AspNetCore.Rewrite.RewriteOptionsExtensions.AddRedirectToHttps(Microsoft.AspNetCore.Rewrite.RewriteOptions)">
      <summary>Redirect a request to https if the incoming request is http<para>如果传入请求是 http,则将请求重定向到 https</para></summary>
      <param name="options">The <see cref="T:Microsoft.AspNetCore.Rewrite.RewriteOptions" />.<para>这 <see cref="t:microsoft.aspnetcore.rewrite.rewriteoptions" /> .</para></param>
    </member>
    <member name="M:Microsoft.AspNetCore.Rewrite.RewriteOptionsExtensions.AddRedirectToHttps(Microsoft.AspNetCore.Rewrite.RewriteOptions,System.Int32)">
      <summary>Redirect a request to https if the incoming request is http<para>如果传入请求是 http,则将请求重定向到 https</para></summary>
      <param name="options">The <see cref="T:Microsoft.AspNetCore.Rewrite.RewriteOptions" />.<para>这 <see cref="t:microsoft.aspnetcore.rewrite.rewriteoptions" /> .</para></param>
      <param name="statusCode">The status code to add to the response.<para>要添加到响应的状态代码.</para></param>
    </member>
    <member name="M:Microsoft.AspNetCore.Rewrite.RewriteOptionsExtensions.AddRedirectToHttps(Microsoft.AspNetCore.Rewrite.RewriteOptions,System.Int32,System.Nullable{System.Int32})">
      <summary>Redirect a request to https if the incoming request is http<para>如果传入请求是 http,则将请求重定向到 https</para></summary>
      <param name="options">The <see cref="T:Microsoft.AspNetCore.Rewrite.RewriteOptions" />.<para>这 <see cref="t:microsoft.aspnetcore.rewrite.rewriteoptions" /> .</para></param>
      <param name="statusCode">The status code to add to the response.<para>要添加到响应的状态代码.</para></param>
      <param name="sslPort">The SSL port to add to the response.<para>要添加到响应中的 ssl 端口.</para></param>
    </member>
    <member name="M:Microsoft.AspNetCore.Rewrite.RewriteOptionsExtensions.AddRedirectToWwwPermanent(Microsoft.AspNetCore.Rewrite.RewriteOptions)">
      <summary>Permanently redirects the request to the www subdomain if the request is non-www.<para>如果请求不是 www,则永久将请求重定向到 www 子域.</para></summary>
      <param name="options">The <see cref="T:Microsoft.AspNetCore.Rewrite.RewriteOptions" />.<para>这 <see cref="t:microsoft.aspnetcore.rewrite.rewriteoptions" /> .</para></param>
      <returns>
        <para>
        </para>
      </returns>
    </member>
    <member name="M:Microsoft.AspNetCore.Rewrite.RewriteOptionsExtensions.AddRedirectToWwwPermanent(Microsoft.AspNetCore.Rewrite.RewriteOptions,System.String[])">
      <summary>Permanently redirects the request to the www subdomain if the request is non-www.<para>如果请求不是 www,则永久将请求重定向到 www 子域.</para></summary>
      <param name="options">The <see cref="T:Microsoft.AspNetCore.Rewrite.RewriteOptions" />.<para>这 <see cref="t:microsoft.aspnetcore.rewrite.rewriteoptions" /> .</para></param>
      <param name="domains">Limit the rule to apply only on the specified domain(s).<para>将规则限制为仅应用于指定的域.</para></param>
      <returns>
        <para>
        </para>
      </returns>
    </member>
    <member name="M:Microsoft.AspNetCore.Rewrite.RewriteOptionsExtensions.AddRedirectToWww(Microsoft.AspNetCore.Rewrite.RewriteOptions)">
      <summary>Redirect the request to the www subdomain if the incoming request is non-www.<para>如果传入请求不是 www,请将请求重定向到 www 子域.</para></summary>
      <param name="options">The <see cref="T:Microsoft.AspNetCore.Rewrite.RewriteOptions" />.<para>这 <see cref="t:microsoft.aspnetcore.rewrite.rewriteoptions" /> .</para></param>
    </member>
    <member name="M:Microsoft.AspNetCore.Rewrite.RewriteOptionsExtensions.AddRedirectToWww(Microsoft.AspNetCore.Rewrite.RewriteOptions,System.String[])">
      <summary>Redirect the request to the www subdomain if the incoming request is non-www.<para>如果传入请求不是 www,请将请求重定向到 www 子域.</para></summary>
      <param name="options">The <see cref="T:Microsoft.AspNetCore.Rewrite.RewriteOptions" />.<para>这 <see cref="t:microsoft.aspnetcore.rewrite.rewriteoptions" /> .</para></param>
      <param name="domains">Limit the rule to apply only on the specified domain(s).<para>将规则限制为仅应用于指定的域.</para></param>
    </member>
    <member name="M:Microsoft.AspNetCore.Rewrite.RewriteOptionsExtensions.AddRedirectToWww(Microsoft.AspNetCore.Rewrite.RewriteOptions,System.Int32)">
      <summary>Redirect the request to the www subdomain if the incoming request is non-www.<para>如果传入请求不是 www,请将请求重定向到 www 子域.</para></summary>
      <param name="options">The <see cref="T:Microsoft.AspNetCore.Rewrite.RewriteOptions" />.<para>这 <see cref="t:microsoft.aspnetcore.rewrite.rewriteoptions" /> .</para></param>
      <param name="statusCode">The status code to add to the response.<para>要添加到响应的状态代码.</para></param>
    </member>
    <member name="M:Microsoft.AspNetCore.Rewrite.RewriteOptionsExtensions.AddRedirectToWww(Microsoft.AspNetCore.Rewrite.RewriteOptions,System.Int32,System.String[])">
      <summary>Redirect the request to the www subdomain if the incoming request is non-www.<para>如果传入请求不是 www,请将请求重定向到 www 子域.</para></summary>
      <param name="options">The <see cref="T:Microsoft.AspNetCore.Rewrite.RewriteOptions" />.<para>这 <see cref="t:microsoft.aspnetcore.rewrite.rewriteoptions" /> .</para></param>
      <param name="statusCode">The status code to add to the response.<para>要添加到响应的状态代码.</para></param>
      <param name="domains">Limit the rule to apply only on the specified domain(s).<para>将规则限制为仅应用于指定的域.</para></param>
    </member>
    <member name="M:Microsoft.AspNetCore.Rewrite.RewriteOptionsExtensions.AddRedirectToNonWwwPermanent(Microsoft.AspNetCore.Rewrite.RewriteOptions)">
      <summary>Permanently redirects the request to the root domain if the request is from the www subdomain.<para>如果请求来自 www 子域,则永久将请求重定向到根域.</para></summary>
      <param name="options">The <see cref="T:Microsoft.AspNetCore.Rewrite.RewriteOptions" />.<para>这 <see cref="t:microsoft.aspnetcore.rewrite.rewriteoptions" /> .</para></param>
      <returns>
        <para>
        </para>
      </returns>
    </member>
    <member name="M:Microsoft.AspNetCore.Rewrite.RewriteOptionsExtensions.AddRedirectToNonWwwPermanent(Microsoft.AspNetCore.Rewrite.RewriteOptions,System.String[])">
      <summary>Permanently redirects the request to the root domain if the request is from the www subdomain.<para>如果请求来自 www 子域,则永久将请求重定向到根域.</para></summary>
      <param name="options">The <see cref="T:Microsoft.AspNetCore.Rewrite.RewriteOptions" />.<para>这 <see cref="t:microsoft.aspnetcore.rewrite.rewriteoptions" /> .</para></param>
      <param name="domains">Limit the rule to apply only on the specified domain(s).<para>将规则限制为仅应用于指定的域.</para></param>
      <returns>
        <para>
        </para>
      </returns>
    </member>
    <member name="M:Microsoft.AspNetCore.Rewrite.RewriteOptionsExtensions.AddRedirectToNonWww(Microsoft.AspNetCore.Rewrite.RewriteOptions)">
      <summary>Redirect the request to the root domain if the incoming request is from the www subdomain.<para>如果传入请求来自 www 子域,请将请求重定向到根域.</para></summary>
      <param name="options">The <see cref="T:Microsoft.AspNetCore.Rewrite.RewriteOptions" />.<para>这 <see cref="t:microsoft.aspnetcore.rewrite.rewriteoptions" /> .</para></param>
    </member>
    <member name="M:Microsoft.AspNetCore.Rewrite.RewriteOptionsExtensions.AddRedirectToNonWww(Microsoft.AspNetCore.Rewrite.RewriteOptions,System.String[])">
      <summary>Redirect the request to the root domain if the incoming request is from the www subdomain.<para>如果传入请求来自 www 子域,请将请求重定向到根域.</para></summary>
      <param name="options">The <see cref="T:Microsoft.AspNetCore.Rewrite.RewriteOptions" />.<para>这 <see cref="t:microsoft.aspnetcore.rewrite.rewriteoptions" /> .</para></param>
      <param name="domains">Limit the rule to apply only on the specified domain(s).<para>将规则限制为仅应用于指定的域.</para></param>
    </member>
    <member name="M:Microsoft.AspNetCore.Rewrite.RewriteOptionsExtensions.AddRedirectToNonWww(Microsoft.AspNetCore.Rewrite.RewriteOptions,System.Int32)">
      <summary>Redirect the request to the root domain if the incoming request is from the www subdomain.<para>如果传入请求来自 www 子域,请将请求重定向到根域.</para></summary>
      <param name="options">The <see cref="T:Microsoft.AspNetCore.Rewrite.RewriteOptions" />.<para>这 <see cref="t:microsoft.aspnetcore.rewrite.rewriteoptions" /> .</para></param>
      <param name="statusCode">The status code to add to the response.<para>要添加到响应的状态代码.</para></param>
    </member>
    <member name="M:Microsoft.AspNetCore.Rewrite.RewriteOptionsExtensions.AddRedirectToNonWww(Microsoft.AspNetCore.Rewrite.RewriteOptions,System.Int32,System.String[])">
      <summary>Redirect the request to the root domain if the incoming request is from the www subdomain.<para>如果传入请求来自 www 子域,请将请求重定向到根域.</para></summary>
      <param name="options">The <see cref="T:Microsoft.AspNetCore.Rewrite.RewriteOptions" />.<para>这 <see cref="t:microsoft.aspnetcore.rewrite.rewriteoptions" /> .</para></param>
      <param name="statusCode">The status code to add to the response.<para>要添加到响应的状态代码.</para></param>
      <param name="domains">Limit the rule to apply only on the specified domain(s).<para>将规则限制为仅应用于指定的域.</para></param>
    </member>
    <member name="T:Microsoft.AspNetCore.Rewrite.RuleResult">
      <summary>An enum representing the result of a rule.<para>表示规则结果的枚举.</para></summary>
    </member>
    <member name="F:Microsoft.AspNetCore.Rewrite.RuleResult.ContinueRules">
      <summary>Default value, continue applying rules.<para>默认值,继续应用规则.</para></summary>
    </member>
    <member name="F:Microsoft.AspNetCore.Rewrite.RuleResult.EndResponse">
      <summary>The rule ended the request by providing a response.<para>该规则通过提供响应结束了请求.</para></summary>
    </member>
    <member name="F:Microsoft.AspNetCore.Rewrite.RuleResult.SkipRemainingRules">
      <summary>Stop applying rules and send context to the next middleware<para>停止应用规则并将上下文发送到下一个中间件</para></summary>
    </member>
    <member name="P:Microsoft.AspNetCore.Rewrite.Resources.Error_ChangeEnvironmentNotSupported">
      <summary>Error adding a mod_rewrite rule. The change environment flag is not supported.<para>添加mod_rewrite规则时出错.不支持更改环境标志.</para></summary>
    </member>
    <member name="P:Microsoft.AspNetCore.Rewrite.Resources.Error_CouldNotParseInteger">
      <summary>Could not parse integer from value '{0}'.<para>无法从值"{0}"解析整数.</para></summary>
    </member>
    <member name="M:Microsoft.AspNetCore.Rewrite.Resources.FormatError_CouldNotParseInteger(System.Object)">
      <summary>Could not parse integer from value '{0}'.<para>无法从值"{0}"解析整数.</para></summary>
    </member>
    <member name="P:Microsoft.AspNetCore.Rewrite.Resources.Error_InputParserIndexOutOfRange">
      <summary>Index out of range for backreference: '{0}' at string index: '{1}'<para>反向引用的索引范围之外:"{0}"在字符串索引:"{1}"</para></summary>
    </member>
    <member name="M:Microsoft.AspNetCore.Rewrite.Resources.FormatError_InputParserIndexOutOfRange(System.Object,System.Object)">
      <summary>Index out of range for backreference: '{0}' at string index: '{1}'<para>反向引用的索引范围之外:"{0}"在字符串索引:"{1}"</para></summary>
    </member>
    <member name="P:Microsoft.AspNetCore.Rewrite.Resources.Error_InputParserInvalidInteger">
      <summary>Cannot parse '{0}' to integer at string index: '{1}'<para>无法在字符串索引"{0}"处将"{1}"解析为整数</para></summary>
    </member>
    <member name="M:Microsoft.AspNetCore.Rewrite.Resources.FormatError_InputParserInvalidInteger(System.Object,System.Object)">
      <summary>Cannot parse '{0}' to integer at string index: '{1}'<para>无法在字符串索引"{0}"处将"{1}"解析为整数</para></summary>
    </member>
    <member name="P:Microsoft.AspNetCore.Rewrite.Resources.Error_InputParserMissingCloseBrace">
      <summary>Missing close brace for parameter at string index: '{0}'<para>字符串索引处缺少参数的右大括号:"{0}"</para></summary>
    </member>
    <member name="M:Microsoft.AspNetCore.Rewrite.Resources.FormatError_InputParserMissingCloseBrace(System.Object)">
      <summary>Missing close brace for parameter at string index: '{0}'<para>字符串索引处缺少参数的右大括号:"{0}"</para></summary>
    </member>
    <member name="P:Microsoft.AspNetCore.Rewrite.Resources.Error_InputParserNoBackreference">
      <summary>Missing backreference for parameter at string index: '{0}'<para>缺少字符串索引处参数的反向引用:"{0}"</para></summary>
    </member>
    <member name="M:Microsoft.AspNetCore.Rewrite.Resources.FormatError_InputParserNoBackreference(System.Object)">
      <summary>Missing backreference for parameter at string index: '{0}'<para>缺少字符串索引处参数的反向引用:"{0}"</para></summary>
    </member>
    <member name="P:Microsoft.AspNetCore.Rewrite.Resources.Error_InputParserUnrecognizedParameter">
      <summary>Unrecognized parameter type: '{0}', terminated at string index: '{1}'<para>无法识别的参数类型:"{0}",终止于字符串索引:"{1}"</para></summary>
    </member>
    <member name="M:Microsoft.AspNetCore.Rewrite.Resources.FormatError_InputParserUnrecognizedParameter(System.Object,System.Object)">
      <summary>Unrecognized parameter type: '{0}', terminated at string index: '{1}'<para>无法识别的参数类型:"{0}",终止于字符串索引:"{1}"</para></summary>
    </member>
    <member name="P:Microsoft.AspNetCore.Rewrite.Resources.Error_IntegerMatch_FormatExceptionMessage">
      <summary>Syntax error for integers in comparison.<para>比较整数的语法错误.</para></summary>
    </member>
    <member name="P:Microsoft.AspNetCore.Rewrite.Resources.Error_InvalidChangeCookieFlag">
      <summary>Error parsing the mod_rewrite rule. The cookie flag (CO) has an incorrect format '{0}'.<para>解析mod_rewrite规则时出错.cookie 标志 （co） 的格式不正确"{0}".</para></summary>
    </member>
    <member name="M:Microsoft.AspNetCore.Rewrite.Resources.FormatError_InvalidChangeCookieFlag(System.Object)">
      <summary>Error parsing the mod_rewrite rule. The cookie flag (CO) has an incorrect format '{0}'.<para>解析mod_rewrite规则时出错.cookie 标志 （co） 的格式不正确"{0}".</para></summary>
    </member>
    <member name="P:Microsoft.AspNetCore.Rewrite.Resources.Error_ModRewriteParseError">
      <summary>Could not parse the mod_rewrite file. Message: '{0}'.  Line number '{1}'.<para>无法解析mod_rewrite文件.消息:"{0}".行号"{1}".</para></summary>
    </member>
    <member name="M:Microsoft.AspNetCore.Rewrite.Resources.FormatError_ModRewriteParseError(System.Object,System.Object)">
      <summary>Could not parse the mod_rewrite file. Message: '{0}'.  Line number '{1}'.<para>无法解析mod_rewrite文件.消息:"{0}".行号"{1}".</para></summary>
    </member>
    <member name="P:Microsoft.AspNetCore.Rewrite.Resources.Error_ModRewriteGeneralParseError">
      <summary>Could not parse the mod_rewrite file.  Line number '{0}'.<para>无法解析mod_rewrite文件.行号"{0}".</para></summary>
    </member>
    <member name="M:Microsoft.AspNetCore.Rewrite.Resources.FormatError_ModRewriteGeneralParseError(System.Object)">
      <summary>Could not parse the mod_rewrite file.  Line number '{0}'.<para>无法解析mod_rewrite文件.行号"{0}".</para></summary>
    </member>
    <member name="P:Microsoft.AspNetCore.Rewrite.Resources.Error_UrlRewriteParseError">
      <summary>Could not parse the UrlRewrite file. Message: '{0}'. Line number '{1}': '{2}'.<para>无法解析 urlrewrite 文件.消息:"{0}".行号"{1}":"{2}".</para></summary>
    </member>
    <member name="M:Microsoft.AspNetCore.Rewrite.Resources.FormatError_UrlRewriteParseError(System.Object,System.Object,System.Object)">
      <summary>Could not parse the UrlRewrite file. Message: '{0}'. Line number '{1}': '{2}'.<para>无法解析 urlrewrite 文件.消息:"{0}".行号"{1}":"{2}".</para></summary>
    </member>
    <member name="P:Microsoft.AspNetCore.Rewrite.Resources.Error_UnsupportedServerVariable">
      <summary>Rules using the '{0}' server variable are not supported<para>不支持使用"{0}"服务器变量的规则</para></summary>
    </member>
    <member name="M:Microsoft.AspNetCore.Rewrite.Resources.FormatError_UnsupportedServerVariable(System.Object)">
      <summary>Rules using the '{0}' server variable are not supported<para>不支持使用"{0}"服务器变量的规则</para></summary>
    </member>
    <member name="T:Microsoft.AspNetCore.Builder.RewriteBuilderExtensions">
      <summary>Extension methods for the <see cref="T:Microsoft.AspNetCore.Rewrite.RewriteMiddleware" /><para>扩展方法 <see cref="t:microsoft.aspnetcore.rewrite.rewritemiddleware" /></para></summary>
    </member>
    <member name="M:Microsoft.AspNetCore.Builder.RewriteBuilderExtensions.UseRewriter(Microsoft.AspNetCore.Builder.IApplicationBuilder)">
      <summary>Checks if a given Url matches rules and conditions, and modifies the HttpContext on match.<para>检查给定的 url 是否与规则和条件匹配,并在匹配时修改 httpcontext.</para></summary>
      <param name="app">The <see cref="T:Microsoft.AspNetCore.Builder.IApplicationBuilder" /><para>这 <see cref="t:microsoft.aspnetcore.builder.iapplicationbuilder" /></para></param>
      <returns>
        <para>
        </para>
      </returns>
    </member>
    <member name="M:Microsoft.AspNetCore.Builder.RewriteBuilderExtensions.UseRewriter(Microsoft.AspNetCore.Builder.IApplicationBuilder,Microsoft.AspNetCore.Rewrite.RewriteOptions)">
      <summary>Checks if a given Url matches rules and conditions, and modifies the HttpContext on match.<para>检查给定的 url 是否与规则和条件匹配,并在匹配时修改 httpcontext.</para></summary>
      <param name="app">The <see cref="T:Microsoft.AspNetCore.Builder.IApplicationBuilder" /><para>这 <see cref="t:microsoft.aspnetcore.builder.iapplicationbuilder" /></para></param>
      <param name="options">Options for rewrite.<para>options for rewrite.</para></param>
      <returns>
        <para>
        </para>
      </returns>
    </member>
  </members>
</doc>