<?xml version="1.0"?>
<doc>
  <assembly>
    <name>Microsoft.Extensions.FileProviders.Abstractions</name>
  </assembly>
  <members>
    <member name="T:Microsoft.Extensions.FileProviders.IDirectoryContents">
      <summary>Represents a directory's content in the file provider.<para>表示文件提供程序中目录的内容.</para></summary>
    </member>
    <member name="P:Microsoft.Extensions.FileProviders.IDirectoryContents.Exists">
      <summary>True if a directory was located at the given path.<para>如果目录位于给定路径,则为 true.</para></summary>
    </member>
    <member name="T:Microsoft.Extensions.FileProviders.IFileInfo">
      <summary>Represents a file in the given file provider.<para>表示给定文件提供程序中的文件.</para></summary>
    </member>
    <member name="P:Microsoft.Extensions.FileProviders.IFileInfo.Exists">
      <summary>True if resource exists in the underlying storage system.<para>如果底层存储系统中存在资源,则为 true.</para></summary>
    </member>
    <member name="P:Microsoft.Extensions.FileProviders.IFileInfo.Length">
      <summary>The length of the file in bytes, or -1 for a directory or non-existing files.<para>文件的长度（以字节为单位）,对于目录或不存在的文件,则为 -1.</para></summary>
    </member>
    <member name="P:Microsoft.Extensions.FileProviders.IFileInfo.PhysicalPath">
      <summary>The path to the file, including the file name. Return null if the file is not directly accessible.<para>文件的路径,包括文件名.如果文件不可直接访问,则返回 null.</para></summary>
    </member>
    <member name="P:Microsoft.Extensions.FileProviders.IFileInfo.Name">
      <summary>The name of the file or directory, not including any path.<para>文件或目录的名称,不包括任何路径.</para></summary>
    </member>
    <member name="P:Microsoft.Extensions.FileProviders.IFileInfo.LastModified">
      <summary>When the file was last modified<para>上次修改文件的时间</para></summary>
    </member>
    <member name="P:Microsoft.Extensions.FileProviders.IFileInfo.IsDirectory">
      <summary>True for the case TryGetDirectoryContents has enumerated a sub-directory<para>对于 trygetdirectorycontents 枚举了子目录的情况为 true</para></summary>
    </member>
    <member name="M:Microsoft.Extensions.FileProviders.IFileInfo.CreateReadStream">
      <summary>Return file contents as readonly stream. Caller should dispose stream when complete.<para>将文件内容作为只读流返回.调用方应在完成后释放流.</para></summary>
      <returns>The file stream<para>文件流</para></returns>
    </member>
    <member name="T:Microsoft.Extensions.FileProviders.IFileProvider">
      <summary>A read-only file provider abstraction.<para>只读文件提供程序抽象.</para></summary>
    </member>
    <member name="M:Microsoft.Extensions.FileProviders.IFileProvider.GetFileInfo(System.String)">
      <summary>Locate a file at the given path.<para>在给定路径处找到文件.</para></summary>
      <param name="subpath">Relative path that identifies the file.<para>标识文件的相对路径.</para></param>
      <returns>The file information. Caller must check Exists property.<para>文件信息.调用方必须检查"存在"属性.</para></returns>
    </member>
    <member name="M:Microsoft.Extensions.FileProviders.IFileProvider.GetDirectoryContents(System.String)">
      <summary>Enumerate a directory at the given path, if any.<para>枚举给定路径处的目录（如果有）.</para></summary>
      <param name="subpath">Relative path that identifies the directory.<para>标识目录的相对路径.</para></param>
      <returns>Returns the contents of the directory.<para>返回目录的内容.</para></returns>
    </member>
    <member name="M:Microsoft.Extensions.FileProviders.IFileProvider.Watch(System.String)">
      <summary>Creates a <see cref="T:Microsoft.Extensions.Primitives.IChangeToken" /> for the specified <paramref name="filter" />.<para>为指定的 <paramref name="filter" /> 创建一个 <see cref="T:Microsoft.Extensions.Primitives.IChangeToken" />.</para></summary>
      <param name="filter">Filter string used to determine what files or folders to monitor. Example: **/*.cs, *.*, subFolder/**/*.cshtml.<para>用于确定要监视的文件或文件夹的筛选器字符串.示例:**/*.cs、*.*、subfolder/**/*.cshtml.</para></param>
      <returns>An <see cref="T:Microsoft.Extensions.Primitives.IChangeToken" /> that is notified when a file matching <paramref name="filter" /> is added, modified or deleted.<para>添加、修改或删除与 <paramref name="filter" /> 匹配的文件时通知的 <see cref="T:Microsoft.Extensions.Primitives.IChangeToken" />.</para></returns>
    </member>
    <member name="T:Microsoft.Extensions.FileProviders.NotFoundDirectoryContents">
      <summary>Represents a non-existing directory<para>表示不存在的目录</para></summary>
    </member>
    <member name="P:Microsoft.Extensions.FileProviders.NotFoundDirectoryContents.Singleton">
      <summary>A shared instance of <see cref="T:Microsoft.Extensions.FileProviders.NotFoundDirectoryContents" /><para><see cref="T:Microsoft.Extensions.FileProviders.NotFoundDirectoryContents" /> 的共享实例</para></summary>
    </member>
    <member name="P:Microsoft.Extensions.FileProviders.NotFoundDirectoryContents.Exists">
      <summary>Always false.<para>总是假的.</para></summary>
    </member>
    <member name="M:Microsoft.Extensions.FileProviders.NotFoundDirectoryContents.GetEnumerator">
      <summary>Returns an enumerator that iterates through the collection.<para>返回循环访问集合的枚举器.</para></summary>
      <returns>An enumerator to an empty collection.<para>空集合的枚举器.</para></returns>
    </member>
    <member name="M:Microsoft.Extensions.FileProviders.NotFoundDirectoryContents.System#Collections#IEnumerable#GetEnumerator">
      <inheritdoc />
    </member>
    <member name="T:Microsoft.Extensions.FileProviders.NotFoundFileInfo">
      <summary>Represents a non-existing file.<para>表示不存在的文件.</para></summary>
    </member>
    <member name="M:Microsoft.Extensions.FileProviders.NotFoundFileInfo.#ctor(System.String)">
      <summary>Initializes an instance of <see cref="T:Microsoft.Extensions.FileProviders.NotFoundFileInfo" />.<para>初始化 <see cref="T:Microsoft.Extensions.FileProviders.NotFoundFileInfo" /> 的实例.</para></summary>
      <param name="name">The name of the file that could not be found<para>找不到的文件的名称</para></param>
    </member>
    <member name="P:Microsoft.Extensions.FileProviders.NotFoundFileInfo.Exists">
      <summary>Always false.<para>总是假的.</para></summary>
    </member>
    <member name="P:Microsoft.Extensions.FileProviders.NotFoundFileInfo.IsDirectory">
      <summary>Always false.<para>总是假的.</para></summary>
    </member>
    <member name="P:Microsoft.Extensions.FileProviders.NotFoundFileInfo.LastModified">
      <summary>Returns <see cref="F:System.DateTimeOffset.MinValue" />.<para>返回 <see cref="F:System.DateTimeOffset.MinValue" />.</para></summary>
    </member>
    <member name="P:Microsoft.Extensions.FileProviders.NotFoundFileInfo.Length">
      <summary>Always equals -1.<para>始终等于 -1.</para></summary>
    </member>
    <member name="P:Microsoft.Extensions.FileProviders.NotFoundFileInfo.Name">
      <inheritdoc />
    </member>
    <member name="P:Microsoft.Extensions.FileProviders.NotFoundFileInfo.PhysicalPath">
      <summary>Always null.<para>始终为空.</para></summary>
    </member>
    <member name="M:Microsoft.Extensions.FileProviders.NotFoundFileInfo.CreateReadStream">
      <summary>Always throws. A stream cannot be created for non-existing file.<para>总是扔.无法为不存在的文件创建流.</para></summary>
      <exception cref="T:System.IO.FileNotFoundException">Always thrown.<para>总是扔.</para></exception>
      <returns>Does not return<para>不返回</para></returns>
    </member>
    <member name="T:Microsoft.Extensions.FileProviders.NullChangeToken">
      <summary>An empty change token that doesn't raise any change callbacks.<para>不引发任何更改回调的空更改令牌.</para></summary>
    </member>
    <member name="P:Microsoft.Extensions.FileProviders.NullChangeToken.Singleton">
      <summary>A singleton instance of <see cref="T:Microsoft.Extensions.FileProviders.NullChangeToken" /><para><see cref="T:Microsoft.Extensions.FileProviders.NullChangeToken" /> 的单一实例</para></summary>
    </member>
    <member name="P:Microsoft.Extensions.FileProviders.NullChangeToken.HasChanged">
      <summary>Always false.<para>总是假的.</para></summary>
    </member>
    <member name="P:Microsoft.Extensions.FileProviders.NullChangeToken.ActiveChangeCallbacks">
      <summary>Always false.<para>总是假的.</para></summary>
    </member>
    <member name="M:Microsoft.Extensions.FileProviders.NullChangeToken.RegisterChangeCallback(System.Action{System.Object},System.Object)">
      <summary>Always returns an empty disposable object. Callbacks will never be called.<para>始终返回空的一次性对象.永远不会调用回调.</para></summary>
      <param name="callback">This parameter is ignored<para>忽略此参数</para></param>
      <param name="state">This parameter is ignored<para>忽略此参数</para></param>
      <returns>A disposable object that noops on dispose.<para>一种一次性物品,可以丢弃.</para></returns>
    </member>
    <member name="T:Microsoft.Extensions.FileProviders.NullFileProvider">
      <summary>An empty file provider with no contents.<para>没有内容的空文件提供程序.</para></summary>
    </member>
    <member name="M:Microsoft.Extensions.FileProviders.NullFileProvider.GetDirectoryContents(System.String)">
      <summary>Enumerate a non-existent directory.<para>枚举不存在的目录.</para></summary>
      <param name="subpath">A path under the root directory. This parameter is ignored.<para>根目录下的路径.此参数将被忽略.</para></param>
      <returns>A <see cref="T:Microsoft.Extensions.FileProviders.IDirectoryContents" /> that does not exist and does not contain any contents.<para>不存在且不包含任何内容的 <see cref="T:Microsoft.Extensions.FileProviders.IDirectoryContents" />.</para></returns>
    </member>
    <member name="M:Microsoft.Extensions.FileProviders.NullFileProvider.GetFileInfo(System.String)">
      <summary>Locate a non-existent file.<para>找到不存在的文件.</para></summary>
      <param name="subpath">A path under the root directory.<para>根目录下的路径.</para></param>
      <returns>A <see cref="T:Microsoft.Extensions.FileProviders.IFileInfo" /> representing a non-existent file at the given path.<para>一个 <see cref="T:Microsoft.Extensions.FileProviders.IFileInfo" />,表示给定路径上不存在的文件.</para></returns>
    </member>
    <member name="M:Microsoft.Extensions.FileProviders.NullFileProvider.Watch(System.String)">
      <summary>Returns a <see cref="T:Microsoft.Extensions.Primitives.IChangeToken" /> that monitors nothing.<para>返回不监视任何内容的 <see cref="T:Microsoft.Extensions.Primitives.IChangeToken" />.</para></summary>
      <param name="filter">Filter string used to determine what files or folders to monitor. This parameter is ignored.<para>用于确定要监视的文件或文件夹的筛选器字符串.此参数将被忽略.</para></param>
      <returns>A <see cref="T:Microsoft.Extensions.Primitives.IChangeToken" /> that does not register callbacks.<para>不注册回调的 <see cref="T:Microsoft.Extensions.Primitives.IChangeToken" />.</para></returns>
    </member>
    <member name="P:System.SR.FileNotExists">
      <summary>The file {0} does not exist.<para>文件{0}不存在.</para></summary>
    </member>
  </members>
</doc>