<?xml version="1.0"?>
<doc>
  <assembly>
    <name>Microsoft.Extensions.Features</name>
  </assembly>
  <members>
    <member name="T:Microsoft.AspNetCore.Http.Features.FeatureCollection">
      <summary>Default implementation for <see cref="T:Microsoft.AspNetCore.Http.Features.IFeatureCollection" />.<para>的默认实现 <see cref="t:microsoft.aspnetcore.http.features.ifeaturecollection" /> .</para></summary>
    </member>
    <member name="M:Microsoft.AspNetCore.Http.Features.FeatureCollection.#ctor">
      <summary>Initializes a new instance of <see cref="T:Microsoft.AspNetCore.Http.Features.FeatureCollection" />.<para>初始化 的新实例 <see cref="t:microsoft.aspnetcore.http.features.featurecollection" /> .</para></summary>
    </member>
    <member name="M:Microsoft.AspNetCore.Http.Features.FeatureCollection.#ctor(System.Int32)">
      <summary>Initializes a new instance of <see cref="T:Microsoft.AspNetCore.Http.Features.FeatureCollection" /> with the specified initial capacity.<para>初始化 的新实例 <see cref="t:microsoft.aspnetcore.http.features.featurecollection" /> 具有指定的初始容量.</para></summary>
      <param name="initialCapacity">The initial number of elements that the collection can contain.<para>集合可以包含的初始元素数.</para></param>
      <exception cref="T:System.ArgumentOutOfRangeException">
        <paramref name="initialCapacity" /> is less than 0<para><paramref name="initialCapacity" /> 小于 0</para></exception>
    </member>
    <member name="M:Microsoft.AspNetCore.Http.Features.FeatureCollection.#ctor(Microsoft.AspNetCore.Http.Features.IFeatureCollection)">
      <summary>Initializes a new instance of <see cref="T:Microsoft.AspNetCore.Http.Features.FeatureCollection" /> with the specified defaults.<para>初始化 的新实例 <see cref="t:microsoft.aspnetcore.http.features.featurecollection" /> 使用指定的默认值.</para></summary>
      <param name="defaults">The feature defaults.<para>该功能默认.</para></param>
    </member>
    <member name="P:Microsoft.AspNetCore.Http.Features.FeatureCollection.Revision">
      <inheritdoc />
    </member>
    <member name="P:Microsoft.AspNetCore.Http.Features.FeatureCollection.IsReadOnly">
      <inheritdoc />
    </member>
    <member name="P:Microsoft.AspNetCore.Http.Features.FeatureCollection.Item(System.Type)">
      <inheritdoc />
    </member>
    <member name="M:Microsoft.AspNetCore.Http.Features.FeatureCollection.GetEnumerator">
      <inheritdoc />
    </member>
    <member name="M:Microsoft.AspNetCore.Http.Features.FeatureCollection.Get``1">
      <inheritdoc />
    </member>
    <member name="M:Microsoft.AspNetCore.Http.Features.FeatureCollection.Set``1(``0)">
      <inheritdoc />
    </member>
    <member name="T:Microsoft.AspNetCore.Http.Features.FeatureCollectionExtensions">
      <summary>Extension methods for getting feature from <see cref="T:Microsoft.AspNetCore.Http.Features.IFeatureCollection" /><para>用于从中获取功能的扩展方法 <see cref="t:microsoft.aspnetcore.http.features.ifeaturecollection" /></para></summary>
    </member>
    <member name="M:Microsoft.AspNetCore.Http.Features.FeatureCollectionExtensions.GetRequiredFeature``1(Microsoft.AspNetCore.Http.Features.IFeatureCollection)">
      <summary>Retrives the requested feature from the collection.
            Throws an <see cref="T:System.InvalidOperationException" /> if the feature is not present.<para>从集合中恢复请求的功能. 如果该功能不存在,则引发 <see cref="T:System.InvalidOperationException" />.</para></summary>
      <param name="featureCollection">The <see cref="T:Microsoft.AspNetCore.Http.Features.IFeatureCollection" />.<para>这 <see cref="t:microsoft.aspnetcore.http.features.ifeaturecollection" /> .</para></param>
      <typeparam name="TFeature">The feature key.<para>功能键.</para></typeparam>
      <returns>The requested feature.<para>请求的功能.</para></returns>
    </member>
    <member name="M:Microsoft.AspNetCore.Http.Features.FeatureCollectionExtensions.GetRequiredFeature(Microsoft.AspNetCore.Http.Features.IFeatureCollection,System.Type)">
      <summary>Retrives the requested feature from the collection.
            Throws an <see cref="T:System.InvalidOperationException" /> if the feature is not present.<para>从集合中恢复请求的功能. 如果该功能不存在,则引发 <see cref="T:System.InvalidOperationException" />.</para></summary>
      <param name="featureCollection">feature collection<para>功能集合</para></param>
      <param name="key">The feature key.<para>功能键.</para></param>
      <returns>The requested feature.<para>请求的功能.</para></returns>
    </member>
    <member name="T:Microsoft.AspNetCore.Http.Features.FeatureReference`1">
      <summary>A cached reference to a feature.<para>对要素的缓存引用.</para></summary>
      <typeparam name="T">The feature type.<para>要素类型.</para></typeparam>
    </member>
    <member name="F:Microsoft.AspNetCore.Http.Features.FeatureReference`1.Default">
      <summary>Gets the default <see cref="T:Microsoft.AspNetCore.Http.Features.FeatureReference`1" />.<para>获取默认值 <see cref="t:microsoft.aspnetcore.http.features.featurereference`1" /> .</para></summary>
    </member>
    <member name="M:Microsoft.AspNetCore.Http.Features.FeatureReference`1.Fetch(Microsoft.AspNetCore.Http.Features.IFeatureCollection)">
      <summary>Gets the feature of type <typeparamref name="T" /> from <paramref name="features" />.<para>从 <paramref name="features" /> 获取类型 <typeparamref name="T" /> 的功能.</para></summary>
      <param name="features">The <see cref="T:Microsoft.AspNetCore.Http.Features.IFeatureCollection" />.<para>这 <see cref="t:microsoft.aspnetcore.http.features.ifeaturecollection" /> .</para></param>
      <returns>The feature.<para>功能.</para></returns>
    </member>
    <member name="M:Microsoft.AspNetCore.Http.Features.FeatureReference`1.Update(Microsoft.AspNetCore.Http.Features.IFeatureCollection,`0)">
      <summary>Updates the reference to the feature.<para>更新对功能的引用.</para></summary>
      <param name="features">The <see cref="T:Microsoft.AspNetCore.Http.Features.IFeatureCollection" /> to update.<para>这 <see cref="t:microsoft.aspnetcore.http.features.ifeaturecollection" /> 进行更新.</para></param>
      <param name="feature">The instance of the feature.<para>功能的实例.</para></param>
      <returns>A reference to <paramref name="feature" /> after the operation has completed.<para>操作完成后对 <paramref name="feature" /> 的引用.</para></returns>
    </member>
    <member name="T:Microsoft.AspNetCore.Http.Features.FeatureReferences`1">
      <summary>A reference to a collection of features.<para>对要素集合的引用.</para></summary>
      <typeparam name="TCache">The type of the feature.<para>要素的类型.</para></typeparam>
    </member>
    <member name="M:Microsoft.AspNetCore.Http.Features.FeatureReferences`1.#ctor(Microsoft.AspNetCore.Http.Features.IFeatureCollection)">
      <summary>Initializes a new instance of <see cref="T:Microsoft.AspNetCore.Http.Features.FeatureReferences`1" />.<para>初始化 的新实例 <see cref="t:microsoft.aspnetcore.http.features.featurereferences`1" /> .</para></summary>
      <param name="collection">The <see cref="T:Microsoft.AspNetCore.Http.Features.IFeatureCollection" />.<para>这 <see cref="t:microsoft.aspnetcore.http.features.ifeaturecollection" /> .</para></param>
    </member>
    <member name="M:Microsoft.AspNetCore.Http.Features.FeatureReferences`1.Initalize(Microsoft.AspNetCore.Http.Features.IFeatureCollection)">
      <summary>Initializes the <see cref="T:Microsoft.AspNetCore.Http.Features.FeatureReferences`1" />.<para>初始化 <see cref="t:microsoft.aspnetcore.http.features.featurereferences`1" /> .</para></summary>
      <param name="collection">The <see cref="T:Microsoft.AspNetCore.Http.Features.IFeatureCollection" /> to initialize with.<para>这 <see cref="t:microsoft.aspnetcore.http.features.ifeaturecollection" /> 初始化时使用.</para></param>
    </member>
    <member name="M:Microsoft.AspNetCore.Http.Features.FeatureReferences`1.Initalize(Microsoft.AspNetCore.Http.Features.IFeatureCollection,System.Int32)">
      <summary>Initializes the <see cref="T:Microsoft.AspNetCore.Http.Features.FeatureReferences`1" />.<para>初始化 <see cref="t:microsoft.aspnetcore.http.features.featurereferences`1" /> .</para></summary>
      <param name="collection">The <see cref="T:Microsoft.AspNetCore.Http.Features.IFeatureCollection" /> to initialize with.<para>这 <see cref="t:microsoft.aspnetcore.http.features.ifeaturecollection" /> 初始化时使用.</para></param>
      <param name="revision">The version of the <see cref="T:Microsoft.AspNetCore.Http.Features.IFeatureCollection" />.<para>版本的 <see cref="t:microsoft.aspnetcore.http.features.ifeaturecollection" /> .</para></param>
    </member>
    <member name="P:Microsoft.AspNetCore.Http.Features.FeatureReferences`1.Collection">
      <summary>Gets the <see cref="T:Microsoft.AspNetCore.Http.Features.IFeatureCollection" />.<para>获取 <see cref="t:microsoft.aspnetcore.http.features.ifeaturecollection" /> .</para></summary>
    </member>
    <member name="P:Microsoft.AspNetCore.Http.Features.FeatureReferences`1.Revision">
      <summary>Gets the revision number.<para>获取修订号.</para></summary>
    </member>
    <member name="F:Microsoft.AspNetCore.Http.Features.FeatureReferences`1.Cache">
      <summary>This API is part of ASP.NET Core's infrastructure and should not be referenced by application code.<para>此 api 是 asp.net core 基础结构的一部分,不应由应用程序代码引用.</para></summary>
    </member>
    <member name="M:Microsoft.AspNetCore.Http.Features.FeatureReferences`1.Fetch``2(``0@,``1,System.Func{``1,``0})">
      <summary>This API is part of ASP.NET Core's infrastructure and should not be referenced by application code.<para>此 api 是 asp.net core 基础结构的一部分,不应由应用程序代码引用.</para></summary>
    </member>
    <member name="M:Microsoft.AspNetCore.Http.Features.FeatureReferences`1.Fetch``1(``0@,System.Func{Microsoft.AspNetCore.Http.Features.IFeatureCollection,``0})">
      <summary>This API is part of ASP.NET Core's infrastructure and should not be referenced by application code.<para>此 api 是 asp.net core 基础结构的一部分,不应由应用程序代码引用.</para></summary>
    </member>
    <member name="T:Microsoft.AspNetCore.Http.Features.IFeatureCollection">
      <summary>Represents a collection of HTTP features.<para>表示 http 功能的集合.</para></summary>
    </member>
    <member name="P:Microsoft.AspNetCore.Http.Features.IFeatureCollection.IsReadOnly">
      <summary>Indicates if the collection can be modified.<para>指示是否可以修改集合.</para></summary>
    </member>
    <member name="P:Microsoft.AspNetCore.Http.Features.IFeatureCollection.Revision">
      <summary>Incremented for each modification and can be used to verify cached results.<para>每次修改时递增,可用于验证缓存的结果.</para></summary>
    </member>
    <member name="P:Microsoft.AspNetCore.Http.Features.IFeatureCollection.Item(System.Type)">
      <summary>Gets or sets a given feature. Setting a null value removes the feature.<para>获取或设置给定功能.设置空值将移除要素.</para></summary>
      <param name="key">
        <para>
        </para>
      </param>
      <returns>The requested feature, or null if it is not present.<para>请求的功能,如果不存在,则为 null.</para></returns>
    </member>
    <member name="M:Microsoft.AspNetCore.Http.Features.IFeatureCollection.Get``1">
      <summary>Retrieves the requested feature from the collection.<para>从集合中检索请求的功能.</para></summary>
      <typeparam name="TFeature">The feature key.<para>功能键.</para></typeparam>
      <returns>The requested feature, or null if it is not present.<para>请求的功能,如果不存在,则为 null.</para></returns>
    </member>
    <member name="M:Microsoft.AspNetCore.Http.Features.IFeatureCollection.Set``1(``0)">
      <summary>Sets the given feature in the collection.<para>设置集合中的给定特征.</para></summary>
      <typeparam name="TFeature">The feature key.<para>功能键.</para></typeparam>
      <param name="instance">The feature value.<para>特征值.</para></param>
    </member>
  </members>
</doc>