<?xml version="1.0"?>
<doc>
  <assembly>
    <name>System.Security.Cryptography.Xml</name>
  </assembly>
  <members>
    <member name="T:System.Security.Cryptography.Xml.CryptoSignedXmlRecursionException">
      <summary>This exception helps catch the signed XML recursion limit error.
            This is being caught in the SignedXml class while computing the
            hash. ComputeHash can throw different kind of exceptions.
            This unique exception helps catch the recursion limit issue.<para>此异常有助于捕获签名的 xml 递归限制错误. 在计算 散 列.computehash可以抛出不同类型的异常. 此唯一异常有助于捕获递归限制问题.</para></summary>
    </member>
    <member name="M:System.Security.Cryptography.Xml.DSAKeyValue.GetXml">
      <summary>Create an XML representation.<para>创建 xml 表示形式.</para></summary>
      <remarks>Based upon https://www.w3.org/TR/xmldsig-core/#sec-DSAKeyValue.<para>基于 https://www.w3.org/tr/xmldsig-core/#sec-dsakeyvalue.</para></remarks>
      <returns>An <see cref="T:System.Xml.XmlElement" /> containing the XML representation.<para>包含 xml 表示形式的 <see cref="T:System.Xml.XmlElement" />.</para></returns>
    </member>
    <member name="M:System.Security.Cryptography.Xml.DSAKeyValue.LoadXml(System.Xml.XmlElement)">
      <summary>Deserialize from the XML representation.<para>从 xml 表示形式反序列化.</para></summary>
      <remarks>Based upon https://www.w3.org/TR/xmldsig-core/#sec-DSAKeyValue.<para>基于 https://www.w3.org/tr/xmldsig-core/#sec-dsakeyvalue.</para></remarks>
      <param name="value">An <see cref="T:System.Xml.XmlElement" /> containing the XML representation. This cannot be null.<para>包含 xml 表示形式的 <see cref="T:System.Xml.XmlElement" />.这不能为空.</para></param>
      <exception cref="T:System.ArgumentNullException">
        <paramref name="value" /> cannot be null.<para><paramref name="value" /> 不能为空.</para></exception>
      <exception cref="T:System.Security.Cryptography.CryptographicException">The XML has the incorrect schema or the DSA parameters are invalid.<para>xml 具有不正确的架构或 dsa 参数无效.</para></exception>
    </member>
    <member name="M:System.Security.Cryptography.Xml.EncryptedXml.IsOverXmlDsigRecursionLimit">
      <summary>This method validates the _xmlDsigSearchDepthCounter counter
            if the counter is over the limit defined by admin or developer.<para>此方法验证_xmldsigsearchdepthcounter计数器 如果计数器超出管理员或开发人员定义的限制.</para></summary>
      <returns>returns true if the limit has reached otherwise false<para>如果达到限制,则返回 true,否则返回 false.</para></returns>
    </member>
    <member name="P:System.Security.Cryptography.Xml.EncryptedXml.XmlDSigSearchDepth">
      <summary>Gets / Sets the max limit for recursive search of encryption key in signed XML<para>获取/设置在签名 xml 中递归搜索加密密钥的最大限制</para></summary>
    </member>
    <member name="M:System.Security.Cryptography.Xml.EncryptionPropertyCollection.System#Collections#IList#Add(System.Object)">
      <internalonly />
    </member>
    <member name="M:System.Security.Cryptography.Xml.EncryptionPropertyCollection.System#Collections#IList#Contains(System.Object)">
      <internalonly />
    </member>
    <member name="M:System.Security.Cryptography.Xml.EncryptionPropertyCollection.System#Collections#IList#IndexOf(System.Object)">
      <internalonly />
    </member>
    <member name="M:System.Security.Cryptography.Xml.EncryptionPropertyCollection.System#Collections#IList#Insert(System.Int32,System.Object)">
      <internalonly />
    </member>
    <member name="M:System.Security.Cryptography.Xml.EncryptionPropertyCollection.System#Collections#IList#Remove(System.Object)">
      <internalonly />
    </member>
    <member name="P:System.Security.Cryptography.Xml.EncryptionPropertyCollection.System#Collections#IList#Item(System.Int32)">
      <internalonly />
    </member>
    <member name="P:System.Security.Cryptography.Xml.ReferenceList.System#Collections#IList#Item(System.Int32)">
      <internalonly />
    </member>
    <member name="M:System.Security.Cryptography.Xml.RSAKeyValue.GetXml">
      <summary>Create an XML representation.<para>创建 xml 表示形式.</para></summary>
      <remarks>Based upon https://www.w3.org/TR/xmldsig-core/#sec-RSAKeyValue.<para>基于 https://www.w3.org/tr/xmldsig-core/#sec-rsakeyvalue.</para></remarks>
      <returns>An <see cref="T:System.Xml.XmlElement" /> containing the XML representation.<para>包含 xml 表示形式的 <see cref="T:System.Xml.XmlElement" />.</para></returns>
    </member>
    <member name="M:System.Security.Cryptography.Xml.RSAKeyValue.LoadXml(System.Xml.XmlElement)">
      <summary>Deserialize from the XML representation.<para>从 xml 表示形式反序列化.</para></summary>
      <remarks>Based upon https://www.w3.org/TR/xmldsig-core/#sec-RSAKeyValue.<para>基于 https://www.w3.org/tr/xmldsig-core/#sec-rsakeyvalue.</para></remarks>
      <param name="value">An <see cref="T:System.Xml.XmlElement" /> containing the XML representation. This cannot be null.<para>包含 xml 表示形式的 <see cref="T:System.Xml.XmlElement" />.这不能为空.</para></param>
      <exception cref="T:System.ArgumentNullException">
        <paramref name="value" /> cannot be null.<para><paramref name="value" /> 不能为空.</para></exception>
      <exception cref="T:System.Security.Cryptography.CryptographicException">The XML has the incorrect schema or the RSA parameters are invalid.<para>xml 具有不正确的架构或 rsa 参数无效.</para></exception>
    </member>
    <member name="P:System.Security.Cryptography.Xml.SignedXml.SigningKeyName">
      <internalonly />
    </member>
    <member name="T:System.Security.Cryptography.Xml.SignedXmlDebugLog">
      <summary>Trace support for debugging issues signing and verifying XML signatures.<para>跟踪对调试问题签名和验证 xml 签名的支持.</para></summary>
    </member>
    <member name="T:System.Security.Cryptography.Xml.SignedXmlDebugLog.SignedXmlDebugEvent">
      <summary>Types of events that are logged to the debug log<para>记录到调试日志的事件类型</para></summary>
    </member>
    <member name="F:System.Security.Cryptography.Xml.SignedXmlDebugLog.SignedXmlDebugEvent.BeginCanonicalization">
      <summary>Canonicalization of input XML has begun<para>输入 xml 的规范化已经开始</para></summary>
    </member>
    <member name="F:System.Security.Cryptography.Xml.SignedXmlDebugLog.SignedXmlDebugEvent.BeginCheckSignatureFormat">
      <summary>Verification of the signature format itself is beginning<para>签名格式本身的验证正在开始</para></summary>
    </member>
    <member name="F:System.Security.Cryptography.Xml.SignedXmlDebugLog.SignedXmlDebugEvent.BeginCheckSignedInfo">
      <summary>Verification of a signed info is beginning<para>已签名信息的验证正在开始</para></summary>
    </member>
    <member name="F:System.Security.Cryptography.Xml.SignedXmlDebugLog.SignedXmlDebugEvent.BeginSignatureComputation">
      <summary>Signing is beginning<para>签名开始</para></summary>
    </member>
    <member name="F:System.Security.Cryptography.Xml.SignedXmlDebugLog.SignedXmlDebugEvent.BeginSignatureVerification">
      <summary>Signature verification is beginning<para>签名验证开始</para></summary>
    </member>
    <member name="F:System.Security.Cryptography.Xml.SignedXmlDebugLog.SignedXmlDebugEvent.CanonicalizedData">
      <summary>Input data has been transformed to its canonicalized form<para>输入数据已转换为其规范化形式</para></summary>
    </member>
    <member name="F:System.Security.Cryptography.Xml.SignedXmlDebugLog.SignedXmlDebugEvent.FormatValidationResult">
      <summary>The result of signature format validation<para>签名格式验证的结果</para></summary>
    </member>
    <member name="F:System.Security.Cryptography.Xml.SignedXmlDebugLog.SignedXmlDebugEvent.NamespacePropagation">
      <summary>Namespaces are being propigated into the signature<para>命名空间正在被分支到签名中</para></summary>
    </member>
    <member name="F:System.Security.Cryptography.Xml.SignedXmlDebugLog.SignedXmlDebugEvent.ReferenceData">
      <summary>Output from a Reference<para>引用的输出</para></summary>
    </member>
    <member name="F:System.Security.Cryptography.Xml.SignedXmlDebugLog.SignedXmlDebugEvent.SignatureVerificationResult">
      <summary>The result of a signature verification<para>签名验证的结果</para></summary>
    </member>
    <member name="F:System.Security.Cryptography.Xml.SignedXmlDebugLog.SignedXmlDebugEvent.Signing">
      <summary>Calculating the final signature<para>计算最终签名</para></summary>
    </member>
    <member name="F:System.Security.Cryptography.Xml.SignedXmlDebugLog.SignedXmlDebugEvent.SigningReference">
      <summary>A reference is being hashed<para>正在对引用进行哈希处理</para></summary>
    </member>
    <member name="F:System.Security.Cryptography.Xml.SignedXmlDebugLog.SignedXmlDebugEvent.VerificationFailure">
      <summary>A signature has failed to verify<para>签名验证失败</para></summary>
    </member>
    <member name="F:System.Security.Cryptography.Xml.SignedXmlDebugLog.SignedXmlDebugEvent.VerifyReference">
      <summary>Verify that a reference has the correct hash value<para>验证引用是否具有正确的哈希值</para></summary>
    </member>
    <member name="F:System.Security.Cryptography.Xml.SignedXmlDebugLog.SignedXmlDebugEvent.VerifySignedInfo">
      <summary>Verification is processing the SignedInfo section of the signature<para>验证正在处理签名的"签名信息"部分</para></summary>
    </member>
    <member name="F:System.Security.Cryptography.Xml.SignedXmlDebugLog.SignedXmlDebugEvent.X509Verification">
      <summary>Verification status on the x.509 certificate in use<para>正在使用的 x.509 证书的验证状态</para></summary>
    </member>
    <member name="F:System.Security.Cryptography.Xml.SignedXmlDebugLog.SignedXmlDebugEvent.UnsafeCanonicalizationMethod">
      <summary>The signature is being rejected by the signature format verifier due to having
                a canonicalization algorithm which is not on the known valid list.<para>签名被签名格式验证器拒绝,原因是 不在已知有效列表中的规范化算法.</para></summary>
    </member>
    <member name="F:System.Security.Cryptography.Xml.SignedXmlDebugLog.SignedXmlDebugEvent.UnsafeTransformMethod">
      <summary>The signature is being rejected by the signature verifier due to having
                a transform algorithm which is not on the known valid list.<para>签名验证程序拒绝签名,原因是 不在已知有效列表中的转换算法.</para></summary>
    </member>
    <member name="P:System.Security.Cryptography.Xml.SignedXmlDebugLog.InformationLoggingEnabled">
      <summary>Check to see if logging should be done in this process<para>检查是否应在此过程中执行日志记录</para></summary>
    </member>
    <member name="P:System.Security.Cryptography.Xml.SignedXmlDebugLog.VerboseLoggingEnabled">
      <summary>Check to see if verbose log messages should be generated<para>检查是否应生成详细日志消息</para></summary>
    </member>
    <member name="M:System.Security.Cryptography.Xml.SignedXmlDebugLog.FormatBytes(System.Byte[])">
      <summary>Convert the byte array into a hex string<para>将字节数组转换为十六进制字符串</para></summary>
    </member>
    <member name="M:System.Security.Cryptography.Xml.SignedXmlDebugLog.GetKeyName(System.Object)">
      <summary>Map a key to a string describing the key<para>将键映射到描述键的字符串</para></summary>
    </member>
    <member name="M:System.Security.Cryptography.Xml.SignedXmlDebugLog.GetObjectId(System.Object)">
      <summary>Map an object to a string describing the object<para>将对象映射到描述对象的字符串</para></summary>
    </member>
    <member name="M:System.Security.Cryptography.Xml.SignedXmlDebugLog.GetOidName(System.Security.Cryptography.Oid)">
      <summary>Map an OID to the friendliest name possible<para>将 oid 映射到最友好的名称</para></summary>
    </member>
    <member name="M:System.Security.Cryptography.Xml.SignedXmlDebugLog.LogBeginCanonicalization(System.Security.Cryptography.Xml.SignedXml,System.Security.Cryptography.Xml.Transform)">
      <summary>Log that canonicalization has begun on input data<para>记录已开始对输入数据进行规范化</para></summary>
      <param name="signedXml">SignedXml object doing the signing or verification<para>执行签名或验证的 signedxml 对象</para></param>
      <param name="canonicalizationTransform">transform canonicalizing the input<para>转换规范化输入</para></param>
    </member>
    <member name="M:System.Security.Cryptography.Xml.SignedXmlDebugLog.LogBeginCheckSignatureFormat(System.Security.Cryptography.Xml.SignedXml,System.Func{System.Security.Cryptography.Xml.SignedXml,System.Boolean})">
      <summary>Log that we're going to be validating the signature format itself<para>记录我们将要验证签名格式本身</para></summary>
      <param name="signedXml">SignedXml object doing the verification<para>执行验证的 signedxml 对象</para></param>
      <param name="formatValidator">Callback delegate which is being used for format verification<para>用于格式验证的回调委托</para></param>
    </member>
    <member name="M:System.Security.Cryptography.Xml.SignedXmlDebugLog.LogBeginCheckSignedInfo(System.Security.Cryptography.Xml.SignedXml,System.Security.Cryptography.Xml.SignedInfo)">
      <summary>Log that checking SignedInfo is beginning<para>记录正在开始检查签名信息</para></summary>
      <param name="signedXml">SignedXml object doing the verification<para>执行验证的 signedxml 对象</para></param>
      <param name="signedInfo">SignedInfo object being verified<para>正在验证的 signedinfo 对象</para></param>
    </member>
    <member name="M:System.Security.Cryptography.Xml.SignedXmlDebugLog.LogBeginSignatureComputation(System.Security.Cryptography.Xml.SignedXml,System.Xml.XmlElement)">
      <summary>Log that signature computation is beginning<para>记录签名计算正在开始</para></summary>
      <param name="signedXml">SignedXml object doing the signing<para>执行签名的 signedxml 对象</para></param>
      <param name="context">Context of the signature<para>签名的上下文</para></param>
    </member>
    <member name="M:System.Security.Cryptography.Xml.SignedXmlDebugLog.LogBeginSignatureVerification(System.Security.Cryptography.Xml.SignedXml,System.Xml.XmlElement)">
      <summary>Log that signature verification is beginning<para>记录签名验证正在开始</para></summary>
      <param name="signedXml">SignedXml object doing the verification<para>执行验证的 signedxml 对象</para></param>
      <param name="context">Context of the verification<para>验证的上下文</para></param>
    </member>
    <member name="M:System.Security.Cryptography.Xml.SignedXmlDebugLog.LogCanonicalizedOutput(System.Security.Cryptography.Xml.SignedXml,System.Security.Cryptography.Xml.Transform)">
      <summary>Log the canonicalized data<para>记录规范化数据</para></summary>
      <param name="signedXml">SignedXml object doing the signing or verification<para>执行签名或验证的 signedxml 对象</para></param>
      <param name="canonicalizationTransform">transform canonicalizing the input<para>转换规范化输入</para></param>
    </member>
    <member name="M:System.Security.Cryptography.Xml.SignedXmlDebugLog.LogFormatValidationResult(System.Security.Cryptography.Xml.SignedXml,System.Boolean)">
      <summary>Log that the signature format callback has rejected the signature<para>记录签名格式回调已拒绝签名</para></summary>
      <param name="signedXml">SignedXml object doing the signature verification<para>执行签名验证的 signedxml 对象</para></param>
      <param name="result">result of the signature format verification<para>签名格式验证的结果</para></param>
    </member>
    <member name="M:System.Security.Cryptography.Xml.SignedXmlDebugLog.LogUnsafeCanonicalizationMethod(System.Security.Cryptography.Xml.SignedXml,System.String,System.Collections.Generic.IEnumerable{System.String})">
      <summary>Log that a signature is being rejected as having an invalid format due to its canonicalization
                algorithm not being on the valid list.<para>记录签名因其规范化而被拒绝为格式无效 算法不在有效列表中.</para></summary>
      <param name="signedXml">SignedXml object doing the signature verification<para>执行签名验证的 signedxml 对象</para></param>
      <param name="algorithm">Canonicalization algorithm<para>规范化算法</para></param>
      <param name="validAlgorithms">List of valid canonicalization algorithms<para>有效规范化算法列表</para></param>
    </member>
    <member name="M:System.Security.Cryptography.Xml.SignedXmlDebugLog.LogUnsafeTransformMethod(System.Security.Cryptography.Xml.SignedXml,System.String,System.Collections.Generic.IEnumerable{System.String},System.Collections.Generic.IEnumerable{System.String})">
      <summary>Log that a signature is being rejected as having an invalid signature due to a transform
                algorithm not being on the valid list.<para>记录签名因转换而被拒绝为具有无效签名而被拒绝 算法不在有效列表中.</para></summary>
      <param name="signedXml">SignedXml object doing the signature verification<para>执行签名验证的 signedxml 对象</para></param>
      <param name="algorithm">Transform algorithm that was not allowed<para>不允许的转换算法</para></param>
      <param name="validC14nAlgorithms">The valid C14N algorithms<para>有效的 c14n 算法</para></param>
      <param name="validTransformAlgorithms">The valid C14N algorithms<para>有效的 c14n 算法</para></param>
    </member>
    <member name="M:System.Security.Cryptography.Xml.SignedXmlDebugLog.LogNamespacePropagation(System.Security.Cryptography.Xml.SignedXml,System.Xml.XmlNodeList)">
      <summary>Log namespaces which are being propagated into the signature<para>正在传播到签名中的日志命名空间</para></summary>
      <param name="signedXml">SignedXml doing the signing or verification<para>执行签名或验证的 signedxml 正在传播的</para></param>
      <param name="namespaces">namespaces being propagated<para>命名空间</para></param>
    </member>
    <member name="M:System.Security.Cryptography.Xml.SignedXmlDebugLog.LogReferenceData(System.Security.Cryptography.Xml.Reference,System.IO.Stream)">
      <summary>Log the output of a reference<para>记录引用的输出</para></summary>
      <param name="reference">The reference being processed<para>正在处理的引用</para></param>
      <param name="data">Stream containing the output of the reference<para>包含引用</para></param>
      <returns>Stream containing the output of the reference<para>包含引用输出的流</para></returns>
    </member>
    <member name="M:System.Security.Cryptography.Xml.SignedXmlDebugLog.LogSigning(System.Security.Cryptography.Xml.SignedXml,System.Object,System.Security.Cryptography.SignatureDescription,System.Security.Cryptography.HashAlgorithm,System.Security.Cryptography.AsymmetricSignatureFormatter)">
      <summary>Log the computation of a signature value when signing with an asymmetric algorithm<para>使用非对称算法签名时记录签名值的计算</para></summary>
      <param name="signedXml">SignedXml object calculating the signature<para>signedxml 对象计算签名</para></param>
      <param name="key">key used for signing<para>密钥 用于签名</para></param>
      <param name="signatureDescription">signature description being used to create the signature<para>签名说明 用于创建签名</para></param>
      <param name="hash">hash algorithm used to digest the output<para>哈希算法 用于消化输出</para></param>
      <param name="asymmetricSignatureFormatter">signature formatter used to do the signing<para>签名格式化程序 用于执行签名</para></param>
    </member>
    <member name="M:System.Security.Cryptography.Xml.SignedXmlDebugLog.LogSigning(System.Security.Cryptography.Xml.SignedXml,System.Security.Cryptography.KeyedHashAlgorithm)">
      <summary>Log the computation of a signature value when signing with a keyed hash algorithm<para>使用键控哈希算法签名时记录签名值的计算</para></summary>
      <param name="signedXml">SignedXml object calculating the signature<para>signedxml 对象计算签名</para></param>
      <param name="key">key the signature is created with<para>键,使用</para></param>
    </member>
    <member name="M:System.Security.Cryptography.Xml.SignedXmlDebugLog.LogSigningReference(System.Security.Cryptography.Xml.SignedXml,System.Security.Cryptography.Xml.Reference)">
      <summary>Log the calculation of a hash value of a reference<para>记录引用哈希值的计算</para></summary>
      <param name="signedXml">SignedXml object driving the signature<para>signedxml 对象驱动签名</para></param>
      <param name="reference">Reference being hashed<para>正在哈希处理的引用</para></param>
    </member>
    <member name="M:System.Security.Cryptography.Xml.SignedXmlDebugLog.LogVerificationFailure(System.Security.Cryptography.Xml.SignedXml,System.String)">
      <summary>Log the specific point where a signature is determined to not be verifiable<para>记录确定签名不可验证的特定点</para></summary>
      <param name="signedXml">SignedXml object doing the verification<para>执行验证的 signedxml 对象</para></param>
      <param name="failureLocation">location that the signature was determined to be invalid<para>位置,该位置确定签名无效</para></param>
    </member>
    <member name="M:System.Security.Cryptography.Xml.SignedXmlDebugLog.LogVerificationResult(System.Security.Cryptography.Xml.SignedXml,System.Object,System.Boolean)">
      <summary>Log the success or failure of a signature verification operation<para>记录签名验证操作的成功或失败</para></summary>
      <param name="signedXml">SignedXml object doing the verification<para>执行验证的 signedxml 对象</para></param>
      <param name="key">public key used to verify the signature<para>公钥用于验证签名</para></param>
      <param name="verified">true if the signature verified, false otherwise<para>如果签名已验证,则为 true,否则为 false</para></param>
    </member>
    <member name="M:System.Security.Cryptography.Xml.SignedXmlDebugLog.LogVerifyKeyUsage(System.Security.Cryptography.Xml.SignedXml,System.Security.Cryptography.X509Certificates.X509Certificate,System.Security.Cryptography.X509Certificates.X509KeyUsageExtension)">
      <summary>Log the check for appropriate X509 key usage<para>记录检查适当的 x509 密钥用法</para></summary>
      <param name="signedXml">SignedXml doing the signature verification<para>执行签名验证的 signedxml #证书已检查其密钥用法</para></param>
      <param name="certificate">certificate having its key usages checked<para>正在检查的密钥用法</para></param>
      <param name="keyUsages">key usages being examined<para></para></param>
    </member>
    <member name="M:System.Security.Cryptography.Xml.SignedXmlDebugLog.LogVerifyReference(System.Security.Cryptography.Xml.SignedXml,System.Security.Cryptography.Xml.Reference)">
      <summary>Log that we are verifying a reference<para>记录我们正在验证引用</para></summary>
      <param name="signedXml">SignedXMl object doing the verification<para>执行验证的 signedxml 对象</para></param>
      <param name="reference">reference being verified<para>正在验证的引用</para></param>
    </member>
    <member name="M:System.Security.Cryptography.Xml.SignedXmlDebugLog.LogVerifyReferenceHash(System.Security.Cryptography.Xml.SignedXml,System.Security.Cryptography.Xml.Reference,System.Byte[],System.Byte[])">
      <summary>Log the hash comparison when verifying a reference<para>验证引用时记录哈希比较</para></summary>
      <param name="signedXml">SignedXml object verifying the signature<para>验证签名的 signedxml 对象</para></param>
      <param name="reference">reference being verified<para>正在验证的引用</para></param>
      <param name="actualHash">actual hash value of the reference<para>引用的实际哈希值</para></param>
      <param name="expectedHash">hash value the signature expected the reference to have<para>哈希值 签名期望引用具有</para></param>
    </member>
    <member name="M:System.Security.Cryptography.Xml.SignedXmlDebugLog.LogVerifySignedInfo(System.Security.Cryptography.Xml.SignedXml,System.Security.Cryptography.AsymmetricAlgorithm,System.Security.Cryptography.SignatureDescription,System.Security.Cryptography.HashAlgorithm,System.Security.Cryptography.AsymmetricSignatureDeformatter,System.Byte[],System.Byte[])">
      <summary>Log the verification parameters when verifying the SignedInfo section of a signature using an
                asymmetric key<para>在使用 非对称密钥</para></summary>
      <param name="signedXml">SignedXml object doing the verification<para>执行验证的 signedxml 对象 用于验证签名信息的</para></param>
      <param name="key">key being used to verify the signed info<para>使用的签名描述类的类型</para></param>
      <param name="signatureDescription">type of signature description class used<para>使用的哈希算法类型</para></param>
      <param name="hashAlgorithm">type of hash algorithm used<para>使用的签名格式化程序类型</para></param>
      <param name="asymmetricSignatureDeformatter">type of signature deformatter used<para>签名信息的哈希值</para></param>
      <param name="actualHashValue">hash value of the signed info<para>原始签名值</para></param>
      <param name="signatureValue">raw signature value<para></para></param>
    </member>
    <member name="M:System.Security.Cryptography.Xml.SignedXmlDebugLog.LogVerifySignedInfo(System.Security.Cryptography.Xml.SignedXml,System.Security.Cryptography.KeyedHashAlgorithm,System.Byte[],System.Byte[])">
      <summary>Log the verification parameters when verifying the SignedInfo section of a signature using a
                keyed hash algorithm<para>在使用 键控哈希算法</para></summary>
      <param name="signedXml">SignedXml object doing the verification<para>执行验证的 signedxml 对象</para></param>
      <param name="mac">hash algorithm doing the verification<para>哈希算法执行验证</para></param>
      <param name="actualHashValue">hash value of the signed info<para>签名信息的哈希值</para></param>
      <param name="signatureValue">raw signature value<para>原始签名值</para></param>
    </member>
    <member name="M:System.Security.Cryptography.Xml.SignedXmlDebugLog.LogVerifyX509Chain(System.Security.Cryptography.Xml.SignedXml,System.Security.Cryptography.X509Certificates.X509Chain,System.Security.Cryptography.X509Certificates.X509Certificate)">
      <summary>Log that an X509 chain is being built for a certificate<para>记录正在为证书构建 x509 链</para></summary>
      <param name="signedXml">SignedXml object building the chain<para>signedxml 对象构建链</para></param>
      <param name="chain">chain built for the certificate<para>为证书构建链</para></param>
      <param name="certificate">certificate having the chain built for it<para>证书,并为其构建链</para></param>
    </member>
    <member name="M:System.Security.Cryptography.Xml.SignedXmlDebugLog.LogSignedXmlRecursionLimit(System.Security.Cryptography.Xml.SignedXml,System.Security.Cryptography.Xml.Reference)">
      <summary>Write information when user hits the Signed XML recursion depth limit issue.
            This is helpful in debugging this kind of issues.<para>当用户遇到签名 xml 递归深度限制问题时写入信息. 这有助于调试此类问题.</para></summary>
      <param name="signedXml">SignedXml object verifying the signature<para>验证签名</para></param>
      <param name="reference">reference being verified<para>引用的 signedxml 对象正在验证</para></param>
    </member>
    <member name="M:System.Security.Cryptography.Xml.SignedXmlDebugLog.WriteLine(System.Object,System.Diagnostics.TraceEventType,System.Security.Cryptography.Xml.SignedXmlDebugLog.SignedXmlDebugEvent,System.String)">
      <summary>Write data to the log<para>将数据写入日志</para></summary>
      <param name="source">object doing the trace<para>执行跟踪的对象</para></param>
      <param name="eventType">severity of the debug event<para>调试事件的严重性 正在写入的数据</para></param>
      <param name="data">data being written<para>正在跟踪的事件类型</para></param>
      <param name="eventId">type of event being traced<para></para></param>
    </member>
    <member name="M:System.Security.Cryptography.Xml.XmlDsigEnvelopedSignatureTransform.#ctor(System.Boolean)">
      <internalonly />
    </member>
    <member name="P:System.HexConverter.CharToHexLookup">
      <summary>Map from an ASCII char to its hex value, e.g. arr['b'] == 11. 0xFF means it's not a hex digit.<para>从 ascii 字符映射到其十六进制值,例如 arr[`b`]==11.0xff表示它不是十六进制数字.</para></summary>
    </member>
    <member name="P:System.SR.ArgumentOutOfRange_IndexMustBeLess">
      <summary>Index was out of range. Must be non-negative and less than the size of the collection.<para>指数超出范围.必须是非负数且小于集合的大小.</para></summary>
    </member>
    <member name="P:System.SR.ArgumentOutOfRange_IndexMustBeLessOrEqual">
      <summary>Index was out of range. Must be non-negative and less than or equal to the size of the collection.<para>指数超出范围.必须为非负数且小于或等于集合的大小.</para></summary>
    </member>
    <member name="P:System.SR.Arg_EmptyOrNullString">
      <summary>String cannot be empty or null.<para>字符串不能为空或空.</para></summary>
    </member>
    <member name="P:System.SR.Cryptography_Partial_Chain">
      <summary>A certificate chain could not be built to a trusted root authority.<para>无法将证书链构建到受信任的根颁发机构.</para></summary>
    </member>
    <member name="P:System.SR.Cryptography_Xml_BadWrappedKeySize">
      <summary>Bad wrapped key size.<para>包装的密钥大小错误.</para></summary>
    </member>
    <member name="P:System.SR.Cryptography_Xml_CipherValueElementRequired">
      <summary>A Cipher Data element should have either a CipherValue or a CipherReference element.<para>cipher data 元素应具有 ciphervalue 或 cipherreference 元素.</para></summary>
    </member>
    <member name="P:System.SR.Cryptography_Xml_CreateHashAlgorithmFailed">
      <summary>Could not create hash algorithm object.<para>无法创建哈希算法对象.</para></summary>
    </member>
    <member name="P:System.SR.Cryptography_Xml_CreateTransformFailed">
      <summary>Could not create the XML transformation identified by the URI {0}.<para>无法创建由 uri {0}标识的 xml 转换.</para></summary>
    </member>
    <member name="P:System.SR.Cryptography_Xml_CreatedKeyFailed">
      <summary>Failed to create signing key.<para>无法创建签名密钥.</para></summary>
    </member>
    <member name="P:System.SR.Cryptography_Xml_DigestMethodRequired">
      <summary>A DigestMethod must be specified on a Reference prior to generating XML.<para>在生成 xml 之前,必须在引用上指定摘要方法.</para></summary>
    </member>
    <member name="P:System.SR.Cryptography_Xml_DigestValueRequired">
      <summary>A Reference must contain a DigestValue.<para>引用必须包含摘要值.</para></summary>
    </member>
    <member name="P:System.SR.Cryptography_Xml_EnvelopedSignatureRequiresContext">
      <summary>An XmlDocument context is required for enveloped transforms.<para>信封转换需要 xmldocument 上下文.</para></summary>
    </member>
    <member name="P:System.SR.Cryptography_Xml_InvalidElement">
      <summary>Malformed element {0}.<para>格式错误的元素{0}.</para></summary>
    </member>
    <member name="P:System.SR.Cryptography_Xml_InvalidEncryptionProperty">
      <summary>Malformed encryption property element.<para>格式错误的加密属性元素.</para></summary>
    </member>
    <member name="P:System.SR.Cryptography_Xml_InvalidKeySize">
      <summary>The key size should be a non negative integer.<para>密钥大小应为非负整数.</para></summary>
    </member>
    <member name="P:System.SR.Cryptography_Xml_InvalidReference">
      <summary>Malformed reference element.<para>格式错误的参照元素.</para></summary>
    </member>
    <member name="P:System.SR.Cryptography_Xml_InvalidSignatureLength">
      <summary>The length of the signature with a MAC should be less than the hash output length.<para>带有 mac 的签名长度应小于哈希输出长度.</para></summary>
    </member>
    <member name="P:System.SR.Cryptography_Xml_InvalidSignatureLength2">
      <summary>The length in bits of the signature with a MAC should be a multiple of 8.<para>带有 mac 的签名的长度（以位为单位）应为 8 的倍数.</para></summary>
    </member>
    <member name="P:System.SR.Cryptography_Xml_InvalidX509IssuerSerialNumber">
      <summary>X509 issuer serial number is invalid.<para>x509 颁发者序列号无效.</para></summary>
    </member>
    <member name="P:System.SR.Cryptography_Xml_KeyInfoRequired">
      <summary>A KeyInfo element is required to check the signature.<para>需要 keyinfo 元素来检查签名.</para></summary>
    </member>
    <member name="P:System.SR.Cryptography_Xml_KW_BadKeySize">
      <summary>The length of the encrypted data in Key Wrap is either 32, 40 or 48 bytes.<para>密钥包装中加密数据的长度为 32、40 或 48 字节.</para></summary>
    </member>
    <member name="P:System.SR.Cryptography_Xml_LoadKeyFailed">
      <summary>Signing key is not loaded.<para>未加载签名密钥.</para></summary>
    </member>
    <member name="P:System.SR.Cryptography_Xml_MissingAlgorithm">
      <summary>Symmetric algorithm is not specified.<para>未指定对称算法.</para></summary>
    </member>
    <member name="P:System.SR.Cryptography_Xml_MissingCipherData">
      <summary>Cipher data is not specified.<para>未指定密码数据.</para></summary>
    </member>
    <member name="P:System.SR.Cryptography_Xml_MissingDecryptionKey">
      <summary>Unable to retrieve the decryption key.<para>无法检索解密密钥.</para></summary>
    </member>
    <member name="P:System.SR.Cryptography_Xml_MissingEncryptionKey">
      <summary>Unable to retrieve the encryption key.<para>无法检索加密密钥.</para></summary>
    </member>
    <member name="P:System.SR.Cryptography_Xml_NotSupportedCryptographicTransform">
      <summary>The specified cryptographic transform is not supported.<para>不支持指定的加密转换.</para></summary>
    </member>
    <member name="P:System.SR.Cryptography_Xml_ReferenceElementRequired">
      <summary>At least one Reference element is required.<para>至少需要一个引用元素.</para></summary>
    </member>
    <member name="P:System.SR.Cryptography_Xml_ReferenceTypeRequired">
      <summary>The Reference type must be set in an EncryptedReference object.<para>必须在加密引用对象中设置引用类型.</para></summary>
    </member>
    <member name="P:System.SR.Cryptography_Xml_SelfReferenceRequiresContext">
      <summary>An XmlDocument context is required to resolve the Reference Uri {0}.<para>需要 xmldocument 上下文来解析引用 uri {0}.</para></summary>
    </member>
    <member name="P:System.SR.Cryptography_Xml_SignatureDescriptionNotCreated">
      <summary>SignatureDescription could not be created for the signature algorithm supplied.<para>无法为提供的签名算法创建签名说明.</para></summary>
    </member>
    <member name="P:System.SR.Cryptography_Xml_SignatureMethodKeyMismatch">
      <summary>The key does not fit the SignatureMethod.<para>密钥不符合签名方法.</para></summary>
    </member>
    <member name="P:System.SR.Cryptography_Xml_SignatureMethodRequired">
      <summary>A signature method is required.<para>签名方法是必需的.</para></summary>
    </member>
    <member name="P:System.SR.Cryptography_Xml_SignatureValueRequired">
      <summary>Signature requires a SignatureValue.<para>签名需要签名值.</para></summary>
    </member>
    <member name="P:System.SR.Cryptography_Xml_SignedInfoRequired">
      <summary>Signature requires a SignedInfo.<para>签名需要签名信息.</para></summary>
    </member>
    <member name="P:System.SR.Cryptography_Xml_TransformIncorrectInputType">
      <summary>The input type was invalid for this transform.<para>输入类型对于此转换无效.</para></summary>
    </member>
    <member name="P:System.SR.Cryptography_Xml_IncorrectObjectType">
      <summary>Type of input object is invalid.<para>输入对象的类型无效.</para></summary>
    </member>
    <member name="P:System.SR.Cryptography_Xml_UnknownTransform">
      <summary>Unknown transform has been encountered.<para>遇到未知转换.</para></summary>
    </member>
    <member name="P:System.SR.Cryptography_Xml_UriNotResolved">
      <summary>Unable to resolve Uri {0}.<para>无法解析 uri {0}.</para></summary>
    </member>
    <member name="P:System.SR.Cryptography_Xml_UriNotSupported">
      <summary>The specified Uri is not supported.<para>不支持指定的 uri.</para></summary>
    </member>
    <member name="P:System.SR.Cryptography_Xml_UriRequired">
      <summary>A Uri attribute is required for a CipherReference element.<para>uri 属性是密码引用元素所必需的.</para></summary>
    </member>
    <member name="P:System.SR.Cryptography_Xml_XrmlMissingContext">
      <summary>Null Context property encountered.<para>遇到空上下文属性.</para></summary>
    </member>
    <member name="P:System.SR.Cryptography_Xml_XrmlMissingIRelDecryptor">
      <summary>IRelDecryptor is required.<para>ireldecryptor是必需的.</para></summary>
    </member>
    <member name="P:System.SR.Cryptography_Xml_XrmlMissingIssuer">
      <summary>Issuer node is required.<para>颁发者节点是必需的.</para></summary>
    </member>
    <member name="P:System.SR.Cryptography_Xml_XrmlMissingLicence">
      <summary>License node is required.<para>许可证节点是必需的.</para></summary>
    </member>
    <member name="P:System.SR.Cryptography_Xml_XrmlUnableToDecryptGrant">
      <summary>Unable to decrypt grant content.<para>无法解密授权内容.</para></summary>
    </member>
    <member name="P:System.SR.NotSupported_KeyAlgorithm">
      <summary>The certificate key algorithm is not supported.<para>不支持证书密钥算法.</para></summary>
    </member>
    <member name="P:System.SR.Log_ActualHashValue">
      <summary>Actual hash value: {0}<para>实际哈希值:{0}</para></summary>
    </member>
    <member name="P:System.SR.Log_BeginCanonicalization">
      <summary>Beginning canonicalization using "{0}" ({1}).<para>使用"{0}"（{1}）开始规范化.</para></summary>
    </member>
    <member name="P:System.SR.Log_BeginSignatureComputation">
      <summary>Beginning signature computation.<para>开始签名计算.</para></summary>
    </member>
    <member name="P:System.SR.Log_BeginSignatureVerification">
      <summary>Beginning signature verification.<para>开始签名验证.</para></summary>
    </member>
    <member name="P:System.SR.Log_BuildX509Chain">
      <summary>Building and verifying the X509 chain for certificate {0}.<para>为证书{509}构建并验证 x0 链.</para></summary>
    </member>
    <member name="P:System.SR.Log_CanonicalizationSettings">
      <summary>Canonicalization transform is using resolver {0} and base URI "{1}".<para>规范化转换使用解析程序{0}和基本 uri"{1}".</para></summary>
    </member>
    <member name="P:System.SR.Log_CanonicalizedOutput">
      <summary>Output of canonicalization transform: {0}<para>规范化转换的输出:{0}</para></summary>
    </member>
    <member name="P:System.SR.Log_CertificateChain">
      <summary>Certificate chain:<para>证书链:</para></summary>
    </member>
    <member name="P:System.SR.Log_CheckSignatureFormat">
      <summary>Checking signature format using format validator "[{0}] {1}.{2}".<para>使用格式验证器检查签名格式"[{0}] {1}.{2}".</para></summary>
    </member>
    <member name="P:System.SR.Log_CheckSignedInfo">
      <summary>Checking signature on SignedInfo with id "{0}".<para>检查 id 为"{0}"的签名信息上的签名.</para></summary>
    </member>
    <member name="P:System.SR.Log_FormatValidationSuccessful">
      <summary>Signature format validation was successful.<para>签名格式验证成功.</para></summary>
    </member>
    <member name="P:System.SR.Log_FormatValidationNotSuccessful">
      <summary>Signature format validation failed.<para>签名格式验证失败.</para></summary>
    </member>
    <member name="P:System.SR.Log_KeyUsages">
      <summary>Found key usages "{0}" in extension {1} on certificate {2}.<para>在证书{0}的扩展{1}中找到密钥用法"{2}".</para></summary>
    </member>
    <member name="P:System.SR.Log_NoNamespacesPropagated">
      <summary>No namespaces are being propagated.<para>未传播任何命名空间.</para></summary>
    </member>
    <member name="P:System.SR.Log_PropagatingNamespace">
      <summary>Propagating namespace {0}="{1}".<para>传播命名空间 {0}="{1}".</para></summary>
    </member>
    <member name="P:System.SR.Log_RawSignatureValue">
      <summary>Raw signature: {0}<para>原始签名:{0}</para></summary>
    </member>
    <member name="P:System.SR.Log_ReferenceHash">
      <summary>Reference {0} hashed with "{1}" ({2}) has hash value {3}, expected hash value {4}.<para>使用"{0}"（{1}）进行哈希处理的引用{2}具有哈希值{3},预期的哈希值{4}.</para></summary>
    </member>
    <member name="P:System.SR.Log_RevocationMode">
      <summary>Revocation mode for chain building: {0}.<para>链构建吊销模式:{0}.</para></summary>
    </member>
    <member name="P:System.SR.Log_RevocationFlag">
      <summary>Revocation flag for chain building: {0}.<para>链构建的吊销标志:{0}.</para></summary>
    </member>
    <member name="P:System.SR.Log_SigningAsymmetric">
      <summary>Calculating signature with key {0} using signature description {1}, hash algorithm {2}, and asymmetric signature formatter {3}.<para>使用签名描述{0}、哈希算法{1}和非对称签名格式化程序{2},使用密钥{3}计算签名.</para></summary>
    </member>
    <member name="P:System.SR.Log_SigningHmac">
      <summary>Calculating signature using keyed hash algorithm {0}.<para>使用键控哈希算法{0}计算签名.</para></summary>
    </member>
    <member name="P:System.SR.Log_SigningReference">
      <summary>Hashing reference {0}, Uri "{1}", Id "{2}", Type "{3}" with hash algorithm "{4}" ({5}).<para>哈希引用{0},uri"{1}",id "{2}",使用哈希算法"{3}"键入"{4}"（{5}）.</para></summary>
    </member>
    <member name="P:System.SR.Log_TransformedReferenceContents">
      <summary>Transformed reference contents: {0}<para>转换后的参考内容:{0}</para></summary>
    </member>
    <member name="P:System.SR.Log_UnsafeCanonicalizationMethod">
      <summary>Canonicalization method "{0}" is not on the safe list. Safe canonicalization methods are: {1}.<para>规范化方法"{0}"不在安全列表中.安全的规范化方法是:{1}.</para></summary>
    </member>
    <member name="P:System.SR.Log_UrlTimeout">
      <summary>URL retrieval timeout for chain building: {0}.<para>建链的url检索超时:{0}.</para></summary>
    </member>
    <member name="P:System.SR.Log_VerificationFailed">
      <summary>Verification failed checking {0}.<para>验证失败检查{0}.</para></summary>
    </member>
    <member name="P:System.SR.Log_VerificationFailed_References">
      <summary>references<para>引用</para></summary>
    </member>
    <member name="P:System.SR.Log_VerificationFailed_SignedInfo">
      <summary>SignedInfo<para>签名信息</para></summary>
    </member>
    <member name="P:System.SR.Log_VerificationFailed_X509Chain">
      <summary>X509 chain verification<para>x509链验证</para></summary>
    </member>
    <member name="P:System.SR.Log_VerificationFailed_X509KeyUsage">
      <summary>X509 key usage verification<para>x509 密钥用法验证</para></summary>
    </member>
    <member name="P:System.SR.Log_VerificationFlag">
      <summary>Verification flags for chain building: {0}.<para>用于构建链的验证标志:{0}.</para></summary>
    </member>
    <member name="P:System.SR.Log_VerificationTime">
      <summary>Verification time for chain building: {0}.<para>建链验证时间:{0}.</para></summary>
    </member>
    <member name="P:System.SR.Log_VerificationWithKeySuccessful">
      <summary>Verification with key {0} was successful.<para>使用密钥{0}进行验证成功.</para></summary>
    </member>
    <member name="P:System.SR.Log_VerificationWithKeyNotSuccessful">
      <summary>Verification with key {0} was not successful.<para>使用密钥{0}进行验证不成功.</para></summary>
    </member>
    <member name="P:System.SR.Log_VerifyReference">
      <summary>Processing reference {0}, Uri "{1}", Id "{2}", Type "{3}".<para>处理引用{0},uri"{1}",id "{2}",键入"{3}".</para></summary>
    </member>
    <member name="P:System.SR.Log_VerifySignedInfoAsymmetric">
      <summary>Verifying SignedInfo using key {0}, signature description {1}, hash algorithm {2}, and asymmetric signature deformatter {3}.<para>使用密钥{0}、签名描述{1}、哈希算法{2}和非对称签名格式化程序{3}验证 signedinfo.</para></summary>
    </member>
    <member name="P:System.SR.Log_VerifySignedInfoHmac">
      <summary>Verifying SignedInfo using keyed hash algorithm {0}.<para>使用键控哈希算法验证签名信息 {0}.</para></summary>
    </member>
    <member name="P:System.SR.Log_X509ChainError">
      <summary>Error building X509 chain: {0}: {1}.<para>构建 x509 链时出错:{0}:{1}.</para></summary>
    </member>
    <member name="P:System.SR.Log_XmlContext">
      <summary>Using context: {0}<para>使用上下文:{0}</para></summary>
    </member>
    <member name="P:System.SR.Log_SignedXmlRecursionLimit">
      <summary>Signed xml recursion limit hit while trying to decrypt the key. Reference {0} hashed with "{1}" and ({2}).<para>尝试解密密钥时遇到签名的 xml 递归限制.引用{0}用"{1}"和（{2}）进行哈希处理.</para></summary>
    </member>
    <member name="P:System.SR.Log_UnsafeTransformMethod">
      <summary>Transform method "{0}" is not on the safe list. Safe transform methods are: {1}.<para>转换方法"{0}"不在安全列表中.安全变换方法有:{1}.</para></summary>
    </member>
    <member name="P:System.SR.ElementCombinationMissing">
      <summary>{0} and {1} can only occur in combination<para>{0}和{1}只能同时发生</para></summary>
    </member>
    <member name="P:System.SR.ElementMissing">
      <summary>{0} is missing<para>缺少{0}</para></summary>
    </member>
    <member name="P:System.SR.MustContainChildElement">
      <summary>{0} must contain child element {1}<para>{0}必须包含子元素{1}</para></summary>
    </member>
    <member name="P:System.SR.WrongRootElement">
      <summary>Root element must be {0} element in namespace {1}<para>根元素必须是命名空间{0}中的{1}元素</para></summary>
    </member>
    <member name="P:System.SR.Cryptography_Xml_EntityResolutionNotSupported">
      <summary>External entity resolution is not supported.<para>不支持外部实体解析.</para></summary>
    </member>
  </members>
</doc>