<?xml version="1.0"?>
<doc>
  <assembly>
    <name>System.Diagnostics.EventLog</name>
  </assembly>
  <members>
    <member name="P:System.SR.BadLogName">
      <summary>Event log names must consist of printable characters and cannot contain \\, *, ?, or spaces<para>事件日志名称必须由可打印字符组成,不能包含 \\、*、？ 或空格</para></summary>
    </member>
    <member name="P:System.SR.CannotDeleteEqualSource">
      <summary>The event log source '{0}' cannot be deleted, because it's equal to the log name.<para>无法删除事件日志源"{0}",因为它等于日志名称.</para></summary>
    </member>
    <member name="P:System.SR.CantMonitorEventLog">
      <summary>Cannot monitor EntryWritten events for this EventLog. This might be because the EventLog is on a remote machine which is not a supported scenario.<para>无法监视此事件日志的条目写入事件.这可能是因为事件日志位于不支持的方案的远程计算机上.</para></summary>
    </member>
    <member name="P:System.SR.CantOpenLog">
      <summary>Cannot open log {0} on computer '{1}'. {2}<para>无法打开计算机"{0}"上的日志{1}.{2}</para></summary>
    </member>
    <member name="P:System.SR.CantOpenLogAccess">
      <summary>Cannot open log for source '{0}'. You may not have write access.<para>无法打开源"{0}"的日志.您可能没有写入权限.</para></summary>
    </member>
    <member name="P:System.SR.CantReadLogEntryAt">
      <summary>Cannot read log entry number {0}.  The event log may be corrupt.<para>无法读取日志条目编号{0}.事件日志可能已损坏.</para></summary>
    </member>
    <member name="P:System.SR.CantRetrieveEntries">
      <summary>Cannot retrieve all entries.<para>无法检索所有条目.</para></summary>
    </member>
    <member name="P:System.SR.EventID">
      <summary>Invalid eventID value '{0}'. It must be in the range between '{1}' and '{2}'.<para>无效的事件 id 值"{0}".它必须在"{1}"和"{2}"之间.</para></summary>
    </member>
    <member name="P:System.SR.IndexOutOfBounds">
      <summary>Index {0} is out of bounds.<para>索引{0}超出范围.</para></summary>
    </member>
    <member name="P:System.SR.InitTwice">
      <summary>Cannot initialize the same object twice.<para>无法将同一对象初始化两次.</para></summary>
    </member>
    <member name="P:System.SR.InvalidCustomerLogName">
      <summary>The log name: '{0}' is invalid for customer log creation.<para>日志名称:"{0}"对于客户日志创建无效.</para></summary>
    </member>
    <member name="P:System.SR.InvalidParameter">
      <summary>Invalid value '{1}' for parameter '{0}'.<para>参数"{1}"的值"{0}"无效.</para></summary>
    </member>
    <member name="P:System.SR.InvalidParameterFormat">
      <summary>Invalid format for argument {0}.<para>参数{0}的格式无效.</para></summary>
    </member>
    <member name="P:System.SR.LocalLogAlreadyExistsAsSource">
      <summary>Log {0} has already been registered as a source on the local computer.<para>日志{0}已注册为本地计算机上的源.</para></summary>
    </member>
    <member name="P:System.SR.LocalRegKeyMissing">
      <summary>Cannot open registry key {0}\\{1}\\{2}.<para>无法打开注册表项{0}\\{1}\{2}.</para></summary>
    </member>
    <member name="P:System.SR.LocalSourceAlreadyExists">
      <summary>Source {0} already exists on the local computer.<para>源{0}已存在于本地计算机上.</para></summary>
    </member>
    <member name="P:System.SR.LocalSourceNotRegistered">
      <summary>Source {0} is not registered on the local computer.<para>源{0}未在本地计算机上注册.</para></summary>
    </member>
    <member name="P:System.SR.LogDoesNotExists">
      <summary>The event log '{0}' on computer '{1}' does not exist.<para>计算机"{0}"上的事件日志"{1}"不存在.</para></summary>
    </member>
    <member name="P:System.SR.LogEntryTooLong">
      <summary>Log entry string is too long. A string written to the event log cannot exceed 32766 characters.<para>日志条目字符串太长.写入事件日志的字符串不能超过 32766 个字符.</para></summary>
    </member>
    <member name="P:System.SR.LogSourceMismatch">
      <summary>The source '{0}' is not registered in log '{1}'. (It is registered in log '{2}'.) " The Source and Log properties must be matched, or you may set Log to the empty string, and it will automatically be matched to the Source property.NoAccountInfo=Cannot obta ...<para>源"{0}"未在日志"{1}"中注册.（它在日志"{2}"中注册."源和日志属性必须匹配,或者您可以将 log 设置为空字符串,它将自动匹配到 source 属性.noaccountinfo=无法obta ...</para></summary>
    </member>
    <member name="P:System.SR.MaximumKilobytesOutOfRange">
      <summary>MaximumKilobytes must be between 64 KB and 4 GB, and must be in 64K increments.<para>最大千字节必须介于 64 kb 和 4 gb 之间,并且必须以 64k 为增量.</para></summary>
    </member>
    <member name="P:System.SR.MessageNotFormatted">
      <summary>The description for Event ID '{0}' in Source '{1}' cannot be found.  The local computer may not have the necessary registry information or message DLL files to display the message, or you may not have permission to access them.  The following information i ...<para>找不到源"{0}"中的事件 id "{1}"的说明.本地计算机可能没有必要的注册表信息或消息 dll 文件来显示消息,或者您可能没有访问它们的权限.以下信息我...</para></summary>
    </member>
    <member name="P:System.SR.MissingLog">
      <summary>Cannot find Log {0} on computer '{1}'.<para>在计算机"{0}"上找不到日志{1}.</para></summary>
    </member>
    <member name="P:System.SR.MissingLogProperty">
      <summary>Log property value has not been specified.<para>尚未指定日志属性值.</para></summary>
    </member>
    <member name="P:System.SR.MissingParameter">
      <summary>Must specify value for {0}.<para>必须指定{0}的值.</para></summary>
    </member>
    <member name="P:System.SR.NeedSourceToOpen">
      <summary>Source property was not set before opening the event log in write mode.<para>在写入模式下打开事件日志之前,未设置源属性.</para></summary>
    </member>
    <member name="P:System.SR.NeedSourceToWrite">
      <summary>Source property was not set before writing to the event log.<para>在写入事件日志之前未设置源属性.</para></summary>
    </member>
    <member name="P:System.SR.NoCurrentEntry">
      <summary>No current EventLog entry available, cursor is located before the first or after the last element of the enumeration.<para>当前没有可用的事件日志条目,游标位于枚举的第一个元素之前或之后.</para></summary>
    </member>
    <member name="P:System.SR.NoLogName">
      <summary>Log to delete was not specified.<para>未指定要删除的日志.</para></summary>
    </member>
    <member name="P:System.SR.ParameterTooLong">
      <summary>The size of {0} is too big. It cannot be longer than {1} characters.<para>{0}的尺寸太大.它不能超过 {1} 个字符.</para></summary>
    </member>
    <member name="P:System.SR.PlatformNotSupported_EventLog">
      <summary>EventLog access is not supported on this platform.<para>此平台不支持事件日志访问.</para></summary>
    </member>
    <member name="P:System.SR.RegKeyMissing">
      <summary>Cannot open registry key {0}\\{1}\\{2} on computer '{3}'.<para>无法打开计算机"{0}"上的注册表项{1}\\{2}\\{3}.</para></summary>
    </member>
    <member name="P:System.SR.RegKeyMissingShort">
      <summary>Cannot open registry key {0} on computer {1}.<para>无法在计算机{0}上打开注册表项{1}.</para></summary>
    </member>
    <member name="P:System.SR.RegKeyNoAccess">
      <summary>Cannot open registry key {0} on computer {1}. You might not have access.<para>无法在计算机{0}上打开注册表项{1}.您可能没有访问权限.</para></summary>
    </member>
    <member name="P:System.SR.RentionDaysOutOfRange">
      <summary>'retentionDays' must be between 1 and 365 days.<para>"保留天数"必须介于 1 到 365 天之间.</para></summary>
    </member>
    <member name="P:System.SR.SomeLogsInaccessible">
      <summary>The source was not found, but some or all event logs could not be searched.  Inaccessible logs: {0}.<para>找不到源,但无法搜索部分或全部事件日志.无法访问的日志:{0}.</para></summary>
    </member>
    <member name="P:System.SR.SomeLogsInaccessibleToCreate">
      <summary>The source was not found, but some or all event logs could not be searched.  To create the source, you need permission to read all event logs to make sure that the new source name is unique.  Inaccessible logs: {0}.<para>找不到源,但无法搜索部分或全部事件日志.若要创建源,需要具有读取所有事件日志的权限,以确保新的源名称是唯一的.无法访问的日志:{0}.</para></summary>
    </member>
    <member name="P:System.SR.SourceAlreadyExists">
      <summary>Source {0} already exists on the computer '{1}'.<para>源{0}已存在于计算机"{1}"上.</para></summary>
    </member>
    <member name="P:System.SR.SourceNotRegistered">
      <summary>The source '{0}' is not registered on machine '{1}', or you do not have write access to the {2} registry key.<para>源"{0}"未在计算机"{1}"上注册,或者您没有对{2}注册表项的写入访问权限.</para></summary>
    </member>
    <member name="P:System.SR.TooManyReplacementStrings">
      <summary>The maximum allowed number of replacement strings is 255.<para>允许的最大替换字符串数为 255.</para></summary>
    </member>
    <member name="P:System.SR.LogAlreadyExistsAsSource">
      <summary>Log {0} has already been registered as a source on the local computer.<para>日志{0}已注册为本地计算机上的源.</para></summary>
    </member>
  </members>
</doc>