<?xml version="1.0"?>
<doc>
  <assembly>
    <name>System.Threading.RateLimiting</name>
  </assembly>
  <members>
    <member name="T:System.Threading.RateLimiting.ChainedPartitionedRateLimiter`1">
      <summary>Acquires leases from rate limiters in the order given. If a lease fails to be acquired (throwing or IsAcquired == false)
            then the already acquired leases are disposed in reverse order and the failing lease is returned or the exception is thrown to user code.<para>按照给定的顺序从速率限制器获取租约.如果无法获取租约（抛出或获取==假） 然后,以相反的顺序释放已获取的租约,并返回失败的租约或向用户代码引发异常.</para></summary>
    </member>
    <member name="T:System.Threading.RateLimiting.ConcurrencyLimiter">
      <summary>
        <see cref="T:System.Threading.RateLimiting.RateLimiter" /> implementation that helps manage concurrent access to a resource.<para><see cref="T:System.Threading.RateLimiting.RateLimiter" /> 实现,有助于管理对资源的并发访问.</para></summary>
    </member>
    <member name="P:System.Threading.RateLimiting.ConcurrencyLimiter.IdleDuration">
      <inheritdoc />
    </member>
    <member name="M:System.Threading.RateLimiting.ConcurrencyLimiter.#ctor(System.Threading.RateLimiting.ConcurrencyLimiterOptions)">
      <summary>Initializes the <see cref="T:System.Threading.RateLimiting.ConcurrencyLimiter" />.<para>初始化 <see cref="T:System.Threading.RateLimiting.ConcurrencyLimiter" />.</para></summary>
      <param name="options">Options to specify the behavior of the <see cref="T:System.Threading.RateLimiting.ConcurrencyLimiter" />.<para>用于指定 <see cref="T:System.Threading.RateLimiting.ConcurrencyLimiter" /> 行为的选项.</para></param>
    </member>
    <member name="M:System.Threading.RateLimiting.ConcurrencyLimiter.GetStatistics">
      <inheritdoc />
    </member>
    <member name="M:System.Threading.RateLimiting.ConcurrencyLimiter.AttemptAcquireCore(System.Int32)">
      <inheritdoc />
    </member>
    <member name="M:System.Threading.RateLimiting.ConcurrencyLimiter.AcquireAsyncCore(System.Int32,System.Threading.CancellationToken)">
      <inheritdoc />
    </member>
    <member name="T:System.Threading.RateLimiting.ConcurrencyLimiterOptions">
      <summary>Options to specify the behavior of a <see cref="T:System.Threading.RateLimiting.ConcurrencyLimiter" />.<para>用于指定 <see cref="T:System.Threading.RateLimiting.ConcurrencyLimiter" /> 行为的选项.</para></summary>
    </member>
    <member name="P:System.Threading.RateLimiting.ConcurrencyLimiterOptions.PermitLimit">
      <summary>Maximum number of permits that can be leased concurrently.
            Must be set to a value &gt; 0 by the time these options are passed to the constructor of <see cref="T:System.Threading.RateLimiting.ConcurrencyLimiter" />.<para>可同时租用的最大许可证数. 必须设置为值 &gt;当这些选项传递给 <see cref="T:System.Threading.RateLimiting.ConcurrencyLimiter" /> 的构造函数时为 0.</para></summary>
    </member>
    <member name="P:System.Threading.RateLimiting.ConcurrencyLimiterOptions.QueueProcessingOrder">
      <summary>Determines the behaviour of <see cref="M:System.Threading.RateLimiting.RateLimiter.AcquireAsync(System.Int32,System.Threading.CancellationToken)" /> when not enough resources can be leased.<para>确定 <see cref="m:system.threading.ratelimiting.ratelimiter.acquireasync（system.int32,system.threading.canceltoken）" /> 当没有足够的资源可以租用时.</para></summary>
      <value>
        <see cref="F:System.Threading.RateLimiting.QueueProcessingOrder.OldestFirst" /> by default.
            </value>
    </member>
    <member name="P:System.Threading.RateLimiting.ConcurrencyLimiterOptions.QueueLimit">
      <summary>Maximum number of permits that can be queued concurrently.
            Must be set to a value &gt;= 0 by the time these options are passed to the constructor of <see cref="T:System.Threading.RateLimiting.ConcurrencyLimiter" />.<para>可以同时排队的最大许可证数. 在将这些选项传递给 <see cref="T:System.Threading.RateLimiting.ConcurrencyLimiter" /> 的构造函数时,必须设置为值 &gt;=0.</para></summary>
    </member>
    <member name="T:System.Threading.RateLimiting.FixedWindowRateLimiter">
      <summary>
        <see cref="T:System.Threading.RateLimiting.RateLimiter" /> implementation that refreshes allowed permits in a window periodically.<para><see cref="T:System.Threading.RateLimiting.RateLimiter" /> 实现,用于定期刷新窗口中允许的许可证.</para></summary>
    </member>
    <member name="P:System.Threading.RateLimiting.FixedWindowRateLimiter.IdleDuration">
      <inheritdoc />
    </member>
    <member name="P:System.Threading.RateLimiting.FixedWindowRateLimiter.IsAutoReplenishing">
      <inheritdoc />
    </member>
    <member name="P:System.Threading.RateLimiting.FixedWindowRateLimiter.ReplenishmentPeriod">
      <inheritdoc />
    </member>
    <member name="M:System.Threading.RateLimiting.FixedWindowRateLimiter.#ctor(System.Threading.RateLimiting.FixedWindowRateLimiterOptions)">
      <summary>Initializes the <see cref="T:System.Threading.RateLimiting.FixedWindowRateLimiter" />.<para>初始化 <see cref="T:System.Threading.RateLimiting.FixedWindowRateLimiter" />.</para></summary>
      <param name="options">Options to specify the behavior of the <see cref="T:System.Threading.RateLimiting.FixedWindowRateLimiter" />.<para>用于指定 <see cref="T:System.Threading.RateLimiting.FixedWindowRateLimiter" /> 行为的选项.</para></param>
    </member>
    <member name="M:System.Threading.RateLimiting.FixedWindowRateLimiter.GetStatistics">
      <inheritdoc />
    </member>
    <member name="M:System.Threading.RateLimiting.FixedWindowRateLimiter.AttemptAcquireCore(System.Int32)">
      <inheritdoc />
    </member>
    <member name="M:System.Threading.RateLimiting.FixedWindowRateLimiter.AcquireAsyncCore(System.Int32,System.Threading.CancellationToken)">
      <inheritdoc />
    </member>
    <member name="M:System.Threading.RateLimiting.FixedWindowRateLimiter.TryReplenish">
      <summary>Attempts to replenish request counters in the window.<para>尝试在窗口中补充请求计数器.</para></summary>
      <returns>False if <see cref="P:System.Threading.RateLimiting.FixedWindowRateLimiterOptions.AutoReplenishment" /> is enabled, otherwise true.
            Does not reflect if counters were replenished.<para>如果为假 <see cref="p:system.threading.ratelimiting.fixedwindowratelimiteroptions.autosupplementment" /> 为启用,否则为 true. 不反映计数器是否已补充.</para></returns>
    </member>
    <member name="T:System.Threading.RateLimiting.FixedWindowRateLimiterOptions">
      <summary>Options to specify the behavior of a <see cref="T:System.Threading.RateLimiting.FixedWindowRateLimiter" />.<para>用于指定 <see cref="T:System.Threading.RateLimiting.FixedWindowRateLimiter" /> 行为的选项.</para></summary>
    </member>
    <member name="P:System.Threading.RateLimiting.FixedWindowRateLimiterOptions.Window">
      <summary>Specifies the time window that takes in the requests.
            Must be set to a value greater than <see cref="F:System.TimeSpan.Zero" /> by the time these options are passed to the constructor of <see cref="T:System.Threading.RateLimiting.FixedWindowRateLimiter" />.<para>指定接收请求的时间窗口. 必须在将这些选项传递给 <see cref="T:System.Threading.RateLimiting.FixedWindowRateLimiter" /> 的构造函数时设置为大于 <see cref="F:System.TimeSpan.Zero" /> 的值.</para></summary>
    </member>
    <member name="P:System.Threading.RateLimiting.FixedWindowRateLimiterOptions.AutoReplenishment">
      <summary>Specified whether the <see cref="T:System.Threading.RateLimiting.FixedWindowRateLimiter" /> is automatically refresh counters or if someone else
            will be calling <see cref="M:System.Threading.RateLimiting.FixedWindowRateLimiter.TryReplenish" /> to refresh counters.<para>指定 <see cref="T:System.Threading.RateLimiting.FixedWindowRateLimiter" /> 是自动刷新计数器还是其他人 将调用 <see cref="M:System.Threading.RateLimiting.FixedWindowRateLimiter.TryReplenish" /> 来刷新计数器.</para></summary>
      <value>
        <see langword="true" /> by default.
            </value>
    </member>
    <member name="P:System.Threading.RateLimiting.FixedWindowRateLimiterOptions.PermitLimit">
      <summary>Maximum number of permit counters that can be allowed in a window.
            Must be set to a value &gt; 0 by the time these options are passed to the constructor of <see cref="T:System.Threading.RateLimiting.FixedWindowRateLimiter" />.<para>窗口中可以允许的最大许可证计数器数. 必须设置为值 &gt;当这些选项传递给 <see cref="T:System.Threading.RateLimiting.FixedWindowRateLimiter" /> 的构造函数时为 0.</para></summary>
    </member>
    <member name="P:System.Threading.RateLimiting.FixedWindowRateLimiterOptions.QueueProcessingOrder">
      <summary>Determines the behaviour of <see cref="M:System.Threading.RateLimiting.RateLimiter.AcquireAsync(System.Int32,System.Threading.CancellationToken)" /> when not enough resources can be leased.<para>确定 <see cref="m:system.threading.ratelimiting.ratelimiter.acquireasync（system.int32,system.threading.canceltoken）" /> 当没有足够的资源可以租用时.</para></summary>
      <value>
        <see cref="F:System.Threading.RateLimiting.QueueProcessingOrder.OldestFirst" /> by default.
            </value>
    </member>
    <member name="P:System.Threading.RateLimiting.FixedWindowRateLimiterOptions.QueueLimit">
      <summary>Maximum cumulative permit count of queued acquisition requests.
            Must be set to a value &gt;= 0 by the time these options are passed to the constructor of <see cref="T:System.Threading.RateLimiting.FixedWindowRateLimiter" />.<para>排队获取请求的最大累积许可计数. 在将这些选项传递给 <see cref="T:System.Threading.RateLimiting.FixedWindowRateLimiter" /> 的构造函数时,必须设置为值 &gt;=0.</para></summary>
    </member>
    <member name="T:System.Threading.RateLimiting.MetadataName">
      <summary>Contains some common metadata name-type pairs and helper method to create a metadata name.<para>包含一些常见的元数据名称类型对和用于创建元数据名称的帮助程序方法.</para></summary>
    </member>
    <member name="P:System.Threading.RateLimiting.MetadataName.RetryAfter">
      <summary>Metadata put on a failed lease acquisition to specify when to retry acquiring a lease.
            For example, used in <see cref="T:System.Threading.RateLimiting.TokenBucketRateLimiter" /> which periodically replenishes leases.<para>元数据放在失败的租约获取上,以指定何时重试获取租约. 例如,在定期补充租约的 <see cref="T:System.Threading.RateLimiting.TokenBucketRateLimiter" /> 中使用.</para></summary>
    </member>
    <member name="P:System.Threading.RateLimiting.MetadataName.ReasonPhrase">
      <summary>Metadata put on a failed lease acquisition to specify the reason the lease failed.<para>元数据放在失败的租约获取上,以指定租约失败的原因.</para></summary>
    </member>
    <member name="M:System.Threading.RateLimiting.MetadataName.Create``1(System.String)">
      <summary>Create a strongly-typed metadata name.<para>创建强类型元数据名称.</para></summary>
      <typeparam name="T">Type that the metadata will contain.<para>元数据将包含的类型.</para></typeparam>
      <param name="name">Name of the metadata.<para>元数据的名称.</para></param>
      <returns>
        <para>
        </para>
      </returns>
    </member>
    <member name="T:System.Threading.RateLimiting.MetadataName`1">
      <summary>A strongly-typed name of metadata that can be stored in a <see cref="T:System.Threading.RateLimiting.RateLimitLease" />.<para>可存储在 <see cref="T:System.Threading.RateLimiting.RateLimitLease" /> 中的元数据的强类型名称.</para></summary>
      <typeparam name="T">The type the metadata will be.<para>元数据的类型.</para></typeparam>
    </member>
    <member name="M:System.Threading.RateLimiting.MetadataName`1.#ctor(System.String)">
      <summary>Constructs a <see cref="T:System.Threading.RateLimiting.MetadataName`1" /> object with the given name.<para>构造具有给定名称的 <see cref="T:System.Threading.RateLimiting.MetadataName`1" /> 对象.</para></summary>
      <param name="name">The name of the <see cref="T:System.Threading.RateLimiting.MetadataName" /> object.<para><see cref="T:System.Threading.RateLimiting.MetadataName" /> 对象的名称.</para></param>
    </member>
    <member name="P:System.Threading.RateLimiting.MetadataName`1.Name">
      <summary>Gets the name of the metadata.<para>获取元数据的名称.</para></summary>
    </member>
    <member name="M:System.Threading.RateLimiting.MetadataName`1.ToString">
      <inheritdoc />
    </member>
    <member name="M:System.Threading.RateLimiting.MetadataName`1.GetHashCode">
      <inheritdoc />
    </member>
    <member name="M:System.Threading.RateLimiting.MetadataName`1.Equals(System.Object)">
      <inheritdoc />
    </member>
    <member name="M:System.Threading.RateLimiting.MetadataName`1.Equals(System.Threading.RateLimiting.MetadataName{`0})">
      <inheritdoc />
    </member>
    <member name="M:System.Threading.RateLimiting.MetadataName`1.op_Equality(System.Threading.RateLimiting.MetadataName{`0},System.Threading.RateLimiting.MetadataName{`0})">
      <summary>Determines whether two <see cref="T:System.Threading.RateLimiting.MetadataName`1" /> are equal to each other.<para>确定两个 <see cref="T:System.Threading.RateLimiting.MetadataName`1" /> 是否彼此相等.</para></summary>
      <param name="left">
        <para>
        </para>
      </param>
      <param name="right">
        <para>
        </para>
      </param>
      <returns>
        <para>
        </para>
      </returns>
    </member>
    <member name="M:System.Threading.RateLimiting.MetadataName`1.op_Inequality(System.Threading.RateLimiting.MetadataName{`0},System.Threading.RateLimiting.MetadataName{`0})">
      <summary>Determines whether two <see cref="T:System.Threading.RateLimiting.MetadataName`1" /> are not equal to each other.<para>确定两个 <see cref="T:System.Threading.RateLimiting.MetadataName`1" /> 是否彼此不相等.</para></summary>
      <param name="left">
        <para>
        </para>
      </param>
      <param name="right">
        <para>
        </para>
      </param>
      <returns>
        <para>
        </para>
      </returns>
    </member>
    <member name="T:System.Threading.RateLimiting.PartitionedRateLimiter">
      <summary>Contains methods to assist with creating a <see cref="T:System.Threading.RateLimiting.PartitionedRateLimiter`1" />.<para>包含有助于创建 <see cref="T:System.Threading.RateLimiting.PartitionedRateLimiter`1" /> 的方法.</para></summary>
    </member>
    <member name="M:System.Threading.RateLimiting.PartitionedRateLimiter.Create``2(System.Func{``0,System.Threading.RateLimiting.RateLimitPartition{``1}},System.Collections.Generic.IEqualityComparer{``1})">
      <summary>Method used to create a default implementation of <see cref="T:System.Threading.RateLimiting.PartitionedRateLimiter`1" />.<para>用于创建 <see cref="T:System.Threading.RateLimiting.PartitionedRateLimiter`1" /> 的默认实现的方法.</para></summary>
      <typeparam name="TResource">The resource type that is being rate limited.<para>受速率限制的资源类型.</para></typeparam>
      <typeparam name="TPartitionKey">The type to distinguish partitions with.<para>用于区分分区的类型.</para></typeparam>
      <param name="partitioner">Method called every time an Acquire or WaitAsync call is made to figure out what rate limiter to apply to the request.
            If the <see cref="P:System.Threading.RateLimiting.RateLimitPartition`1.PartitionKey" /> matches a cached entry then the rate limiter previously used for that key is used. Otherwise, the factory is called to get a new rate limiter.<para>每次进行获取或 waitasync 调用时调用的方法,以确定要应用于请求的速率限制器. 如果 <see cref="P:System.Threading.RateLimiting.RateLimitPartition`1.PartitionKey" /> 与缓存的条目匹配,则使用以前用于该键的速率限制器.否则,将调用工厂以获取新的速率限制器.</para></param>
      <param name="equalityComparer">Optional <see cref="T:System.Collections.Generic.IEqualityComparer`1" /> to customize the comparison logic for <typeparamref name="TPartitionKey" />.<para>可选 <see cref="T:System.Collections.Generic.IEqualityComparer`1" /> 自定义 <typeparamref name="TPartitionKey" /> 的比较逻辑.</para></param>
      <returns>
        <para>
        </para>
      </returns>
    </member>
    <member name="M:System.Threading.RateLimiting.PartitionedRateLimiter.CreateChained``1(System.Threading.RateLimiting.PartitionedRateLimiter{``0}[])">
      <summary>Creates a single <see cref="T:System.Threading.RateLimiting.PartitionedRateLimiter`1" /> that wraps the passed in <see cref="T:System.Threading.RateLimiting.PartitionedRateLimiter`1" />s.<para>创建一个 <see cref="T:System.Threading.RateLimiting.PartitionedRateLimiter`1" />,用于将传递的包装在 <see cref="T:System.Threading.RateLimiting.PartitionedRateLimiter`1" /> 中.</para></summary>
      <remarks>
        <para>
            Methods on the returned <see cref="T:System.Threading.RateLimiting.PartitionedRateLimiter`1" /> will iterate over the passed in <paramref name="limiters" /> in the order given.
            </para>
        <para>
          <see cref="M:System.Threading.RateLimiting.PartitionedRateLimiter`1.GetStatistics(`0)" /> will return the lowest value for <see cref="P:System.Threading.RateLimiting.RateLimiterStatistics.CurrentAvailablePermits" />,
            the inner-most limiter's <see cref="P:System.Threading.RateLimiting.RateLimiterStatistics.TotalSuccessfulLeases" />,
            and the aggregate values for the rest of the properties from the <paramref name="limiters" />.
            </para>
        <para>
          <see cref="T:System.Threading.RateLimiting.RateLimitLease" />s returned will aggregate metadata and for duplicates use the value of the first lease with the same metadata name.
            </para>
        <para>
          <para> 返回的方法 <see cref="t:system.threading.ratelimiting.partitionedratelimiter`1" /> 将迭代传入 <paramref name="limiters" /> 按照给定的顺序. </para>
          <para> <see cref="m:system.threading.ratelimiting.partitionedratelimiter`1.getstatistics（`0）" /> 将返回 <see cref="p:system.threading.ratelimiting.ratelimiterstatistics.currentavailablepermits" /> , 最里面的限制器 <see cref="p:system.threading.ratelimiting.ratelimiterstatistics.totalsuccessleases" /> , 以及来自 <paramref name="limiters" /> . </para>
          <para> <see cref="t:system.threading.ratelimiting.ratelimitlease" /> 返回的 s 将聚合元数据,对于重复项,使用具有相同元数据名称的第一个租约的值. </para>
        </para>
      </remarks>
      <typeparam name="TResource">The resource type that is being rate limited.<para>受速率限制的资源类型.</para></typeparam>
      <param name="limiters">The <see cref="T:System.Threading.RateLimiting.PartitionedRateLimiter`1" />s that will be called in order when acquiring resources.<para>获取资源时将按顺序调用的 <see cref="T:System.Threading.RateLimiting.PartitionedRateLimiter`1" />.</para></param>
      <returns>
        <para>
        </para>
      </returns>
      <exception cref="T:System.ArgumentNullException">
        <paramref name="limiters" /> is a null parameter.<para><paramref name="limiters" /> 是一个空参数.</para></exception>
      <exception cref="T:System.ArgumentException">
        <paramref name="limiters" /> is an empty array.<para><paramref name="limiters" /> 是一个空数组.</para></exception>
    </member>
    <member name="T:System.Threading.RateLimiting.PartitionedRateLimiter`1">
      <summary>Represents a limiter type that users interact with to determine if an operation can proceed given a specific <typeparamref name="TResource" />.<para>表示一个限制器类型,用户与该类型交互以确定给定特定 <typeparamref name="TResource" /> 的操作是否可以继续.</para></summary>
      <typeparam name="TResource">The resource type that is being limited.<para>受限制的资源类型.</para></typeparam>
    </member>
    <member name="M:System.Threading.RateLimiting.PartitionedRateLimiter`1.GetStatistics(`0)">
      <summary>Gets a snapshot of the statistics for the <paramref name="resource" /> if available.<para>获取 <paramref name="resource" /> 的统计信息的快照（如果可用）.</para></summary>
      <returns>An instance of <see cref="T:System.Threading.RateLimiting.RateLimiterStatistics" /> containing a snapshot of the statistics for a <paramref name="resource" />.<para>包含 <paramref name="resource" /> 统计信息快照的 <see cref="T:System.Threading.RateLimiting.RateLimiterStatistics" /> 实例.</para></returns>
    </member>
    <member name="M:System.Threading.RateLimiting.PartitionedRateLimiter`1.AttemptAcquire(`0,System.Int32)">
      <summary>Fast synchronous attempt to acquire permits.<para>快速同步尝试获取许可证.</para></summary>
      <remarks>Set <paramref name="permitCount" /> to 0 to get whether permits are exhausted.<para>将 <paramref name="permitCount" /> 设置为 0 以获取许可证是否已用尽.</para></remarks>
      <param name="resource">The resource to limit.<para>要限制的资源.</para></param>
      <param name="permitCount">Number of permits to try and acquire.<para>尝试和获得的许可证数量.</para></param>
      <returns>A successful or failed lease.<para>成功或失败的租约.</para></returns>
      <exception cref="T:System.ArgumentOutOfRangeException">
        <para>
        </para>
      </exception>
    </member>
    <member name="M:System.Threading.RateLimiting.PartitionedRateLimiter`1.AttemptAcquireCore(`0,System.Int32)">
      <summary>Method that <see cref="T:System.Threading.RateLimiting.PartitionedRateLimiter`1" /> implementations implement for <see cref="M:System.Threading.RateLimiting.PartitionedRateLimiter`1.AttemptAcquire(`0,System.Int32)" />.<para><see cref="T:System.Threading.RateLimiting.PartitionedRateLimiter`1" /> 实现的方法 <see cref="m:system.threading.ratelimiting.partitionedratelimiter`1.tryacquire（`0,system.int32）" /> .</para></summary>
      <param name="resource">The resource to limit.<para>要限制的资源.</para></param>
      <param name="permitCount">Number of permits to try and acquire.<para>尝试和获得的许可证数量.</para></param>
      <returns>
        <para>
        </para>
      </returns>
    </member>
    <member name="M:System.Threading.RateLimiting.PartitionedRateLimiter`1.AcquireAsync(`0,System.Int32,System.Threading.CancellationToken)">
      <summary>Wait until the requested permits are available or permits can no longer be acquired.<para>等到请求的许可证可用或无法再获得许可证.</para></summary>
      <remarks>Set <paramref name="permitCount" /> to 0 to wait until permits are replenished.<para>将 <paramref name="permitCount" /> 设置为 0 以等待许可证补充.</para></remarks>
      <param name="resource">The resource to limit.<para>要限制的资源.</para></param>
      <param name="permitCount">Number of permits to try and acquire.<para>尝试和获得的许可证数量.</para></param>
      <param name="cancellationToken">Optional token to allow canceling a queued request for permits.<para>可选令牌,用于允许取消排队的许可证请求.</para></param>
      <returns>A task that completes when the requested permits are acquired or when the requested permits are denied.<para>在获取请求的许可证或请求的许可证被拒绝时完成的任务.</para></returns>
      <exception cref="T:System.ArgumentOutOfRangeException">
        <para>
        </para>
      </exception>
    </member>
    <member name="M:System.Threading.RateLimiting.PartitionedRateLimiter`1.AcquireAsyncCore(`0,System.Int32,System.Threading.CancellationToken)">
      <summary>Method that <see cref="T:System.Threading.RateLimiting.PartitionedRateLimiter`1" /> implementations implement for <see cref="M:System.Threading.RateLimiting.PartitionedRateLimiter`1.AcquireAsync(`0,System.Int32,System.Threading.CancellationToken)" />.<para><see cref="T:System.Threading.RateLimiting.PartitionedRateLimiter`1" /> 实现的方法 <see cref="m:system.threading.ratelimiting.partitionedratelimiter`1.acquireasync（`0,system.int32,system.threading.canceltoken）" /> .</para></summary>
      <param name="resource">The resource to limit.<para>要限制的资源.</para></param>
      <param name="permitCount">Number of permits to try and acquire.<para>尝试和获得的许可证数量.</para></param>
      <param name="cancellationToken">Optional token to allow canceling a queued request for permits.<para>可选令牌,用于允许取消排队的许可证请求.</para></param>
      <returns>A task that completes when the requested permits are acquired or when the requested permits are denied.<para>在获取请求的许可证或请求的许可证被拒绝时完成的任务.</para></returns>
    </member>
    <member name="M:System.Threading.RateLimiting.PartitionedRateLimiter`1.Dispose(System.Boolean)">
      <summary>Dispose method for implementations to write.<para>要编写的实现的释放方法.</para></summary>
      <param name="disposing">
        <para>
        </para>
      </param>
    </member>
    <member name="M:System.Threading.RateLimiting.PartitionedRateLimiter`1.Dispose">
      <summary>Disposes the RateLimiter. This completes any queued acquires with a failed lease.<para>释放速率限制器.这将完成任何排队的获取,但租约失败.</para></summary>
    </member>
    <member name="M:System.Threading.RateLimiting.PartitionedRateLimiter`1.DisposeAsyncCore">
      <summary>DisposeAsync method for implementations to write.<para>用于写入实现的 disposeasync 方法.</para></summary>
    </member>
    <member name="M:System.Threading.RateLimiting.PartitionedRateLimiter`1.DisposeAsync">
      <summary>Disposes the RateLimiter asynchronously.<para>异步释放速率限制器.</para></summary>
      <returns>ValueTask representing the completion of the disposal.<para>价值任务表示处置的完成.</para></returns>
    </member>
    <member name="M:System.Threading.RateLimiting.PartitionedRateLimiter`1.WithTranslatedKey``1(System.Func{``0,`0},System.Boolean)">
      <summary>Translates PartitionedRateLimiter&lt;TOuter&gt; into the current <see cref="T:System.Threading.RateLimiting.PartitionedRateLimiter`1" />
            using the <paramref name="keyAdapter" /> to translate <typeparamref name="TOuter" /> to <typeparamref name="TResource" />.<para>翻译分区速率限制器&lt;目录进入当前 <see cref="T:System.Threading.RateLimiting.PartitionedRateLimiter`1" /> 使用 $<paramref name="keyadapter" /> 将 <typeparamref name="TOuter" /> 转换为 <typeparamref name="TResource" />.</para></summary>
      <typeparam name="TOuter">The type to translate into <typeparamref name="TResource" />.<para>要转换为 <typeparamref name="TResource" /> 的类型.</para></typeparam>
      <param name="keyAdapter">The function to be called every time a <typeparamref name="TOuter" /> is passed to
            PartitionedRateLimiter&lt;TOuter&gt;.Acquire(TOuter, int) or PartitionedRateLimiter&lt;TOuter&gt;.WaitAsync(TOuter, int, CancellationToken).
            <para /><remarks><paramref name="keyAdapter" /> should be implemented in a thread-safe way.</remarks><para>每次将 <typeparamref name="TOuter" /> 传递给 partitionedratelimiter&lt;呵呵.acquire（touter, int） or partitionedratelimiter&lt;呵呵.waitasync（touter, int, canceltoken）. &lt;段/&gt; <remarks> $<paramref name="keyadapter" /> 应以线程安全的方式实现.</remarks></para></param>
      <param name="leaveOpen">Specifies whether the returned <see cref="T:System.Threading.RateLimiting.PartitionedRateLimiter`1" /> will dispose the wrapped <see cref="T:System.Threading.RateLimiting.PartitionedRateLimiter`1" />.<para>指定返回的 <see cref="T:System.Threading.RateLimiting.PartitionedRateLimiter`1" /> 是否将释放包装的 <see cref="T:System.Threading.RateLimiting.PartitionedRateLimiter`1" />.</para></param>
      <returns>A new PartitionedRateLimiter&lt;TOuter&gt; that translates <typeparamref name="TOuter" />
            to <typeparamref name="TResource" /> and calls the inner <see cref="T:System.Threading.RateLimiting.PartitionedRateLimiter`1" />.<para>一个新的分区速率限制器&lt;目录翻译 <typeparamref name="TOuter" /> 到 <typeparamref name="TResource" /> 并调用内部 <see cref="T:System.Threading.RateLimiting.PartitionedRateLimiter`1" />.</para></returns>
    </member>
    <member name="T:System.Threading.RateLimiting.QueueProcessingOrder">
      <summary>Controls the behavior of <see cref="M:System.Threading.RateLimiting.RateLimiter.AcquireAsync(System.Int32,System.Threading.CancellationToken)" /> when not enough resources can be leased.<para>控制 的行为 <see cref="m:system.threading.ratelimiting.ratelimiter.acquireasync（system.int32,system.threading.canceltoken）" /> 当没有足够的资源可以租用时.</para></summary>
    </member>
    <member name="F:System.Threading.RateLimiting.QueueProcessingOrder.OldestFirst">
      <summary>Lease the oldest queued <see cref="M:System.Threading.RateLimiting.RateLimiter.AcquireAsync(System.Int32,System.Threading.CancellationToken)" /> call.<para>租用排队时间最长的 <see cref="m:system.threading.ratelimiting.ratelimiter.acquireasync（system.int32,system.threading.canceltoken）" /> 叫.</para></summary>
    </member>
    <member name="F:System.Threading.RateLimiting.QueueProcessingOrder.NewestFirst">
      <summary>Lease the newest queued <see cref="M:System.Threading.RateLimiting.RateLimiter.AcquireAsync(System.Int32,System.Threading.CancellationToken)" /> call.<para>租用最新排队 <see cref="m:system.threading.ratelimiting.ratelimiter.acquireasync（system.int32,system.threading.canceltoken）" /> 叫.</para></summary>
    </member>
    <member name="T:System.Threading.RateLimiting.RateLimiter">
      <summary>Represents a limiter type that users interact with to determine if an operation can proceed.<para>表示用户与之交互以确定操作是否可以继续的限制器类型.</para></summary>
    </member>
    <member name="M:System.Threading.RateLimiting.RateLimiter.GetStatistics">
      <summary>Gets a snapshot of the <see cref="T:System.Threading.RateLimiting.RateLimiter" /> statistics if available.<para>获取 <see cref="T:System.Threading.RateLimiting.RateLimiter" /> 统计信息的快照（如果可用）.</para></summary>
      <returns>An instance of <see cref="T:System.Threading.RateLimiting.RateLimiterStatistics" /> containing a snapshot of the <see cref="T:System.Threading.RateLimiting.RateLimiter" /> statistics.<para>包含 <see cref="T:System.Threading.RateLimiting.RateLimiter" /> 统计信息快照的 <see cref="T:System.Threading.RateLimiting.RateLimiterStatistics" /> 实例.</para></returns>
    </member>
    <member name="P:System.Threading.RateLimiting.RateLimiter.IdleDuration">
      <summary>Specifies how long the <see cref="T:System.Threading.RateLimiting.RateLimiter" /> has had all permits available. Used by RateLimiter managers that may want to
            clean up unused RateLimiters.<para>指定 <see cref="T:System.Threading.RateLimiting.RateLimiter" /> 拥有所有可用许可证的时间.由可能想要的速率限制器管理器使用 清理未使用的速率限制器.</para></summary>
      <remarks>Returns <see langword="null" /> when the <see cref="T:System.Threading.RateLimiting.RateLimiter" /> is in use or is not ready to be idle.<para>当 <see cref="T:System.Threading.RateLimiting.RateLimiter" /> 正在使用或尚未准备好处于空闲状态时返回 <see langword="null" />.</para></remarks>
    </member>
    <member name="M:System.Threading.RateLimiting.RateLimiter.AttemptAcquire(System.Int32)">
      <summary>Fast synchronous attempt to acquire permits.<para>快速同步尝试获取许可证.</para></summary>
      <remarks>Set <paramref name="permitCount" /> to 0 to get whether permits are exhausted.<para>将 <paramref name="permitCount" /> 设置为 0 以获取许可证是否已用尽.</para></remarks>
      <param name="permitCount">Number of permits to try and acquire.<para>要尝试和获得的许可证数量.</para></param>
      <returns>A successful or failed lease.<para>成功或失败的租约.</para></returns>
      <exception cref="T:System.ArgumentOutOfRangeException">
        <para>
        </para>
      </exception>
    </member>
    <member name="M:System.Threading.RateLimiting.RateLimiter.AttemptAcquireCore(System.Int32)">
      <summary>Method that <see cref="T:System.Threading.RateLimiting.RateLimiter" /> implementations implement for <see cref="M:System.Threading.RateLimiting.RateLimiter.AttemptAcquire(System.Int32)" />.<para><see cref="T:System.Threading.RateLimiting.RateLimiter" /> 实现的方法 <see cref="m:system.threading.ratelimiting.ratelimiter.tryacquire（system.int32）" /> .</para></summary>
      <param name="permitCount">Number of permits to try and acquire.<para>要尝试和获得的许可证数量.</para></param>
      <returns>
        <para>
        </para>
      </returns>
    </member>
    <member name="M:System.Threading.RateLimiting.RateLimiter.AcquireAsync(System.Int32,System.Threading.CancellationToken)">
      <summary>Wait until the requested permits are available or permits can no longer be acquired.<para>等到请求的许可证可用或无法再获得许可证.</para></summary>
      <remarks>Set <paramref name="permitCount" /> to 0 to wait until permits are replenished.<para>将 <paramref name="permitCount" /> 设置为 0 以等待许可证补充.</para></remarks>
      <param name="permitCount">Number of permits to try and acquire.<para>要尝试和获得的许可证数量.</para></param>
      <param name="cancellationToken">Optional token to allow canceling a queued request for permits.<para>可选令牌,用于允许取消排队的许可证请求.</para></param>
      <returns>A task that completes when the requested permits are acquired or when the requested permits are denied.<para>在获取请求的许可证或请求的许可证被拒绝时完成的任务.</para></returns>
      <exception cref="T:System.ArgumentOutOfRangeException">
        <para>
        </para>
      </exception>
    </member>
    <member name="M:System.Threading.RateLimiting.RateLimiter.AcquireAsyncCore(System.Int32,System.Threading.CancellationToken)">
      <summary>Method that <see cref="T:System.Threading.RateLimiting.RateLimiter" /> implementations implement for <see cref="M:System.Threading.RateLimiting.RateLimiter.AcquireAsync(System.Int32,System.Threading.CancellationToken)" />.<para><see cref="T:System.Threading.RateLimiting.RateLimiter" /> 实现的方法 <see cref="m:system.threading.ratelimiting.ratelimiter.acquireasync（system.int32,system.threading.canceltoken）" /> .</para></summary>
      <param name="permitCount">Number of permits to try and acquire.<para>要尝试和获得的许可证数量.</para></param>
      <param name="cancellationToken">Optional token to allow canceling a queued request for permits.<para>可选令牌,用于允许取消排队的许可证请求.</para></param>
      <returns>A task that completes when the requested permits are acquired or when the requested permits are denied.<para>在获取请求的许可证或请求的许可证被拒绝时完成的任务.</para></returns>
    </member>
    <member name="M:System.Threading.RateLimiting.RateLimiter.Dispose(System.Boolean)">
      <summary>Dispose method for implementations to write.<para>要编写的实现的释放方法.</para></summary>
      <param name="disposing">
        <para>
        </para>
      </param>
    </member>
    <member name="M:System.Threading.RateLimiting.RateLimiter.Dispose">
      <summary>Disposes the RateLimiter. This completes any queued acquires with a failed lease.<para>释放速率限制器.这将完成任何排队的获取,但租约失败.</para></summary>
    </member>
    <member name="M:System.Threading.RateLimiting.RateLimiter.DisposeAsyncCore">
      <summary>DisposeAsync method for implementations to write.<para>用于写入实现的 disposeasync 方法.</para></summary>
    </member>
    <member name="M:System.Threading.RateLimiting.RateLimiter.DisposeAsync">
      <summary>Disposes the RateLimiter asynchronously.<para>异步释放速率限制器.</para></summary>
      <returns>ValueTask representing the completion of the disposal.<para>价值任务表示处置的完成.</para></returns>
    </member>
    <member name="T:System.Threading.RateLimiting.RateLimiterStatistics">
      <summary>Snapshot of statistics for a <see cref="T:System.Threading.RateLimiting.RateLimiter" />.<para><see cref="T:System.Threading.RateLimiting.RateLimiter" /> 的统计信息快照.</para></summary>
    </member>
    <member name="M:System.Threading.RateLimiting.RateLimiterStatistics.#ctor">
      <summary>Initializes an instance of <see cref="T:System.Threading.RateLimiting.RateLimiterStatistics" />.<para>初始化 <see cref="T:System.Threading.RateLimiting.RateLimiterStatistics" /> 的实例.</para></summary>
    </member>
    <member name="P:System.Threading.RateLimiting.RateLimiterStatistics.CurrentAvailablePermits">
      <summary>Gets the number of permits currently available for the <see cref="T:System.Threading.RateLimiting.RateLimiter" />.<para>获取当前可用于 <see cref="T:System.Threading.RateLimiting.RateLimiter" /> 的许可证数.</para></summary>
    </member>
    <member name="P:System.Threading.RateLimiting.RateLimiterStatistics.CurrentQueuedCount">
      <summary>Gets the number of queued permits for the <see cref="T:System.Threading.RateLimiting.RateLimiter" />.<para>获取 <see cref="T:System.Threading.RateLimiting.RateLimiter" /> 的排队许可证数.</para></summary>
    </member>
    <member name="P:System.Threading.RateLimiting.RateLimiterStatistics.TotalFailedLeases">
      <summary>Gets the total number of failed <see cref="T:System.Threading.RateLimiting.RateLimitLease" />s returned.<para>获取返回的失败 <see cref="T:System.Threading.RateLimiting.RateLimitLease" /> 总数.</para></summary>
    </member>
    <member name="P:System.Threading.RateLimiting.RateLimiterStatistics.TotalSuccessfulLeases">
      <summary>Gets the total number of successful <see cref="T:System.Threading.RateLimiting.RateLimitLease" />s returned.<para>获取返回的成功 <see cref="T:System.Threading.RateLimiting.RateLimitLease" /> 的总数.</para></summary>
    </member>
    <member name="T:System.Threading.RateLimiting.RateLimitLease">
      <summary>Abstraction for leases returned by <see cref="T:System.Threading.RateLimiting.RateLimiter" /> implementations.
            A lease represents the success or failure to acquire a resource and contains potential metadata that is relevant to the acquisition operation.<para><see cref="T:System.Threading.RateLimiting.RateLimiter" /> 实现返回的租约的抽象. 租约表示获取资源的成功或失败,并包含与获取操作相关的潜在元数据.</para></summary>
    </member>
    <member name="P:System.Threading.RateLimiting.RateLimitLease.IsAcquired">
      <summary>Represents whether lease acquisition was successful.<para>表示租约获取是否成功.</para></summary>
    </member>
    <member name="M:System.Threading.RateLimiting.RateLimitLease.TryGetMetadata(System.String,System.Object@)">
      <summary>Attempt to extract metadata for the lease.<para>尝试提取租约的元数据.</para></summary>
      <param name="metadataName">The name of the metadata. Some common ones can be found in <see cref="T:System.Threading.RateLimiting.MetadataName" />.<para>元数据的名称.一些常见的可以在 <see cref="T:System.Threading.RateLimiting.MetadataName" /> 中找到.</para></param>
      <param name="metadata">The metadata object if it exists.<para>元数据对象（如果存在）.</para></param>
      <returns>True if the metadata exists, otherwise false.<para>如果元数据存在,则为 true,否则为 false.</para></returns>
    </member>
    <member name="M:System.Threading.RateLimiting.RateLimitLease.TryGetMetadata``1(System.Threading.RateLimiting.MetadataName{``0},``0@)">
      <summary>Attempt to extract a strongly-typed metadata for the lease.<para>尝试提取租约的强类型元数据.</para></summary>
      <typeparam name="T">Type of the expected metadata.<para>预期元数据的类型.</para></typeparam>
      <param name="metadataName">The name of the strongly-typed metadata. Some common ones can be found in <see cref="T:System.Threading.RateLimiting.MetadataName" />.<para>强类型元数据的名称.一些常见的可以在 <see cref="T:System.Threading.RateLimiting.MetadataName" /> 中找到.</para></param>
      <param name="metadata">The strongly-typed metadata object if it exists.<para>强类型元数据对象（如果存在）.</para></param>
      <returns>True if the metadata exists, otherwise false.<para>如果元数据存在,则为 true,否则为 false.</para></returns>
    </member>
    <member name="P:System.Threading.RateLimiting.RateLimitLease.MetadataNames">
      <summary>Gets a list of the metadata names that are available on the lease.<para>获取租约上可用的元数据名称的列表.</para></summary>
    </member>
    <member name="M:System.Threading.RateLimiting.RateLimitLease.GetAllMetadata">
      <summary>Gets a list of all the metadata that is available on the lease.<para>获取租约上可用的所有元数据的列表.</para></summary>
      <returns>List of key-value pairs of metadata name and metadata object.<para>元数据名称和元数据对象的键值对列表.</para></returns>
    </member>
    <member name="M:System.Threading.RateLimiting.RateLimitLease.Dispose">
      <summary>Dispose the lease. This may free up space on the limiter implementation the lease came from.<para>处置租约.这可能会释放租约来源的限制器实现上的空间.</para></summary>
    </member>
    <member name="M:System.Threading.RateLimiting.RateLimitLease.Dispose(System.Boolean)">
      <summary>Dispose method for implementations to write.<para>要编写的实现的释放方法.</para></summary>
      <param name="disposing">
        <para>
        </para>
      </param>
    </member>
    <member name="T:System.Threading.RateLimiting.RateLimitPartition">
      <summary>Contains methods used in <see cref="M:System.Threading.RateLimiting.PartitionedRateLimiter.Create``2(System.Func{``0,System.Threading.RateLimiting.RateLimitPartition{``1}},System.Collections.Generic.IEqualityComparer{``1})" /> to assist in the creation of partitions for your rate limiter.<para>包含 <see cref="M:System.Threading.RateLimiting.PartitionedRateLimiter.Create``2(System.Func{``0,System.Threading.RateLimiting.RateLimitPartition{``1}},System.Collections.Generic.IEqualityComparer{``1})" /> 中使用的方法,以帮助为速率限制器创建分区.</para></summary>
    </member>
    <member name="M:System.Threading.RateLimiting.RateLimitPartition.Get``1(``0,System.Func{``0,System.Threading.RateLimiting.RateLimiter})">
      <summary>Defines a partition with the given rate limiter factory.<para>定义具有给定速率限制器工厂的分区.</para></summary>
      <typeparam name="TKey">The type to distinguish partitions with.<para>用于区分分区的类型.</para></typeparam>
      <remarks>The <paramref name="factory" /> should return a new instance of a rate limiter every time it is called.<para><paramref name="factory" /> 应在每次调用速率限制器时返回一个新的实例.</para></remarks>
      <param name="partitionKey">The specific key for this partition. This will be used to check for an existing cached limiter before calling the <paramref name="factory" />.<para>此分区的特定键.这将用于在调用 <paramref name="factory" /> 之前检查现有的缓存限制器.</para></param>
      <param name="factory">The function called when a rate limiter for the given <paramref name="partitionKey" /> is needed. This should be a new instance of a rate limiter every time it is called.<para>在需要给定 <paramref name="partitionKey" /> 的速率限制器时调用的函数.每次调用时,这应该是速率限制器的新实例.</para></param>
      <returns>
        <para>
        </para>
      </returns>
    </member>
    <member name="M:System.Threading.RateLimiting.RateLimitPartition.GetConcurrencyLimiter``1(``0,System.Func{``0,System.Threading.RateLimiting.ConcurrencyLimiterOptions})">
      <summary>Defines a partition with a <see cref="T:System.Threading.RateLimiting.ConcurrencyLimiter" /> with the given <see cref="T:System.Threading.RateLimiting.ConcurrencyLimiterOptions" />.<para>定义一个具有给定 <see cref="T:System.Threading.RateLimiting.ConcurrencyLimiterOptions" /> 的 <see cref="T:System.Threading.RateLimiting.ConcurrencyLimiter" /> 分区.</para></summary>
      <typeparam name="TKey">The type to distinguish partitions with.<para>用于区分分区的类型.</para></typeparam>
      <param name="partitionKey">The specific key for this partition. This will be used to check for an existing cached limiter before calling the <paramref name="factory" />.<para>此分区的特定键.这将用于在调用 <paramref name="factory" /> 之前检查现有的缓存限制器.</para></param>
      <param name="factory">The function called when a rate limiter for the given <paramref name="partitionKey" /> is needed. This can return the same instance of <see cref="T:System.Threading.RateLimiting.ConcurrencyLimiterOptions" /> across different calls.<para>在需要给定 <paramref name="partitionKey" /> 的速率限制器时调用的函数.这可以跨不同的调用返回相同的 <see cref="T:System.Threading.RateLimiting.ConcurrencyLimiterOptions" /> 实例.</para></param>
      <returns>
        <para>
        </para>
      </returns>
    </member>
    <member name="M:System.Threading.RateLimiting.RateLimitPartition.GetNoLimiter``1(``0)">
      <summary>Defines a partition that will not have a rate limiter.
            This means any calls to <see cref="M:System.Threading.RateLimiting.PartitionedRateLimiter`1.AttemptAcquire(`0,System.Int32)" /> or <see cref="M:System.Threading.RateLimiting.PartitionedRateLimiter`1.AcquireAsync(`0,System.Int32,System.Threading.CancellationToken)" /> will always succeed for the given <paramref name="partitionKey" />.<para>定义没有速率限制器的分区. 这意味着任何调用 <see cref="m:system.threading.ratelimiting.partitionedratelimiter`1.tryacquire（`0,system.int32）" /> 或 <see cref="m:system.threading.ratelimiting.partitionedratelimiter`1.acquireasync（`0,system.int32,system.threading.canceltoken）" /> 对于给定的 <paramref name="partitionKey" />,将始终成功.</para></summary>
      <typeparam name="TKey">The type to distinguish partitions with.<para>用于区分分区的类型.</para></typeparam>
      <param name="partitionKey">The specific key for this partition.<para>此分区的特定键.</para></param>
      <returns>
        <para>
        </para>
      </returns>
    </member>
    <member name="M:System.Threading.RateLimiting.RateLimitPartition.GetTokenBucketLimiter``1(``0,System.Func{``0,System.Threading.RateLimiting.TokenBucketRateLimiterOptions})">
      <summary>Defines a partition with a <see cref="T:System.Threading.RateLimiting.TokenBucketRateLimiter" /> with the given <see cref="T:System.Threading.RateLimiting.TokenBucketRateLimiterOptions" />.<para>定义一个具有给定 <see cref="T:System.Threading.RateLimiting.TokenBucketRateLimiterOptions" /> 的 <see cref="T:System.Threading.RateLimiting.TokenBucketRateLimiter" /> 分区.</para></summary>
      <remarks>Set <see cref="P:System.Threading.RateLimiting.TokenBucketRateLimiterOptions.AutoReplenishment" /> to <see langword="false" /> to save an allocation. This method will create a new options type and set <see cref="P:System.Threading.RateLimiting.TokenBucketRateLimiterOptions.AutoReplenishment" /> to <see langword="false" /> otherwise.<para>设置 <see cref="p:system.threading.ratelimiting.tokenbucketratelimiteroptions.autosupplementment" /> 到 <see langword="false" /> 以保存分配.此方法将创建新的选项类型并设置 <see cref="p:system.threading.ratelimiting.tokenbucketratelimiteroptions.autosupplementment" /> 否则为 <see langword="false" />.</para></remarks>
      <typeparam name="TKey">The type to distinguish partitions with.<para>用于区分分区的类型.</para></typeparam>
      <param name="partitionKey">The specific key for this partition.<para>此分区的特定键.</para></param>
      <param name="factory">The function called when a rate limiter for the given <paramref name="partitionKey" /> is needed. This can return the same instance of <see cref="T:System.Threading.RateLimiting.TokenBucketRateLimiterOptions" /> across different calls.<para>在需要给定 <paramref name="partitionKey" /> 的速率限制器时调用的函数.这可以跨不同的调用返回相同的 <see cref="T:System.Threading.RateLimiting.TokenBucketRateLimiterOptions" /> 实例.</para></param>
      <returns>
        <para>
        </para>
      </returns>
    </member>
    <member name="M:System.Threading.RateLimiting.RateLimitPartition.GetSlidingWindowLimiter``1(``0,System.Func{``0,System.Threading.RateLimiting.SlidingWindowRateLimiterOptions})">
      <summary>Defines a partition with a <see cref="T:System.Threading.RateLimiting.SlidingWindowRateLimiter" /> with the given <see cref="T:System.Threading.RateLimiting.SlidingWindowRateLimiterOptions" />.<para>定义一个具有给定 <see cref="T:System.Threading.RateLimiting.SlidingWindowRateLimiterOptions" /> 的 <see cref="T:System.Threading.RateLimiting.SlidingWindowRateLimiter" /> 分区.</para></summary>
      <remarks>Set <see cref="P:System.Threading.RateLimiting.SlidingWindowRateLimiterOptions.AutoReplenishment" /> to <see langword="false" /> to save an allocation. This method will create a new options type and set <see cref="P:System.Threading.RateLimiting.SlidingWindowRateLimiterOptions.AutoReplenishment" /> to <see langword="false" /> otherwise.<para>设置 <see cref="p:system.threading.ratelimiting.slidingwindowratelimiteroptions.autosupplementment" /> 到 <see langword="false" /> 以保存分配.此方法将创建新的选项类型并设置 <see cref="p:system.threading.ratelimiting.slidingwindowratelimiteroptions.autosupplementment" /> 否则为 <see langword="false" />.</para></remarks>
      <typeparam name="TKey">The type to distinguish partitions with.<para>用于区分分区的类型.</para></typeparam>
      <param name="partitionKey">The specific key for this partition.<para>此分区的特定键.</para></param>
      <param name="factory">The function called when a rate limiter for the given <paramref name="partitionKey" /> is needed. This can return the same instance of <see cref="T:System.Threading.RateLimiting.SlidingWindowRateLimiterOptions" /> across different calls.<para>在需要给定 <paramref name="partitionKey" /> 的速率限制器时调用的函数.这可以跨不同的调用返回相同的 <see cref="T:System.Threading.RateLimiting.SlidingWindowRateLimiterOptions" /> 实例.</para></param>
      <returns>
        <para>
        </para>
      </returns>
    </member>
    <member name="M:System.Threading.RateLimiting.RateLimitPartition.GetFixedWindowLimiter``1(``0,System.Func{``0,System.Threading.RateLimiting.FixedWindowRateLimiterOptions})">
      <summary>Defines a partition with a <see cref="T:System.Threading.RateLimiting.FixedWindowRateLimiter" /> with the given <see cref="T:System.Threading.RateLimiting.FixedWindowRateLimiterOptions" />.<para>定义一个具有给定 <see cref="T:System.Threading.RateLimiting.FixedWindowRateLimiterOptions" /> 的 <see cref="T:System.Threading.RateLimiting.FixedWindowRateLimiter" /> 分区.</para></summary>
      <remarks>Set <see cref="P:System.Threading.RateLimiting.FixedWindowRateLimiterOptions.AutoReplenishment" /> to <see langword="false" /> to save an allocation. This method will create a new options type and set <see cref="P:System.Threading.RateLimiting.FixedWindowRateLimiterOptions.AutoReplenishment" /> to <see langword="false" /> otherwise.<para>设置 <see cref="p:system.threading.ratelimiting.fixedwindowratelimiteroptions.autosupplementment" /> 到 <see langword="false" /> 以保存分配.此方法将创建新的选项类型并设置 <see cref="p:system.threading.ratelimiting.fixedwindowratelimiteroptions.autosupplementment" /> 否则为 <see langword="false" />.</para></remarks>
      <typeparam name="TKey">The type to distinguish partitions with.<para>用于区分分区的类型.</para></typeparam>
      <param name="partitionKey">The specific key for this partition.<para>此分区的特定键.</para></param>
      <param name="factory">The function called when a rate limiter for the given <paramref name="partitionKey" /> is needed. This can return the same instance of <see cref="T:System.Threading.RateLimiting.FixedWindowRateLimiterOptions" /> across different calls.<para>在需要给定 <paramref name="partitionKey" /> 的速率限制器时调用的函数.这可以跨不同的调用返回相同的 <see cref="T:System.Threading.RateLimiting.FixedWindowRateLimiterOptions" /> 实例.</para></param>
      <returns>
        <para>
        </para>
      </returns>
    </member>
    <member name="T:System.Threading.RateLimiting.RateLimitPartition`1">
      <summary>Type returned by <see cref="M:System.Threading.RateLimiting.RateLimitPartition.Get``1(``0,System.Func{``0,System.Threading.RateLimiting.RateLimiter})" /> methods to be used by <see cref="M:System.Threading.RateLimiting.PartitionedRateLimiter.Create``2(System.Func{``0,System.Threading.RateLimiting.RateLimitPartition{``1}},System.Collections.Generic.IEqualityComparer{``1})" /> to know what partitions are configured.<para>由 <see cref="M:System.Threading.RateLimiting.PartitionedRateLimiter.Create``2(System.Func{``0,System.Threading.RateLimiting.RateLimitPartition{``1}},System.Collections.Generic.IEqualityComparer{``1})" /> 使用的 <see cref="M:System.Threading.RateLimiting.RateLimitPartition.Get``1(``0,System.Func{``0,System.Threading.RateLimiting.RateLimiter})" /> 方法返回的类型,以了解配置了哪些分区.</para></summary>
      <typeparam name="TKey">The type to distinguish partitions with.<para>用于区分分区的类型.</para></typeparam>
    </member>
    <member name="M:System.Threading.RateLimiting.RateLimitPartition`1.#ctor(`0,System.Func{`0,System.Threading.RateLimiting.RateLimiter})">
      <summary>Constructs the <see cref="T:System.Threading.RateLimiting.RateLimitPartition`1" /> for use in <see cref="M:System.Threading.RateLimiting.PartitionedRateLimiter.Create``2(System.Func{``0,System.Threading.RateLimiting.RateLimitPartition{``1}},System.Collections.Generic.IEqualityComparer{``1})" />.<para>构造用于 <see cref="M:System.Threading.RateLimiting.PartitionedRateLimiter.Create``2(System.Func{``0,System.Threading.RateLimiting.RateLimitPartition{``1}},System.Collections.Generic.IEqualityComparer{``1})" /> 的 <see cref="T:System.Threading.RateLimiting.RateLimitPartition`1" />.</para></summary>
      <param name="partitionKey">The specific key for this partition.<para>此分区的特定键.</para></param>
      <param name="factory">The function called when a rate limiter for the given <paramref name="partitionKey" /> is needed.<para>在需要给定 <paramref name="partitionKey" /> 的速率限制器时调用的函数.</para></param>
    </member>
    <member name="P:System.Threading.RateLimiting.RateLimitPartition`1.PartitionKey">
      <summary>The specific key for this partition.<para>此分区的特定键.</para></summary>
    </member>
    <member name="P:System.Threading.RateLimiting.RateLimitPartition`1.Factory">
      <summary>The function called when a rate limiter for the given partitionKey is needed.<para>当需要给定分区键的速率限制器时调用的函数.</para></summary>
    </member>
    <member name="P:System.Threading.RateLimiting.ReplenishingRateLimiter.ReplenishmentPeriod">
      <summary>Specifies how often the <see cref="T:System.Threading.RateLimiting.ReplenishingRateLimiter" /> will replenish tokens.
            If <see cref="P:System.Threading.RateLimiting.ReplenishingRateLimiter.IsAutoReplenishing" /> is <see langword="false" /> then this is how often <see cref="M:System.Threading.RateLimiting.ReplenishingRateLimiter.TryReplenish" /> should be called.<para>指定 <see cref="T:System.Threading.RateLimiting.ReplenishingRateLimiter" /> 补充令牌的频率. 如果 <see cref="p:system.threading.ratelimiting.replenishingratelimiter.isautosupplementing" /> 是 <see langword="false" />,那么这就是调用 <see cref="M:System.Threading.RateLimiting.ReplenishingRateLimiter.TryReplenish" /> 的频率.</para></summary>
    </member>
    <member name="P:System.Threading.RateLimiting.ReplenishingRateLimiter.IsAutoReplenishing">
      <summary>Specifies if the <see cref="T:System.Threading.RateLimiting.ReplenishingRateLimiter" /> is automatically replenishing
            its tokens or if it expects an external source to regularly call <see cref="M:System.Threading.RateLimiting.ReplenishingRateLimiter.TryReplenish" />.<para>指定 <see cref="T:System.Threading.RateLimiting.ReplenishingRateLimiter" /> 是否自动补充 它的令牌,或者如果它希望外部源定期调用 <see cref="M:System.Threading.RateLimiting.ReplenishingRateLimiter.TryReplenish" />.</para></summary>
    </member>
    <member name="M:System.Threading.RateLimiting.ReplenishingRateLimiter.TryReplenish">
      <summary>Attempts to replenish tokens.<para>尝试补充代币.</para></summary>
      <returns>Generally returns <see langword="false" /> if <see cref="P:System.Threading.RateLimiting.ReplenishingRateLimiter.IsAutoReplenishing" /> is enabled
            or if no tokens were replenished. Otherwise <see langword="true" />.<para>通常返回 <see langword="false" /> 如果 <see cref="p:system.threading.ratelimiting.replenishingratelimiter.isautosupplementing" /> 已启用 或者如果没有补充代币.否则为 <see langword="true" />.</para></returns>
    </member>
    <member name="T:System.Threading.RateLimiting.SlidingWindowRateLimiter">
      <summary>
        <see cref="T:System.Threading.RateLimiting.RateLimiter" /> implementation that replenishes permit counters periodically instead of via a release mechanism.<para><see cref="T:System.Threading.RateLimiting.RateLimiter" /> 实现,用于定期补充允许计数器,而不是通过发布机制.</para></summary>
    </member>
    <member name="P:System.Threading.RateLimiting.SlidingWindowRateLimiter.IdleDuration">
      <inheritdoc />
    </member>
    <member name="P:System.Threading.RateLimiting.SlidingWindowRateLimiter.IsAutoReplenishing">
      <inheritdoc />
    </member>
    <member name="P:System.Threading.RateLimiting.SlidingWindowRateLimiter.ReplenishmentPeriod">
      <inheritdoc />
    </member>
    <member name="M:System.Threading.RateLimiting.SlidingWindowRateLimiter.#ctor(System.Threading.RateLimiting.SlidingWindowRateLimiterOptions)">
      <summary>Initializes the <see cref="T:System.Threading.RateLimiting.SlidingWindowRateLimiter" />.<para>初始化 <see cref="T:System.Threading.RateLimiting.SlidingWindowRateLimiter" />.</para></summary>
      <param name="options">Options to specify the behavior of the <see cref="T:System.Threading.RateLimiting.SlidingWindowRateLimiter" />.<para>用于指定 <see cref="T:System.Threading.RateLimiting.SlidingWindowRateLimiter" /> 行为的选项.</para></param>
    </member>
    <member name="M:System.Threading.RateLimiting.SlidingWindowRateLimiter.GetStatistics">
      <inheritdoc />
    </member>
    <member name="M:System.Threading.RateLimiting.SlidingWindowRateLimiter.AttemptAcquireCore(System.Int32)">
      <inheritdoc />
    </member>
    <member name="M:System.Threading.RateLimiting.SlidingWindowRateLimiter.AcquireAsyncCore(System.Int32,System.Threading.CancellationToken)">
      <inheritdoc />
    </member>
    <member name="M:System.Threading.RateLimiting.SlidingWindowRateLimiter.TryReplenish">
      <summary>Attempts to replenish request counters in a window.<para>尝试在窗口中补充请求计数器.</para></summary>
      <returns>False if <see cref="P:System.Threading.RateLimiting.SlidingWindowRateLimiterOptions.AutoReplenishment" /> is enabled, otherwise true.
            Does not reflect if permits were replenished.<para>如果为假 <see cref="p:system.threading.ratelimiting.slidingwindowratelimiteroptions.autosupplementment" /> 为启用,否则为 true. 不反映许可证是否已补充.</para></returns>
    </member>
    <member name="T:System.Threading.RateLimiting.SlidingWindowRateLimiterOptions">
      <summary>Options to specify the behavior of a <see cref="T:System.Threading.RateLimiting.SlidingWindowRateLimiter" />.<para>用于指定 <see cref="T:System.Threading.RateLimiting.SlidingWindowRateLimiter" /> 行为的选项.</para></summary>
    </member>
    <member name="P:System.Threading.RateLimiting.SlidingWindowRateLimiterOptions.Window">
      <summary>Specifies the minimum period between replenishments.
            Must be set to a value greater than <see cref="F:System.TimeSpan.Zero" /> by the time these options are passed to the constructor of <see cref="T:System.Threading.RateLimiting.SlidingWindowRateLimiter" />.<para>指定补货之间的最短间隔. 必须在将这些选项传递给 <see cref="T:System.Threading.RateLimiting.SlidingWindowRateLimiter" /> 的构造函数时设置为大于 <see cref="F:System.TimeSpan.Zero" /> 的值.</para></summary>
    </member>
    <member name="P:System.Threading.RateLimiting.SlidingWindowRateLimiterOptions.SegmentsPerWindow">
      <summary>Specifies the maximum number of segments a window is divided into.
            Must be set to a value &gt; 0 by the time these options are passed to the constructor of <see cref="T:System.Threading.RateLimiting.SlidingWindowRateLimiter" />.<para>指定窗口划分为的最大段数. 必须设置为值 &gt;当这些选项传递给 <see cref="T:System.Threading.RateLimiting.SlidingWindowRateLimiter" /> 的构造函数时为 0.</para></summary>
    </member>
    <member name="P:System.Threading.RateLimiting.SlidingWindowRateLimiterOptions.AutoReplenishment">
      <summary>Specified whether the <see cref="T:System.Threading.RateLimiting.SlidingWindowRateLimiter" /> is automatically replenishing request counters or if someone else
            will be calling <see cref="M:System.Threading.RateLimiting.SlidingWindowRateLimiter.TryReplenish" /> to replenish tokens.<para>指定 <see cref="T:System.Threading.RateLimiting.SlidingWindowRateLimiter" /> 是自动补充请求计数器还是其他人 将调用 <see cref="M:System.Threading.RateLimiting.SlidingWindowRateLimiter.TryReplenish" /> 来补充代币.</para></summary>
      <value>
        <see langword="true" /> by default.
            </value>
    </member>
    <member name="P:System.Threading.RateLimiting.SlidingWindowRateLimiterOptions.PermitLimit">
      <summary>Maximum number of requests that can be served in a window.
            Must be set to a value &gt; 0 by the time these options are passed to the constructor of <see cref="T:System.Threading.RateLimiting.SlidingWindowRateLimiter" />.<para>可以在窗口中提供的最大请求数. 必须设置为值 &gt;当这些选项传递给 <see cref="T:System.Threading.RateLimiting.SlidingWindowRateLimiter" /> 的构造函数时为 0.</para></summary>
    </member>
    <member name="P:System.Threading.RateLimiting.SlidingWindowRateLimiterOptions.QueueProcessingOrder">
      <summary>Determines the behaviour of <see cref="M:System.Threading.RateLimiting.RateLimiter.AcquireAsync(System.Int32,System.Threading.CancellationToken)" /> when not enough resources can be leased.<para>确定 <see cref="m:system.threading.ratelimiting.ratelimiter.acquireasync（system.int32,system.threading.canceltoken）" /> 当没有足够的资源可以租用时.</para></summary>
      <value>
        <see cref="F:System.Threading.RateLimiting.QueueProcessingOrder.OldestFirst" /> by default.
            </value>
    </member>
    <member name="P:System.Threading.RateLimiting.SlidingWindowRateLimiterOptions.QueueLimit">
      <summary>Maximum cumulative permit count of queued acquisition requests.
            Must be set to a value &gt;= 0 by the time these options are passed to the constructor of <see cref="T:System.Threading.RateLimiting.SlidingWindowRateLimiter" />.<para>排队获取请求的最大累积许可计数. 在将这些选项传递给 <see cref="T:System.Threading.RateLimiting.SlidingWindowRateLimiter" /> 的构造函数时,必须设置为值 &gt;=0.</para></summary>
    </member>
    <member name="T:System.Threading.RateLimiting.TokenBucketRateLimiter">
      <summary>
        <see cref="T:System.Threading.RateLimiting.RateLimiter" /> implementation that replenishes tokens periodically instead of via a release mechanism.<para><see cref="T:System.Threading.RateLimiting.RateLimiter" /> 实现,用于定期补充令牌,而不是通过发布机制.</para></summary>
    </member>
    <member name="P:System.Threading.RateLimiting.TokenBucketRateLimiter.IdleDuration">
      <inheritdoc />
    </member>
    <member name="P:System.Threading.RateLimiting.TokenBucketRateLimiter.IsAutoReplenishing">
      <inheritdoc />
    </member>
    <member name="P:System.Threading.RateLimiting.TokenBucketRateLimiter.ReplenishmentPeriod">
      <inheritdoc />
    </member>
    <member name="M:System.Threading.RateLimiting.TokenBucketRateLimiter.#ctor(System.Threading.RateLimiting.TokenBucketRateLimiterOptions)">
      <summary>Initializes the <see cref="T:System.Threading.RateLimiting.TokenBucketRateLimiter" />.<para>初始化 <see cref="T:System.Threading.RateLimiting.TokenBucketRateLimiter" />.</para></summary>
      <param name="options">Options to specify the behavior of the <see cref="T:System.Threading.RateLimiting.TokenBucketRateLimiter" />.<para>用于指定 <see cref="T:System.Threading.RateLimiting.TokenBucketRateLimiter" /> 行为的选项.</para></param>
    </member>
    <member name="M:System.Threading.RateLimiting.TokenBucketRateLimiter.GetStatistics">
      <inheritdoc />
    </member>
    <member name="M:System.Threading.RateLimiting.TokenBucketRateLimiter.AttemptAcquireCore(System.Int32)">
      <inheritdoc />
    </member>
    <member name="M:System.Threading.RateLimiting.TokenBucketRateLimiter.AcquireAsyncCore(System.Int32,System.Threading.CancellationToken)">
      <inheritdoc />
    </member>
    <member name="M:System.Threading.RateLimiting.TokenBucketRateLimiter.TryReplenish">
      <summary>Attempts to replenish the bucket.<para>尝试补充存储桶.</para></summary>
      <returns>
        <see langword="false" /> if <see cref="P:System.Threading.RateLimiting.TokenBucketRateLimiterOptions.AutoReplenishment" /> is enabled, otherwise <see langword="true" />.
            Does not reflect if tokens were replenished.<para><see langword="false" /> 如果 <see cref="p:system.threading.ratelimiting.tokenbucketratelimiteroptions.autosupplementment" /> 启用,否则为 <see langword="true" />. 不反映代币是否已补充.</para></returns>
    </member>
    <member name="T:System.Threading.RateLimiting.TokenBucketRateLimiterOptions">
      <summary>Options to control the behavior of a <see cref="T:System.Threading.RateLimiting.TokenBucketRateLimiter" />.<para>用于控制 <see cref="T:System.Threading.RateLimiting.TokenBucketRateLimiter" /> 行为的选项.</para></summary>
    </member>
    <member name="P:System.Threading.RateLimiting.TokenBucketRateLimiterOptions.ReplenishmentPeriod">
      <summary>Specifies the minimum period between replenishments.
            Must be set to a value greater than <see cref="F:System.TimeSpan.Zero" /> by the time these options are passed to the constructor of <see cref="T:System.Threading.RateLimiting.TokenBucketRateLimiter" />.<para>指定补货之间的最短间隔. 必须在将这些选项传递给 <see cref="T:System.Threading.RateLimiting.TokenBucketRateLimiter" /> 的构造函数时设置为大于 <see cref="F:System.TimeSpan.Zero" /> 的值.</para></summary>
    </member>
    <member name="P:System.Threading.RateLimiting.TokenBucketRateLimiterOptions.TokensPerPeriod">
      <summary>Specifies the maximum number of tokens to restore each replenishment.
            Must be set to a value &gt; 0 by the time these options are passed to the constructor of <see cref="T:System.Threading.RateLimiting.TokenBucketRateLimiter" />.<para>指定还原每次补货的最大代币数. 必须设置为值 &gt;当这些选项传递给 <see cref="T:System.Threading.RateLimiting.TokenBucketRateLimiter" /> 的构造函数时为 0.</para></summary>
    </member>
    <member name="P:System.Threading.RateLimiting.TokenBucketRateLimiterOptions.AutoReplenishment">
      <summary>Specified whether the <see cref="T:System.Threading.RateLimiting.TokenBucketRateLimiter" /> is automatically replenishing tokens or if someone else
            will be calling <see cref="M:System.Threading.RateLimiting.TokenBucketRateLimiter.TryReplenish" /> to replenish tokens.<para>指定 <see cref="T:System.Threading.RateLimiting.TokenBucketRateLimiter" /> 是自动补充令牌还是其他人 将调用 <see cref="M:System.Threading.RateLimiting.TokenBucketRateLimiter.TryReplenish" /> 来补充代币.</para></summary>
      <value>
        <see langword="true" /> by default.
            </value>
    </member>
    <member name="P:System.Threading.RateLimiting.TokenBucketRateLimiterOptions.TokenLimit">
      <summary>Maximum number of tokens that can be in the bucket at any time.
            Must be set to a value &gt; 0 by the time these options are passed to the constructor of <see cref="T:System.Threading.RateLimiting.TokenBucketRateLimiter" />.<para>存储桶中随时可以包含的最大令牌数. 必须设置为值 &gt;当这些选项传递给 <see cref="T:System.Threading.RateLimiting.TokenBucketRateLimiter" /> 的构造函数时为 0.</para></summary>
    </member>
    <member name="P:System.Threading.RateLimiting.TokenBucketRateLimiterOptions.QueueProcessingOrder">
      <summary>Determines the behaviour of <see cref="M:System.Threading.RateLimiting.RateLimiter.AcquireAsync(System.Int32,System.Threading.CancellationToken)" /> when not enough resources can be leased.<para>确定 <see cref="m:system.threading.ratelimiting.ratelimiter.acquireasync（system.int32,system.threading.canceltoken）" /> 当没有足够的资源可以租用时.</para></summary>
      <value>
        <see cref="F:System.Threading.RateLimiting.QueueProcessingOrder.OldestFirst" /> by default.
            </value>
    </member>
    <member name="P:System.Threading.RateLimiting.TokenBucketRateLimiterOptions.QueueLimit">
      <summary>Maximum cumulative token count of queued acquisition requests.
            Must be set to a value &gt;= 0 by the time these options are passed to the constructor of <see cref="T:System.Threading.RateLimiting.TokenBucketRateLimiter" />.<para>排队获取请求的最大累积令牌计数. 在将这些选项传递给 <see cref="T:System.Threading.RateLimiting.TokenBucketRateLimiter" /> 的构造函数时,必须设置为值 &gt;=0.</para></summary>
    </member>
    <member name="T:System.Collections.Generic.Deque`1">
      <summary>Provides a double-ended queue data structure.<para>提供双端队列数据结构.</para></summary>
      <typeparam name="T">Type of the data stored in the dequeue.<para>取消排队中存储的数据的类型.</para></typeparam>
    </member>
    <member name="P:System.SR.TokenLimitExceeded">
      <summary>{0} token(s) exceeds the token limit of {1}.<para>{0}令牌超出令牌限制 {1}.</para></summary>
    </member>
    <member name="P:System.SR.PermitLimitExceeded">
      <summary>{0} permit(s) exceeds the permit limit of {1}.<para>{0}许可证超过{1}的许可证限制.</para></summary>
    </member>
    <member name="P:System.SR.ReplenishmentLimitTooHigh">
      <summary>Over 49 days is not supported.<para>不支持超过 49 天.</para></summary>
    </member>
  </members>
</doc>