﻿<?xml version="1.0" encoding="utf-8"?>
<doc>
  <assembly>
    <name>Microsoft.Win32.Primitives</name>
  </assembly>
  <members>
    <member name="T:System.ComponentModel.Win32Exception">
      <summary>Throws an exception for a Win32 error code.<para>引发 win32 错误代码的异常.</para></summary>
    </member>
    <member name="M:System.ComponentModel.Win32Exception.#ctor">
      <summary>Initializes a new instance of the <see cref="T:System.ComponentModel.Win32Exception" /> class with the last Win32 error that occurred.<para>使用上次发生的 win32 错误初始化 <see cref="T:System.ComponentModel.Win32Exception" /> 类的新实例.</para></summary>
    </member>
    <member name="M:System.ComponentModel.Win32Exception.#ctor(System.Int32)">
      <summary>Initializes a new instance of the <see cref="T:System.ComponentModel.Win32Exception" /> class with the specified error.<para>初始化具有指定错误的 <see cref="T:System.ComponentModel.Win32Exception" /> 类的新实例.</para></summary>
      <param name="error">The Win32 error code associated with this exception.<para>与此异常关联的 win32 错误代码.</para></param>
    </member>
    <member name="M:System.ComponentModel.Win32Exception.#ctor(System.Int32,System.String)">
      <summary>Initializes a new instance of the <see cref="T:System.ComponentModel.Win32Exception" /> class with the specified error and the specified detailed description.<para>使用指定的错误和指定的详细说明初始化 <see cref="T:System.ComponentModel.Win32Exception" /> 类的新实例.</para></summary>
      <param name="error">The Win32 error code associated with this exception.<para>与此异常关联的 win32 错误代码.</para></param>
      <param name="message">A detailed description of the error.<para>错误的详细说明.</para></param>
    </member>
    <member name="M:System.ComponentModel.Win32Exception.#ctor(System.Runtime.Serialization.SerializationInfo,System.Runtime.Serialization.StreamingContext)">
      <summary>Initializes a new instance of the <see cref="T:System.ComponentModel.Win32Exception" /> class with the specified context and the serialization information.<para>使用指定的上下文和序列化信息初始化 <see cref="T:System.ComponentModel.Win32Exception" /> 类的新实例.</para></summary>
      <param name="info">The <see cref="T:System.Runtime.Serialization.SerializationInfo" /> associated with this exception.<para>与此异常关联的 <see cref="T:System.Runtime.Serialization.SerializationInfo" />.</para></param>
      <param name="context">A <see cref="T:System.Runtime.Serialization.StreamingContext" /> that represents the context of this exception.<para>表示此异常上下文的 <see cref="T:System.Runtime.Serialization.StreamingContext" />.</para></param>
    </member>
    <member name="M:System.ComponentModel.Win32Exception.#ctor(System.String)">
      <summary>Initializes a new instance of the <see cref="T:System.ComponentModel.Win32Exception" /> class with the specified detailed description.<para>使用指定的详细说明初始化 <see cref="T:System.ComponentModel.Win32Exception" /> 类的新实例.</para></summary>
      <param name="message">A detailed description of the error.<para>错误的详细说明.</para></param>
    </member>
    <member name="M:System.ComponentModel.Win32Exception.#ctor(System.String,System.Exception)">
      <summary>Initializes a new instance of the <see cref="T:System.ComponentModel.Win32Exception" /> class with the specified detailed description and the specified exception.<para>使用指定的详细说明和指定的异常初始化 <see cref="T:System.ComponentModel.Win32Exception" /> 类的新实例.</para></summary>
      <param name="message">A detailed description of the error.<para>错误的详细说明.</para></param>
      <param name="innerException">A reference to the inner exception that is the cause of this exception.<para>对导致此异常的内部异常的引用.</para></param>
    </member>
    <member name="M:System.ComponentModel.Win32Exception.GetObjectData(System.Runtime.Serialization.SerializationInfo,System.Runtime.Serialization.StreamingContext)">
      <summary>Sets the <see cref="T:System.Runtime.Serialization.SerializationInfo" /> object with the file name and line number at which this <see cref="T:System.ComponentModel.Win32Exception" /> occurred.<para>使用 <see cref="T:System.ComponentModel.Win32Exception" /> 发生的文件名和行号设置 <see cref="T:System.Runtime.Serialization.SerializationInfo" /> 对象.</para></summary>
      <param name="info">A <see cref="T:System.Runtime.Serialization.SerializationInfo" />.<para>a <see cref="T:System.Runtime.Serialization.SerializationInfo" />.</para></param>
      <param name="context">The contextual information about the source or destination.<para>有关源或目标的上下文信息.</para></param>
      <exception cref="T:System.ArgumentNullException">
        <paramref name="info" /> is <see langword="null" />.<para><paramref name="info" /> 是 <see langword="null" />.</para></exception>
    </member>
    <member name="M:System.ComponentModel.Win32Exception.ToString">
      <summary>Returns a string that contains the <see cref="P:System.ComponentModel.Win32Exception.NativeErrorCode" />, or <see cref="P:System.Exception.HResult" />, or both.<para>返回包含 <see cref="P:System.ComponentModel.Win32Exception.NativeErrorCode" /> 和/或 <see cref="P:System.Exception.HResult" /> 的字符串.</para></summary>
      <returns>A string that represents the <see cref="P:System.ComponentModel.Win32Exception.NativeErrorCode" />, or <see cref="P:System.Exception.HResult" />, or both.<para>表示 <see cref="P:System.ComponentModel.Win32Exception.NativeErrorCode" /> 和/或 <see cref="P:System.Exception.HResult" /> 的字符串.</para></returns>
    </member>
    <member name="P:System.ComponentModel.Win32Exception.NativeErrorCode">
      <summary>Gets the Win32 error code associated with this exception.<para>获取与此异常关联的 win32 错误代码.</para></summary>
      <returns>The Win32 error code associated with this exception.<para>与此异常关联的 win32 错误代码.</para></returns>
    </member>
  </members>
</doc>