﻿<?xml version="1.0" encoding="utf-8"?>
<doc>
  <assembly>
    <name>Microsoft.CSharp</name>
  </assembly>
  <members>
    <member name="T:Microsoft.CSharp.RuntimeBinder.Binder">
      <summary>Contains factory methods to create dynamic call site binders for CSharp.<para>包含用于为 csharp 创建动态调用站点绑定程序的工厂方法.</para></summary>
    </member>
    <member name="M:Microsoft.CSharp.RuntimeBinder.Binder.BinaryOperation(Microsoft.CSharp.RuntimeBinder.CSharpBinderFlags,System.Linq.Expressions.ExpressionType,System.Type,System.Collections.Generic.IEnumerable{Microsoft.CSharp.RuntimeBinder.CSharpArgumentInfo})">
      <summary>Initializes a new CSharp binary operation binder.<para>初始化新的 csharp 二进制操作绑定器.</para></summary>
      <param name="flags">The flags with which to initialize the binder.<para>用于初始化绑定程序的标志.</para></param>
      <param name="operation">The binary operation kind.<para>二进制操作类型.</para></param>
      <param name="context">The <see cref="T:System.Type" /> that indicates where this operation is used.<para>指示此操作使用位置的 <see cref="T:System.Type" />.</para></param>
      <param name="argumentInfo">The sequence of <see cref="T:Microsoft.CSharp.RuntimeBinder.CSharpArgumentInfo" /> instances for the arguments to this operation.<para>的顺序 <see cref="t:microsoft.csharp.runtimebinder.csharpargumentinfo" /> 此操作的参数的实例.</para></param>
      <returns>A new CSharp binary operation binder.<para>一个新的 csharp 二进制操作绑定器.</para></returns>
    </member>
    <member name="M:Microsoft.CSharp.RuntimeBinder.Binder.Convert(Microsoft.CSharp.RuntimeBinder.CSharpBinderFlags,System.Type,System.Type)">
      <summary>Initializes a new CSharp convert binder.<para>初始化新的 csharp 转换绑定器.</para></summary>
      <param name="flags">The flags with which to initialize the binder.<para>用于初始化绑定程序的标志.</para></param>
      <param name="type">The type to convert to.<para>要转换为的类型.</para></param>
      <param name="context">The <see cref="T:System.Type" /> that indicates where this operation is used.<para>指示此操作使用位置的 <see cref="T:System.Type" />.</para></param>
      <returns>A new CSharp convert binder.<para>一个新的csharp转换活页夹.</para></returns>
    </member>
    <member name="M:Microsoft.CSharp.RuntimeBinder.Binder.GetIndex(Microsoft.CSharp.RuntimeBinder.CSharpBinderFlags,System.Type,System.Collections.Generic.IEnumerable{Microsoft.CSharp.RuntimeBinder.CSharpArgumentInfo})">
      <summary>Initializes a new CSharp get index binder.<para>初始化新的 csharp 获取索引绑定器.</para></summary>
      <param name="flags">The flags with which to initialize the binder.<para>用于初始化绑定程序的标志.</para></param>
      <param name="context">The <see cref="T:System.Type" /> that indicates where this operation is used.<para>指示此操作使用位置的 <see cref="T:System.Type" />.</para></param>
      <param name="argumentInfo">The sequence of <see cref="T:Microsoft.CSharp.RuntimeBinder.CSharpArgumentInfo" /> instances for the arguments to this operation.<para>的顺序 <see cref="t:microsoft.csharp.runtimebinder.csharpargumentinfo" /> 此操作的参数的实例.</para></param>
      <returns>A new CSharp get index binder.<para>一个新的 csharp 获取索引绑定器.</para></returns>
    </member>
    <member name="M:Microsoft.CSharp.RuntimeBinder.Binder.GetMember(Microsoft.CSharp.RuntimeBinder.CSharpBinderFlags,System.String,System.Type,System.Collections.Generic.IEnumerable{Microsoft.CSharp.RuntimeBinder.CSharpArgumentInfo})">
      <summary>Initializes a new CSharp get member binder.<para>初始化新的 csharp 获取成员绑定器.</para></summary>
      <param name="flags">The flags with which to initialize the binder.<para>用于初始化绑定程序的标志.</para></param>
      <param name="name">The name of the member to get.<para>要获取的成员的名称.</para></param>
      <param name="context">The <see cref="T:System.Type" /> that indicates where this operation is used.<para>指示此操作使用位置的 <see cref="T:System.Type" />.</para></param>
      <param name="argumentInfo">The sequence of <see cref="T:Microsoft.CSharp.RuntimeBinder.CSharpArgumentInfo" /> instances for the arguments to this operation.<para>的顺序 <see cref="t:microsoft.csharp.runtimebinder.csharpargumentinfo" /> 此操作的参数的实例.</para></param>
      <returns>A new CSharp get member binder.<para>一个新的 csharp 获取成员活页夹.</para></returns>
    </member>
    <member name="M:Microsoft.CSharp.RuntimeBinder.Binder.Invoke(Microsoft.CSharp.RuntimeBinder.CSharpBinderFlags,System.Type,System.Collections.Generic.IEnumerable{Microsoft.CSharp.RuntimeBinder.CSharpArgumentInfo})">
      <summary>Initializes a new CSharp invoke binder.<para>初始化新的 csharp 调用绑定器.</para></summary>
      <param name="flags">The flags with which to initialize the binder.<para>用于初始化绑定程序的标志.</para></param>
      <param name="context">The <see cref="T:System.Type" /> that indicates where this operation is used.<para>指示此操作使用位置的 <see cref="T:System.Type" />.</para></param>
      <param name="argumentInfo">The sequence of <see cref="T:Microsoft.CSharp.RuntimeBinder.CSharpArgumentInfo" /> instances for the arguments to this operation.<para>的顺序 <see cref="t:microsoft.csharp.runtimebinder.csharpargumentinfo" /> 此操作的参数的实例.</para></param>
      <returns>A new CSharp invoke binder.<para>一个新的 csharp 调用绑定器.</para></returns>
    </member>
    <member name="M:Microsoft.CSharp.RuntimeBinder.Binder.InvokeConstructor(Microsoft.CSharp.RuntimeBinder.CSharpBinderFlags,System.Type,System.Collections.Generic.IEnumerable{Microsoft.CSharp.RuntimeBinder.CSharpArgumentInfo})">
      <summary>Initializes a new CSharp invoke constructor binder.<para>初始化新的 csharp 调用构造函数绑定器.</para></summary>
      <param name="flags">The flags with which to initialize the binder.<para>用于初始化绑定程序的标志.</para></param>
      <param name="context">The <see cref="T:System.Type" /> that indicates where this operation is used.<para>指示此操作使用位置的 <see cref="T:System.Type" />.</para></param>
      <param name="argumentInfo">The sequence of <see cref="T:Microsoft.CSharp.RuntimeBinder.CSharpArgumentInfo" /> instances for the arguments to this operation.<para>的顺序 <see cref="t:microsoft.csharp.runtimebinder.csharpargumentinfo" /> 此操作的参数的实例.</para></param>
      <returns>A new CSharp invoke constructor binder.<para>一个新的 csharp 调用构造函数绑定器.</para></returns>
    </member>
    <member name="M:Microsoft.CSharp.RuntimeBinder.Binder.InvokeMember(Microsoft.CSharp.RuntimeBinder.CSharpBinderFlags,System.String,System.Collections.Generic.IEnumerable{System.Type},System.Type,System.Collections.Generic.IEnumerable{Microsoft.CSharp.RuntimeBinder.CSharpArgumentInfo})">
      <summary>Initializes a new CSharp invoke member binder.<para>初始化新的 csharp 调用成员绑定器.</para></summary>
      <param name="flags">The flags with which to initialize the binder.<para>用于初始化绑定程序的标志.</para></param>
      <param name="name">The name of the member to invoke.<para>要调用的成员的名称.</para></param>
      <param name="typeArguments">The list of type arguments specified for this invoke.<para>为此调用指定的类型参数列表.</para></param>
      <param name="context">The <see cref="T:System.Type" /> that indicates where this operation is used.<para>指示此操作使用位置的 <see cref="T:System.Type" />.</para></param>
      <param name="argumentInfo">The sequence of <see cref="T:Microsoft.CSharp.RuntimeBinder.CSharpArgumentInfo" /> instances for the arguments to this operation.<para>的顺序 <see cref="t:microsoft.csharp.runtimebinder.csharpargumentinfo" /> 此操作的参数的实例.</para></param>
      <returns>A new CSharp invoke member binder.<para>新的 csharp 调用成员绑定器.</para></returns>
    </member>
    <member name="M:Microsoft.CSharp.RuntimeBinder.Binder.IsEvent(Microsoft.CSharp.RuntimeBinder.CSharpBinderFlags,System.String,System.Type)">
      <summary>Initializes a new CSharp is event binder.<para>初始化新的 csharp 是事件绑定器.</para></summary>
      <param name="flags">The flags with which to initialize the binder.<para>用于初始化绑定程序的标志.</para></param>
      <param name="name">The name of the event to look for.<para>要查找的事件的名称.</para></param>
      <param name="context">The <see cref="T:System.Type" /> that indicates where this operation is used.<para>指示此操作使用位置的 <see cref="T:System.Type" />.</para></param>
      <returns>A new CSharp is event binder.<para>新的csharp是事件绑定器.</para></returns>
    </member>
    <member name="M:Microsoft.CSharp.RuntimeBinder.Binder.SetIndex(Microsoft.CSharp.RuntimeBinder.CSharpBinderFlags,System.Type,System.Collections.Generic.IEnumerable{Microsoft.CSharp.RuntimeBinder.CSharpArgumentInfo})">
      <summary>Initializes a new CSharp set index binder.<para>初始化新的 csharp 集索引绑定器.</para></summary>
      <param name="flags">The flags with which to initialize the binder.<para>用于初始化绑定程序的标志.</para></param>
      <param name="context">The <see cref="T:System.Type" /> that indicates where this operation is used.<para>指示此操作使用位置的 <see cref="T:System.Type" />.</para></param>
      <param name="argumentInfo">The sequence of <see cref="T:Microsoft.CSharp.RuntimeBinder.CSharpArgumentInfo" /> instances for the arguments to this operation.<para>的顺序 <see cref="t:microsoft.csharp.runtimebinder.csharpargumentinfo" /> 此操作的参数的实例.</para></param>
      <returns>A new CSharp set index binder.<para>一个新的 csharp 集索引绑定器.</para></returns>
    </member>
    <member name="M:Microsoft.CSharp.RuntimeBinder.Binder.SetMember(Microsoft.CSharp.RuntimeBinder.CSharpBinderFlags,System.String,System.Type,System.Collections.Generic.IEnumerable{Microsoft.CSharp.RuntimeBinder.CSharpArgumentInfo})">
      <summary>Initializes a new CSharp set member binder.<para>初始化新的 csharp 集成员绑定器.</para></summary>
      <param name="flags">The flags with which to initialize the binder.<para>用于初始化绑定程序的标志.</para></param>
      <param name="name">The name of the member to set.<para>要设置的成员的名称.</para></param>
      <param name="context">The <see cref="T:System.Type" /> that indicates where this operation is used.<para>指示此操作使用位置的 <see cref="T:System.Type" />.</para></param>
      <param name="argumentInfo">The sequence of <see cref="T:Microsoft.CSharp.RuntimeBinder.CSharpArgumentInfo" /> instances for the arguments to this operation.<para>的顺序 <see cref="t:microsoft.csharp.runtimebinder.csharpargumentinfo" /> 此操作的参数的实例.</para></param>
      <returns>A new CSharp set member binder.<para>一个新的 csharp 集成员绑定器.</para></returns>
    </member>
    <member name="M:Microsoft.CSharp.RuntimeBinder.Binder.UnaryOperation(Microsoft.CSharp.RuntimeBinder.CSharpBinderFlags,System.Linq.Expressions.ExpressionType,System.Type,System.Collections.Generic.IEnumerable{Microsoft.CSharp.RuntimeBinder.CSharpArgumentInfo})">
      <summary>Initializes a new CSharp unary operation binder.<para>初始化新的 csharp 一元操作绑定器.</para></summary>
      <param name="flags">The flags with which to initialize the binder.<para>用于初始化绑定程序的标志.</para></param>
      <param name="operation">The unary operation kind.<para>一元操作类型.</para></param>
      <param name="context">The <see cref="T:System.Type" /> that indicates where this operation is used.<para>指示此操作使用位置的 <see cref="T:System.Type" />.</para></param>
      <param name="argumentInfo">The sequence of <see cref="T:Microsoft.CSharp.RuntimeBinder.CSharpArgumentInfo" /> instances for the arguments to this operation.<para>的顺序 <see cref="t:microsoft.csharp.runtimebinder.csharpargumentinfo" /> 此操作的参数的实例.</para></param>
      <returns>A new CSharp unary operation binder.<para>新的 csharp 一元操作绑定器.</para></returns>
    </member>
    <member name="T:Microsoft.CSharp.RuntimeBinder.CSharpArgumentInfo">
      <summary>Represents information about C# dynamic operations that are specific to particular arguments at a call site. Instances of this class are generated by the C# compiler.<para>表示有关特定于调用站点上特定参数的 c# 动态操作的信息.此类的实例由 c# 编译器生成.</para></summary>
    </member>
    <member name="M:Microsoft.CSharp.RuntimeBinder.CSharpArgumentInfo.Create(Microsoft.CSharp.RuntimeBinder.CSharpArgumentInfoFlags,System.String)">
      <summary>Initializes a new instance of the <see cref="T:Microsoft.CSharp.RuntimeBinder.CSharpArgumentInfo" /> class.<para>初始化 <see cref="t:microsoft.csharp.runtimebinder.csharpargumentinfo" /> .class.</para></summary>
      <param name="flags">The flags for the argument.<para>参数的标志.</para></param>
      <param name="name">The name of the argument, if named; otherwise null.<para>参数的名称（如果已命名）;否则为空.</para></param>
      <returns>A new instance of the <see cref="T:Microsoft.CSharp.RuntimeBinder.CSharpArgumentInfo" /> class.<para>的新实例 <see cref="t:microsoft.csharp.runtimebinder.csharpargumentinfo" /> .class.</para></returns>
    </member>
    <member name="T:Microsoft.CSharp.RuntimeBinder.CSharpArgumentInfoFlags">
      <summary>Represents information about C# dynamic operations that are specific to particular arguments at a call site. Instances of this class are generated by the C# compiler.<para>表示有关特定于调用站点上特定参数的 c# 动态操作的信息.此类的实例由 c# 编译器生成.</para></summary>
    </member>
    <member name="F:Microsoft.CSharp.RuntimeBinder.CSharpArgumentInfoFlags.Constant">
      <summary>The argument is a constant.<para>参数是一个常量.</para></summary>
    </member>
    <member name="F:Microsoft.CSharp.RuntimeBinder.CSharpArgumentInfoFlags.IsOut">
      <summary>The argument is passed to an out parameter.<para>参数将传递给 out 参数.</para></summary>
    </member>
    <member name="F:Microsoft.CSharp.RuntimeBinder.CSharpArgumentInfoFlags.IsRef">
      <summary>The argument is passed to a ref parameter.<para>参数将传递给 ref 参数.</para></summary>
    </member>
    <member name="F:Microsoft.CSharp.RuntimeBinder.CSharpArgumentInfoFlags.IsStaticType">
      <summary>The argument is a <see cref="T:System.Type" /> indicating an actual type name used in source. Used only for target objects in static calls.<para>参数是一个 <see cref="T:System.Type" />,指示源中使用的实际类型名称.仅用于静态调用中的目标对象.</para></summary>
    </member>
    <member name="F:Microsoft.CSharp.RuntimeBinder.CSharpArgumentInfoFlags.NamedArgument">
      <summary>The argument is a named argument.<para>参数是命名参数.</para></summary>
    </member>
    <member name="F:Microsoft.CSharp.RuntimeBinder.CSharpArgumentInfoFlags.None">
      <summary>No additional information to represent.<para>没有其他信息要表示.</para></summary>
    </member>
    <member name="F:Microsoft.CSharp.RuntimeBinder.CSharpArgumentInfoFlags.UseCompileTimeType">
      <summary>The argument's compile-time type should be considered during binding.<para>在绑定期间应考虑参数的编译时类型.</para></summary>
    </member>
    <member name="T:Microsoft.CSharp.RuntimeBinder.CSharpBinderFlags">
      <summary>Represents information about C# dynamic operations that are not specific to particular arguments at a call site. Instances of this class are generated by the C# compiler.<para>表示有关不特定于调用站点上特定参数的 c# 动态操作的信息.此类的实例由 c# 编译器生成.</para></summary>
    </member>
    <member name="F:Microsoft.CSharp.RuntimeBinder.CSharpBinderFlags.BinaryOperationLogical">
      <summary>The binder represents a logical AND or logical OR that is part of a conditional logical operator evaluation.<para>绑定程序表示逻辑 and 或逻辑 or,它是条件逻辑运算符计算的一部分.</para></summary>
    </member>
    <member name="F:Microsoft.CSharp.RuntimeBinder.CSharpBinderFlags.CheckedContext">
      <summary>The evaluation of this binder happens in a checked context.<para>此活页夹的评估在检查上下文中进行.</para></summary>
    </member>
    <member name="F:Microsoft.CSharp.RuntimeBinder.CSharpBinderFlags.ConvertArrayIndex">
      <summary>The binder represents an implicit conversion for use in an array creation expression.<para>绑定程序表示在数组创建表达式中使用的隐式转换.</para></summary>
    </member>
    <member name="F:Microsoft.CSharp.RuntimeBinder.CSharpBinderFlags.ConvertExplicit">
      <summary>The binder represents an explicit conversion.<para>绑定程序表示显式转换.</para></summary>
    </member>
    <member name="F:Microsoft.CSharp.RuntimeBinder.CSharpBinderFlags.InvokeSimpleName">
      <summary>The binder represents an invoke on a simple name.<para>绑定程序表示对简单名称的调用.</para></summary>
    </member>
    <member name="F:Microsoft.CSharp.RuntimeBinder.CSharpBinderFlags.InvokeSpecialName">
      <summary>The binder represents an invoke on a specialname.<para>绑定程序表示对特殊名称的调用.</para></summary>
    </member>
    <member name="F:Microsoft.CSharp.RuntimeBinder.CSharpBinderFlags.None">
      <summary>There is no additional information required for this binder.<para>此活页夹不需要其他信息.</para></summary>
    </member>
    <member name="F:Microsoft.CSharp.RuntimeBinder.CSharpBinderFlags.ResultDiscarded">
      <summary>The binder is used in a position that does not require a result, and can therefore bind to a void returning method.<para>粘合剂用于不需要结果的位置,因此可以绑定到空隙返回方法.</para></summary>
    </member>
    <member name="F:Microsoft.CSharp.RuntimeBinder.CSharpBinderFlags.ResultIndexed">
      <summary>The result of any bind is going to be indexed get a set index or get index binder.<para>任何绑定的结果都将被索引 获取设置索引或获取索引绑定器.</para></summary>
    </member>
    <member name="F:Microsoft.CSharp.RuntimeBinder.CSharpBinderFlags.ValueFromCompoundAssignment">
      <summary>The value in this set index or set member comes a compound assignment operator.<para>此 set 索引或 set 成员中的值带有复合赋值运算符.</para></summary>
    </member>
    <member name="T:Microsoft.CSharp.RuntimeBinder.RuntimeBinderException">
      <summary>Represents an error that occurs when a dynamic bind in the C# runtime binder is processed.<para>表示处理 c# 运行时绑定程序中的动态绑定时发生的错误.</para></summary>
    </member>
    <member name="M:Microsoft.CSharp.RuntimeBinder.RuntimeBinderException.#ctor">
      <summary>Initializes a new instance of the <see cref="T:Microsoft.CSharp.RuntimeBinder.RuntimeBinderException" /> class.<para>初始化 <see cref="T:Microsoft.CSharp.RuntimeBinder.RuntimeBinderException" /> 类的新实例.</para></summary>
    </member>
    <member name="M:Microsoft.CSharp.RuntimeBinder.RuntimeBinderException.#ctor(System.Runtime.Serialization.SerializationInfo,System.Runtime.Serialization.StreamingContext)">
      <summary>Initializes a new instance of the <see cref="T:Microsoft.CSharp.RuntimeBinder.RuntimeBinderException" /> class that has serialized data.<para>初始化已序列化数据的 <see cref="T:Microsoft.CSharp.RuntimeBinder.RuntimeBinderException" /> 类的新实例.</para></summary>
      <param name="info">The object that holds the serialized object data about the exception being thrown.<para>保存有关引发的异常的序列化对象数据的对象.</para></param>
      <param name="context">The contextual information about the source or destination.<para>有关源或目标的上下文信息.</para></param>
    </member>
    <member name="M:Microsoft.CSharp.RuntimeBinder.RuntimeBinderException.#ctor(System.String)">
      <summary>Initializes a new instance of the <see cref="T:Microsoft.CSharp.RuntimeBinder.RuntimeBinderException" /> class that has a specified error message.<para>初始化具有指定错误消息的 <see cref="T:Microsoft.CSharp.RuntimeBinder.RuntimeBinderException" /> 类的新实例.</para></summary>
      <param name="message">The message that describes the exception. The caller of this constructor is required to ensure that this string has been localized for the current system culture.<para>描述异常的消息.需要此构造函数的调用方确保此字符串已针对当前系统区域性进行了本地化.</para></param>
    </member>
    <member name="M:Microsoft.CSharp.RuntimeBinder.RuntimeBinderException.#ctor(System.String,System.Exception)">
      <summary>Initializes a new instance of the <see cref="T:Microsoft.CSharp.RuntimeBinder.RuntimeBinderException" /> class that has a specified error message and a reference to the inner exception that is the cause of this exception.<para>初始化 <see cref="T:Microsoft.CSharp.RuntimeBinder.RuntimeBinderException" /> 类的新实例,该实例具有指定的错误消息和对导致此异常的内部异常的引用.</para></summary>
      <param name="message">The error message that explains the reason for the exception.<para>解释异常原因的错误消息.</para></param>
      <param name="innerException">The exception that is the cause of the current exception, or a null reference if no inner exception is specified.<para>导致当前异常的异常,如果未指定内部异常,则为 null 引用.</para></param>
    </member>
    <member name="T:Microsoft.CSharp.RuntimeBinder.RuntimeBinderInternalCompilerException">
      <summary>Represents an error that occurs when a dynamic bind in the C# runtime binder is processed.<para>表示处理 c# 运行时绑定程序中的动态绑定时发生的错误.</para></summary>
    </member>
    <member name="M:Microsoft.CSharp.RuntimeBinder.RuntimeBinderInternalCompilerException.#ctor">
      <summary>Initializes a new instance of the <see cref="T:Microsoft.CSharp.RuntimeBinder.RuntimeBinderInternalCompilerException" /> class with a system-supplied message that describes the error.<para>使用系统提供的描述错误的消息初始化 <see cref="T:Microsoft.CSharp.RuntimeBinder.RuntimeBinderInternalCompilerException" /> 类的新实例.</para></summary>
    </member>
    <member name="M:Microsoft.CSharp.RuntimeBinder.RuntimeBinderInternalCompilerException.#ctor(System.Runtime.Serialization.SerializationInfo,System.Runtime.Serialization.StreamingContext)">
      <summary>Initializes a new instance of the <see cref="T:Microsoft.CSharp.RuntimeBinder.RuntimeBinderInternalCompilerException" /> class with serialized data.<para>使用序列化数据初始化 <see cref="T:Microsoft.CSharp.RuntimeBinder.RuntimeBinderInternalCompilerException" /> 类的新实例.</para></summary>
      <param name="info">The <see cref="T:System.Runtime.Serialization.SerializationInfo" /> that holds the serialized object data about the exception being thrown.<para>保存有关引发的异常的序列化对象数据的 <see cref="T:System.Runtime.Serialization.SerializationInfo" />.</para></param>
      <param name="context">The <see cref="T:System.Runtime.Serialization.StreamingContext" /> that contains contextual information about the source or destination.<para>包含有关源或目标的上下文信息的 <see cref="T:System.Runtime.Serialization.StreamingContext" />.</para></param>
    </member>
    <member name="M:Microsoft.CSharp.RuntimeBinder.RuntimeBinderInternalCompilerException.#ctor(System.String)">
      <summary>Initializes a new instance of the <see cref="T:Microsoft.CSharp.RuntimeBinder.RuntimeBinderInternalCompilerException" /> class with a specified message that describes the error.<para>使用描述错误的指定消息初始化 <see cref="T:Microsoft.CSharp.RuntimeBinder.RuntimeBinderInternalCompilerException" /> 类的新实例.</para></summary>
      <param name="message">The message that describes the exception. The caller of this constructor is required to ensure that this string has been localized for the current system culture.<para>描述异常的消息.需要此构造函数的调用方确保此字符串已针对当前系统区域性进行了本地化.</para></param>
    </member>
    <member name="M:Microsoft.CSharp.RuntimeBinder.RuntimeBinderInternalCompilerException.#ctor(System.String,System.Exception)">
      <summary>Initializes a new instance of the <see cref="T:Microsoft.CSharp.RuntimeBinder.RuntimeBinderInternalCompilerException" /> class that has a specified error message and a reference to the inner exception that is the cause of this exception.<para>初始化 <see cref="T:Microsoft.CSharp.RuntimeBinder.RuntimeBinderInternalCompilerException" /> 类的新实例,该实例具有指定的错误消息和对导致此异常的内部异常的引用.</para></summary>
      <param name="message">The error message that explains the reason for the exception.<para>解释异常原因的错误消息.</para></param>
      <param name="innerException">The exception that is the cause of the current exception, or a null reference if no inner exception is specified.<para>导致当前异常的异常,如果未指定内部异常,则为 null 引用.</para></param>
    </member>
  </members>
</doc>