﻿<?xml version="1.0" encoding="utf-8"?>
<doc>
  <assembly>
    <name>System.Net.WebHeaderCollection</name>
  </assembly>
  <members>
    <member name="T:System.Net.HttpRequestHeader">
      <summary>The HTTP headers that may be specified in a client request.<para>可以在客户端请求中指定的 http 标头.</para></summary>
    </member>
    <member name="F:System.Net.HttpRequestHeader.Accept">
      <summary>The Accept header, which specifies the MIME types that are acceptable for the response.<para>接受标头,指定响应可接受的 mime 类型.</para></summary>
    </member>
    <member name="F:System.Net.HttpRequestHeader.AcceptCharset">
      <summary>The Accept-Charset header, which specifies the character sets that are acceptable for the response.<para>接受字符集标头,它指定响应可接受的字符集.</para></summary>
    </member>
    <member name="F:System.Net.HttpRequestHeader.AcceptEncoding">
      <summary>The Accept-Encoding header, which specifies the content encodings that are acceptable for the response.<para>接受编码标头,它指定响应可接受的内容编码.</para></summary>
    </member>
    <member name="F:System.Net.HttpRequestHeader.AcceptLanguage">
      <summary>The Accept-Language header, which specifies that natural languages that are preferred for the response.<para>接受语言标头,它指定响应的首选自然语言.</para></summary>
    </member>
    <member name="F:System.Net.HttpRequestHeader.Allow">
      <summary>The Allow header, which specifies the set of HTTP methods supported.<para>允许标头,它指定支持的 http 方法集.</para></summary>
    </member>
    <member name="F:System.Net.HttpRequestHeader.Authorization">
      <summary>The Authorization header, which specifies the credentials that the client presents in order to authenticate itself to the server.<para>授权标头,它指定客户端提供的凭据,以便向服务器验证自身.</para></summary>
    </member>
    <member name="F:System.Net.HttpRequestHeader.CacheControl">
      <summary>The Cache-Control header, which specifies directives that must be obeyed by all cache control mechanisms along the request/response chain.<para>cache-control 标头,它指定请求/响应链上的所有缓存控制机制必须遵守的指令.</para></summary>
    </member>
    <member name="F:System.Net.HttpRequestHeader.Connection">
      <summary>The Connection header, which specifies options that are desired for a particular connection.<para>连接标头,指定特定连接所需的选项.</para></summary>
    </member>
    <member name="F:System.Net.HttpRequestHeader.ContentEncoding">
      <summary>The Content-Encoding header, which specifies the encodings that have been applied to the accompanying body data.<para>内容编码标头,它指定已应用于随附正文数据的编码.</para></summary>
    </member>
    <member name="F:System.Net.HttpRequestHeader.ContentLanguage">
      <summary>The Content-Language header, which specifies the natural language(s) of the accompanying body data.<para>内容语言标头,它指定随附正文数据的自然语言.</para></summary>
    </member>
    <member name="F:System.Net.HttpRequestHeader.ContentLength">
      <summary>The Content-Length header, which specifies the length, in bytes, of the accompanying body data.<para>内容长度标头,它指定随附正文数据的长度（以字节为单位）.</para></summary>
    </member>
    <member name="F:System.Net.HttpRequestHeader.ContentLocation">
      <summary>The Content-Location header, which specifies a URI from which the accompanying body may be obtained.<para>内容位置标头,它指定可从中获取随附正文的 uri.</para></summary>
    </member>
    <member name="F:System.Net.HttpRequestHeader.ContentMd5">
      <summary>The Content-MD5 header, which specifies the MD5 digest of the accompanying body data, for the purpose of providing an end-to-end message integrity check. Due to collision problems with MD5, Microsoft recommends a security model based on SHA256 or better.<para>content-md5 标头,它指定随附正文数据的 md5 摘要,用于提供端到端消息完整性检查.由于与 md5 的冲突问题,microsoft建议使用 sha256 或更高版本的安全模型.</para></summary>
    </member>
    <member name="F:System.Net.HttpRequestHeader.ContentRange">
      <summary>The Content-Range header, which specifies where in the full body the accompanying partial body data should be applied.<para>内容范围标头,它指定应在正文中应用随附的部分正文数据的位置.</para></summary>
    </member>
    <member name="F:System.Net.HttpRequestHeader.ContentType">
      <summary>The Content-Type header, which specifies the MIME type of the accompanying body data.<para>内容类型标头,它指定随附正文数据的 mime 类型.</para></summary>
    </member>
    <member name="F:System.Net.HttpRequestHeader.Cookie">
      <summary>The Cookie header, which specifies cookie data presented to the server.<para>cookie 标头,指定呈现给服务器的 cookie 数据.</para></summary>
    </member>
    <member name="F:System.Net.HttpRequestHeader.Date">
      <summary>The Date header, which specifies the date and time at which the request originated.<para>date 标头,指定发起请求的日期和时间.</para></summary>
    </member>
    <member name="F:System.Net.HttpRequestHeader.Expect">
      <summary>The Expect header, which specifies particular server behaviors that are required by the client.<para>expect 标头,它指定客户端所需的特定服务器行为.</para></summary>
    </member>
    <member name="F:System.Net.HttpRequestHeader.Expires">
      <summary>The Expires header, which specifies the date and time after which the accompanying body data should be considered stale.<para>expires 标头,它指定随附正文数据应被视为过时的日期和时间.</para></summary>
    </member>
    <member name="F:System.Net.HttpRequestHeader.From">
      <summary>The From header, which specifies an Internet Email address for the human user who controls the requesting user agent.<para>发件人标头,它为控制请求用户代理的人类用户指定互联网电子邮件地址.</para></summary>
    </member>
    <member name="F:System.Net.HttpRequestHeader.Host">
      <summary>The Host header, which specifies the host name and port number of the resource being requested.<para>host 标头,指定所请求资源的主机名和端口号.</para></summary>
    </member>
    <member name="F:System.Net.HttpRequestHeader.IfMatch">
      <summary>The If-Match header, which specifies that the requested operation should be performed only if the client's cached copy of the indicated resource is current.<para>if-match 标头,它指定仅当客户端的指示资源的缓存副本是最新的时,才应执行请求的操作.</para></summary>
    </member>
    <member name="F:System.Net.HttpRequestHeader.IfModifiedSince">
      <summary>The If-Modified-Since header, which specifies that the requested operation should be performed only if the requested resource has been modified since the indicated data and time.<para>if-modified-since 标头,该标头指定仅当请求的资源自指示的数据和时间以来已修改时,才应执行请求的操作.</para></summary>
    </member>
    <member name="F:System.Net.HttpRequestHeader.IfNoneMatch">
      <summary>The If-None-Match header, which specifies that the requested operation should be performed only if none of client's cached copies of the indicated resources are current.<para>if-none-match 标头,该标头指定仅当所指示资源的客户端缓存副本都不是最新的时,才应执行请求的操作.</para></summary>
    </member>
    <member name="F:System.Net.HttpRequestHeader.IfRange">
      <summary>The If-Range header, which specifies that only the specified range of the requested resource should be sent, if the client's cached copy is current.<para>if-range 标头,它指定如果客户端的缓存副本是最新的,则只应发送所请求资源的指定范围.</para></summary>
    </member>
    <member name="F:System.Net.HttpRequestHeader.IfUnmodifiedSince">
      <summary>The If-Unmodified-Since header, which specifies that the requested operation should be performed only if the requested resource has not been modified since the indicated date and time.<para>if-unmodified-since 标头,它指定仅当请求的资源自指示的日期和时间以来未被修改时,才应执行请求的操作.</para></summary>
    </member>
    <member name="F:System.Net.HttpRequestHeader.KeepAlive">
      <summary>The Keep-Alive header, which specifies a parameter used into order to maintain a persistent connection.<para>保持活动状态标头,它指定用于维护持久连接的参数.</para></summary>
    </member>
    <member name="F:System.Net.HttpRequestHeader.LastModified">
      <summary>The Last-Modified header, which specifies the date and time at which the accompanying body data was last modified.<para>"上次修改时间"标头,它指定上次修改随附正文数据的日期和时间.</para></summary>
    </member>
    <member name="F:System.Net.HttpRequestHeader.MaxForwards">
      <summary>The Max-Forwards header, which specifies an integer indicating the remaining number of times that this request may be forwarded.<para>max-forwards 标头,它指定一个整数,指示可以转发此请求的剩余次数.</para></summary>
    </member>
    <member name="F:System.Net.HttpRequestHeader.Pragma">
      <summary>The Pragma header, which specifies implementation-specific directives that might apply to any agent along the request/response chain.<para>pragma 标头,它指定可能应用于请求/响应链上任何代理的特定于实现的指令.</para></summary>
    </member>
    <member name="F:System.Net.HttpRequestHeader.ProxyAuthorization">
      <summary>The Proxy-Authorization header, which specifies the credentials that the client presents in order to authenticate itself to a proxy.<para>代理授权标头,它指定客户端提供的凭据,以便向代理进行身份验证.</para></summary>
    </member>
    <member name="F:System.Net.HttpRequestHeader.Range">
      <summary>The Range header, which specifies the sub-range(s) of the response that the client requests be returned in lieu of the entire response.<para>range 标头,它指定客户端请求返回的响应的子范围,而不是整个响应.</para></summary>
    </member>
    <member name="F:System.Net.HttpRequestHeader.Referer">
      <summary>The Referer header, which specifies the URI of the resource from which the request URI was obtained.<para>引用标头,它指定从中获取请求 uri 的资源的 uri.</para></summary>
    </member>
    <member name="F:System.Net.HttpRequestHeader.Te">
      <summary>The TE header, which specifies the transfer encodings that are acceptable for the response.<para>te 标头,指定响应可接受的传输编码.</para></summary>
    </member>
    <member name="F:System.Net.HttpRequestHeader.Trailer">
      <summary>The Trailer header, which specifies the header fields present in the trailer of a message encoded with chunked transfer-coding.<para>trailer 标头,它指定使用分块传输编码编码的消息的尾部中存在的标头字段.</para></summary>
    </member>
    <member name="F:System.Net.HttpRequestHeader.TransferEncoding">
      <summary>The Transfer-Encoding header, which specifies what (if any) type of transformation that has been applied to the message body.<para>传输编码标头,它指定已应用于邮件正文的转换类型（如果有）.</para></summary>
    </member>
    <member name="F:System.Net.HttpRequestHeader.Translate">
      <summary>The Translate header, a Microsoft extension to the HTTP specification used in conjunction with WebDAV functionality.<para>翻译标头,与 webdav 功能结合使用的 http 规范的microsoft扩展.</para></summary>
    </member>
    <member name="F:System.Net.HttpRequestHeader.Upgrade">
      <summary>The Upgrade header, which specifies additional communications protocols that the client supports.<para>升级标头,指定客户端支持的其他通信协议.</para></summary>
    </member>
    <member name="F:System.Net.HttpRequestHeader.UserAgent">
      <summary>The User-Agent header, which specifies information about the client agent.<para>用户代理标头,它指定有关客户端代理的信息.</para></summary>
    </member>
    <member name="F:System.Net.HttpRequestHeader.Via">
      <summary>The Via header, which specifies intermediate protocols to be used by gateway and proxy agents.<para>via 标头,指定网关和代理程序要使用的中间协议.</para></summary>
    </member>
    <member name="F:System.Net.HttpRequestHeader.Warning">
      <summary>The Warning header, which specifies additional information about that status or transformation of a message that might not be reflected in the message.<para>警告标头,它指定有关可能不会反映在邮件中的邮件状态或转换的其他信息.</para></summary>
    </member>
    <member name="T:System.Net.HttpResponseHeader">
      <summary>The HTTP headers that can be specified in a server response.<para>可以在服务器响应中指定的 http 标头.</para></summary>
    </member>
    <member name="F:System.Net.HttpResponseHeader.AcceptRanges">
      <summary>The Accept-Ranges header, which specifies the range that is accepted by the server.<para>接受范围标头,它指定服务器接受的范围.</para></summary>
    </member>
    <member name="F:System.Net.HttpResponseHeader.Age">
      <summary>The Age header, which specifies the time, in seconds, since the response was generated by the originating server.<para>age 标头,指定自原始服务器生成响应以来的时间（以秒为单位）.</para></summary>
    </member>
    <member name="F:System.Net.HttpResponseHeader.Allow">
      <summary>The Allow header, which specifies the set of HTTP methods that are supported.<para>允许标头,它指定支持的 http 方法集.</para></summary>
    </member>
    <member name="F:System.Net.HttpResponseHeader.CacheControl">
      <summary>The Cache-Control header, which specifies caching directives that must be obeyed by all caching mechanisms along the request/response chain.<para>cache-control 标头,它指定请求/响应链上的所有缓存机制必须遵守的缓存指令.</para></summary>
    </member>
    <member name="F:System.Net.HttpResponseHeader.Connection">
      <summary>The Connection header, which specifies options that are desired for a particular connection.<para>连接标头,指定特定连接所需的选项.</para></summary>
    </member>
    <member name="F:System.Net.HttpResponseHeader.ContentEncoding">
      <summary>The Content-Encoding header, which specifies the encodings that have been applied to the accompanying body data.<para>内容编码标头,它指定已应用于随附正文数据的编码.</para></summary>
    </member>
    <member name="F:System.Net.HttpResponseHeader.ContentLanguage">
      <summary>The Content-Language header, which specifies the natural language or languages of the accompanying body data.<para>内容语言标头,它指定随附正文数据的自然语言.</para></summary>
    </member>
    <member name="F:System.Net.HttpResponseHeader.ContentLength">
      <summary>The Content-Length header, which specifies the length, in bytes, of the accompanying body data.<para>内容长度标头,它指定随附正文数据的长度（以字节为单位）.</para></summary>
    </member>
    <member name="F:System.Net.HttpResponseHeader.ContentLocation">
      <summary>The Content-Location header, which specifies a URI from which the accompanying body can be obtained.<para>内容位置标头,它指定可从中获取随附正文的 uri.</para></summary>
    </member>
    <member name="F:System.Net.HttpResponseHeader.ContentMd5">
      <summary>The Content-MD5 header, which specifies the MD5 digest of the accompanying body data, for the purpose of providing an end-to-end message integrity check. Due to collision problems with MD5, Microsoft recommends a security model based on SHA256 or better.<para>content-md5 标头,它指定随附正文数据的 md5 摘要,用于提供端到端消息完整性检查.由于与 md5 的冲突问题,microsoft建议使用 sha256 或更高版本的安全模型.</para></summary>
    </member>
    <member name="F:System.Net.HttpResponseHeader.ContentRange">
      <summary>The Range header, which specifies the subrange or subranges of the response that the client requests be returned in lieu of the entire response.<para>range 标头,它指定客户端请求返回的响应的子范围或子范围,以代替整个响应.</para></summary>
    </member>
    <member name="F:System.Net.HttpResponseHeader.ContentType">
      <summary>The Content-Type header, which specifies the MIME type of the accompanying body data.<para>内容类型标头,它指定随附正文数据的 mime 类型.</para></summary>
    </member>
    <member name="F:System.Net.HttpResponseHeader.Date">
      <summary>The Date header, which specifies the date and time at which the response originated.<para>date 标头,指定发起响应的日期和时间.</para></summary>
    </member>
    <member name="F:System.Net.HttpResponseHeader.ETag">
      <summary>The Etag header, which specifies the current value for the requested variant.<para>etag 标头,它指定所请求变体的当前值.</para></summary>
    </member>
    <member name="F:System.Net.HttpResponseHeader.Expires">
      <summary>The Expires header, which specifies the date and time after which the accompanying body data should be considered stale.<para>expires 标头,它指定随附正文数据应被视为过时的日期和时间.</para></summary>
    </member>
    <member name="F:System.Net.HttpResponseHeader.KeepAlive">
      <summary>The Keep-Alive header, which specifies a parameter to be used to maintain a persistent connection.<para>保持活动状态标头,它指定用于维护持久连接的参数.</para></summary>
    </member>
    <member name="F:System.Net.HttpResponseHeader.LastModified">
      <summary>The Last-Modified header, which specifies the date and time at which the accompanying body data was last modified.<para>"上次修改时间"标头,它指定上次修改随附正文数据的日期和时间.</para></summary>
    </member>
    <member name="F:System.Net.HttpResponseHeader.Location">
      <summary>The Location header, which specifies a URI to which the client is redirected to obtain the requested resource.<para>位置标头,它指定客户端重定向到以获取请求的资源的 uri.</para></summary>
    </member>
    <member name="F:System.Net.HttpResponseHeader.Pragma">
      <summary>The Pragma header, which specifies implementation-specific directives that might apply to any agent along the request/response chain.<para>pragma 标头,它指定可能应用于请求/响应链上任何代理的特定于实现的指令.</para></summary>
    </member>
    <member name="F:System.Net.HttpResponseHeader.ProxyAuthenticate">
      <summary>The Proxy-Authenticate header, which specifies that the client must authenticate itself to a proxy.<para>代理身份验证标头,指定客户端必须向代理验证自身.</para></summary>
    </member>
    <member name="F:System.Net.HttpResponseHeader.RetryAfter">
      <summary>The Retry-After header, which specifies a time (in seconds), or a date and time, after which the client can retry its request.<para>重试后标头,它指定时间（以秒为单位）或日期和时间,之后客户端可以重试其请求.</para></summary>
    </member>
    <member name="F:System.Net.HttpResponseHeader.Server">
      <summary>The Server header, which specifies information about the originating server agent.<para>服务器标头,指定有关原始服务器代理的信息.</para></summary>
    </member>
    <member name="F:System.Net.HttpResponseHeader.SetCookie">
      <summary>The Set-Cookie header, which specifies cookie data that is presented to the client.<para>set-cookie 标头,它指定呈现给客户端的 cookie 数据.</para></summary>
    </member>
    <member name="F:System.Net.HttpResponseHeader.Trailer">
      <summary>The Trailer header, which specifies that the indicated header fields are present in the trailer of a message that is encoded with chunked transfer-coding.<para>trailer 标头,它指定指示的标头字段存在于使用分块传输编码编码的消息的尾部中.</para></summary>
    </member>
    <member name="F:System.Net.HttpResponseHeader.TransferEncoding">
      <summary>The Transfer-Encoding header, which specifies what (if any) type of transformation has been applied to the message body.<para>传输编码标头,它指定已应用于邮件正文的转换类型（如果有）.</para></summary>
    </member>
    <member name="F:System.Net.HttpResponseHeader.Upgrade">
      <summary>The Upgrade header, which specifies additional communications protocols that the client supports.<para>升级标头,指定客户端支持的其他通信协议.</para></summary>
    </member>
    <member name="F:System.Net.HttpResponseHeader.Vary">
      <summary>The Vary header, which specifies the request headers that are used to determine whether a cached response is fresh.<para>vary 标头,指定用于确定缓存响应是否最新的请求标头.</para></summary>
    </member>
    <member name="F:System.Net.HttpResponseHeader.Via">
      <summary>The Via header, which specifies intermediate protocols to be used by gateway and proxy agents.<para>via 标头,指定网关和代理程序要使用的中间协议.</para></summary>
    </member>
    <member name="F:System.Net.HttpResponseHeader.Warning">
      <summary>The Warning header, which specifies additional information about that status or transformation of a message that might not be reflected in the message.<para>警告标头,它指定有关可能不会反映在邮件中的邮件状态或转换的其他信息.</para></summary>
    </member>
    <member name="F:System.Net.HttpResponseHeader.WwwAuthenticate">
      <summary>The WWW-Authenticate header, which specifies that the client must authenticate itself to the server.<para>www 身份验证标头,它指定客户端必须向服务器验证自身.</para></summary>
    </member>
    <member name="T:System.Net.WebHeaderCollection">
      <summary>Contains protocol headers associated with a request or response.<para>包含与请求或响应关联的协议标头.</para></summary>
    </member>
    <member name="M:System.Net.WebHeaderCollection.#ctor">
      <summary>Initializes a new instance of the <see cref="T:System.Net.WebHeaderCollection" /> class.<para>初始化 <see cref="T:System.Net.WebHeaderCollection" /> 类的新实例.</para></summary>
    </member>
    <member name="M:System.Net.WebHeaderCollection.#ctor(System.Runtime.Serialization.SerializationInfo,System.Runtime.Serialization.StreamingContext)">
      <summary>Initializes a new instance of the <see cref="T:System.Net.WebHeaderCollection" /> class from the specified instances of the <see cref="T:System.Runtime.Serialization.SerializationInfo" /> and <see cref="T:System.Runtime.Serialization.StreamingContext" /> classes.<para>从 <see cref="T:System.Runtime.Serialization.SerializationInfo" /> 和 <see cref="T:System.Runtime.Serialization.StreamingContext" /> 类的指定实例初始化 <see cref="T:System.Net.WebHeaderCollection" /> 类的新实例.</para></summary>
      <param name="serializationInfo">A <see cref="T:System.Runtime.Serialization.SerializationInfo" /> containing the information required to serialize the <see cref="T:System.Net.WebHeaderCollection" />.<para>一个 <see cref="T:System.Runtime.Serialization.SerializationInfo" />,包含序列化 <see cref="T:System.Net.WebHeaderCollection" /> 所需的信息.</para></param>
      <param name="streamingContext">A <see cref="T:System.Runtime.Serialization.StreamingContext" /> containing the source of the serialized stream associated with the new <see cref="T:System.Net.WebHeaderCollection" />.<para>一个 <see cref="T:System.Runtime.Serialization.StreamingContext" />,包含与新的 <see cref="T:System.Net.WebHeaderCollection" /> 关联的序列化流的源.</para></param>
      <exception cref="T:System.ArgumentException">
        <paramref name="headerName" /> contains invalid characters.<para><paramref name="headerName" /> 包含无效字符.</para></exception>
      <exception cref="T:System.ArgumentNullException">
        <paramref name="headerName" /> is a null reference or <see cref="F:System.String.Empty" />.<para><paramref name="headerName" /> 是空引用或 <see cref="F:System.String.Empty" />.</para></exception>
    </member>
    <member name="M:System.Net.WebHeaderCollection.Add(System.Net.HttpRequestHeader,System.String)">
      <summary>Inserts the specified header with the specified value into the collection.<para>将具有指定值的指定标头插入到集合中.</para></summary>
      <param name="header">The header to add to the collection.<para>要添加到集合的标头.</para></param>
      <param name="value">The content of the header.<para>标头的内容.</para></param>
      <exception cref="T:System.ArgumentOutOfRangeException">.NET Framework and .NET Core versions 2.0 - 3.1 only: The length of <paramref name="value" /> is greater than 65535.<para>仅限 .net framework 和 .net core 版本 2.0 - 3.1:<paramref name="value" /> 的长度大于 65535.</para></exception>
      <exception cref="T:System.InvalidOperationException">This <see cref="T:System.Net.WebHeaderCollection" /> instance does not allow instances of <see cref="T:System.Net.HttpRequestHeader" />.<para>此 <see cref="T:System.Net.WebHeaderCollection" /> 实例不允许 <see cref="T:System.Net.HttpRequestHeader" /> 的实例.</para></exception>
    </member>
    <member name="M:System.Net.WebHeaderCollection.Add(System.Net.HttpResponseHeader,System.String)">
      <summary>Inserts the specified header with the specified value into the collection.<para>将具有指定值的指定标头插入到集合中.</para></summary>
      <param name="header">The header to add to the collection.<para>要添加到集合的标头.</para></param>
      <param name="value">The content of the header.<para>标头的内容.</para></param>
      <exception cref="T:System.ArgumentOutOfRangeException">.NET Framework and .NET Core versions 2.0 - 3.1 only: The length of <paramref name="value" /> is greater than 65535.<para>仅限 .net framework 和 .net core 版本 2.0 - 3.1:<paramref name="value" /> 的长度大于 65535.</para></exception>
      <exception cref="T:System.InvalidOperationException">This <see cref="T:System.Net.WebHeaderCollection" /> instance does not allow instances of <see cref="T:System.Net.HttpResponseHeader" />.<para>此 <see cref="T:System.Net.WebHeaderCollection" /> 实例不允许 <see cref="T:System.Net.HttpResponseHeader" /> 的实例.</para></exception>
    </member>
    <member name="M:System.Net.WebHeaderCollection.Add(System.String)">
      <summary>Inserts the specified header into the collection.<para>将指定的标头插入到集合中.</para></summary>
      <param name="header">The header to add, with the name and value separated by a colon.<para>要添加的标头,名称和值用冒号分隔.</para></param>
      <exception cref="T:System.ArgumentNullException">
        <paramref name="header" /> is <see langword="null" /> or <see cref="F:System.String.Empty" />.<para><paramref name="header" /> 是 <see langword="null" /> 或 <see cref="F:System.String.Empty" />.</para></exception>
      <exception cref="T:System.ArgumentException">
        <paramref name="header" /> does not contain a colon (:) character.  
  
 The length of <paramref name="value" /> is greater than 65535.  
  
 -or-  
  
 The name part of <paramref name="header" /> is <see cref="F:System.String.Empty" /> or contains invalid characters.  
  
 -or-  
  
 <paramref name="header" /> is a restricted header that should be set with a property.  
  
 -or-  
  
 The value part of <paramref name="header" /> contains invalid characters.<para><paramref name="header" /> 不包含冒号（:)字符. <paramref name="value" /> 的长度大于 65535. -或- <paramref name="header" /> 的名称部分是 <see cref="F:System.String.Empty" /> 或包含无效字符. -或- <paramref name="header" /> 是一个受限制的标头,应使用属性进行设置. -或- <paramref name="header" /> 的值部分包含无效字符.仅限</para></exception>
      <exception cref="T:System.ArgumentOutOfRangeException">.NET Framework and .NET Core versions 2.0 - 3.1 only: The length of the string after the colon (:) is greater than 65535.<para>.net framework 和 .net core 版本 2.0 - 3.1:冒号 （:) 后面的字符串长度大于 65535.</para></exception>
    </member>
    <member name="M:System.Net.WebHeaderCollection.Add(System.String,System.String)">
      <summary>Inserts a header with the specified name and value into the collection.<para>将具有指定名称和值的标头插入到集合中.</para></summary>
      <param name="name">The header to add to the collection.<para>要添加到集合的标头.</para></param>
      <param name="value">The content of the header.<para>标头的内容.</para></param>
      <exception cref="T:System.ArgumentException">
        <paramref name="name" /> is <see langword="null" />, <see cref="F:System.String.Empty" />, or contains invalid characters.  
  
 -or-  
  
 <paramref name="name" /> is a restricted header that must be set with a property setting.  
  
 -or-  
  
 <paramref name="value" /> contains invalid characters.<para><paramref name="name" /> 是 <see langword="null" />、<see cref="F:System.String.Empty" /> 或包含无效字符. -或- <paramref name="name" /> 是一个受限制的标头,必须使用属性设置进行设置. -或- <paramref name="value" /> 包含无效字符.</para></exception>
      <exception cref="T:System.ArgumentOutOfRangeException">.NET Framework and .NET Core versions 2.0 - 3.1 only: The length of <paramref name="value" /> is greater than 65535.<para>.net framework 和 .net core 版本 2.0 - 3.1:<paramref name="value" /> 的长度大于 65535.</para></exception>
    </member>
    <member name="M:System.Net.WebHeaderCollection.AddWithoutValidate(System.String,System.String)">
      <summary>Inserts a header into the collection without checking whether the header is on the restricted header list.<para>将标头插入集合中,而不检查标头是否在受限标头列表中.</para></summary>
      <param name="headerName">The header to add to the collection.<para>要添加到集合的标头.</para></param>
      <param name="headerValue">The content of the header.<para>标头的内容.</para></param>
      <exception cref="T:System.ArgumentException">
        <paramref name="headerName" /> is <see langword="null" />, <see cref="F:System.String.Empty" />, or contains invalid characters.  
  
 -or-  
  
 <paramref name="headerValue" /> contains invalid characters.<para><paramref name="headerName" /> 是 <see langword="null" />、<see cref="F:System.String.Empty" /> 或包含无效字符. -或- <paramref name="headerValue" /> 包含无效字符.仅限</para></exception>
      <exception cref="T:System.ArgumentOutOfRangeException">.NET Framework and .NET Core only: <paramref name="headerName" /> is not <see langword="null" /> and the length of <paramref name="headerValue" /> is too long (greater than 65,535 characters).<para>.net framework 和 .net core:<paramref name="headerName" /> 不是 <see langword="null" />,并且 <paramref name="headerValue" /> 的长度太长（大于 65,535 个字符）.</para></exception>
    </member>
    <member name="M:System.Net.WebHeaderCollection.Clear">
      <summary>Removes all headers from the collection.<para>从集合中删除所有标头.</para></summary>
    </member>
    <member name="M:System.Net.WebHeaderCollection.Get(System.Int32)">
      <summary>Gets the value of a particular header in the collection, specified by an index into the collection.<para>获取集合中特定标头的值,该值由集合中的索引指定.</para></summary>
      <param name="index">The zero-based index of the key to get from the collection.<para>要从集合中获取的键的从零开始的索引.</para></param>
      <exception cref="T:System.ArgumentOutOfRangeException">
        <paramref name="index" /> is negative.  
  
 -or-  
  
 <paramref name="index" /> exceeds the size of the collection.<para><paramref name="index" /> 为负数. -或- <paramref name="index" /> 超出集合的大小.</para></exception>
      <returns>A <see cref="T:System.String" /> containing the value of the specified header.<para>包含指定标头的值的 <see cref="T:System.String" />.</para></returns>
    </member>
    <member name="M:System.Net.WebHeaderCollection.Get(System.String)">
      <summary>Gets the value of a particular header in the collection, specified by the name of the header.<para>获取集合中特定标头的值,该值由标头的名称指定.</para></summary>
      <param name="name">The name of the Web header.<para>web 标头的名称.</para></param>
      <returns>A <see cref="T:System.String" /> holding the value of the specified header.<para>一个 <see cref="T:System.String" />,用于保存指定标头的值.</para></returns>
    </member>
    <member name="M:System.Net.WebHeaderCollection.GetEnumerator">
      <summary>Returns an enumerator that can iterate through the <see cref="T:System.Net.WebHeaderCollection" /> instance.<para>返回可循环访问 <see cref="T:System.Net.WebHeaderCollection" /> 实例的枚举器.</para></summary>
      <returns>An <see cref="T:System.Collections.IEnumerator" /> for the <see cref="T:System.Net.WebHeaderCollection" />.<para>一个 <see cref="T:System.Collections.IEnumerator" /> 表示 <see cref="T:System.Net.WebHeaderCollection" />.</para></returns>
    </member>
    <member name="M:System.Net.WebHeaderCollection.GetKey(System.Int32)">
      <summary>Gets the header name at the specified position in the collection.<para>获取集合中指定位置的标头名称.</para></summary>
      <param name="index">The zero-based index of the key to get from the collection.<para>要从集合中获取的键的从零开始的索引.</para></param>
      <exception cref="T:System.ArgumentOutOfRangeException">
        <paramref name="index" /> is negative.  
  
 -or-  
  
 <paramref name="index" /> exceeds the size of the collection.<para><paramref name="index" /> 为负数. -或- <paramref name="index" /> 超出集合的大小.</para></exception>
      <returns>A <see cref="T:System.String" /> holding the header name.<para>一个 <see cref="T:System.String" /> 保存标头名称.</para></returns>
    </member>
    <member name="M:System.Net.WebHeaderCollection.GetObjectData(System.Runtime.Serialization.SerializationInfo,System.Runtime.Serialization.StreamingContext)">
      <summary>Populates a <see cref="T:System.Runtime.Serialization.SerializationInfo" /> with the data needed to serialize the target object.<para>使用序列化目标对象所需的数据填充 <see cref="T:System.Runtime.Serialization.SerializationInfo" />.</para></summary>
      <param name="serializationInfo">The <see cref="T:System.Runtime.Serialization.SerializationInfo" /> to populate with data.<para>要填充数据的 <see cref="T:System.Runtime.Serialization.SerializationInfo" />.</para></param>
      <param name="streamingContext">A <see cref="T:System.Runtime.Serialization.StreamingContext" /> that specifies the destination for this serialization.<para>一个 <see cref="T:System.Runtime.Serialization.StreamingContext" />,它指定此序列化的目标.</para></param>
    </member>
    <member name="M:System.Net.WebHeaderCollection.GetValues(System.Int32)">
      <summary>Gets an array of header values stored in the <paramref name="index" /> position of the header collection.<para>获取存储在标头集合的 <paramref name="index" /> 位置的标头值数组.</para></summary>
      <param name="index">The header index to return.<para>要返回的标头索引.</para></param>
      <returns>An array of header strings.<para>标头字符串数组.</para></returns>
    </member>
    <member name="M:System.Net.WebHeaderCollection.GetValues(System.String)">
      <summary>Gets an array of header values stored in a header.<para>获取存储在标头中的标头值的数组.</para></summary>
      <param name="header">The header to return.<para>要返回的标头.</para></param>
      <returns>An array of header strings.<para>标头字符串数组.</para></returns>
    </member>
    <member name="M:System.Net.WebHeaderCollection.IsRestricted(System.String)">
      <summary>Tests whether the specified HTTP header can be set for the request.<para>测试是否可以为请求设置指定的 http 标头.</para></summary>
      <param name="headerName">The header to test.<para>要测试的标头.</para></param>
      <exception cref="T:System.ArgumentNullException">
        <paramref name="headerName" /> is <see langword="null" /> or <see cref="F:System.String.Empty" />.<para><paramref name="headerName" /> 是 <see langword="null" /> 或 <see cref="F:System.String.Empty" />.</para></exception>
      <exception cref="T:System.ArgumentException">
        <paramref name="headerName" /> contains invalid characters.<para><paramref name="headerName" /> 包含无效字符.</para></exception>
      <returns>
        <see langword="true" /> if the header is restricted; otherwise <see langword="false" />.<para><see langword="true" /> 如果标头受到限制;否则 <see langword="false" />.</para></returns>
    </member>
    <member name="M:System.Net.WebHeaderCollection.IsRestricted(System.String,System.Boolean)">
      <summary>Tests whether the specified HTTP header can be set for the request or the response.<para>测试是否可以为请求或响应设置指定的 http 标头.</para></summary>
      <param name="headerName">The header to test.<para>要测试的标头.</para></param>
      <param name="response">
        <see langword="true" /> to test the response; <see langword="false" /> to test the request.<para><see langword="true" /> 测试响应;<see langword="false" /> 来测试请求.</para></param>
      <exception cref="T:System.ArgumentNullException">
        <paramref name="headerName" /> is <see langword="null" /> or <see cref="F:System.String.Empty" />.<para><paramref name="headerName" /> 是 <see langword="null" /> 或 <see cref="F:System.String.Empty" />.</para></exception>
      <exception cref="T:System.ArgumentException">
        <paramref name="headerName" /> contains invalid characters.<para><paramref name="headerName" /> 包含无效字符.</para></exception>
      <returns>
        <see langword="true" /> if the header is restricted; otherwise, <see langword="false" />.<para><see langword="true" /> 如果标头受到限制;否则,<see langword="false" />.</para></returns>
    </member>
    <member name="M:System.Net.WebHeaderCollection.OnDeserialization(System.Object)">
      <summary>Implements the <see cref="T:System.Runtime.Serialization.ISerializable" /> interface and raises the deserialization event when the deserialization is complete.<para>实现 <see cref="T:System.Runtime.Serialization.ISerializable" /> 接口,并在反序列化完成时引发反序列化事件.</para></summary>
      <param name="sender">The source of the deserialization event.<para>反序列化事件的源.</para></param>
    </member>
    <member name="M:System.Net.WebHeaderCollection.Remove(System.Net.HttpRequestHeader)">
      <summary>Removes the specified header from the collection.<para>从集合中删除指定的标头.</para></summary>
      <param name="header">The <see cref="T:System.Net.HttpRequestHeader" /> instance to remove from the collection.<para>要从集合中删除的 <see cref="T:System.Net.HttpRequestHeader" /> 实例.</para></param>
      <exception cref="T:System.InvalidOperationException">This <see cref="T:System.Net.WebHeaderCollection" /> instance does not allow instances of <see cref="T:System.Net.HttpRequestHeader" />.<para>此 <see cref="T:System.Net.WebHeaderCollection" /> 实例不允许 <see cref="T:System.Net.HttpRequestHeader" /> 的实例.</para></exception>
    </member>
    <member name="M:System.Net.WebHeaderCollection.Remove(System.Net.HttpResponseHeader)">
      <summary>Removes the specified header from the collection.<para>从集合中删除指定的标头.</para></summary>
      <param name="header">The <see cref="T:System.Net.HttpResponseHeader" /> instance to remove from the collection.<para>要从集合中删除的 <see cref="T:System.Net.HttpResponseHeader" /> 实例.</para></param>
      <exception cref="T:System.InvalidOperationException">This <see cref="T:System.Net.WebHeaderCollection" /> instance does not allow instances of <see cref="T:System.Net.HttpResponseHeader" />.<para>此 <see cref="T:System.Net.WebHeaderCollection" /> 实例不允许 <see cref="T:System.Net.HttpResponseHeader" /> 的实例.</para></exception>
    </member>
    <member name="M:System.Net.WebHeaderCollection.Remove(System.String)">
      <summary>Removes the specified header from the collection.<para>从集合中删除指定的标头.</para></summary>
      <param name="name">The name of the header to remove from the collection.<para>要从集合中删除的标头的名称.</para></param>
      <exception cref="T:System.ArgumentNullException">
        <paramref name="name" /> is <see langword="null" /><see cref="F:System.String.Empty" />.<para><paramref name="name" /> 是 <see langword="null" /><see cref="F:System.String.Empty" />.</para></exception>
      <exception cref="T:System.ArgumentException">
        <paramref name="name" /> is a restricted header.  
  
 -or-  
  
 <paramref name="name" /> contains invalid characters.<para><paramref name="name" /> 是一个受限制的标头. -或- <paramref name="name" /> 包含无效字符.</para></exception>
    </member>
    <member name="M:System.Net.WebHeaderCollection.Set(System.Net.HttpRequestHeader,System.String)">
      <summary>Sets the specified header to the specified value.<para>将指定的标头设置为指定的值.</para></summary>
      <param name="header">The <see cref="T:System.Net.HttpRequestHeader" /> value to set.<para>要设置的 <see cref="T:System.Net.HttpRequestHeader" /> 值.</para></param>
      <param name="value">The content of the header to set.<para>要设置的标头的内容.</para></param>
      <exception cref="T:System.ArgumentOutOfRangeException">.NET Framework and .NET Core versions 2.0 - 3.1 only: The length of <paramref name="value" /> is greater than 65535.<para>仅限 .net framework 和 .net core 版本 2.0 - 3.1:<paramref name="value" /> 的长度大于 65535.</para></exception>
      <exception cref="T:System.InvalidOperationException">This <see cref="T:System.Net.WebHeaderCollection" /> instance does not allow instances of <see cref="T:System.Net.HttpRequestHeader" />.<para>此 <see cref="T:System.Net.WebHeaderCollection" /> 实例不允许 <see cref="T:System.Net.HttpRequestHeader" /> 的实例.</para></exception>
    </member>
    <member name="M:System.Net.WebHeaderCollection.Set(System.Net.HttpResponseHeader,System.String)">
      <summary>Sets the specified header to the specified value.<para>将指定的标头设置为指定的值.</para></summary>
      <param name="header">The <see cref="T:System.Net.HttpResponseHeader" /> value to set.<para>要设置的 <see cref="T:System.Net.HttpResponseHeader" /> 值.</para></param>
      <param name="value">The content of the header to set.<para>要设置的标头的内容.</para></param>
      <exception cref="T:System.ArgumentOutOfRangeException">.NET Framework and .NET Core versions 2.0 - 3.1 only: The length of <paramref name="value" /> is greater than 65535.<para>仅限 .net framework 和 .net core 版本 2.0 - 3.1:<paramref name="value" /> 的长度大于 65535.</para></exception>
      <exception cref="T:System.InvalidOperationException">This <see cref="T:System.Net.WebHeaderCollection" /> instance does not allow instances of <see cref="T:System.Net.HttpResponseHeader" />.<para>此 <see cref="T:System.Net.WebHeaderCollection" /> 实例不允许 <see cref="T:System.Net.HttpResponseHeader" /> 的实例.</para></exception>
    </member>
    <member name="M:System.Net.WebHeaderCollection.Set(System.String,System.String)">
      <summary>Sets the specified header to the specified value.<para>将指定的标头设置为指定的值.</para></summary>
      <param name="name">The header to set.<para>要设置的标头.</para></param>
      <param name="value">The content of the header to set.<para>要设置的标头的内容.</para></param>
      <exception cref="T:System.ArgumentNullException">
        <paramref name="name" /> is <see langword="null" /> or <see cref="F:System.String.Empty" />.<para><paramref name="name" /> 是 <see langword="null" /> 或 <see cref="F:System.String.Empty" />.</para></exception>
      <exception cref="T:System.ArgumentOutOfRangeException">.NET Framework and .NET Core versions 2.0 - 3.1 only: The length of <paramref name="value" /> is greater than 65535.<para>.net framework 和 .net core 版本 2.0 - 3.1:<paramref name="value" /> 的长度大于 65535.</para></exception>
      <exception cref="T:System.ArgumentException">
        <paramref name="name" /> is a restricted header.  
  
 -or-  
  
 <paramref name="name" /> or <paramref name="value" /> contain invalid characters.<para><paramref name="name" /> 是一个受限制的标头. -或- <paramref name="name" /> 或 <paramref name="value" /> 包含无效字符.</para></exception>
    </member>
    <member name="M:System.Net.WebHeaderCollection.System#Runtime#Serialization#ISerializable#GetObjectData(System.Runtime.Serialization.SerializationInfo,System.Runtime.Serialization.StreamingContext)">
      <summary>Serializes this instance into the specified <see cref="T:System.Runtime.Serialization.SerializationInfo" /> object.<para>将此实例序列化为指定的 <see cref="T:System.Runtime.Serialization.SerializationInfo" /> 对象.</para></summary>
      <param name="serializationInfo">The object into which this <see cref="T:System.Net.WebHeaderCollection" /> will be serialized.<para>此 <see cref="T:System.Net.WebHeaderCollection" /> 将序列化到的对象.</para></param>
      <param name="streamingContext">The destination of the serialization.<para>序列化的目标.</para></param>
    </member>
    <member name="M:System.Net.WebHeaderCollection.ToByteArray">
      <summary>Converts the <see cref="T:System.Net.WebHeaderCollection" /> to a byte array.<para>将 <see cref="T:System.Net.WebHeaderCollection" /> 转换为字节数组.</para></summary>
      <returns>A <see cref="T:System.Byte" /> array holding the header collection.<para>保存标头集合的 <see cref="T:System.Byte" /> 数组.</para></returns>
    </member>
    <member name="M:System.Net.WebHeaderCollection.ToString">
      <summary>This method is obsolete.<para>此方法已过时.</para></summary>
      <returns>The <see cref="T:System.String" /> representation of the collection.<para>集合的 <see cref="T:System.String" /> 表示形式.</para></returns>
    </member>
    <member name="P:System.Net.WebHeaderCollection.AllKeys">
      <summary>Gets all header names (keys) in the collection.<para>获取集合中的所有标头名称（键）.</para></summary>
      <returns>An array of type <see cref="T:System.String" /> containing all header names in a Web request.<para>类型 <see cref="T:System.String" /> 的数组,包含 web 请求中的所有标头名称.</para></returns>
    </member>
    <member name="P:System.Net.WebHeaderCollection.Count">
      <summary>Gets the number of headers in the collection.<para>获取集合中的标头数.</para></summary>
      <returns>An <see cref="T:System.Int32" /> indicating the number of headers in a request.<para>一个 <see cref="T:System.Int32" />,指示请求中的标头数.</para></returns>
    </member>
    <member name="P:System.Net.WebHeaderCollection.Item(System.Net.HttpRequestHeader)">
      <summary>Gets or sets the specified request header.<para>获取或设置指定的请求标头.</para></summary>
      <param name="header">The request header value.<para>请求标头值.</para></param>
      <exception cref="T:System.InvalidOperationException">This <see cref="T:System.Net.WebHeaderCollection" /> instance does not allow instances of <see cref="T:System.Net.HttpRequestHeader" />.<para>此 <see cref="T:System.Net.WebHeaderCollection" /> 实例不允许 <see cref="T:System.Net.HttpRequestHeader" /> 的实例.</para></exception>
      <returns>A <see cref="T:System.String" /> instance containing the specified header value.<para>包含指定标头值的 <see cref="T:System.String" /> 实例.</para></returns>
    </member>
    <member name="P:System.Net.WebHeaderCollection.Item(System.Net.HttpResponseHeader)">
      <summary>Gets or sets the specified response header.<para>获取或设置指定的响应标头.</para></summary>
      <param name="header">The response header value.<para>响应标头值.</para></param>
      <exception cref="T:System.ArgumentOutOfRangeException">.NET Framework and .NET Core versions 2.0 - 3.1 only: The length of <paramref name="value" /> is greater than 65535.<para>仅限 .net framework 和 .net core 版本 2.0 - 3.1:<paramref name="value" /> 的长度大于 65535.</para></exception>
      <exception cref="T:System.InvalidOperationException">This <see cref="T:System.Net.WebHeaderCollection" /> instance does not allow instances of <see cref="T:System.Net.HttpResponseHeader" />.<para>此 <see cref="T:System.Net.WebHeaderCollection" /> 实例不允许 <see cref="T:System.Net.HttpResponseHeader" /> 的实例.</para></exception>
      <returns>A <see cref="T:System.String" /> instance containing the specified header.<para>包含指定标头的 <see cref="T:System.String" /> 实例.</para></returns>
    </member>
    <member name="P:System.Net.WebHeaderCollection.Keys">
      <summary>Gets the collection of header names (keys) in the collection.<para>获取集合中标头名称（键）的集合.</para></summary>
      <returns>A <see cref="T:System.Collections.Specialized.NameObjectCollectionBase.KeysCollection" /> containing all header names in a Web request.<para>一个 <see cref="T:System.Collections.Specialized.NameObjectCollectionBase.KeysCollection" />,包含 web 请求中的所有标头名称.</para></returns>
    </member>
  </members>
</doc>