﻿<?xml version="1.0" encoding="utf-8"?>
<doc>
  <assembly>
    <name>System.ObjectModel</name>
  </assembly>
  <members>
    <member name="T:System.Collections.ObjectModel.KeyedCollection`2">
      <summary>Provides the abstract base class for a collection whose keys are embedded in the values.<para>为其键嵌入在值中的集合提供抽象基类.</para></summary>
      <typeparam name="TKey">The type of keys in the collection.<para>集合中的键的类型.</para></typeparam>
      <typeparam name="TItem">The type of items in the collection.<para>集合中的项的类型.</para></typeparam>
    </member>
    <member name="M:System.Collections.ObjectModel.KeyedCollection`2.#ctor">
      <summary>Initializes a new instance of the <see cref="T:System.Collections.ObjectModel.KeyedCollection`2" /> class that uses the default equality comparer.<para>初始化使用默认相等比较器的 <see cref="T:System.Collections.ObjectModel.KeyedCollection`2" /> 类的新实例.</para></summary>
    </member>
    <member name="M:System.Collections.ObjectModel.KeyedCollection`2.#ctor(System.Collections.Generic.IEqualityComparer{`0})">
      <summary>Initializes a new instance of the <see cref="T:System.Collections.ObjectModel.KeyedCollection`2" /> class that uses the specified equality comparer.<para>初始化使用指定的相等比较器的 <see cref="T:System.Collections.ObjectModel.KeyedCollection`2" /> 类的新实例.</para></summary>
      <param name="comparer">The implementation of the <see cref="T:System.Collections.Generic.IEqualityComparer`1" /> generic interface to use when comparing keys, or <see langword="null" /> to use the default equality comparer for the type of the key, obtained from <see cref="P:System.Collections.Generic.EqualityComparer`1.Default" />.<para>比较键时使用的 <see cref="T:System.Collections.Generic.IEqualityComparer`1" /> 泛型接口的实现,或 <see langword="null" /> 使用从 <see cref="P:System.Collections.Generic.EqualityComparer`1.Default" /> 获取的键类型的默认相等比较器的实现.</para></param>
    </member>
    <member name="M:System.Collections.ObjectModel.KeyedCollection`2.#ctor(System.Collections.Generic.IEqualityComparer{`0},System.Int32)">
      <summary>Initializes a new instance of the <see cref="T:System.Collections.ObjectModel.KeyedCollection`2" /> class that uses the specified equality comparer and creates a lookup dictionary when the specified threshold is exceeded.<para>初始化 <see cref="T:System.Collections.ObjectModel.KeyedCollection`2" /> 类的新实例,该实例使用指定的相等比较器,并在超过指定阈值时创建查找字典.</para></summary>
      <param name="comparer">The implementation of the <see cref="T:System.Collections.Generic.IEqualityComparer`1" /> generic interface to use when comparing keys, or <see langword="null" /> to use the default equality comparer for the type of the key, obtained from <see cref="P:System.Collections.Generic.EqualityComparer`1.Default" />.<para>比较键时使用的 <see cref="T:System.Collections.Generic.IEqualityComparer`1" /> 泛型接口的实现,或 <see langword="null" /> 使用从 <see cref="P:System.Collections.Generic.EqualityComparer`1.Default" /> 获取的键类型的默认相等比较器的实现.</para></param>
      <param name="dictionaryCreationThreshold">The number of elements the collection can hold without creating a lookup dictionary (0 creates the lookup dictionary when the first item is added), or -1 to specify that a lookup dictionary is never created.<para>集合在不创建查找字典的情况下可以容纳的元素数（0 在添加第一项时创建查找字典）,或 -1 指定从不创建查找字典.</para></param>
      <exception cref="T:System.ArgumentOutOfRangeException">
        <paramref name="dictionaryCreationThreshold" /> is less than -1.<para><paramref name="dictionaryCreationThreshold" /> 小于 -1.</para></exception>
    </member>
    <member name="M:System.Collections.ObjectModel.KeyedCollection`2.ChangeItemKey(`1,`0)">
      <summary>Changes the key associated with the specified element in the lookup dictionary.<para>更改与查找字典中的指定元素关联的键.</para></summary>
      <param name="item">The element to change the key of.<para>要更改其键的元素.</para></param>
      <param name="newKey">The new key for <paramref name="item" />.<para><paramref name="item" /> 的新键.</para></param>
      <exception cref="T:System.ArgumentNullException">
        <paramref name="item" /> is <see langword="null" />.  
  
 -or-  
  
 <paramref name="key" /> is <see langword="null" />.<para><paramref name="item" /> 是 <see langword="null" />. -或- <paramref name="key" /> 是 <see langword="null" />.找不到</para></exception>
      <exception cref="T:System.ArgumentException">
        <paramref name="item" /> is not found.  
  
 -or-  
  
 <paramref name="key" /> already exists in the <see cref="T:System.Collections.ObjectModel.KeyedCollection`2" />.<para><paramref name="item" />. -或- <paramref name="key" /> 已存在于 <see cref="T:System.Collections.ObjectModel.KeyedCollection`2" /> 中.</para></exception>
    </member>
    <member name="M:System.Collections.ObjectModel.KeyedCollection`2.ClearItems">
      <summary>Removes all elements from the <see cref="T:System.Collections.ObjectModel.KeyedCollection`2" />.<para>从 <see cref="T:System.Collections.ObjectModel.KeyedCollection`2" /> 中删除所有元素.</para></summary>
    </member>
    <member name="M:System.Collections.ObjectModel.KeyedCollection`2.Contains(`0)">
      <summary>Determines whether the collection contains an element with the specified key.<para>确定集合是否包含具有指定键的元素.</para></summary>
      <param name="key">The key to locate in the <see cref="T:System.Collections.ObjectModel.KeyedCollection`2" />.<para>要在 <see cref="T:System.Collections.ObjectModel.KeyedCollection`2" /> 中找到的键.</para></param>
      <exception cref="T:System.ArgumentNullException">
        <paramref name="key" /> is <see langword="null" />.<para><paramref name="key" /> 是 <see langword="null" />.</para></exception>
      <returns>
        <see langword="true" /> if the <see cref="T:System.Collections.ObjectModel.KeyedCollection`2" /> contains an element with the specified key; otherwise, <see langword="false" />.<para><see langword="true" /> 如果 <see cref="T:System.Collections.ObjectModel.KeyedCollection`2" /> 包含具有指定键的元素;否则,<see langword="false" />.</para></returns>
    </member>
    <member name="M:System.Collections.ObjectModel.KeyedCollection`2.GetKeyForItem(`1)">
      <summary>When implemented in a derived class, extracts the key from the specified element.<para>在派生类中实现时,从指定的元素中提取键.</para></summary>
      <param name="item">The element from which to extract the key.<para>要从中提取密钥的元素.</para></param>
      <returns>The key for the specified element.<para>指定元素的键.</para></returns>
    </member>
    <member name="M:System.Collections.ObjectModel.KeyedCollection`2.InsertItem(System.Int32,`1)">
      <summary>Inserts an element into the <see cref="T:System.Collections.ObjectModel.KeyedCollection`2" /> at the specified index.<para>将元素插入到 <see cref="T:System.Collections.ObjectModel.KeyedCollection`2" /> 的指定索引处.</para></summary>
      <param name="index">The zero-based index at which <paramref name="item" /> should be inserted.<para>应插入 <paramref name="item" /> 的从零开始的索引.</para></param>
      <param name="item">The object to insert.<para>要插入的对象.</para></param>
      <exception cref="T:System.ArgumentOutOfRangeException">
        <paramref name="index" /> is less than 0.  
  
 -or-  
  
 <paramref name="index" /> is greater than <see cref="P:System.Collections.ObjectModel.Collection`1.Count" />.<para><paramref name="index" /> 小于 0. -或- <paramref name="index" /> 大于 <see cref="P:System.Collections.ObjectModel.Collection`1.Count" />.</para></exception>
    </member>
    <member name="M:System.Collections.ObjectModel.KeyedCollection`2.Remove(`0)">
      <summary>Removes the element with the specified key from the <see cref="T:System.Collections.ObjectModel.KeyedCollection`2" />.<para>从 <see cref="T:System.Collections.ObjectModel.KeyedCollection`2" /> 中删除具有指定键的元素.</para></summary>
      <param name="key">The key of the element to remove.<para>要删除的元素的键.</para></param>
      <exception cref="T:System.ArgumentNullException">
        <paramref name="key" /> is <see langword="null" />.<para><paramref name="key" /> 是 <see langword="null" />.</para></exception>
      <returns>
        <see langword="true" /> if the element is successfully removed; otherwise, <see langword="false" />.  This method also returns <see langword="false" /> if <paramref name="key" /> is not found in the <see cref="T:System.Collections.ObjectModel.KeyedCollection`2" />.<para><see langword="true" /> 如果元素已成功删除;否则,<see langword="false" />.如果在 <see cref="T:System.Collections.ObjectModel.KeyedCollection`2" /> 中找不到 <paramref name="key" />,则此方法还会返回 <see langword="false" />.</para></returns>
    </member>
    <member name="M:System.Collections.ObjectModel.KeyedCollection`2.RemoveItem(System.Int32)">
      <summary>Removes the element at the specified index of the <see cref="T:System.Collections.ObjectModel.KeyedCollection`2" />.<para>删除 <see cref="T:System.Collections.ObjectModel.KeyedCollection`2" /> 的指定索引处的元素.</para></summary>
      <param name="index">The index of the element to remove.<para>要删除的元素的索引.</para></param>
    </member>
    <member name="M:System.Collections.ObjectModel.KeyedCollection`2.SetItem(System.Int32,`1)">
      <summary>Replaces the item at the specified index with the specified item.<para>将指定索引处的项替换为指定的项.</para></summary>
      <param name="index">The zero-based index of the item to be replaced.<para>要替换的项的从零开始的索引.</para></param>
      <param name="item">The new item.<para>新项目.</para></param>
    </member>
    <member name="M:System.Collections.ObjectModel.KeyedCollection`2.TryGetValue(`0,`1@)">
      <summary>Tries to get an item from the collection using the specified key.<para>尝试使用指定的键从集合中获取项.</para></summary>
      <param name="key">The key of the item to search in the collection.<para>要在集合中搜索的项的键.</para></param>
      <param name="item">When this method returns <see langword="true" />, the item from the collection that matches the provided key; when this method returns <see langword="false" />, the <see langword="default" /> value for the type of the collection.<para>当此方法返回 <see langword="true" /> 时,集合中与提供的键匹配的项;此方法返回 <see langword="false" /> 时,集合类型的 <see langword="default" /> 值.</para></param>
      <exception cref="T:System.ArgumentNullException">
        <paramref name="key" /> is <see langword="null" />.<para><paramref name="key" /> 是 <see langword="null" />.</para></exception>
      <returns>
        <see langword="true" /> if an item for the specified key was found in the collection; otherwise, <see langword="false" />.<para><see langword="true" /> 如果在集合中找到指定键的项;否则,<see langword="false" />.</para></returns>
    </member>
    <member name="P:System.Collections.ObjectModel.KeyedCollection`2.Comparer">
      <summary>Gets the generic equality comparer that is used to determine equality of keys in the collection.<para>获取用于确定集合中键的相等性的泛型相等比较器.</para></summary>
      <returns>The implementation of the <see cref="T:System.Collections.Generic.IEqualityComparer`1" /> generic interface that is used to determine equality of keys in the collection.<para>用于确定集合中键相等的 <see cref="T:System.Collections.Generic.IEqualityComparer`1" /> 泛型接口的实现.</para></returns>
    </member>
    <member name="P:System.Collections.ObjectModel.KeyedCollection`2.Dictionary">
      <summary>Gets the lookup dictionary of the <see cref="T:System.Collections.ObjectModel.KeyedCollection`2" />.<para>获取 <see cref="T:System.Collections.ObjectModel.KeyedCollection`2" /> 的查找字典.</para></summary>
      <returns>The lookup dictionary of the <see cref="T:System.Collections.ObjectModel.KeyedCollection`2" />, if it exists; otherwise, <see langword="null" />.<para><see cref="T:System.Collections.ObjectModel.KeyedCollection`2" /> 的查找字典（如果存在）;否则,<see langword="null" />.</para></returns>
    </member>
    <member name="P:System.Collections.ObjectModel.KeyedCollection`2.Item(`0)">
      <summary>Gets the element with the specified key.<para>获取具有指定键的元素.</para></summary>
      <param name="key">The key of the element to get.<para>要获取的元素的键.</para></param>
      <exception cref="T:System.ArgumentNullException">
        <paramref name="key" /> is <see langword="null" />.<para><paramref name="key" /> 是 <see langword="null" />.集合中不存在具有指定键的</para></exception>
      <exception cref="T:System.Collections.Generic.KeyNotFoundException">An element with the specified key does not exist in the collection.<para>元素.</para></exception>
      <returns>The element with the specified key. If an element with the specified key is not found, an exception is thrown.<para>具有指定键的元素.如果未找到具有指定键的元素,则会引发异常.</para></returns>
    </member>
    <member name="T:System.Collections.ObjectModel.ObservableCollection`1">
      <summary>Represents a dynamic data collection that provides notifications when items get added or removed, or when the whole list is refreshed.<para>表示一个动态数据收集,该集合在添加或删除项或刷新整个列表时提供通知.</para></summary>
      <typeparam name="T">The type of elements in the collection.<para>集合中元素的类型.</para></typeparam>
    </member>
    <member name="E:System.Collections.ObjectModel.ObservableCollection`1.CollectionChanged">
      <summary>Occurs when an item is added, removed, or moved, or the entire list is refreshed.<para>在添加、删除或移动项目或刷新整个列表时发生.</para></summary>
    </member>
    <member name="E:System.Collections.ObjectModel.ObservableCollection`1.PropertyChanged">
      <summary>Occurs when a property value changes.<para>在属性值更改时发生.</para></summary>
    </member>
    <member name="E:System.Collections.ObjectModel.ObservableCollection`1.System#ComponentModel#INotifyPropertyChanged#PropertyChanged">
      <summary>Occurs when a property value changes.<para>在属性值更改时发生.</para></summary>
    </member>
    <member name="M:System.Collections.ObjectModel.ObservableCollection`1.#ctor">
      <summary>Initializes a new instance of the <see cref="T:System.Collections.ObjectModel.ObservableCollection`1" /> class.<para>初始化 <see cref="T:System.Collections.ObjectModel.ObservableCollection`1" /> 类的新实例.</para></summary>
    </member>
    <member name="M:System.Collections.ObjectModel.ObservableCollection`1.#ctor(System.Collections.Generic.IEnumerable{`0})">
      <summary>Initializes a new instance of the <see cref="T:System.Collections.ObjectModel.ObservableCollection`1" /> class that contains elements copied from the specified collection.<para>初始化包含从指定集合复制的元素的 <see cref="T:System.Collections.ObjectModel.ObservableCollection`1" /> 类的新实例.</para></summary>
      <param name="collection">The collection from which the elements are copied.<para>从中复制元素的集合.</para></param>
      <exception cref="T:System.ArgumentNullException">The <paramref name="collection" /> parameter cannot be <see langword="null" />.<para><paramref name="collection" /> 参数不能为 <see langword="null" />.</para></exception>
    </member>
    <member name="M:System.Collections.ObjectModel.ObservableCollection`1.#ctor(System.Collections.Generic.List{`0})">
      <summary>Initializes a new instance of the <see cref="T:System.Collections.ObjectModel.ObservableCollection`1" /> class that contains elements copied from the specified list.<para>初始化包含从指定列表复制的元素的 <see cref="T:System.Collections.ObjectModel.ObservableCollection`1" /> 类的新实例.</para></summary>
      <param name="list">The list from which the elements are copied.<para>从中复制元素的列表.</para></param>
      <exception cref="T:System.ArgumentNullException">The <paramref name="list" /> parameter cannot be <see langword="null" />.<para><paramref name="list" /> 参数不能为 <see langword="null" />.</para></exception>
    </member>
    <member name="M:System.Collections.ObjectModel.ObservableCollection`1.BlockReentrancy">
      <summary>Disallows reentrant attempts to change this collection.<para>不允许重入尝试更改此集合.</para></summary>
      <returns>An <see cref="T:System.IDisposable" /> object that can be used to dispose of the object.<para>可用于释放对象的 <see cref="T:System.IDisposable" /> 对象.</para></returns>
    </member>
    <member name="M:System.Collections.ObjectModel.ObservableCollection`1.CheckReentrancy">
      <summary>Checks for reentrant attempts to change this collection.<para>检查更改此集合的可重入尝试.</para></summary>
      <exception cref="T:System.InvalidOperationException">If there was a call to <see cref="M:System.Collections.ObjectModel.ObservableCollection`1.BlockReentrancy" /> of which the <see cref="T:System.IDisposable" /> return value has not yet been disposed of. Typically, this means when there are additional attempts to change this collection during a <see cref="E:System.Collections.ObjectModel.ObservableCollection`1.CollectionChanged" /> event. However, it depends on when derived classes choose to call <see cref="M:System.Collections.ObjectModel.ObservableCollection`1.BlockReentrancy" />.<para>如果存在对 <see cref="M:System.Collections.ObjectModel.ObservableCollection`1.BlockReentrancy" /> 的调用,其中 <see cref="T:System.IDisposable" /> 返回值尚未释放.通常,这意味着在 <see cref="E:System.Collections.ObjectModel.ObservableCollection`1.CollectionChanged" /> 事件期间有其他尝试更改此集合时.但是,这取决于派生类选择调用 <see cref="M:System.Collections.ObjectModel.ObservableCollection`1.BlockReentrancy" /> 的时间.</para></exception>
    </member>
    <member name="M:System.Collections.ObjectModel.ObservableCollection`1.ClearItems">
      <summary>Removes all items from the collection.<para>从集合中删除所有项.</para></summary>
    </member>
    <member name="M:System.Collections.ObjectModel.ObservableCollection`1.InsertItem(System.Int32,`0)">
      <summary>Inserts an item into the collection at the specified index.<para>将项插入到集合中的指定索引处.</para></summary>
      <param name="index">The zero-based index at which <paramref name="item" /> should be inserted.<para>应插入 <paramref name="item" /> 的从零开始的索引.</para></param>
      <param name="item">The object to insert.<para>要插入的对象.</para></param>
    </member>
    <member name="M:System.Collections.ObjectModel.ObservableCollection`1.Move(System.Int32,System.Int32)">
      <summary>Moves the item at the specified index to a new location in the collection.<para>将指定索引处的项移动到集合中的新位置.</para></summary>
      <param name="oldIndex">The zero-based index specifying the location of the item to be moved.<para>指定要移动的项的位置的从零开始的索引.</para></param>
      <param name="newIndex">The zero-based index specifying the new location of the item.<para>指定项的新位置的从零开始的索引.</para></param>
    </member>
    <member name="M:System.Collections.ObjectModel.ObservableCollection`1.MoveItem(System.Int32,System.Int32)">
      <summary>Moves the item at the specified index to a new location in the collection.<para>将指定索引处的项移动到集合中的新位置.</para></summary>
      <param name="oldIndex">The zero-based index specifying the location of the item to be moved.<para>指定要移动的项的位置的从零开始的索引.</para></param>
      <param name="newIndex">The zero-based index specifying the new location of the item.<para>指定项的新位置的从零开始的索引.</para></param>
    </member>
    <member name="M:System.Collections.ObjectModel.ObservableCollection`1.OnCollectionChanged(System.Collections.Specialized.NotifyCollectionChangedEventArgs)">
      <summary>Raises the <see cref="E:System.Collections.ObjectModel.ObservableCollection`1.CollectionChanged" /> event with the provided arguments.<para>使用提供的参数引发 <see cref="E:System.Collections.ObjectModel.ObservableCollection`1.CollectionChanged" /> 事件.</para></summary>
      <param name="e">Arguments of the event being raised.<para>所提出的事件的论点.</para></param>
    </member>
    <member name="M:System.Collections.ObjectModel.ObservableCollection`1.OnPropertyChanged(System.ComponentModel.PropertyChangedEventArgs)">
      <summary>Raises the <see cref="E:System.Collections.ObjectModel.ObservableCollection`1.PropertyChanged" /> event with the provided arguments.<para>使用提供的参数引发 <see cref="E:System.Collections.ObjectModel.ObservableCollection`1.PropertyChanged" /> 事件.</para></summary>
      <param name="e">Arguments of the event being raised.<para>所提出的事件的论点.</para></param>
    </member>
    <member name="M:System.Collections.ObjectModel.ObservableCollection`1.RemoveItem(System.Int32)">
      <summary>Removes the item at the specified index of the collection.<para>删除集合的指定索引处的项.</para></summary>
      <param name="index">The zero-based index of the element to remove.<para>要删除的元素的从零开始的索引.</para></param>
    </member>
    <member name="M:System.Collections.ObjectModel.ObservableCollection`1.SetItem(System.Int32,`0)">
      <summary>Replaces the element at the specified index.<para>替换指定索引处的元素.</para></summary>
      <param name="index">The zero-based index of the element to replace.<para>要替换的元素的从零开始的索引.</para></param>
      <param name="item">The new value for the element at the specified index.<para>指定索引处元素的新值.</para></param>
    </member>
    <member name="T:System.Collections.ObjectModel.ReadOnlyObservableCollection`1">
      <summary>Represents a read-only <see cref="T:System.Collections.ObjectModel.ObservableCollection`1" />.<para>表示只读 <see cref="T:System.Collections.ObjectModel.ObservableCollection`1" />.</para></summary>
      <typeparam name="T">The type of elements in the collection.<para>集合中元素的类型.</para></typeparam>
    </member>
    <member name="E:System.Collections.ObjectModel.ReadOnlyObservableCollection`1.CollectionChanged">
      <summary>Occurs when an item is added or removed.<para>在添加或删除项目时发生.</para></summary>
    </member>
    <member name="E:System.Collections.ObjectModel.ReadOnlyObservableCollection`1.PropertyChanged">
      <summary>Occurs when a property value changes.<para>在属性值更改时发生.</para></summary>
    </member>
    <member name="E:System.Collections.ObjectModel.ReadOnlyObservableCollection`1.System#Collections#Specialized#INotifyCollectionChanged#CollectionChanged">
      <summary>Occurs when the collection changes.<para>在集合更改时发生.</para></summary>
    </member>
    <member name="E:System.Collections.ObjectModel.ReadOnlyObservableCollection`1.System#ComponentModel#INotifyPropertyChanged#PropertyChanged">
      <summary>Occurs when a property value changes.<para>在属性值更改时发生.</para></summary>
    </member>
    <member name="M:System.Collections.ObjectModel.ReadOnlyObservableCollection`1.#ctor(System.Collections.ObjectModel.ObservableCollection{`0})">
      <summary>Initializes a new instance of the <see cref="T:System.Collections.ObjectModel.ReadOnlyObservableCollection`1" /> class that serves as a wrapper around the specified <see cref="T:System.Collections.ObjectModel.ObservableCollection`1" />.<para>初始化 <see cref="T:System.Collections.ObjectModel.ReadOnlyObservableCollection`1" /> 类的新实例,该实例用作指定 <see cref="T:System.Collections.ObjectModel.ObservableCollection`1" /> 的包装器.</para></summary>
      <param name="list">The <see cref="T:System.Collections.ObjectModel.ObservableCollection`1" /> with which to create this instance of the <see cref="T:System.Collections.ObjectModel.ReadOnlyObservableCollection`1" /> class.<para>用于创建 <see cref="T:System.Collections.ObjectModel.ReadOnlyObservableCollection`1" /> 类的此实例的 <see cref="T:System.Collections.ObjectModel.ObservableCollection`1" />.</para></param>
      <exception cref="T:System.ArgumentNullException">
        <paramref name="list" /> is <see langword="null" />.<para><paramref name="list" /> 是 <see langword="null" />.</para></exception>
    </member>
    <member name="M:System.Collections.ObjectModel.ReadOnlyObservableCollection`1.OnCollectionChanged(System.Collections.Specialized.NotifyCollectionChangedEventArgs)">
      <summary>Raises the <see cref="E:System.Collections.ObjectModel.ReadOnlyObservableCollection`1.CollectionChanged" /> event using the provided arguments.<para>使用提供的参数引发 <see cref="E:System.Collections.ObjectModel.ReadOnlyObservableCollection`1.CollectionChanged" /> 事件.</para></summary>
      <param name="args">Arguments of the event being raised.<para>所提出的事件的论点.</para></param>
    </member>
    <member name="M:System.Collections.ObjectModel.ReadOnlyObservableCollection`1.OnPropertyChanged(System.ComponentModel.PropertyChangedEventArgs)">
      <summary>Raises the <see cref="E:System.Collections.ObjectModel.ReadOnlyObservableCollection`1.PropertyChanged" /> event using the provided arguments.<para>使用提供的参数引发 <see cref="E:System.Collections.ObjectModel.ReadOnlyObservableCollection`1.PropertyChanged" /> 事件.</para></summary>
      <param name="args">Arguments of the event being raised.<para>所提出的事件的论点.</para></param>
    </member>
    <member name="T:System.Collections.Specialized.INotifyCollectionChanged">
      <summary>Notifies listeners of dynamic changes, such as when an item is added and removed or the whole list is cleared.<para>通知侦听器动态更改,例如在添加和删除项目或清除整个列表时.</para></summary>
    </member>
    <member name="E:System.Collections.Specialized.INotifyCollectionChanged.CollectionChanged">
      <summary>Occurs when the collection changes.<para>在集合更改时发生.</para></summary>
    </member>
    <member name="T:System.Collections.Specialized.NotifyCollectionChangedAction">
      <summary>Describes the action that caused a <see cref="E:System.Collections.Specialized.INotifyCollectionChanged.CollectionChanged" /> event.<para>描述导致 <see cref="E:System.Collections.Specialized.INotifyCollectionChanged.CollectionChanged" /> 事件的操作.</para></summary>
    </member>
    <member name="F:System.Collections.Specialized.NotifyCollectionChangedAction.Add">
      <summary>An item was added to the collection.<para>一个项目已添加到集合中.</para></summary>
    </member>
    <member name="F:System.Collections.Specialized.NotifyCollectionChangedAction.Move">
      <summary>An item was moved within the collection.<para>在集合中移动了项目.</para></summary>
    </member>
    <member name="F:System.Collections.Specialized.NotifyCollectionChangedAction.Remove">
      <summary>An item was removed from the collection.<para>已从集合中删除项目.</para></summary>
    </member>
    <member name="F:System.Collections.Specialized.NotifyCollectionChangedAction.Replace">
      <summary>An item was replaced in the collection.<para>集合中的项目已替换.</para></summary>
    </member>
    <member name="F:System.Collections.Specialized.NotifyCollectionChangedAction.Reset">
      <summary>The contents of the collection changed dramatically.<para>该系列的内容发生了巨大变化.</para></summary>
    </member>
    <member name="T:System.Collections.Specialized.NotifyCollectionChangedEventArgs">
      <summary>Provides data for the <see cref="E:System.Collections.Specialized.INotifyCollectionChanged.CollectionChanged" /> event.<para>为 <see cref="E:System.Collections.Specialized.INotifyCollectionChanged.CollectionChanged" /> 事件提供数据.</para></summary>
    </member>
    <member name="M:System.Collections.Specialized.NotifyCollectionChangedEventArgs.#ctor(System.Collections.Specialized.NotifyCollectionChangedAction)">
      <summary>Initializes a new instance of the <see cref="T:System.Collections.Specialized.NotifyCollectionChangedEventArgs" /> class that describes a <see cref="F:System.Collections.Specialized.NotifyCollectionChangedAction.Reset" /> change.<para>初始化 <see cref="t:system.collections.specialized.notifycollectionchangedeventargs" /> 描述 <see cref="f:system.collections.specialized.notifycollectionchangedaction.reset" /> 改变.</para></summary>
      <param name="action">The action that caused the event. This must be set to <see cref="F:System.Collections.Specialized.NotifyCollectionChangedAction.Reset" />.<para>导致事件的操作.这必须设置为 <see cref="f:system.collections.specialized.notifycollectionchangedaction.reset" /> .</para></param>
    </member>
    <member name="M:System.Collections.Specialized.NotifyCollectionChangedEventArgs.#ctor(System.Collections.Specialized.NotifyCollectionChangedAction,System.Collections.IList)">
      <summary>Initializes a new instance of the <see cref="T:System.Collections.Specialized.NotifyCollectionChangedEventArgs" /> class that describes a multi-item change.<para>初始化 <see cref="t:system.collections.specialized.notifycollectionchangedeventargs" /> 描述多项更改的类.</para></summary>
      <param name="action">The action that caused the event. This can be set to <see cref="F:System.Collections.Specialized.NotifyCollectionChangedAction.Reset" />, <see cref="F:System.Collections.Specialized.NotifyCollectionChangedAction.Add" />, or <see cref="F:System.Collections.Specialized.NotifyCollectionChangedAction.Remove" />.<para>导致事件的操作.这可以设置为 <see cref="f:system.collections.specialized.notifycollectionchangedaction.reset" /> , <see cref="f:system.collections.specialized.notifycollectionchangedaction.add" /> 或 <see cref="f:system.collections.specialized.notifycollectionchangedaction.remove" /> .</para></param>
      <param name="changedItems">The items that are affected by the change.<para>受更改影响的项目.</para></param>
    </member>
    <member name="M:System.Collections.Specialized.NotifyCollectionChangedEventArgs.#ctor(System.Collections.Specialized.NotifyCollectionChangedAction,System.Collections.IList,System.Collections.IList)">
      <summary>Initializes a new instance of the <see cref="T:System.Collections.Specialized.NotifyCollectionChangedEventArgs" /> class that describes a multi-item <see cref="F:System.Collections.Specialized.NotifyCollectionChangedAction.Replace" /> change.<para>初始化 <see cref="t:system.collections.specialized.notifycollectionchangedeventargs" /> 描述多项的类 <see cref="f:system.collections.specialized.notifycollectionchangedaction.replace" /> 改变.</para></summary>
      <param name="action">The action that caused the event. This can only be set to <see cref="F:System.Collections.Specialized.NotifyCollectionChangedAction.Replace" />.<para>导致事件的操作.这只能设置为 <see cref="f:system.collections.specialized.notifycollectionchangedaction.replace" /> .</para></param>
      <param name="newItems">The new items that are replacing the original items.<para>替换原始项目的新项目.</para></param>
      <param name="oldItems">The original items that are replaced.<para>被替换的原始项目.</para></param>
      <exception cref="T:System.ArgumentException">If <paramref name="action" /> is not Replace.<para>如果 <paramref name="action" /> 不是"替换".</para></exception>
      <exception cref="T:System.ArgumentNullException">If <paramref name="oldItems" /> or <paramref name="newItems" /> is null.<para>如果 <paramref name="oldItems" /> 或 <paramref name="newItems" /> 为空.</para></exception>
    </member>
    <member name="M:System.Collections.Specialized.NotifyCollectionChangedEventArgs.#ctor(System.Collections.Specialized.NotifyCollectionChangedAction,System.Collections.IList,System.Collections.IList,System.Int32)">
      <summary>Initializes a new instance of the <see cref="T:System.Collections.Specialized.NotifyCollectionChangedEventArgs" /> class that describes a multi-item <see cref="F:System.Collections.Specialized.NotifyCollectionChangedAction.Replace" /> change.<para>初始化 <see cref="t:system.collections.specialized.notifycollectionchangedeventargs" /> 描述多项的类 <see cref="f:system.collections.specialized.notifycollectionchangedaction.replace" /> 改变.</para></summary>
      <param name="action">The action that caused the event. This can only be set to <see cref="F:System.Collections.Specialized.NotifyCollectionChangedAction.Replace" />.<para>导致事件的操作.这只能设置为 <see cref="f:system.collections.specialized.notifycollectionchangedaction.replace" /> .</para></param>
      <param name="newItems">The new items that are replacing the original items.<para>替换原始项目的新项目.</para></param>
      <param name="oldItems">The original items that are replaced.<para>被替换的原始项目.</para></param>
      <param name="startingIndex">The index of the first item of the items that are being replaced.<para>要替换的项的第一项的索引.</para></param>
      <exception cref="T:System.ArgumentException">If <paramref name="action" /> is not Replace.<para>如果 <paramref name="action" /> 不是"替换".</para></exception>
      <exception cref="T:System.ArgumentNullException">If <paramref name="oldItems" /> or <paramref name="newItems" /> is null.<para>如果 <paramref name="oldItems" /> 或 <paramref name="newItems" /> 为空.</para></exception>
    </member>
    <member name="M:System.Collections.Specialized.NotifyCollectionChangedEventArgs.#ctor(System.Collections.Specialized.NotifyCollectionChangedAction,System.Collections.IList,System.Int32)">
      <summary>Initializes a new instance of the <see cref="T:System.Collections.Specialized.NotifyCollectionChangedEventArgs" /> class that describes a multi-item change or a <see cref="F:System.Collections.Specialized.NotifyCollectionChangedAction.Reset" /> change.<para>初始化 <see cref="t:system.collections.specialized.notifycollectionchangedeventargs" /> 描述多项更改或 <see cref="f:system.collections.specialized.notifycollectionchangedaction.reset" /> 改变.</para></summary>
      <param name="action">The action that caused the event. This can be set to <see cref="F:System.Collections.Specialized.NotifyCollectionChangedAction.Reset" />, <see cref="F:System.Collections.Specialized.NotifyCollectionChangedAction.Add" />, or <see cref="F:System.Collections.Specialized.NotifyCollectionChangedAction.Remove" />.<para>导致事件的操作.这可以设置为 <see cref="f:system.collections.specialized.notifycollectionchangedaction.reset" /> , <see cref="f:system.collections.specialized.notifycollectionchangedaction.add" /> 或 <see cref="f:system.collections.specialized.notifycollectionchangedaction.remove" /> .</para></param>
      <param name="changedItems">The items affected by the change.<para>受更改影响的项目.</para></param>
      <param name="startingIndex">The index where the change occurred.<para>发生更改的索引.</para></param>
      <exception cref="T:System.ArgumentException">If <paramref name="action" /> is not Reset, Add, or Remove, if <paramref name="action" /> is Reset and either <paramref name="changedItems" /> is not null or <paramref name="startingIndex" /> is not -1, or if action is Add or Remove and <paramref name="startingIndex" /> is less than -1.<para>如果 <paramref name="action" /> 不是"重置"、"添加"或"删除",则如果 <paramref name="action" /> 是"重置"且 <paramref name="changedItems" /> 不为 null 或 <paramref name="startingIndex" /> 不是 -1,或者操作是"添加"或"删除"且 <paramref name="startingIndex" /> 小于 -1.</para></exception>
      <exception cref="T:System.ArgumentNullException">If <paramref name="action" /> is Add or Remove and <paramref name="changedItems" /> is null.<para>如果 <paramref name="action" /> 为添加或删除,<paramref name="changedItems" /> 为空.</para></exception>
    </member>
    <member name="M:System.Collections.Specialized.NotifyCollectionChangedEventArgs.#ctor(System.Collections.Specialized.NotifyCollectionChangedAction,System.Collections.IList,System.Int32,System.Int32)">
      <summary>Initializes a new instance of the <see cref="T:System.Collections.Specialized.NotifyCollectionChangedEventArgs" /> class that describes a multi-item <see cref="F:System.Collections.Specialized.NotifyCollectionChangedAction.Move" /> change.<para>初始化 <see cref="t:system.collections.specialized.notifycollectionchangedeventargs" /> 描述多项的类 <see cref="f:system.collections.specialized.notifycollectionchangedaction.move" /> 改变.</para></summary>
      <param name="action">The action that caused the event. This can only be set to <see cref="F:System.Collections.Specialized.NotifyCollectionChangedAction.Move" />.<para>导致事件的操作.这只能设置为 <see cref="f:system.collections.specialized.notifycollectionchangedaction.move" /> .</para></param>
      <param name="changedItems">The items affected by the change.<para>受更改影响的项目.</para></param>
      <param name="index">The new index for the changed items.<para>已更改项的新索引.</para></param>
      <param name="oldIndex">The old index for the changed items.<para>已更改项目的旧索引.</para></param>
      <exception cref="T:System.ArgumentException">If <paramref name="action" /> is not Move or <paramref name="index" /> is less than 0.<para>如果 <paramref name="action" /> 不是"移动"或 <paramref name="index" /> 小于 0.</para></exception>
    </member>
    <member name="M:System.Collections.Specialized.NotifyCollectionChangedEventArgs.#ctor(System.Collections.Specialized.NotifyCollectionChangedAction,System.Object)">
      <summary>Initializes a new instance of the <see cref="T:System.Collections.Specialized.NotifyCollectionChangedEventArgs" /> class that describes a one-item change.<para>初始化 <see cref="t:system.collections.specialized.notifycollectionchangedeventargs" /> 描述单项更改的类.</para></summary>
      <param name="action">The action that caused the event. This can be set to <see cref="F:System.Collections.Specialized.NotifyCollectionChangedAction.Reset" />, <see cref="F:System.Collections.Specialized.NotifyCollectionChangedAction.Add" />, or <see cref="F:System.Collections.Specialized.NotifyCollectionChangedAction.Remove" />.<para>导致事件的操作.这可以设置为 <see cref="f:system.collections.specialized.notifycollectionchangedaction.reset" /> , <see cref="f:system.collections.specialized.notifycollectionchangedaction.add" /> 或 <see cref="f:system.collections.specialized.notifycollectionchangedaction.remove" /> .</para></param>
      <param name="changedItem">The item that is affected by the change.<para>受更改影响的项目.</para></param>
      <exception cref="T:System.ArgumentException">If <paramref name="action" /> is not Reset, Add, or Remove, or if <paramref name="action" /> is Reset and <paramref name="changedItem" /> is not null.<para>如果 <paramref name="action" /> 不是"重置"、"添加"或"删除",或者 <paramref name="action" /> 是"重置"而 <paramref name="changedItem" /> 不是 null.</para></exception>
    </member>
    <member name="M:System.Collections.Specialized.NotifyCollectionChangedEventArgs.#ctor(System.Collections.Specialized.NotifyCollectionChangedAction,System.Object,System.Int32)">
      <summary>Initializes a new instance of the <see cref="T:System.Collections.Specialized.NotifyCollectionChangedEventArgs" /> class that describes a one-item change.<para>初始化 <see cref="t:system.collections.specialized.notifycollectionchangedeventargs" /> 描述单项更改的类.</para></summary>
      <param name="action">The action that caused the event. This can be set to <see cref="F:System.Collections.Specialized.NotifyCollectionChangedAction.Reset" />, <see cref="F:System.Collections.Specialized.NotifyCollectionChangedAction.Add" />, or <see cref="F:System.Collections.Specialized.NotifyCollectionChangedAction.Remove" />.<para>导致事件的操作.这可以设置为 <see cref="f:system.collections.specialized.notifycollectionchangedaction.reset" /> , <see cref="f:system.collections.specialized.notifycollectionchangedaction.add" /> 或 <see cref="f:system.collections.specialized.notifycollectionchangedaction.remove" /> .</para></param>
      <param name="changedItem">The item that is affected by the change.<para>受更改影响的项目.</para></param>
      <param name="index">The index where the change occurred.<para>发生更改的索引.</para></param>
      <exception cref="T:System.ArgumentException">If <paramref name="action" /> is not Reset, Add, or Remove, or if <paramref name="action" /> is Reset and either <paramref name="changedItems" /> is not null or <paramref name="index" /> is not -1.<para>如果 <paramref name="action" /> 不是"重置"、"添加"或"删除",或者 <paramref name="action" /> 是"重置",并且 <paramref name="changedItems" /> 不是 null 或 <paramref name="index" /> 不是 -1.</para></exception>
    </member>
    <member name="M:System.Collections.Specialized.NotifyCollectionChangedEventArgs.#ctor(System.Collections.Specialized.NotifyCollectionChangedAction,System.Object,System.Int32,System.Int32)">
      <summary>Initializes a new instance of the <see cref="T:System.Collections.Specialized.NotifyCollectionChangedEventArgs" /> class that describes a one-item <see cref="F:System.Collections.Specialized.NotifyCollectionChangedAction.Move" /> change.<para>初始化 <see cref="t:system.collections.specialized.notifycollectionchangedeventargs" /> 描述单项的类 <see cref="f:system.collections.specialized.notifycollectionchangedaction.move" /> 改变.</para></summary>
      <param name="action">The action that caused the event. This can only be set to <see cref="F:System.Collections.Specialized.NotifyCollectionChangedAction.Move" />.<para>导致事件的操作.这只能设置为 <see cref="f:system.collections.specialized.notifycollectionchangedaction.move" /> .</para></param>
      <param name="changedItem">The item affected by the change.<para>受更改影响的项目.</para></param>
      <param name="index">The new index for the changed item.<para>已更改项的新索引.</para></param>
      <param name="oldIndex">The old index for the changed item.<para>已更改项目的旧索引.</para></param>
      <exception cref="T:System.ArgumentException">If <paramref name="action" /> is not Move or <paramref name="index" /> is less than 0.<para>如果 <paramref name="action" /> 不是"移动"或 <paramref name="index" /> 小于 0.</para></exception>
    </member>
    <member name="M:System.Collections.Specialized.NotifyCollectionChangedEventArgs.#ctor(System.Collections.Specialized.NotifyCollectionChangedAction,System.Object,System.Object)">
      <summary>Initializes a new instance of the <see cref="T:System.Collections.Specialized.NotifyCollectionChangedEventArgs" /> class that describes a one-item <see cref="F:System.Collections.Specialized.NotifyCollectionChangedAction.Replace" /> change.<para>初始化 <see cref="t:system.collections.specialized.notifycollectionchangedeventargs" /> 描述单项的类 <see cref="f:system.collections.specialized.notifycollectionchangedaction.replace" /> 改变.</para></summary>
      <param name="action">The action that caused the event. This can only be set to <see cref="F:System.Collections.Specialized.NotifyCollectionChangedAction.Replace" />.<para>导致事件的操作.这只能设置为 <see cref="f:system.collections.specialized.notifycollectionchangedaction.replace" /> .</para></param>
      <param name="newItem">The new item that is replacing the original item.<para>替换原始项的新项.</para></param>
      <param name="oldItem">The original item that is replaced.<para>被替换的原始项目.</para></param>
      <exception cref="T:System.ArgumentException">If <paramref name="action" /> is not Replace.<para>如果 <paramref name="action" /> 不是"替换".</para></exception>
    </member>
    <member name="M:System.Collections.Specialized.NotifyCollectionChangedEventArgs.#ctor(System.Collections.Specialized.NotifyCollectionChangedAction,System.Object,System.Object,System.Int32)">
      <summary>Initializes a new instance of the <see cref="T:System.Collections.Specialized.NotifyCollectionChangedEventArgs" /> class that describes a one-item <see cref="F:System.Collections.Specialized.NotifyCollectionChangedAction.Replace" /> change.<para>初始化 <see cref="t:system.collections.specialized.notifycollectionchangedeventargs" /> 描述单项的类 <see cref="f:system.collections.specialized.notifycollectionchangedaction.replace" /> 改变.</para></summary>
      <param name="action">The action that caused the event. This can be set to <see cref="F:System.Collections.Specialized.NotifyCollectionChangedAction.Replace" />.<para>导致事件的操作.这可以设置为 <see cref="f:system.collections.specialized.notifycollectionchangedaction.replace" /> .</para></param>
      <param name="newItem">The new item that is replacing the original item.<para>替换原始项的新项.</para></param>
      <param name="oldItem">The original item that is replaced.<para>被替换的原始项目.</para></param>
      <param name="index">The index of the item being replaced.<para>要替换的项的索引.</para></param>
      <exception cref="T:System.ArgumentException">If <paramref name="action" /> is not Replace.<para>如果 <paramref name="action" /> 不是"替换".</para></exception>
    </member>
    <member name="P:System.Collections.Specialized.NotifyCollectionChangedEventArgs.Action">
      <summary>Gets the action that caused the event.<para>获取导致事件的操作.</para></summary>
      <returns>A <see cref="T:System.Collections.Specialized.NotifyCollectionChangedAction" /> value that describes the action that caused the event.<para>一个 <see cref="t:system.collections.specialized.notifycollectionchangedaction" /> 描述导致事件的操作的值.</para></returns>
    </member>
    <member name="P:System.Collections.Specialized.NotifyCollectionChangedEventArgs.NewItems">
      <summary>Gets the list of new items involved in the change.<para>获取更改中涉及的新项的列表.</para></summary>
      <returns>The list of new items involved in the change.<para>更改中涉及的新项目的列表.</para></returns>
    </member>
    <member name="P:System.Collections.Specialized.NotifyCollectionChangedEventArgs.NewStartingIndex">
      <summary>Gets the index at which the change occurred.<para>获取发生更改的索引.</para></summary>
      <returns>The zero-based index at which the change occurred.<para>发生更改的从零开始的索引.</para></returns>
    </member>
    <member name="P:System.Collections.Specialized.NotifyCollectionChangedEventArgs.OldItems">
      <summary>Gets the list of items affected by a <see cref="F:System.Collections.Specialized.NotifyCollectionChangedAction.Replace" />, Remove, or Move action.<para>获取受 <see cref="f:system.collections.specialized.notifycollectionchangedaction.replace" /> 、"删除"或"移动"操作.</para></summary>
      <returns>The list of items affected by a <see cref="F:System.Collections.Specialized.NotifyCollectionChangedAction.Replace" />, Remove, or Move action.<para>受 <see cref="f:system.collections.specialized.notifycollectionchangedaction.replace" /> 、"删除"或"移动"操作.</para></returns>
    </member>
    <member name="P:System.Collections.Specialized.NotifyCollectionChangedEventArgs.OldStartingIndex">
      <summary>Gets the index at which a <see cref="F:System.Collections.Specialized.NotifyCollectionChangedAction.Move" />, Remove, or Replace action occurred.<para>获取索引,其中 <see cref="f:system.collections.specialized.notifycollectionchangedaction.move" /> 、"删除"或"替换"操作.</para></summary>
      <returns>The zero-based index at which a <see cref="F:System.Collections.Specialized.NotifyCollectionChangedAction.Move" />, Remove, or Replace action occurred.<para>从零开始的索引,其中 <see cref="f:system.collections.specialized.notifycollectionchangedaction.move" /> 、"删除"或"替换"操作.</para></returns>
    </member>
    <member name="T:System.Collections.Specialized.NotifyCollectionChangedEventHandler">
      <summary>Represents the method that handles the <see cref="E:System.Collections.Specialized.INotifyCollectionChanged.CollectionChanged" /> event.<para>表示处理 <see cref="E:System.Collections.Specialized.INotifyCollectionChanged.CollectionChanged" /> 事件的方法.</para></summary>
      <param name="sender">The object that raised the event.<para>引发事件的对象.</para></param>
      <param name="e">Information about the event.<para>有关事件的信息.</para></param>
    </member>
    <member name="T:System.ComponentModel.DataErrorsChangedEventArgs">
      <summary>Provides data for the <see cref="E:System.ComponentModel.INotifyDataErrorInfo.ErrorsChanged" /> event.<para>为 <see cref="E:System.ComponentModel.INotifyDataErrorInfo.ErrorsChanged" /> 事件提供数据.</para></summary>
    </member>
    <member name="M:System.ComponentModel.DataErrorsChangedEventArgs.#ctor(System.String)">
      <summary>Initializes a new instance of the <see cref="T:System.ComponentModel.DataErrorsChangedEventArgs" /> class.<para>初始化 <see cref="t:system.componentmodel.dataerrorschangedeventargs" /> .class.</para></summary>
      <param name="propertyName">The name of the property that has an error.  <see langword="null" /> or <see cref="F:System.String.Empty" /> if the error is object-level.<para>有错误的属性的名称.<see langword="null" /> 或 <see cref="F:System.String.Empty" />（如果错误是对象级的）.</para></param>
    </member>
    <member name="P:System.ComponentModel.DataErrorsChangedEventArgs.PropertyName">
      <summary>Gets the name of the property that has an error.<para>获取有错误的属性的名称.</para></summary>
      <returns>The name of the property that has an error. <see langword="null" /> or <see cref="F:System.String.Empty" /> if the error is object-level.<para>有错误的属性的名称.<see langword="null" /> 或 <see cref="F:System.String.Empty" />（如果错误是对象级的）.</para></returns>
    </member>
    <member name="T:System.ComponentModel.INotifyDataErrorInfo">
      <summary>Defines members that data entity classes can implement to provide custom synchronous and asynchronous validation support.<para>定义数据实体类可以实现以提供自定义同步和异步验证支持的成员.</para></summary>
    </member>
    <member name="E:System.ComponentModel.INotifyDataErrorInfo.ErrorsChanged">
      <summary>Occurs when the validation errors have changed for a property or for the entire entity.<para>当属性或整个实体的验证错误发生更改时发生.</para></summary>
    </member>
    <member name="M:System.ComponentModel.INotifyDataErrorInfo.GetErrors(System.String)">
      <summary>Gets the validation errors for a specified property or for the entire entity.<para>获取指定属性或整个实体的验证错误.</para></summary>
      <param name="propertyName">The name of the property to retrieve validation errors for; or <see langword="null" /> or <see cref="F:System.String.Empty" />, to retrieve entity-level errors.<para>要检索其验证错误的属性的名称;或 <see langword="null" /> 或 <see cref="F:System.String.Empty" />,以检索实体级错误.</para></param>
      <returns>The validation errors for the property or entity.<para>属性或实体的验证错误.</para></returns>
    </member>
    <member name="P:System.ComponentModel.INotifyDataErrorInfo.HasErrors">
      <summary>Gets a value that indicates whether the entity has validation errors.<para>获取一个值,该值指示实体是否有验证错误.</para></summary>
      <returns>
        <see langword="true" /> if the entity currently has validation errors; otherwise, <see langword="false" />.<para><see langword="true" /> 如果实体当前存在验证错误;否则,<see langword="false" />.</para></returns>
    </member>
    <member name="T:System.ComponentModel.INotifyPropertyChanged">
      <summary>Notifies clients that a property value has changed.<para>通知客户端属性值已更改.</para></summary>
    </member>
    <member name="E:System.ComponentModel.INotifyPropertyChanged.PropertyChanged">
      <summary>Occurs when a property value changes.<para>在属性值更改时发生.</para></summary>
    </member>
    <member name="T:System.ComponentModel.INotifyPropertyChanging">
      <summary>Notifies clients that a property value is changing.<para>通知客户端属性值正在更改.</para></summary>
    </member>
    <member name="E:System.ComponentModel.INotifyPropertyChanging.PropertyChanging">
      <summary>Occurs when a property value is changing.<para>在属性值更改时发生.</para></summary>
    </member>
    <member name="T:System.ComponentModel.PropertyChangedEventArgs">
      <summary>Provides data for the <see cref="E:System.ComponentModel.INotifyPropertyChanged.PropertyChanged" /> event.<para>为 <see cref="E:System.ComponentModel.INotifyPropertyChanged.PropertyChanged" /> 事件提供数据.</para></summary>
    </member>
    <member name="M:System.ComponentModel.PropertyChangedEventArgs.#ctor(System.String)">
      <summary>Initializes a new instance of the <see cref="T:System.ComponentModel.PropertyChangedEventArgs" /> class.<para>初始化 <see cref="t:system.componentmodel.propertychangedeventargs" /> .class.</para></summary>
      <param name="propertyName">The name of the property that changed.<para>已更改的属性的名称.</para></param>
    </member>
    <member name="P:System.ComponentModel.PropertyChangedEventArgs.PropertyName">
      <summary>Gets the name of the property that changed.<para>获取已更改的属性的名称.</para></summary>
      <returns>The name of the property that changed.<para>已更改的属性的名称.</para></returns>
    </member>
    <member name="T:System.ComponentModel.PropertyChangedEventHandler">
      <summary>Represents the method that will handle the <see cref="E:System.ComponentModel.INotifyPropertyChanged.PropertyChanged" /> event raised when a property is changed on a component.<para>表示将处理在组件上的属性更改时引发的 <see cref="E:System.ComponentModel.INotifyPropertyChanged.PropertyChanged" /> 事件的方法.</para></summary>
      <param name="sender">The source of the event.<para>事件的源.</para></param>
      <param name="e">A <see cref="T:System.ComponentModel.PropertyChangedEventArgs" /> that contains the event data.<para>a <see cref="t:system.componentmodel.propertychangedeventargs" /> 包含事件数据.</para></param>
    </member>
    <member name="T:System.ComponentModel.PropertyChangingEventArgs">
      <summary>Provides data for the <see cref="E:System.ComponentModel.INotifyPropertyChanging.PropertyChanging" /> event.<para>为 <see cref="E:System.ComponentModel.INotifyPropertyChanging.PropertyChanging" /> 事件提供数据.</para></summary>
    </member>
    <member name="M:System.ComponentModel.PropertyChangingEventArgs.#ctor(System.String)">
      <summary>Initializes a new instance of the <see cref="T:System.ComponentModel.PropertyChangingEventArgs" /> class.<para>初始化 <see cref="t:system.componentmodel.propertychangingeventargs" /> .class.</para></summary>
      <param name="propertyName">The name of the property whose value is changing.<para>其值正在更改的属性的名称.</para></param>
    </member>
    <member name="P:System.ComponentModel.PropertyChangingEventArgs.PropertyName">
      <summary>Gets the name of the property whose value is changing.<para>获取其值正在更改的属性的名称.</para></summary>
      <returns>The name of the property whose value is changing.<para>其值正在更改的属性的名称.</para></returns>
    </member>
    <member name="T:System.ComponentModel.PropertyChangingEventHandler">
      <summary>Represents the method that will handle the <see cref="E:System.ComponentModel.INotifyPropertyChanging.PropertyChanging" /> event of an <see cref="T:System.ComponentModel.INotifyPropertyChanging" /> interface.<para>表示将处理 <see cref="T:System.ComponentModel.INotifyPropertyChanging" /> 接口的 <see cref="E:System.ComponentModel.INotifyPropertyChanging.PropertyChanging" /> 事件的方法.</para></summary>
      <param name="sender">The source of the event.<para>事件的源.</para></param>
      <param name="e">A <see cref="T:System.ComponentModel.PropertyChangingEventArgs" /> that contains the event data.<para>a <see cref="t:system.componentmodel.propertychangingeventargs" /> 包含事件数据.</para></param>
    </member>
    <member name="T:System.ComponentModel.TypeConverterAttribute">
      <summary>Specifies what type to use as a converter for the object this attribute is bound to.<para>指定要用作此属性绑定到的对象的转换器的类型.</para></summary>
    </member>
    <member name="F:System.ComponentModel.TypeConverterAttribute.Default">
      <summary>Specifies the type to use as a converter for the object this attribute is bound to.<para>指定要用作此属性绑定到的对象的转换器的类型.</para></summary>
    </member>
    <member name="M:System.ComponentModel.TypeConverterAttribute.#ctor">
      <summary>Initializes a new instance of the <see cref="T:System.ComponentModel.TypeConverterAttribute" /> class with the default type converter, which is an empty string ("").<para>初始化 <see cref="t:system.componentmodel.typeconverterattribute" /> 具有默认类型转换器的类,该转换器为空字符串 （""）.</para></summary>
    </member>
    <member name="M:System.ComponentModel.TypeConverterAttribute.#ctor(System.String)">
      <summary>Initializes a new instance of the <see cref="T:System.ComponentModel.TypeConverterAttribute" /> class, using the specified type name as the data converter for the object this attribute is bound to.<para>初始化 <see cref="t:system.componentmodel.typeconverterattribute" /> 类,使用指定的类型名称作为此属性绑定到的对象的数据转换器.</para></summary>
      <param name="typeName">The fully qualified name of the class to use for data conversion for the object this attribute is bound to.<para>用于此属性绑定到的对象的数据转换的类的完全限定名.</para></param>
    </member>
    <member name="M:System.ComponentModel.TypeConverterAttribute.#ctor(System.Type)">
      <summary>Initializes a new instance of the <see cref="T:System.ComponentModel.TypeConverterAttribute" /> class, using the specified type as the data converter for the object this attribute is bound to.<para>初始化 <see cref="t:system.componentmodel.typeconverterattribute" /> 类,使用指定的类型作为此属性绑定到的对象的数据转换器.</para></summary>
      <param name="type">A <see cref="T:System.Type" /> that represents the type of the converter class to use for data conversion for the object this attribute is bound to.<para>一个 <see cref="T:System.Type" />,表示要用于此属性绑定到的对象的数据转换的转换器类的类型.</para></param>
    </member>
    <member name="M:System.ComponentModel.TypeConverterAttribute.Equals(System.Object)">
      <summary>Returns whether the value of the given object is equal to the current <see cref="T:System.ComponentModel.TypeConverterAttribute" />.<para>返回给定对象的值是否等于当前对象 <see cref="t:system.componentmodel.typeconverterattribute" /> .</para></summary>
      <param name="obj">The object to test the value equality of.<para>要测试其值相等性的对象.</para></param>
      <returns>
        <see langword="true" /> if the value of the given object is equal to that of the current <see cref="T:System.ComponentModel.TypeConverterAttribute" />; otherwise, <see langword="false" />.<para><see langword="true" /> 如果给定对象的值等于当前对象的值 <see cref="t:system.componentmodel.typeconverterattribute" /> ;否则,<see langword="false" />.</para></returns>
    </member>
    <member name="M:System.ComponentModel.TypeConverterAttribute.GetHashCode">
      <summary>Returns the hash code for this instance.<para>返回此实例的哈希代码.</para></summary>
      <returns>A hash code for the current <see cref="T:System.ComponentModel.TypeConverterAttribute" />.<para>当前 <see cref="t:system.componentmodel.typeconverterattribute" /> .</para></returns>
    </member>
    <member name="P:System.ComponentModel.TypeConverterAttribute.ConverterTypeName">
      <summary>Gets the fully qualified type name of the <see cref="T:System.Type" /> to use as a converter for the object this attribute is bound to.<para>获取要用作此属性绑定到的对象的转换器的 <see cref="T:System.Type" /> 的完全限定类型名称.</para></summary>
      <returns>The fully qualified type name of the <see cref="T:System.Type" /> to use as a converter for the object this attribute is bound to, or an empty string ("") if none exists. The default value is an empty string ("").<para>用作此属性绑定到的对象的转换器的 <see cref="T:System.Type" /> 的完全限定类型名称,如果不存在,则为空字符串 （""）.默认值为空字符串 （""）.</para></returns>
    </member>
    <member name="T:System.ComponentModel.TypeDescriptionProviderAttribute">
      <summary>Specifies the custom type description provider for a class. This class cannot be inherited.<para>指定类的自定义类型说明提供程序.此类不能继承.</para></summary>
    </member>
    <member name="M:System.ComponentModel.TypeDescriptionProviderAttribute.#ctor(System.String)">
      <summary>Initializes a new instance of the <see cref="T:System.ComponentModel.TypeDescriptionProviderAttribute" /> class using the specified type name.<para>初始化 <see cref="t:system.componentmodel.typedescriptionproviderattribute" /> 使用指定类型名称的类.</para></summary>
      <param name="typeName">The qualified name of the type.<para>类型的限定名称.</para></param>
      <exception cref="T:System.ArgumentNullException">
        <paramref name="typeName" /> is <see langword="null" />.<para><paramref name="typeName" /> 是 <see langword="null" />.</para></exception>
    </member>
    <member name="M:System.ComponentModel.TypeDescriptionProviderAttribute.#ctor(System.Type)">
      <summary>Initializes a new instance of the <see cref="T:System.ComponentModel.TypeDescriptionProviderAttribute" /> class using the specified type.<para>初始化 <see cref="t:system.componentmodel.typedescriptionproviderattribute" /> 使用指定类型的类.</para></summary>
      <param name="type">The type to store in the attribute.<para>要存储在属性中的类型.</para></param>
      <exception cref="T:System.ArgumentNullException">
        <paramref name="type" /> is <see langword="null" />.<para><paramref name="type" /> 是 <see langword="null" />.</para></exception>
    </member>
    <member name="P:System.ComponentModel.TypeDescriptionProviderAttribute.TypeName">
      <summary>Gets the type name for the type description provider.<para>获取类型说明提供程序的类型名称.</para></summary>
      <returns>A <see cref="T:System.String" /> containing the qualified type name for the <see cref="T:System.ComponentModel.TypeDescriptionProvider" />.<para>一个 <see cref="T:System.String" />,包含 <see cref="T:System.ComponentModel.TypeDescriptionProvider" /> 的限定类型名称.</para></returns>
    </member>
    <member name="T:System.Reflection.ICustomTypeProvider">
      <summary>Represents an object that provides a custom type.<para>表示提供自定义类型的对象.</para></summary>
    </member>
    <member name="M:System.Reflection.ICustomTypeProvider.GetCustomType">
      <summary>Gets the custom type provided by this object.<para>获取此对象提供的自定义类型.</para></summary>
      <returns>The custom type.<para>自定义类型.</para></returns>
    </member>
    <member name="T:System.Windows.Input.ICommand">
      <summary>Defines a command.<para>定义命令.</para></summary>
    </member>
    <member name="E:System.Windows.Input.ICommand.CanExecuteChanged">
      <summary>Occurs when changes occur that affect whether or not the command should execute.<para>在发生影响命令是否应执行的更改时发生.</para></summary>
    </member>
    <member name="M:System.Windows.Input.ICommand.CanExecute(System.Object)">
      <summary>Defines the method that determines whether the command can execute in its current state.<para>定义确定命令是否可以在其当前状态下执行的方法.</para></summary>
      <param name="parameter">Data used by the command.  If the command does not require data to be passed, this object can be set to <see langword="null" />.<para>命令使用的数据.如果命令不需要传递数据,则可以将此对象设置为 <see langword="null" />.</para></param>
      <returns>
        <see langword="true" /> if this command can be executed; otherwise, <see langword="false" />.<para><see langword="true" /> 如果可以执行此命令;否则,<see langword="false" />.</para></returns>
    </member>
    <member name="M:System.Windows.Input.ICommand.Execute(System.Object)">
      <summary>Defines the method to be called when the command is invoked.<para>定义调用命令时要调用的方法.</para></summary>
      <param name="parameter">Data used by the command.  If the command does not require data to be passed, this object can be set to <see langword="null" />.<para>命令使用的数据.如果命令不需要传递数据,则可以将此对象设置为 <see langword="null" />.</para></param>
    </member>
    <member name="T:System.Windows.Markup.ValueSerializerAttribute">
      <summary>Identifies the <see cref="T:System.Windows.Markup.ValueSerializer" /> class that a type or property should use when it is serialized.<para>标识类型或属性在序列化时应使用的 <see cref="T:System.Windows.Markup.ValueSerializer" /> 类.</para></summary>
    </member>
    <member name="M:System.Windows.Markup.ValueSerializerAttribute.#ctor(System.String)">
      <summary>Initializes a new instance of the <see cref="T:System.Windows.Markup.ValueSerializerAttribute" /> class, using an assembly qualified type name string.<para>初始化 <see cref="t:system.windows.markup.valueserializerattribute" /> 类,使用程序集限定类型名称字符串.</para></summary>
      <param name="valueSerializerTypeName">The assembly qualified type name string for the <see cref="T:System.Windows.Markup.ValueSerializer" /> class to use.<para>要使用的 <see cref="T:System.Windows.Markup.ValueSerializer" /> 类的程序集限定类型名称字符串.</para></param>
    </member>
    <member name="M:System.Windows.Markup.ValueSerializerAttribute.#ctor(System.Type)">
      <summary>Initializes a new instance of the <see cref="T:System.Windows.Markup.ValueSerializerAttribute" /> class, using the specified type.<para>初始化 <see cref="t:system.windows.markup.valueserializerattribute" /> 类,使用指定的类型.</para></summary>
      <param name="valueSerializerType">A type that represents the type of the <see cref="T:System.Windows.Markup.ValueSerializer" /> class.<para>表示 <see cref="T:System.Windows.Markup.ValueSerializer" /> 类的类型.</para></param>
    </member>
    <member name="P:System.Windows.Markup.ValueSerializerAttribute.ValueSerializerType">
      <summary>Gets the type of the <see cref="T:System.Windows.Markup.ValueSerializer" /> class reported by this attribute.<para>获取此属性报告的 <see cref="T:System.Windows.Markup.ValueSerializer" /> 类的类型.</para></summary>
      <returns>The type of the <see cref="T:System.Windows.Markup.ValueSerializer" />.<para><see cref="T:System.Windows.Markup.ValueSerializer" /> 的类型.</para></returns>
    </member>
    <member name="P:System.Windows.Markup.ValueSerializerAttribute.ValueSerializerTypeName">
      <summary>Gets the assembly qualified name of the <see cref="T:System.Windows.Markup.ValueSerializer" /> type for this type or property.<para>获取此类型或属性的 <see cref="T:System.Windows.Markup.ValueSerializer" /> 类型的程序集限定名称.</para></summary>
      <returns>The assembly qualified name of the type.<para>类型的程序集限定名称.</para></returns>
    </member>
  </members>
</doc>