﻿<?xml version="1.0" encoding="utf-8"?>
<doc>
  <assembly>
    <name>System.Reflection.Emit.ILGeneration</name>
  </assembly>
  <members>
    <member name="T:System.Reflection.Emit.CustomAttributeBuilder">
      <summary>Helps build custom attributes.<para>帮助构建自定义属性.</para></summary>
    </member>
    <member name="M:System.Reflection.Emit.CustomAttributeBuilder.#ctor(System.Reflection.ConstructorInfo,System.Object[])">
      <summary>Initializes an instance of the <see langword="CustomAttributeBuilder" /> class given the constructor for the custom attribute and the arguments to the constructor.<para>初始化 <see langword="customattributebuilder" /> 类给定自定义属性的构造函数和构造函数的参数.</para></summary>
      <param name="con">The constructor for the custom attribute.<para>自定义属性的构造函数.</para></param>
      <param name="constructorArgs">The arguments to the constructor of the custom attribute.<para>自定义属性构造函数的参数.</para></param>
      <exception cref="T:System.ArgumentException">
        <paramref name="con" /> is static or private.  
  
 -or-  
  
 The number of supplied arguments does not match the number of parameters of the constructor as required by the calling convention of the constructor.  
  
 -or-  
  
 The type of supplied argument does not match the type of the parameter declared in the constructor.  
  
 -or-  
  
 A supplied argument is a reference type other than <see cref="T:System.String" /> or <see cref="T:System.Type" />.<para><paramref name="con" /> 是静态或私有的. -或- 提供的参数数与构造函数的调用约定要求的构造函数的参数数不匹配. -或- 提供的参数的类型与构造函数中声明的参数的类型不匹配. -或- 提供的参数是 <see cref="T:System.String" /> 或 <see cref="T:System.Type" /> 以外的引用类型.</para></exception>
      <exception cref="T:System.ArgumentNullException">
        <paramref name="con" /> or <paramref name="constructorArgs" /> is <see langword="null" />.<para><paramref name="con" /> 或 $<paramref name="constructorargs" /> 是 <see langword="null" />.</para></exception>
    </member>
    <member name="M:System.Reflection.Emit.CustomAttributeBuilder.#ctor(System.Reflection.ConstructorInfo,System.Object[],System.Reflection.FieldInfo[],System.Object[])">
      <summary>Initializes an instance of the <see langword="CustomAttributeBuilder" /> class given the constructor for the custom attribute, the arguments to the constructor, and a set of named field/value pairs.<para>初始化 <see langword="customattributebuilder" /> 类给定自定义属性的构造函数、构造函数的参数以及一组命名字段/值对.</para></summary>
      <param name="con">The constructor for the custom attribute.<para>自定义属性的构造函数.</para></param>
      <param name="constructorArgs">The arguments to the constructor of the custom attribute.<para>自定义属性构造函数的参数.</para></param>
      <param name="namedFields">Named fields of the custom attribute.<para>自定义属性的命名字段.</para></param>
      <param name="fieldValues">Values for the named fields of the custom attribute.<para>自定义属性的命名字段的值.</para></param>
      <exception cref="T:System.ArgumentException">The lengths of the <paramref name="namedFields" /> and <paramref name="fieldValues" /> arrays are different.  
  
 -or-  
  
 <paramref name="con" /> is static or private.  
  
 -or-  
  
 The number of supplied arguments does not match the number of parameters of the constructor as required by the calling convention of the constructor.  
  
 -or-  
  
 The type of supplied argument does not match the type of the parameter declared in the constructor.  
  
 -or-  
  
 The types of the field values do not match the types of the named fields.  
  
 -or-  
  
 The field does not belong to the same class or base class as the constructor.  
  
 -or-  
  
 A supplied argument or named field is a reference type other than <see cref="T:System.String" /> or <see cref="T:System.Type" />.<para><paramref name="namedFields" /> 和 <paramref name="fieldValues" /> 数组的长度不同. -或- <paramref name="con" /> 是静态或私有的. -或- 提供的参数数与构造函数的调用约定要求的构造函数的参数数不匹配. -或- 提供的参数的类型与构造函数中声明的参数的类型不匹配. -或- 字段值的类型与命名字段的类型不匹配. -或- 该字段与构造函数不属于同一类或基类. -或- 提供的参数或命名字段是 <see cref="T:System.String" /> 或 <see cref="T:System.Type" /> 以外的引用类型.</para></exception>
      <exception cref="T:System.ArgumentNullException">One of the parameters is <see langword="null" />.<para>其中一个参数是 <see langword="null" />.</para></exception>
    </member>
    <member name="M:System.Reflection.Emit.CustomAttributeBuilder.#ctor(System.Reflection.ConstructorInfo,System.Object[],System.Reflection.PropertyInfo[],System.Object[])">
      <summary>Initializes an instance of the <see langword="CustomAttributeBuilder" /> class given the constructor for the custom attribute, the arguments to the constructor, and a set of named property or value pairs.<para>初始化 <see langword="customattributebuilder" /> 类给定自定义属性的构造函数、构造函数的参数以及一组命名属性或值对.</para></summary>
      <param name="con">The constructor for the custom attribute.<para>自定义属性的构造函数.</para></param>
      <param name="constructorArgs">The arguments to the constructor of the custom attribute.<para>自定义属性构造函数的参数.</para></param>
      <param name="namedProperties">Named properties of the custom attribute.<para>自定义属性的命名属性.</para></param>
      <param name="propertyValues">Values for the named properties of the custom attribute.<para>自定义属性的命名属性的值.</para></param>
      <exception cref="T:System.ArgumentException">The lengths of the <paramref name="namedProperties" /> and <paramref name="propertyValues" /> arrays are different.  
  
 -or-  
  
 <paramref name="con" /> is static or private.  
  
 -or-  
  
 The number of supplied arguments does not match the number of parameters of the constructor as required by the calling convention of the constructor.  
  
 -or-  
  
 The type of supplied argument does not match the type of the parameter declared in the constructor.  
  
 -or-  
  
 The types of the property values do not match the types of the named properties.  
  
 -or-  
  
 A property has no setter method.  
  
 -or-  
  
 The property does not belong to the same class or base class as the constructor.  
  
 -or-  
  
 A supplied argument or named property is a reference type other than <see cref="T:System.String" /> or <see cref="T:System.Type" />.<para><paramref name="namedProperties" /> 和 <paramref name="propertyValues" /> 数组的长度不同. -或- <paramref name="con" /> 是静态或私有的. -或- 提供的参数数与构造函数的调用约定要求的构造函数的参数数不匹配. -或- 提供的参数的类型与构造函数中声明的参数的类型不匹配. -或- 属性值的类型与命名属性的类型不匹配. -或- 属性没有 setter 方法. -或- 该属性与构造函数不属于同一类或基类. -或- 提供的参数或命名属性是 <see cref="T:System.String" /> 或 <see cref="T:System.Type" /> 以外的引用类型.</para></exception>
      <exception cref="T:System.ArgumentNullException">One of the parameters is <see langword="null" />.<para>其中一个参数是 <see langword="null" />.</para></exception>
    </member>
    <member name="M:System.Reflection.Emit.CustomAttributeBuilder.#ctor(System.Reflection.ConstructorInfo,System.Object[],System.Reflection.PropertyInfo[],System.Object[],System.Reflection.FieldInfo[],System.Object[])">
      <summary>Initializes an instance of the <see langword="CustomAttributeBuilder" /> class given the constructor for the custom attribute, the arguments to the constructor, a set of named property or value pairs, and a set of named field or value pairs.<para>初始化 <see langword="customattributebuilder" /> 类给定自定义属性的构造函数、构造函数的参数、一组命名属性或值对以及一组命名字段或值对.</para></summary>
      <param name="con">The constructor for the custom attribute.<para>自定义属性的构造函数.</para></param>
      <param name="constructorArgs">The arguments to the constructor of the custom attribute.<para>自定义属性构造函数的参数.</para></param>
      <param name="namedProperties">Named properties of the custom attribute.<para>自定义属性的命名属性.</para></param>
      <param name="propertyValues">Values for the named properties of the custom attribute.<para>自定义属性的命名属性的值.</para></param>
      <param name="namedFields">Named fields of the custom attribute.<para>自定义属性的命名字段.</para></param>
      <param name="fieldValues">Values for the named fields of the custom attribute.<para>自定义属性的命名字段的值.</para></param>
      <exception cref="T:System.ArgumentException">The lengths of the <paramref name="namedProperties" /> and <paramref name="propertyValues" /> arrays are different.  
  
 -or-  
  
 The lengths of the <paramref name="namedFields" /> and <paramref name="fieldValues" /> arrays are different.  
  
 -or-  
  
 <paramref name="con" /> is static or private.  
  
 -or-  
  
 The number of supplied arguments does not match the number of parameters of the constructor as required by the calling convention of the constructor.  
  
 -or-  
  
 The type of supplied argument does not match the type of the parameter declared in the constructor.  
  
 -or-  
  
 The types of the property values do not match the types of the named properties.  
  
 -or-  
  
 The types of the field values do not match the types of the corresponding field types.  
  
 -or-  
  
 A property has no setter.  
  
 -or-  
  
 The property or field does not belong to the same class or base class as the constructor.  
  
 -or-  
  
 A supplied argument, named property, or named field is a reference type other than <see cref="T:System.String" /> or <see cref="T:System.Type" />.<para><paramref name="namedProperties" /> 和 <paramref name="propertyValues" /> 数组的长度不同. -或- <paramref name="namedFields" /> 和 <paramref name="fieldValues" /> 数组的长度不同. -或- <paramref name="con" /> 是静态或私有的. -或- 提供的参数数与构造函数的调用约定要求的构造函数的参数数不匹配. -或- 提供的参数的类型与构造函数中声明的参数的类型不匹配. -或- 属性值的类型与命名属性的类型不匹配. -或- 字段值的类型与相应字段类型的类型不匹配. -或- 属性没有二传手. -或- 属性或字段与构造函数不属于同一类或基类. -或- 提供的参数、命名属性或命名字段是 <see cref="T:System.String" /> 或 <see cref="T:System.Type" /> 以外的引用类型.</para></exception>
      <exception cref="T:System.ArgumentNullException">One of the parameters is <see langword="null" />.<para>其中一个参数是 <see langword="null" />.</para></exception>
    </member>
    <member name="T:System.Reflection.Emit.ILGenerator">
      <summary>Generates Microsoft intermediate language (MSIL) instructions.<para>生成microsoft中间语言 （msil） 指令.</para></summary>
    </member>
    <member name="M:System.Reflection.Emit.ILGenerator.BeginCatchBlock(System.Type)">
      <summary>Begins a catch block.<para>开始一个捕获块.</para></summary>
      <param name="exceptionType">The <see cref="T:System.Type" /> object that represents the exception.<para>表示异常的 <see cref="T:System.Type" /> 对象.</para></param>
      <exception cref="T:System.ArgumentException">The catch block is within a filtered exception.<para>catch 块位于筛选的异常中.</para></exception>
      <exception cref="T:System.ArgumentNullException">
        <paramref name="exceptionType" /> is <see langword="null" />, and the exception filter block has not returned a value that indicates that finally blocks should be run until this catch block is located.<para><paramref name="exceptionType" /> 是 <see langword="null" />,异常筛选器块未返回指示在找到此 catch 块之前应运行最终块的值.</para></exception>
      <exception cref="T:System.NotSupportedException">The Microsoft intermediate language (MSIL) being generated is not currently in an exception block.<para>正在生成的microsoft中间语言 （msil） 当前不在异常块中.</para></exception>
    </member>
    <member name="M:System.Reflection.Emit.ILGenerator.BeginExceptFilterBlock">
      <summary>Begins an exception block for a filtered exception.<para>开始筛选的异常的异常块.</para></summary>
      <exception cref="T:System.NotSupportedException">The Microsoft intermediate language (MSIL) being generated is not currently in an exception block.  
  
 -or-  
  
 This <see cref="T:System.Reflection.Emit.ILGenerator" /> belongs to a <see cref="T:System.Reflection.Emit.DynamicMethod" />.<para>正在生成的microsoft中间语言 （msil） 当前不在异常块中. -或- 此 <see cref="T:System.Reflection.Emit.ILGenerator" /> 属于 <see cref="T:System.Reflection.Emit.DynamicMethod" />.</para></exception>
    </member>
    <member name="M:System.Reflection.Emit.ILGenerator.BeginExceptionBlock">
      <summary>Begins an exception block for a non-filtered exception.<para>开始未筛选异常的异常块.</para></summary>
      <returns>The label for the end of the block. This will leave you in the correct place to execute finally blocks or to finish the try.<para>块末尾的标签.这将使您在正确的位置执行最终块或完成尝试.</para></returns>
    </member>
    <member name="M:System.Reflection.Emit.ILGenerator.BeginFaultBlock">
      <summary>Begins an exception fault block in the Microsoft intermediate language (MSIL) stream.<para>在microsoft中间语言 （msil） 流中开始异常错误块.</para></summary>
      <exception cref="T:System.NotSupportedException">The MSIL being generated is not currently in an exception block.  
  
 -or-  
  
 This <see cref="T:System.Reflection.Emit.ILGenerator" /> belongs to a <see cref="T:System.Reflection.Emit.DynamicMethod" />.<para>正在生成的 msil 当前不在异常块中. -或- 此 <see cref="T:System.Reflection.Emit.ILGenerator" /> 属于 <see cref="T:System.Reflection.Emit.DynamicMethod" />.</para></exception>
    </member>
    <member name="M:System.Reflection.Emit.ILGenerator.BeginFinallyBlock">
      <summary>Begins a finally block in the Microsoft intermediate language (MSIL) instruction stream.<para>开始microsoft中间语言 （msil） 指令流中的 finally 块.</para></summary>
      <exception cref="T:System.NotSupportedException">The MSIL being generated is not currently in an exception block.<para>正在生成的 msil 当前不在异常块中.</para></exception>
    </member>
    <member name="M:System.Reflection.Emit.ILGenerator.BeginScope">
      <summary>Begins a lexical scope.<para>开始词汇范围.</para></summary>
      <exception cref="T:System.NotSupportedException">This <see cref="T:System.Reflection.Emit.ILGenerator" /> belongs to a <see cref="T:System.Reflection.Emit.DynamicMethod" />.<para>此 <see cref="T:System.Reflection.Emit.ILGenerator" /> 属于 <see cref="T:System.Reflection.Emit.DynamicMethod" />.</para></exception>
    </member>
    <member name="M:System.Reflection.Emit.ILGenerator.DeclareLocal(System.Type)">
      <summary>Declares a local variable of the specified type.<para>声明指定类型的局部变量.</para></summary>
      <param name="localType">A <see cref="T:System.Type" /> object that represents the type of the local variable.<para>一个 <see cref="T:System.Type" /> 对象,表示局部变量的类型.</para></param>
      <exception cref="T:System.ArgumentNullException">
        <paramref name="localType" /> is <see langword="null" />.<para><paramref name="localType" /> 是 <see langword="null" />.</para></exception>
      <exception cref="T:System.InvalidOperationException">The containing type has been created by the <see cref="M:System.Reflection.Emit.TypeBuilder.CreateType" /> method.<para>包含类型已由 <see cref="M:System.Reflection.Emit.TypeBuilder.CreateType" /> 方法创建.</para></exception>
      <returns>The declared local variable.<para>声明的局部变量.</para></returns>
    </member>
    <member name="M:System.Reflection.Emit.ILGenerator.DeclareLocal(System.Type,System.Boolean)">
      <summary>Declares a local variable of the specified type, optionally pinning the object referred to by the variable.<para>声明指定类型的局部变量,可以选择固定变量引用的对象.</para></summary>
      <param name="localType">A <see cref="T:System.Type" /> object that represents the type of the local variable.<para>一个 <see cref="T:System.Type" /> 对象,表示局部变量的类型.</para></param>
      <param name="pinned">
        <see langword="true" /> to pin the object in memory; otherwise, <see langword="false" />.<para><see langword="true" /> 将对象固定在内存中;否则,<see langword="false" />.</para></param>
      <exception cref="T:System.ArgumentNullException">
        <paramref name="localType" /> is <see langword="null" />.<para><paramref name="localType" /> 是 <see langword="null" />.</para></exception>
      <exception cref="T:System.InvalidOperationException">The containing type has been created by the <see cref="M:System.Reflection.Emit.TypeBuilder.CreateType" /> method.  
  
 -or-  
  
 The method body of the enclosing method has been created by the <see cref="M:System.Reflection.Emit.MethodBuilder.CreateMethodBody(System.Byte[],System.Int32)" /> method.<para>包含类型已由 <see cref="M:System.Reflection.Emit.TypeBuilder.CreateType" /> 方法创建. -或- 封闭方法的方法主体已由 <see cref="M:System.Reflection.Emit.MethodBuilder.CreateMethodBody(System.Byte[],System.Int32)" /> 方法创建.</para></exception>
      <exception cref="T:System.NotSupportedException">The method with which this <see cref="T:System.Reflection.Emit.ILGenerator" /> is associated is not represented by a <see cref="T:System.Reflection.Emit.MethodBuilder" />.<para>与此 <see cref="T:System.Reflection.Emit.ILGenerator" /> 关联的方法不由 <see cref="T:System.Reflection.Emit.MethodBuilder" /> 表示.</para></exception>
      <returns>A <see cref="T:System.Reflection.Emit.LocalBuilder" /> object that represents the local variable.<para>表示局部变量的 <see cref="T:System.Reflection.Emit.LocalBuilder" /> 对象.</para></returns>
    </member>
    <member name="M:System.Reflection.Emit.ILGenerator.DefineLabel">
      <summary>Declares a new label.<para>声明新标签.</para></summary>
      <returns>A new label that can be used as a token for branching.<para>可用作分支标记的新标签.</para></returns>
    </member>
    <member name="M:System.Reflection.Emit.ILGenerator.Emit(System.Reflection.Emit.OpCode)">
      <summary>Puts the specified instruction onto the stream of instructions.<para>将指定的指令放入指令流中.</para></summary>
      <param name="opcode">The Microsoft Intermediate Language (MSIL) instruction to be put onto the stream.<para>要放入流的microsoft中间语言 （msil） 指令.</para></param>
    </member>
    <member name="M:System.Reflection.Emit.ILGenerator.Emit(System.Reflection.Emit.OpCode,System.Byte)">
      <summary>Puts the specified instruction and character argument onto the Microsoft intermediate language (MSIL) stream of instructions.<para>将指定的指令和字符参数放入microsoft中间语言 （msil） 指令流.</para></summary>
      <param name="opcode">The MSIL instruction to be put onto the stream.<para>要放入流的 msil 指令.</para></param>
      <param name="arg">The character argument pushed onto the stream immediately after the instruction.<para>字符参数在指令之后立即推送到流中.</para></param>
    </member>
    <member name="M:System.Reflection.Emit.ILGenerator.Emit(System.Reflection.Emit.OpCode,System.Double)">
      <summary>Puts the specified instruction and numerical argument onto the Microsoft intermediate language (MSIL) stream of instructions.<para>将指定的指令和数值参数放入microsoft中间语言 （msil） 指令流中.</para></summary>
      <param name="opcode">The MSIL instruction to be put onto the stream. Defined in the <see langword="OpCodes" /> enumeration.<para>要放入流的 msil 指令.在 <see langword="OpCodes" /> 枚举中定义.</para></param>
      <param name="arg">The numerical argument pushed onto the stream immediately after the instruction.<para>数值参数在指令后立即推送到流中.</para></param>
    </member>
    <member name="M:System.Reflection.Emit.ILGenerator.Emit(System.Reflection.Emit.OpCode,System.Int16)">
      <summary>Puts the specified instruction and numerical argument onto the Microsoft intermediate language (MSIL) stream of instructions.<para>将指定的指令和数值参数放入microsoft中间语言 （msil） 指令流中.</para></summary>
      <param name="opcode">The MSIL instruction to be emitted onto the stream.<para>要发送到流中的 msil 指令.</para></param>
      <param name="arg">The <see langword="Int" /> argument pushed onto the stream immediately after the instruction.<para><see langword="Int" /> 参数在指令后立即推送到流中.</para></param>
    </member>
    <member name="M:System.Reflection.Emit.ILGenerator.Emit(System.Reflection.Emit.OpCode,System.Int32)">
      <summary>Puts the specified instruction and numerical argument onto the Microsoft intermediate language (MSIL) stream of instructions.<para>将指定的指令和数值参数放入microsoft中间语言 （msil） 指令流中.</para></summary>
      <param name="opcode">The MSIL instruction to be put onto the stream.<para>要放入流的 msil 指令.</para></param>
      <param name="arg">The numerical argument pushed onto the stream immediately after the instruction.<para>数值参数在指令后立即推送到流中.</para></param>
    </member>
    <member name="M:System.Reflection.Emit.ILGenerator.Emit(System.Reflection.Emit.OpCode,System.Int64)">
      <summary>Puts the specified instruction and numerical argument onto the Microsoft intermediate language (MSIL) stream of instructions.<para>将指定的指令和数值参数放入microsoft中间语言 （msil） 指令流中.</para></summary>
      <param name="opcode">The MSIL instruction to be put onto the stream.<para>要放入流的 msil 指令.</para></param>
      <param name="arg">The numerical argument pushed onto the stream immediately after the instruction.<para>数值参数在指令后立即推送到流中.</para></param>
    </member>
    <member name="M:System.Reflection.Emit.ILGenerator.Emit(System.Reflection.Emit.OpCode,System.Reflection.ConstructorInfo)">
      <summary>Puts the specified instruction and metadata token for the specified constructor onto the Microsoft intermediate language (MSIL) stream of instructions.<para>将指定构造函数的指定指令和元数据标记放入microsoft中间语言 （msil） 指令流中.</para></summary>
      <param name="opcode">The MSIL instruction to be emitted onto the stream.<para>要发送到流中的 msil 指令.</para></param>
      <param name="con">A <see langword="ConstructorInfo" /> representing a constructor.<para>表示构造函数的 <see langword="ConstructorInfo" />.</para></param>
      <exception cref="T:System.ArgumentNullException">
        <paramref name="con" /> is <see langword="null" />. This exception is new in the .NET Framework 4.<para><paramref name="con" /> 是 <see langword="null" />.此异常是 .net framework 4 中的新增功能.</para></exception>
    </member>
    <member name="M:System.Reflection.Emit.ILGenerator.Emit(System.Reflection.Emit.OpCode,System.Reflection.Emit.Label)">
      <summary>Puts the specified instruction onto the Microsoft intermediate language (MSIL) stream and leaves space to include a label when fixes are done.<para>将指定的指令放入microsoft中间语言 （msil） 流,并在修复完成后留出空间以包含标签.</para></summary>
      <param name="opcode">The MSIL instruction to be emitted onto the stream.<para>要发送到流中的 msil 指令.</para></param>
      <param name="label">The label to which to branch from this location.<para>要从此位置分支到的标签.</para></param>
    </member>
    <member name="M:System.Reflection.Emit.ILGenerator.Emit(System.Reflection.Emit.OpCode,System.Reflection.Emit.Label[])">
      <summary>Puts the specified instruction onto the Microsoft intermediate language (MSIL) stream and leaves space to include a label when fixes are done.<para>将指定的指令放入microsoft中间语言 （msil） 流,并在修复完成后留出空间以包含标签.</para></summary>
      <param name="opcode">The MSIL instruction to be emitted onto the stream.<para>要发送到流中的 msil 指令.</para></param>
      <param name="labels">The array of label objects to which to branch from this location. All of the labels will be used.<para>要从此位置分支到的标签对象的数组.将使用所有标签.</para></param>
      <exception cref="T:System.ArgumentNullException">
        <paramref name="con" /> is <see langword="null" />. This exception is new in the .NET Framework 4.<para><paramref name="con" /> 是 <see langword="null" />.此异常是 .net framework 4 中的新增功能.</para></exception>
    </member>
    <member name="M:System.Reflection.Emit.ILGenerator.Emit(System.Reflection.Emit.OpCode,System.Reflection.Emit.LocalBuilder)">
      <summary>Puts the specified instruction onto the Microsoft intermediate language (MSIL) stream followed by the index of the given local variable.<para>将指定的指令放入microsoft中间语言 （msil） 流,后跟给定局部变量的索引.</para></summary>
      <param name="opcode">The MSIL instruction to be emitted onto the stream.<para>要发送到流中的 msil 指令.</para></param>
      <param name="local">A local variable.<para>一个局部变量.</para></param>
      <exception cref="T:System.ArgumentException">The parent method of the <paramref name="local" /> parameter does not match the method associated with this <see cref="T:System.Reflection.Emit.ILGenerator" />.<para><paramref name="local" /> 参数的父方法与此 <see cref="T:System.Reflection.Emit.ILGenerator" /> 关联的方法不匹配.</para></exception>
      <exception cref="T:System.ArgumentNullException">
        <paramref name="local" /> is <see langword="null" />.<para><paramref name="local" /> 是 <see langword="null" />.</para></exception>
      <exception cref="T:System.InvalidOperationException">
        <paramref name="opcode" /> is a single-byte instruction, and <paramref name="local" /> represents a local variable with an index greater than <see langword="Byte.MaxValue" />.<para><paramref name="opcode" /> 是单字节指令,<paramref name="local" /> 表示索引大于 <see langword="Byte.MaxValue" /> 的局部变量.</para></exception>
    </member>
    <member name="M:System.Reflection.Emit.ILGenerator.Emit(System.Reflection.Emit.OpCode,System.Reflection.Emit.SignatureHelper)">
      <summary>Puts the specified instruction and a signature token onto the Microsoft intermediate language (MSIL) stream of instructions.<para>将指定的指令和签名令牌放入microsoft中间语言 （msil） 指令流中.</para></summary>
      <param name="opcode">The MSIL instruction to be emitted onto the stream.<para>要发送到流中的 msil 指令.</para></param>
      <param name="signature">A helper for constructing a signature token.<para>用于构造签名令牌的帮助程序.</para></param>
      <exception cref="T:System.ArgumentNullException">
        <paramref name="signature" /> is <see langword="null" />.<para><paramref name="signature" /> 是 <see langword="null" />.</para></exception>
    </member>
    <member name="M:System.Reflection.Emit.ILGenerator.Emit(System.Reflection.Emit.OpCode,System.Reflection.FieldInfo)">
      <summary>Puts the specified instruction and metadata token for the specified field onto the Microsoft intermediate language (MSIL) stream of instructions.<para>将指定字段的指定指令和元数据标记放入microsoft中间语言 （msil） 指令流.</para></summary>
      <param name="opcode">The MSIL instruction to be emitted onto the stream.<para>要发送到流中的 msil 指令.</para></param>
      <param name="field">A <see langword="FieldInfo" /> representing a field.<para>表示字段的 <see langword="FieldInfo" />.</para></param>
    </member>
    <member name="M:System.Reflection.Emit.ILGenerator.Emit(System.Reflection.Emit.OpCode,System.Reflection.MethodInfo)">
      <summary>Puts the specified instruction onto the Microsoft intermediate language (MSIL) stream followed by the metadata token for the given method.<para>将指定的指令放入microsoft中间语言 （msil） 流,后跟给定方法的元数据标记.</para></summary>
      <param name="opcode">The MSIL instruction to be emitted onto the stream.<para>要发送到流中的 msil 指令.</para></param>
      <param name="meth">A <see langword="MethodInfo" /> representing a method.<para>表示方法的 <see langword="MethodInfo" />.</para></param>
      <exception cref="T:System.ArgumentNullException">
        <paramref name="meth" /> is <see langword="null" />.<para><paramref name="meth" /> 是 <see langword="null" />.</para></exception>
      <exception cref="T:System.NotSupportedException">
        <paramref name="meth" /> is a generic method for which the <see cref="P:System.Reflection.MethodBase.IsGenericMethodDefinition" /> property is <see langword="false" />.<para><paramref name="meth" /> 是 <see cref="P:System.Reflection.MethodBase.IsGenericMethodDefinition" /> 属性为 <see langword="false" /> 的泛型方法.</para></exception>
    </member>
    <member name="M:System.Reflection.Emit.ILGenerator.Emit(System.Reflection.Emit.OpCode,System.SByte)">
      <summary>Puts the specified instruction and character argument onto the Microsoft intermediate language (MSIL) stream of instructions.<para>将指定的指令和字符参数放入microsoft中间语言 （msil） 指令流.</para></summary>
      <param name="opcode">The MSIL instruction to be put onto the stream.<para>要放入流的 msil 指令.</para></param>
      <param name="arg">The character argument pushed onto the stream immediately after the instruction.<para>字符参数在指令之后立即推送到流中.</para></param>
    </member>
    <member name="M:System.Reflection.Emit.ILGenerator.Emit(System.Reflection.Emit.OpCode,System.Single)">
      <summary>Puts the specified instruction and numerical argument onto the Microsoft intermediate language (MSIL) stream of instructions.<para>将指定的指令和数值参数放入microsoft中间语言 （msil） 指令流中.</para></summary>
      <param name="opcode">The MSIL instruction to be put onto the stream.<para>要放入流的 msil 指令.</para></param>
      <param name="arg">The <see cref="T:System.Single" /> argument pushed onto the stream immediately after the instruction.<para><see cref="T:System.Single" /> 参数在指令后立即推送到流中.</para></param>
    </member>
    <member name="M:System.Reflection.Emit.ILGenerator.Emit(System.Reflection.Emit.OpCode,System.String)">
      <summary>Puts the specified instruction onto the Microsoft intermediate language (MSIL) stream followed by the metadata token for the given string.<para>将指定的指令放入microsoft中间语言 （msil） 流,后跟给定字符串的元数据标记.</para></summary>
      <param name="opcode">The MSIL instruction to be emitted onto the stream.<para>要发送到流中的 msil 指令.</para></param>
      <param name="str">The <see langword="String" /> to be emitted.<para>要发出的 <see langword="String" />.</para></param>
    </member>
    <member name="M:System.Reflection.Emit.ILGenerator.Emit(System.Reflection.Emit.OpCode,System.Type)">
      <summary>Puts the specified instruction onto the Microsoft intermediate language (MSIL) stream followed by the metadata token for the given type.<para>将指定的指令放入microsoft中间语言 （msil） 流,后跟给定类型的元数据标记.</para></summary>
      <param name="opcode">The MSIL instruction to be put onto the stream.<para>要放入流的 msil 指令.</para></param>
      <param name="cls">A <see langword="Type" />.<para>a <see langword="Type" />.</para></param>
      <exception cref="T:System.ArgumentNullException">
        <paramref name="cls" /> is <see langword="null" />.<para><paramref name="cls" /> 是 <see langword="null" />.</para></exception>
    </member>
    <member name="M:System.Reflection.Emit.ILGenerator.EmitCall(System.Reflection.Emit.OpCode,System.Reflection.MethodInfo,System.Type[])">
      <summary>Puts a <see langword="call" /> or <see langword="callvirt" /> instruction onto the Microsoft intermediate language (MSIL) stream to call a <see langword="varargs" /> method.<para>将 <see langword="call" /> 或 <see langword="callvirt" /> 指令放入microsoft中间语言 （msil） 流以调用 <see langword="varargs" /> 方法.</para></summary>
      <param name="opcode">The MSIL instruction to be emitted onto the stream. Must be <see cref="F:System.Reflection.Emit.OpCodes.Call" />, <see cref="F:System.Reflection.Emit.OpCodes.Callvirt" />, or <see cref="F:System.Reflection.Emit.OpCodes.Newobj" />.<para>要发送到流中的 msil 指令.必须是 <see cref="F:System.Reflection.Emit.OpCodes.Call" />、<see cref="F:System.Reflection.Emit.OpCodes.Callvirt" /> 或 <see cref="F:System.Reflection.Emit.OpCodes.Newobj" />.</para></param>
      <param name="methodInfo">The <see langword="varargs" /> method to be called.<para>要调用的 <see langword="varargs" /> 方法.</para></param>
      <param name="optionalParameterTypes">The types of the optional arguments if the method is a <see langword="varargs" /> method; otherwise, <see langword="null" />.<para>可选参数的类型（如果方法是 <see langword="varargs" /> 方法）;否则,<see langword="null" />.</para></param>
      <exception cref="T:System.ArgumentException">
        <paramref name="opcode" /> does not specify a method call.<para><paramref name="opcode" /> 不指定方法调用.</para></exception>
      <exception cref="T:System.ArgumentNullException">
        <paramref name="methodInfo" /> is <see langword="null" />.<para><paramref name="methodInfo" /> 是 <see langword="null" />.</para></exception>
      <exception cref="T:System.InvalidOperationException">The calling convention for the method is not <see langword="varargs" />, but optional parameter types are supplied. This exception is thrown in the .NET Framework versions 1.0 and 1.1, In subsequent versions, no exception is thrown.<para>该方法的调用约定不是 <see langword="varargs" />,但提供了可选参数类型.此异常在 .net framework 版本 1.0 和 1.1 中引发,在后续版本中,不会引发异常.</para></exception>
    </member>
    <member name="M:System.Reflection.Emit.ILGenerator.EmitCalli(System.Reflection.Emit.OpCode,System.Reflection.CallingConventions,System.Type,System.Type[],System.Type[])">
      <summary>Puts a <see cref="F:System.Reflection.Emit.OpCodes.Calli" /> instruction onto the Microsoft intermediate language (MSIL) stream, specifying a managed calling convention for the indirect call.<para>将 <see cref="F:System.Reflection.Emit.OpCodes.Calli" /> 指令放入microsoft中间语言 （msil） 流,为间接调用指定托管调用约定.</para></summary>
      <param name="opcode">The MSIL instruction to be emitted onto the stream. Must be <see cref="F:System.Reflection.Emit.OpCodes.Calli" />.<para>要发送到流中的 msil 指令.必须为 <see cref="F:System.Reflection.Emit.OpCodes.Calli" />.</para></param>
      <param name="callingConvention">The managed calling convention to be used.<para>要使用的托管调用约定.</para></param>
      <param name="returnType">The <see cref="T:System.Type" /> of the result.<para>结果的 <see cref="T:System.Type" />.</para></param>
      <param name="parameterTypes">The types of the required arguments to the instruction.<para>指令所需参数的类型.</para></param>
      <param name="optionalParameterTypes">The types of the optional arguments for <see langword="varargs" /> calls.<para><see langword="varargs" /> 调用的可选参数的类型.</para></param>
      <exception cref="T:System.InvalidOperationException">
        <paramref name="optionalParameterTypes" /> is not <see langword="null" />, but <paramref name="callingConvention" /> does not include the <see cref="F:System.Reflection.CallingConventions.VarArgs" /> flag.<para><paramref name="optionalParameterTypes" /> 不是 <see langword="null" />,但 <paramref name="callingConvention" /> 不包括 <see cref="f:system.reflection.callingtconvention.varargs" /> 旗.</para></exception>
    </member>
    <member name="M:System.Reflection.Emit.ILGenerator.EmitCalli(System.Reflection.Emit.OpCode,System.Runtime.InteropServices.CallingConvention,System.Type,System.Type[])">
      <summary>Puts a <see cref="F:System.Reflection.Emit.OpCodes.Calli" /> instruction onto the Microsoft intermediate language (MSIL) stream, specifying an unmanaged calling convention for the indirect call.<para>将 <see cref="F:System.Reflection.Emit.OpCodes.Calli" /> 指令放入microsoft中间语言 （msil） 流,为间接调用指定非托管调用约定.</para></summary>
      <param name="opcode">The MSIL instruction to be emitted onto the stream. Must be <see cref="F:System.Reflection.Emit.OpCodes.Calli" />.<para>要发送到流中的 msil 指令.必须为 <see cref="F:System.Reflection.Emit.OpCodes.Calli" />.</para></param>
      <param name="unmanagedCallConv">The unmanaged calling convention to be used.<para>要使用的非托管调用约定.</para></param>
      <param name="returnType">The <see cref="T:System.Type" /> of the result.<para>结果的 <see cref="T:System.Type" />.</para></param>
      <param name="parameterTypes">The types of the required arguments to the instruction.<para>指令所需参数的类型.</para></param>
    </member>
    <member name="M:System.Reflection.Emit.ILGenerator.EmitWriteLine(System.Reflection.Emit.LocalBuilder)">
      <summary>Emits the Microsoft intermediate language (MSIL) necessary to call <see cref="Overload:System.Console.WriteLine" /> with the given local variable.<para>发出使用给定局部变量调用 <see cref="Overload:System.Console.WriteLine" /> 所需的microsoft中间语言 （msil）.</para></summary>
      <param name="localBuilder">The local variable whose value is to be written to the console.<para>要将其值写入控制台的局部变量.</para></param>
      <exception cref="T:System.ArgumentException">The type of <paramref name="localBuilder" /> is <see cref="T:System.Reflection.Emit.TypeBuilder" /> or <see cref="T:System.Reflection.Emit.EnumBuilder" />, which are not supported.  
  
 -or-  
  
 There is no overload of <see cref="Overload:System.Console.WriteLine" /> that accepts the type of <paramref name="localBuilder" />.<para><paramref name="localBuilder" /> 的类型为 <see cref="T:System.Reflection.Emit.TypeBuilder" /> 或 <see cref="T:System.Reflection.Emit.EnumBuilder" />,不受支持. -或- 没有接受 <paramref name="localBuilder" /> 类型的 <see cref="Overload:System.Console.WriteLine" /> 重载.</para></exception>
      <exception cref="T:System.ArgumentNullException">
        <paramref name="localBuilder" /> is <see langword="null" />.<para><paramref name="localBuilder" /> 是 <see langword="null" />.</para></exception>
    </member>
    <member name="M:System.Reflection.Emit.ILGenerator.EmitWriteLine(System.Reflection.FieldInfo)">
      <summary>Emits the Microsoft intermediate language (MSIL) necessary to call <see cref="Overload:System.Console.WriteLine" /> with the given field.<para>发出使用给定字段调用 <see cref="Overload:System.Console.WriteLine" /> 所需的microsoft中间语言 （msil）.</para></summary>
      <param name="fld">The field whose value is to be written to the console.<para>其值要写入控制台的字段.</para></param>
      <exception cref="T:System.ArgumentException">There is no overload of the <see cref="Overload:System.Console.WriteLine" /> method that accepts the type of the specified field.<para>没有接受指定字段类型的 <see cref="Overload:System.Console.WriteLine" /> 方法的重载.</para></exception>
      <exception cref="T:System.ArgumentNullException">
        <paramref name="fld" /> is <see langword="null" />.<para><paramref name="fld" /> 是 <see langword="null" />.</para></exception>
      <exception cref="T:System.NotSupportedException">The type of the field is <see cref="T:System.Reflection.Emit.TypeBuilder" /> or <see cref="T:System.Reflection.Emit.EnumBuilder" />, which are not supported.<para>字段的类型为 <see cref="T:System.Reflection.Emit.TypeBuilder" /> 或 <see cref="T:System.Reflection.Emit.EnumBuilder" />,不支持.</para></exception>
    </member>
    <member name="M:System.Reflection.Emit.ILGenerator.EmitWriteLine(System.String)">
      <summary>Emits the Microsoft intermediate language (MSIL) to call <see cref="Overload:System.Console.WriteLine" /> with a string.<para>发出microsoft中间语言 （msil） 以使用字符串调用 <see cref="Overload:System.Console.WriteLine" />.</para></summary>
      <param name="value">The string to be printed.<para>要打印的字符串.</para></param>
    </member>
    <member name="M:System.Reflection.Emit.ILGenerator.EndExceptionBlock">
      <summary>Ends an exception block.<para>结束异常块.</para></summary>
      <exception cref="T:System.InvalidOperationException">The end exception block occurs in an unexpected place in the code stream.<para>结束异常块出现在代码流中的意外位置.</para></exception>
      <exception cref="T:System.NotSupportedException">The Microsoft intermediate language (MSIL) being generated is not currently in an exception block.<para>正在生成的microsoft中间语言 （msil） 当前不在异常块中.</para></exception>
    </member>
    <member name="M:System.Reflection.Emit.ILGenerator.EndScope">
      <summary>Ends a lexical scope.<para>结束词法范围.</para></summary>
      <exception cref="T:System.NotSupportedException">This <see cref="T:System.Reflection.Emit.ILGenerator" /> belongs to a <see cref="T:System.Reflection.Emit.DynamicMethod" />.<para>此 <see cref="T:System.Reflection.Emit.ILGenerator" /> 属于 <see cref="T:System.Reflection.Emit.DynamicMethod" />.</para></exception>
    </member>
    <member name="M:System.Reflection.Emit.ILGenerator.MarkLabel(System.Reflection.Emit.Label)">
      <summary>Marks the Microsoft intermediate language (MSIL) stream's current position with the given label.<para>使用给定标签标记microsoft中间语言 （msil） 流的当前位置.</para></summary>
      <param name="loc">The label for which to set an index.<para>要为其设置索引的标签.</para></param>
      <exception cref="T:System.ArgumentException">
        <paramref name="loc" /> represents an invalid index into the label array.  
  
 -or-  
  
 An index for <paramref name="loc" /> has already been defined.<para><paramref name="loc" /> 表示标签数组中的无效索引. -或- 已定义 <paramref name="loc" /> 的索引.</para></exception>
    </member>
    <member name="M:System.Reflection.Emit.ILGenerator.ThrowException(System.Type)">
      <summary>Emits an instruction to throw an exception.<para>发出引发异常的指令.</para></summary>
      <param name="excType">The class of the type of exception to throw.<para>要引发的异常类型的类.</para></param>
      <exception cref="T:System.ArgumentException">
        <paramref name="excType" /> is not the <see cref="T:System.Exception" /> class or a derived class of <see cref="T:System.Exception" />.  
  
 -or-  
  
 The type does not have a parameterless constructor.<para><paramref name="excType" /> 不是 <see cref="T:System.Exception" /> 类或 <see cref="T:System.Exception" /> 的派生类. -或- 该类型没有无参数构造函数.</para></exception>
      <exception cref="T:System.ArgumentNullException">
        <paramref name="excType" /> is <see langword="null" />.<para><paramref name="excType" /> 是 <see langword="null" />.</para></exception>
    </member>
    <member name="M:System.Reflection.Emit.ILGenerator.UsingNamespace(System.String)">
      <summary>Specifies the namespace to be used in evaluating locals and watches for the current active lexical scope.<para>指定用于计算当前活动词法范围的局部变量和监视的命名空间.</para></summary>
      <param name="usingNamespace">The namespace to be used in evaluating locals and watches for the current active lexical scope.<para>要用于计算当前活动词法范围的局部变量和监视的命名空间.</para></param>
      <exception cref="T:System.ArgumentException">Length of <paramref name="usingNamespace" /> is zero.<para><paramref name="usingNamespace" /> 的长度为零.</para></exception>
      <exception cref="T:System.ArgumentNullException">
        <paramref name="usingNamespace" /> is <see langword="null" />.<para><paramref name="usingNamespace" /> 是 <see langword="null" />.</para></exception>
      <exception cref="T:System.NotSupportedException">This <see cref="T:System.Reflection.Emit.ILGenerator" /> belongs to a <see cref="T:System.Reflection.Emit.DynamicMethod" />.<para>此 <see cref="T:System.Reflection.Emit.ILGenerator" /> 属于 <see cref="T:System.Reflection.Emit.DynamicMethod" />.</para></exception>
    </member>
    <member name="P:System.Reflection.Emit.ILGenerator.ILOffset">
      <summary>Gets the current offset, in bytes, in the Microsoft intermediate language (MSIL) stream that is being emitted by the <see cref="T:System.Reflection.Emit.ILGenerator" />.<para>获取 <see cref="T:System.Reflection.Emit.ILGenerator" /> 发出的microsoft中间语言 （msil） 流中的当前偏移量（以字节为单位）.</para></summary>
      <returns>The offset in the MSIL stream at which the next instruction will be emitted.<para>msil 流中将发出下一条指令的偏移量.</para></returns>
    </member>
    <member name="T:System.Reflection.Emit.Label">
      <summary>Represents a label in the instruction stream. <see langword="Label" /> is used in conjunction with the <see cref="T:System.Reflection.Emit.ILGenerator" /> class.<para>表示指令流中的标签.<see langword="Label" /> 与 <see cref="T:System.Reflection.Emit.ILGenerator" /> 类结合使用.</para></summary>
    </member>
    <member name="M:System.Reflection.Emit.Label.Equals(System.Object)">
      <summary>Checks if the given object is an instance of <see langword="Label" /> and is equal to this instance.<para>检查给定对象是否为 <see langword="Label" /> 的实例并且是否等于此实例.</para></summary>
      <param name="obj">The object to compare with this <see langword="Label" /> instance.<para>要与此 <see langword="Label" /> 实例进行比较的对象.</para></param>
      <returns>
        <see langword="true" /> if <paramref name="obj" /> is an instance of <see langword="Label" /> and is equal to this object; otherwise, <see langword="false" />.<para><see langword="true" /> 如果 <paramref name="obj" /> 是 <see langword="Label" /> 的实例并且等于此对象;否则,<see langword="false" />.</para></returns>
    </member>
    <member name="M:System.Reflection.Emit.Label.Equals(System.Reflection.Emit.Label)">
      <summary>Indicates whether the current instance is equal to the specified <see cref="T:System.Reflection.Emit.Label" />.<para>指示当前实例是否等于指定的 <see cref="T:System.Reflection.Emit.Label" />.</para></summary>
      <param name="obj">The <see cref="T:System.Reflection.Emit.Label" /> to compare to the current instance.<para>要与当前实例进行比较的 <see cref="T:System.Reflection.Emit.Label" />.</para></param>
      <returns>
        <see langword="true" /> if the value of <paramref name="obj" /> is equal to the value of the current instance; otherwise, <see langword="false" />.<para><see langword="true" /> 如果 <paramref name="obj" /> 的值等于当前实例的值;否则,<see langword="false" />.</para></returns>
    </member>
    <member name="M:System.Reflection.Emit.Label.GetHashCode">
      <summary>Generates a hash code for this instance.<para>为此实例生成哈希代码.</para></summary>
      <returns>A hash code for this instance.<para>此实例的哈希代码.</para></returns>
    </member>
    <member name="M:System.Reflection.Emit.Label.op_Equality(System.Reflection.Emit.Label,System.Reflection.Emit.Label)">
      <summary>Indicates whether two <see cref="T:System.Reflection.Emit.Label" /> structures are equal.<para>指示两个 <see cref="T:System.Reflection.Emit.Label" /> 结构是否相等.</para></summary>
      <param name="a">The <see cref="T:System.Reflection.Emit.Label" /> to compare to <paramref name="b" />.<para>要与 <paramref name="b" /> 进行比较的 <see cref="T:System.Reflection.Emit.Label" />.</para></param>
      <param name="b">The <see cref="T:System.Reflection.Emit.Label" /> to compare to <paramref name="a" />.<para><see cref="T:System.Reflection.Emit.Label" /> 与 <paramref name="a" /> 进行比较.</para></param>
      <returns>
        <see langword="true" /> if <paramref name="a" /> is equal to <paramref name="b" />; otherwise, <see langword="false" />.<para><see langword="true" /> 如果 <paramref name="a" /> 等于 <paramref name="b" />;否则,<see langword="false" />.</para></returns>
    </member>
    <member name="M:System.Reflection.Emit.Label.op_Inequality(System.Reflection.Emit.Label,System.Reflection.Emit.Label)">
      <summary>Indicates whether two <see cref="T:System.Reflection.Emit.Label" /> structures are not equal.<para>指示两个 <see cref="T:System.Reflection.Emit.Label" /> 结构是否不相等.</para></summary>
      <param name="a">The <see cref="T:System.Reflection.Emit.Label" /> to compare to <paramref name="b" />.<para>要与 <paramref name="b" /> 进行比较的 <see cref="T:System.Reflection.Emit.Label" />.</para></param>
      <param name="b">The <see cref="T:System.Reflection.Emit.Label" /> to compare to <paramref name="a" />.<para><see cref="T:System.Reflection.Emit.Label" /> 与 <paramref name="a" /> 进行比较.</para></param>
      <returns>
        <see langword="true" /> if <paramref name="a" /> is not equal to <paramref name="b" />; otherwise, <see langword="false" />.<para><see langword="true" /> 如果 <paramref name="a" /> 不等于 <paramref name="b" />;否则,<see langword="false" />.</para></returns>
    </member>
    <member name="T:System.Reflection.Emit.LocalBuilder">
      <summary>Represents a local variable within a method or constructor.<para>表示方法或构造函数中的局部变量.</para></summary>
    </member>
    <member name="P:System.Reflection.Emit.LocalBuilder.IsPinned">
      <summary>Gets a value indicating whether the object referred to by the local variable is pinned in memory.<para>获取一个值,该值指示局部变量引用的对象是否固定在内存中.</para></summary>
      <returns>
        <see langword="true" /> if the object referred to by the local variable is pinned in memory; otherwise, <see langword="false" />.<para><see langword="true" /> 如果局部变量引用的对象固定在内存中;否则,<see langword="false" />.</para></returns>
    </member>
    <member name="P:System.Reflection.Emit.LocalBuilder.LocalIndex">
      <summary>Gets the zero-based index of the local variable within the method body.<para>获取方法主体中局部变量的从零开始的索引.</para></summary>
      <returns>An integer value that represents the order of declaration of the local variable within the method body.<para>一个整数值,表示方法主体中局部变量的声明顺序.</para></returns>
    </member>
    <member name="P:System.Reflection.Emit.LocalBuilder.LocalType">
      <summary>Gets the type of the local variable.<para>获取局部变量的类型.</para></summary>
      <returns>The <see cref="T:System.Type" /> of the local variable.<para>局部变量的 <see cref="T:System.Type" />.</para></returns>
    </member>
    <member name="T:System.Reflection.Emit.ParameterBuilder">
      <summary>Creates or associates parameter information.<para>创建或关联参数信息.</para></summary>
    </member>
    <member name="M:System.Reflection.Emit.ParameterBuilder.SetConstant(System.Object)">
      <summary>Sets the default value of the parameter.<para>设置参数的默认值.</para></summary>
      <param name="defaultValue">The default value of this parameter.<para>此参数的默认值.</para></param>
      <exception cref="T:System.ArgumentException">The parameter is not one of the supported types.  
  
 -or-  
  
 The type of <paramref name="defaultValue" /> does not match the type of the parameter.  
  
 -or-  
  
 The parameter is of type <see cref="T:System.Object" /> or other reference type, <paramref name="defaultValue" /> is not <see langword="null" />, and the value cannot be assigned to the reference type.<para>该参数不是受支持的类型之一. -或- <paramref name="defaultValue" /> 的类型与参数的类型不匹配. -或- 参数的类型为 <see cref="T:System.Object" /> 或其他引用类型,<paramref name="defaultValue" /> 不是 <see langword="null" />,并且不能将值分配给引用类型.</para></exception>
    </member>
    <member name="M:System.Reflection.Emit.ParameterBuilder.SetCustomAttribute(System.Reflection.ConstructorInfo,System.Byte[])">
      <summary>Set a custom attribute using a specified custom attribute blob.<para>使用指定的自定义属性 blob 设置自定义属性.</para></summary>
      <param name="con">The constructor for the custom attribute.<para>自定义属性的构造函数.</para></param>
      <param name="binaryAttribute">A byte blob representing the attributes.<para>表示属性的字节 blob.</para></param>
      <exception cref="T:System.ArgumentNullException">
        <paramref name="con" /> or <paramref name="binaryAttribute" /> is <see langword="null" />.<para><paramref name="con" /> 或 $<paramref name="binaryattribute" /> 是 <see langword="null" />.</para></exception>
    </member>
    <member name="M:System.Reflection.Emit.ParameterBuilder.SetCustomAttribute(System.Reflection.Emit.CustomAttributeBuilder)">
      <summary>Set a custom attribute using a custom attribute builder.<para>使用自定义属性生成器设置自定义属性.</para></summary>
      <param name="customBuilder">An instance of a helper class to define the custom attribute.<para>用于定义自定义属性的帮助程序类的实例.</para></param>
      <exception cref="T:System.ArgumentNullException">
        <paramref name="con" /> is <see langword="null" />.<para><paramref name="con" /> 是 <see langword="null" />.</para></exception>
    </member>
    <member name="P:System.Reflection.Emit.ParameterBuilder.Attributes">
      <summary>Retrieves the attributes for this parameter.<para>检索此参数的属性.</para></summary>
      <returns>Read-only. Retrieves the attributes for this parameter.<para>只读.检索此参数的属性.</para></returns>
    </member>
    <member name="P:System.Reflection.Emit.ParameterBuilder.IsIn">
      <summary>Retrieves whether this is an input parameter.<para>检索这是否为输入参数.</para></summary>
      <returns>Read-only. Retrieves whether this is an input parameter.<para>只读.检索这是否为输入参数.</para></returns>
    </member>
    <member name="P:System.Reflection.Emit.ParameterBuilder.IsOptional">
      <summary>Retrieves whether this parameter is optional.<para>检索此参数是否可选.</para></summary>
      <returns>Read-only. Specifies whether this parameter is optional.<para>只读.指定此参数是否可选.</para></returns>
    </member>
    <member name="P:System.Reflection.Emit.ParameterBuilder.IsOut">
      <summary>Retrieves whether this parameter is an output parameter.<para>检索此参数是否为输出参数.</para></summary>
      <returns>Read-only. Retrieves whether this parameter is an output parameter.<para>只读.检索此参数是否为输出参数.</para></returns>
    </member>
    <member name="P:System.Reflection.Emit.ParameterBuilder.Name">
      <summary>Retrieves the name of this parameter.<para>检索此参数的名称.</para></summary>
      <returns>Read-only. Retrieves the name of this parameter.<para>只读.检索此参数的名称.</para></returns>
    </member>
    <member name="P:System.Reflection.Emit.ParameterBuilder.Position">
      <summary>Retrieves the signature position for this parameter.<para>检索此参数的签名位置.</para></summary>
      <returns>Read-only. Retrieves the signature position for this parameter.<para>只读.检索此参数的签名位置.</para></returns>
    </member>
    <member name="T:System.Reflection.Emit.SignatureHelper">
      <summary>Provides methods for building signatures.<para>提供用于生成签名的方法.</para></summary>
    </member>
    <member name="M:System.Reflection.Emit.SignatureHelper.AddArgument(System.Type)">
      <summary>Adds an argument to the signature.<para>向签名添加参数.</para></summary>
      <param name="clsArgument">The type of the argument.<para>参数的类型.</para></param>
      <exception cref="T:System.ArgumentException">The signature has already been finished.<para>签名已经完成.</para></exception>
      <exception cref="T:System.ArgumentNullException">
        <paramref name="clsArgument" /> is <see langword="null" />.<para>$<paramref name="clsargument" /> 是 <see langword="null" />.</para></exception>
    </member>
    <member name="M:System.Reflection.Emit.SignatureHelper.AddArgument(System.Type,System.Boolean)">
      <summary>Adds an argument of the specified type to the signature, specifying whether the argument is pinned.<para>将指定类型的参数添加到签名中,指定是否固定该参数.</para></summary>
      <param name="argument">The argument type.<para>参数类型.</para></param>
      <param name="pinned">
        <see langword="true" /> if the argument is pinned; otherwise, <see langword="false" />.<para><see langword="true" /> 如果参数已固定;否则,<see langword="false" />.</para></param>
      <exception cref="T:System.ArgumentNullException">
        <paramref name="argument" /> is <see langword="null" />.<para><paramref name="argument" /> 是 <see langword="null" />.</para></exception>
    </member>
    <member name="M:System.Reflection.Emit.SignatureHelper.AddArgument(System.Type,System.Type[],System.Type[])">
      <summary>Adds an argument to the signature, with the specified custom modifiers.<para>使用指定的自定义修饰符向签名添加一个参数.</para></summary>
      <param name="argument">The argument type.<para>参数类型.</para></param>
      <param name="requiredCustomModifiers">An array of types representing the required custom modifiers for the argument, such as <see cref="T:System.Runtime.CompilerServices.IsConst" /> or <see cref="T:System.Runtime.CompilerServices.IsBoxed" />. If the argument has no required custom modifiers, specify <see langword="null" />.<para>表示参数所需的自定义修饰符的类型数组,例如 <see cref="T:System.Runtime.CompilerServices.IsConst" /> 或 <see cref="T:System.Runtime.CompilerServices.IsBoxed" />.如果参数没有必需的自定义修饰符,请指定 <see langword="null" />.</para></param>
      <param name="optionalCustomModifiers">An array of types representing the optional custom modifiers for the argument, such as <see cref="T:System.Runtime.CompilerServices.IsConst" /> or <see cref="T:System.Runtime.CompilerServices.IsBoxed" />. If the argument has no optional custom modifiers, specify <see langword="null" />.<para>表示参数的可选自定义修饰符的类型数组,例如 <see cref="T:System.Runtime.CompilerServices.IsConst" /> 或 <see cref="T:System.Runtime.CompilerServices.IsBoxed" />.如果参数没有可选的自定义修饰符,请指定 <see langword="null" />.</para></param>
      <exception cref="T:System.ArgumentNullException">
        <paramref name="argument" /> is <see langword="null" />.  
  
 -or-  
  
 An element of <paramref name="requiredCustomModifiers" /> or <paramref name="optionalCustomModifiers" /> is <see langword="null" />.<para><paramref name="argument" /> 是 <see langword="null" />. -或- <paramref name="requiredCustomModifiers" /> 或 <paramref name="optionalCustomModifiers" /> 的元素是 <see langword="null" />.</para></exception>
      <exception cref="T:System.ArgumentException">The signature has already been finished.  
  
 -or-  
  
 One of the specified custom modifiers is an array type.  
  
 -or-  
  
 One of the specified custom modifiers is an open generic type. That is, the <see cref="P:System.Type.ContainsGenericParameters" /> property is <see langword="true" /> for the custom modifier.<para>签名已经完成. -或- 指定的自定义修饰符之一是数组类型. -或- 指定的自定义修饰符之一是开放泛型类型.也就是说,自定义修饰符的 <see cref="P:System.Type.ContainsGenericParameters" /> 属性为 <see langword="true" />.</para></exception>
    </member>
    <member name="M:System.Reflection.Emit.SignatureHelper.AddArguments(System.Type[],System.Type[][],System.Type[][])">
      <summary>Adds a set of arguments to the signature, with the specified custom modifiers.<para>使用指定的自定义修饰符向签名添加一组参数.</para></summary>
      <param name="arguments">The types of the arguments to be added.<para>要添加的参数的类型.</para></param>
      <param name="requiredCustomModifiers">An array of arrays of types. Each array of types represents the required custom modifiers for the corresponding argument, such as <see cref="T:System.Runtime.CompilerServices.IsConst" /> or <see cref="T:System.Runtime.CompilerServices.IsBoxed" />. If a particular argument has no required custom modifiers, specify <see langword="null" /> instead of an array of types. If none of the arguments have required custom modifiers, specify <see langword="null" /> instead of an array of arrays.<para>类型数组.每个类型数组表示相应参数所需的自定义修饰符,例如 <see cref="T:System.Runtime.CompilerServices.IsConst" /> 或 <see cref="T:System.Runtime.CompilerServices.IsBoxed" />.如果特定参数没有必需的自定义修饰符,请指定 <see langword="null" /> 而不是类型数组.如果没有任何参数需要自定义修饰符,请指定 <see langword="null" /> 而不是数组数组.</para></param>
      <param name="optionalCustomModifiers">An array of arrays of types. Each array of types represents the optional custom modifiers for the corresponding argument, such as <see cref="T:System.Runtime.CompilerServices.IsConst" /> or <see cref="T:System.Runtime.CompilerServices.IsBoxed" />. If a particular argument has no optional custom modifiers, specify <see langword="null" /> instead of an array of types. If none of the arguments have optional custom modifiers, specify <see langword="null" /> instead of an array of arrays.<para>类型数组.每个类型数组表示相应参数的可选自定义修饰符,例如 <see cref="T:System.Runtime.CompilerServices.IsConst" /> 或 <see cref="T:System.Runtime.CompilerServices.IsBoxed" />.如果特定参数没有可选的自定义修饰符,请指定 <see langword="null" /> 而不是类型数组.如果没有任何参数具有可选的自定义修饰符,请指定 <see langword="null" /> 而不是数组数组.</para></param>
      <exception cref="T:System.ArgumentNullException">An element of <paramref name="arguments" /> is <see langword="null" />.  
  
 -or-  
  
 One of the specified custom modifiers is <see langword="null" />. (However, <see langword="null" /> can be specified for the array of custom modifiers for any argument.)<para><paramref name="arguments" /> 的元素是 <see langword="null" />. -或- 指定的自定义修饰符之一是 <see langword="null" />.（但是,可以为任何参数的自定义修饰符数组指定 <see langword="null" />.</para></exception>
      <exception cref="T:System.ArgumentException">The signature has already been finished.  
  
 -or-  
  
 One of the specified custom modifiers is an array type.  
  
 -or-  
  
 One of the specified custom modifiers is an open generic type. That is, the <see cref="P:System.Type.ContainsGenericParameters" /> property is <see langword="true" /> for the custom modifier.  
  
 -or-  
  
 The size of <paramref name="requiredCustomModifiers" /> or <paramref name="optionalCustomModifiers" /> does not equal the size of <paramref name="arguments" />.<para>签名已经完成. -或- 指定的自定义修饰符之一是数组类型. -或- 指定的自定义修饰符之一是开放泛型类型.也就是说,自定义修饰符的 <see cref="P:System.Type.ContainsGenericParameters" /> 属性为 <see langword="true" />. -或- <paramref name="requiredCustomModifiers" /> 或 <paramref name="optionalCustomModifiers" /> 的大小不等于 <paramref name="arguments" /> 的大小.</para></exception>
    </member>
    <member name="M:System.Reflection.Emit.SignatureHelper.AddSentinel">
      <summary>Marks the end of a vararg fixed part. This is only used if the caller is creating a vararg signature call site.<para>标记 vararg 固定零件的结束.仅当调用方正在创建 vararg 签名调用站点时,才使用此选项.</para></summary>
    </member>
    <member name="M:System.Reflection.Emit.SignatureHelper.Equals(System.Object)">
      <summary>Checks if this instance is equal to the given object.<para>检查此实例是否等于给定对象.</para></summary>
      <param name="obj">The object with which this instance should be compared.<para>应与此实例进行比较的对象.</para></param>
      <returns>
        <see langword="true" /> if the given object is a <see langword="SignatureHelper" /> and represents the same signature; otherwise, <see langword="false" />.<para><see langword="true" /> 如果给定对象是 <see langword="SignatureHelper" /> 并且表示相同的签名;否则,<see langword="false" />.</para></returns>
    </member>
    <member name="M:System.Reflection.Emit.SignatureHelper.GetFieldSigHelper(System.Reflection.Module)">
      <summary>Returns a signature helper for a field.<para>返回字段的签名帮助程序.</para></summary>
      <param name="mod">The dynamic module that contains the field for which the <see langword="SignatureHelper" /> is requested.<para>包含请求 <see langword="SignatureHelper" /> 的字段的动态模块.</para></param>
      <returns>The <see langword="SignatureHelper" /> object for a field.<para>字段的 <see langword="SignatureHelper" /> 对象.</para></returns>
    </member>
    <member name="M:System.Reflection.Emit.SignatureHelper.GetHashCode">
      <summary>Creates and returns a hash code for this instance.<para>为此实例创建并返回哈希代码.</para></summary>
      <returns>The hash code based on the name.<para>基于名称的哈希代码.</para></returns>
    </member>
    <member name="M:System.Reflection.Emit.SignatureHelper.GetLocalVarSigHelper">
      <summary>Returns a signature helper for a local variable.<para>返回局部变量的签名帮助程序.</para></summary>
      <returns>A <see cref="T:System.Reflection.Emit.SignatureHelper" /> for a local variable.<para>a <see cref="T:System.Reflection.Emit.SignatureHelper" /> 表示局部变量.</para></returns>
    </member>
    <member name="M:System.Reflection.Emit.SignatureHelper.GetLocalVarSigHelper(System.Reflection.Module)">
      <summary>Returns a signature helper for a local variable.<para>返回局部变量的签名帮助程序.</para></summary>
      <param name="mod">The dynamic module that contains the local variable for which the <see langword="SignatureHelper" /> is requested.<para>包含请求 <see langword="SignatureHelper" /> 的局部变量的动态模块.</para></param>
      <returns>The <see langword="SignatureHelper" /> object for a local variable.<para>局部变量的 <see langword="SignatureHelper" /> 对象.</para></returns>
    </member>
    <member name="M:System.Reflection.Emit.SignatureHelper.GetMethodSigHelper(System.Reflection.CallingConventions,System.Type)">
      <summary>Returns a signature helper for a method given the method's calling convention and return type.<para>返回给定方法调用约定和返回类型的方法的签名帮助程序.</para></summary>
      <param name="callingConvention">The calling convention of the method.<para>方法的调用约定.</para></param>
      <param name="returnType">The return type of the method, or <see langword="null" /> for a void return type (<see langword="Sub" /> procedure in Visual Basic).<para>方法的返回类型,或 <see langword="null" /> 表示 void 返回类型（visual basic 中的 <see langword="Sub" /> 过程）.</para></param>
      <returns>The <see langword="SignatureHelper" /> object for a method.<para>方法的 <see langword="SignatureHelper" /> 对象.</para></returns>
    </member>
    <member name="M:System.Reflection.Emit.SignatureHelper.GetMethodSigHelper(System.Reflection.Module,System.Reflection.CallingConventions,System.Type)">
      <summary>Returns a signature helper for a method given the method's module, calling convention, and return type.<para>返回给定方法的模块、调用约定和返回类型的方法的签名帮助程序.</para></summary>
      <param name="mod">The <see cref="T:System.Reflection.Emit.ModuleBuilder" /> that contains the method for which the <see langword="SignatureHelper" /> is requested.<para>包含请求 <see langword="SignatureHelper" /> 的方法的 <see cref="T:System.Reflection.Emit.ModuleBuilder" />.</para></param>
      <param name="callingConvention">The calling convention of the method.<para>方法的调用约定.</para></param>
      <param name="returnType">The return type of the method, or <see langword="null" /> for a void return type (<see langword="Sub" /> procedure in Visual Basic).<para>方法的返回类型,或 <see langword="null" /> 表示 void 返回类型（visual basic 中的 <see langword="Sub" /> 过程）.</para></param>
      <exception cref="T:System.ArgumentNullException">
        <paramref name="mod" /> is <see langword="null" />.<para><paramref name="mod" /> 是 <see langword="null" />.</para></exception>
      <exception cref="T:System.ArgumentException">
        <paramref name="mod" /> is not a <see cref="T:System.Reflection.Emit.ModuleBuilder" />.<para><paramref name="mod" /> 不是 <see cref="T:System.Reflection.Emit.ModuleBuilder" />.</para></exception>
      <returns>The <see langword="SignatureHelper" /> object for a method.<para>方法的 <see langword="SignatureHelper" /> 对象.</para></returns>
    </member>
    <member name="M:System.Reflection.Emit.SignatureHelper.GetMethodSigHelper(System.Reflection.Module,System.Type,System.Type[])">
      <summary>Returns a signature helper for a method with a standard calling convention, given the method's module, return type, and argument types.<para>返回具有标准调用约定的方法的签名帮助程序,给定该方法的模块、返回类型和参数类型.</para></summary>
      <param name="mod">The <see cref="T:System.Reflection.Emit.ModuleBuilder" /> that contains the method for which the <see langword="SignatureHelper" /> is requested.<para>包含请求 <see langword="SignatureHelper" /> 的方法的 <see cref="T:System.Reflection.Emit.ModuleBuilder" />.</para></param>
      <param name="returnType">The return type of the method, or <see langword="null" /> for a void return type (<see langword="Sub" /> procedure in Visual Basic).<para>方法的返回类型,或 <see langword="null" /> 表示 void 返回类型（visual basic 中的 <see langword="Sub" /> 过程）.</para></param>
      <param name="parameterTypes">The types of the arguments of the method, or <see langword="null" /> if the method has no arguments.<para>方法的参数类型,如果方法没有参数,则为 <see langword="null" />.</para></param>
      <exception cref="T:System.ArgumentNullException">
        <paramref name="mod" /> is <see langword="null" />.  
  
 -or-  
  
 An element of <paramref name="parameterTypes" /> is <see langword="null" />.<para><paramref name="mod" /> 是 <see langword="null" />. -或- <paramref name="parameterTypes" /> 的元素是 <see langword="null" />.</para></exception>
      <exception cref="T:System.ArgumentException">
        <paramref name="mod" /> is not a <see cref="T:System.Reflection.Emit.ModuleBuilder" />.<para><paramref name="mod" /> 不是 <see cref="T:System.Reflection.Emit.ModuleBuilder" />.</para></exception>
      <returns>The <see langword="SignatureHelper" /> object for a method.<para>方法的 <see langword="SignatureHelper" /> 对象.</para></returns>
    </member>
    <member name="M:System.Reflection.Emit.SignatureHelper.GetPropertySigHelper(System.Reflection.Module,System.Reflection.CallingConventions,System.Type,System.Type[],System.Type[],System.Type[],System.Type[][],System.Type[][])">
      <summary>Returns a signature helper for a property, given the dynamic module that contains the property, the calling convention, the property type, the property arguments, and custom modifiers for the return type and arguments.<para>返回属性的签名帮助程序,给定包含属性、调用约定、属性类型、属性参数以及返回类型和参数的自定义修饰符的动态模块.</para></summary>
      <param name="mod">The <see cref="T:System.Reflection.Emit.ModuleBuilder" /> that contains the property for which the <see cref="T:System.Reflection.Emit.SignatureHelper" /> is requested.<para>包含请求 <see cref="T:System.Reflection.Emit.SignatureHelper" /> 的属性的 <see cref="T:System.Reflection.Emit.ModuleBuilder" />.</para></param>
      <param name="callingConvention">The calling convention of the property accessors.<para>属性访问器的调用约定.</para></param>
      <param name="returnType">The property type.<para>属性类型.</para></param>
      <param name="requiredReturnTypeCustomModifiers">An array of types representing the required custom modifiers for the return type, such as <see cref="T:System.Runtime.CompilerServices.IsConst" /> or <see cref="T:System.Runtime.CompilerServices.IsBoxed" />. If the return type has no required custom modifiers, specify <see langword="null" />.<para>表示返回类型所需的自定义修饰符的类型数组,例如 <see cref="T:System.Runtime.CompilerServices.IsConst" /> 或 <see cref="T:System.Runtime.CompilerServices.IsBoxed" />.如果返回类型没有必需的自定义修饰符,请指定 <see langword="null" />.</para></param>
      <param name="optionalReturnTypeCustomModifiers">An array of types representing the optional custom modifiers for the return type, such as <see cref="T:System.Runtime.CompilerServices.IsConst" /> or <see cref="T:System.Runtime.CompilerServices.IsBoxed" />. If the return type has no optional custom modifiers, specify <see langword="null" />.<para>表示返回类型的可选自定义修饰符的类型数组,例如 <see cref="T:System.Runtime.CompilerServices.IsConst" /> 或 <see cref="T:System.Runtime.CompilerServices.IsBoxed" />.如果返回类型没有可选的自定义修饰符,请指定 <see langword="null" />.</para></param>
      <param name="parameterTypes">The types of the property's arguments, or <see langword="null" /> if the property has no arguments.<para>属性参数的类型,如果属性没有参数,则为 <see langword="null" />.</para></param>
      <param name="requiredParameterTypeCustomModifiers">An array of arrays of types. Each array of types represents the required custom modifiers for the corresponding argument of the property. If a particular argument has no required custom modifiers, specify <see langword="null" /> instead of an array of types. If the property has no arguments, or if none of the arguments have required custom modifiers, specify <see langword="null" /> instead of an array of arrays.<para>类型数组.每个类型数组表示属性的相应参数所需的自定义修饰符.如果特定参数没有必需的自定义修饰符,请指定 <see langword="null" /> 而不是类型数组.如果属性没有参数,或者没有任何参数需要自定义修饰符,请指定 <see langword="null" /> 而不是数组数组.</para></param>
      <param name="optionalParameterTypeCustomModifiers">An array of arrays of types. Each array of types represents the optional custom modifiers for the corresponding argument of the property. If a particular argument has no optional custom modifiers, specify <see langword="null" /> instead of an array of types. If the property has no arguments, or if none of the arguments have optional custom modifiers, specify <see langword="null" /> instead of an array of arrays.<para>类型数组.每个类型数组表示属性相应参数的可选自定义修饰符.如果特定参数没有可选的自定义修饰符,请指定 <see langword="null" /> 而不是类型数组.如果属性没有参数,或者没有参数具有可选的自定义修饰符,请指定 <see langword="null" /> 而不是数组数组.</para></param>
      <exception cref="T:System.ArgumentNullException">
        <paramref name="mod" /> is <see langword="null" />.  
  
 -or-  
  
 An element of <paramref name="parameterTypes" /> is <see langword="null" />.  
  
 -or-  
  
 One of the specified custom modifiers is <see langword="null" />. (However, <see langword="null" /> can be specified for the array of custom modifiers for any argument.)<para><paramref name="mod" /> 是 <see langword="null" />. -或- <paramref name="parameterTypes" /> 的元素是 <see langword="null" />. -或- 指定的自定义修饰符之一是 <see langword="null" />.（但是,可以为任何参数的自定义修饰符数组指定 <see langword="null" />.</para></exception>
      <exception cref="T:System.ArgumentException">The signature has already been finished.  
  
 -or-  
  
 <paramref name="mod" /> is not a <see cref="T:System.Reflection.Emit.ModuleBuilder" />.  
  
 -or-  
  
 One of the specified custom modifiers is an array type.  
  
 -or-  
  
 One of the specified custom modifiers is an open generic type. That is, the <see cref="P:System.Type.ContainsGenericParameters" /> property is <see langword="true" /> for the custom modifier.  
  
 -or-  
  
 The size of <paramref name="requiredParameterTypeCustomModifiers" /> or <paramref name="optionalParameterTypeCustomModifiers" /> does not equal the size of <paramref name="parameterTypes" />.<para>签名已经完成. -或- <paramref name="mod" /> 不是 <see cref="T:System.Reflection.Emit.ModuleBuilder" />. -或- 指定的自定义修饰符之一是数组类型. -或- 指定的自定义修饰符之一是开放泛型类型.也就是说,自定义修饰符的 <see cref="P:System.Type.ContainsGenericParameters" /> 属性为 <see langword="true" />. -或- <paramref name="requiredParameterTypeCustomModifiers" /> 或 <paramref name="optionalParameterTypeCustomModifiers" /> 的大小不等于 <paramref name="parameterTypes" /> 的大小.</para></exception>
      <returns>A <see cref="T:System.Reflection.Emit.SignatureHelper" /> object for a property.<para>属性的 <see cref="T:System.Reflection.Emit.SignatureHelper" /> 对象.</para></returns>
    </member>
    <member name="M:System.Reflection.Emit.SignatureHelper.GetPropertySigHelper(System.Reflection.Module,System.Type,System.Type[])">
      <summary>Returns a signature helper for a property, given the dynamic module that contains the property, the property type, and the property arguments.<para>返回属性的签名帮助程序,给定包含属性、属性类型和属性参数的动态模块.</para></summary>
      <param name="mod">The <see cref="T:System.Reflection.Emit.ModuleBuilder" /> that contains the property for which the <see cref="T:System.Reflection.Emit.SignatureHelper" /> is requested.<para>包含请求 <see cref="T:System.Reflection.Emit.SignatureHelper" /> 的属性的 <see cref="T:System.Reflection.Emit.ModuleBuilder" />.</para></param>
      <param name="returnType">The property type.<para>属性类型.</para></param>
      <param name="parameterTypes">The argument types, or <see langword="null" /> if the property has no arguments.<para>参数类型,如果属性没有参数,则为 <see langword="null" />.</para></param>
      <exception cref="T:System.ArgumentNullException">
        <paramref name="mod" /> is <see langword="null" />.  
  
 -or-  
  
 An element of <paramref name="parameterTypes" /> is <see langword="null" />.<para><paramref name="mod" /> 是 <see langword="null" />. -或- <paramref name="parameterTypes" /> 的元素是 <see langword="null" />.</para></exception>
      <exception cref="T:System.ArgumentException">
        <paramref name="mod" /> is not a <see cref="T:System.Reflection.Emit.ModuleBuilder" />.<para><paramref name="mod" /> 不是 <see cref="T:System.Reflection.Emit.ModuleBuilder" />.</para></exception>
      <returns>A <see cref="T:System.Reflection.Emit.SignatureHelper" /> object for a property.<para>属性的 <see cref="T:System.Reflection.Emit.SignatureHelper" /> 对象.</para></returns>
    </member>
    <member name="M:System.Reflection.Emit.SignatureHelper.GetPropertySigHelper(System.Reflection.Module,System.Type,System.Type[],System.Type[],System.Type[],System.Type[][],System.Type[][])">
      <summary>Returns a signature helper for a property, given the dynamic module that contains the property, the property type, the property arguments, and custom modifiers for the return type and arguments.<para>返回属性的签名帮助程序,给定包含属性、属性类型、属性参数以及返回类型和参数的自定义修饰符的动态模块.</para></summary>
      <param name="mod">The <see cref="T:System.Reflection.Emit.ModuleBuilder" /> that contains the property for which the <see cref="T:System.Reflection.Emit.SignatureHelper" /> is requested.<para>包含请求 <see cref="T:System.Reflection.Emit.SignatureHelper" /> 的属性的 <see cref="T:System.Reflection.Emit.ModuleBuilder" />.</para></param>
      <param name="returnType">The property type.<para>属性类型.</para></param>
      <param name="requiredReturnTypeCustomModifiers">An array of types representing the required custom modifiers for the return type, such as <see cref="T:System.Runtime.CompilerServices.IsConst" /> or <see cref="T:System.Runtime.CompilerServices.IsBoxed" />. If the return type has no required custom modifiers, specify <see langword="null" />.<para>表示返回类型所需的自定义修饰符的类型数组,例如 <see cref="T:System.Runtime.CompilerServices.IsConst" /> 或 <see cref="T:System.Runtime.CompilerServices.IsBoxed" />.如果返回类型没有必需的自定义修饰符,请指定 <see langword="null" />.</para></param>
      <param name="optionalReturnTypeCustomModifiers">An array of types representing the optional custom modifiers for the return type, such as <see cref="T:System.Runtime.CompilerServices.IsConst" /> or <see cref="T:System.Runtime.CompilerServices.IsBoxed" />. If the return type has no optional custom modifiers, specify <see langword="null" />.<para>表示返回类型的可选自定义修饰符的类型数组,例如 <see cref="T:System.Runtime.CompilerServices.IsConst" /> 或 <see cref="T:System.Runtime.CompilerServices.IsBoxed" />.如果返回类型没有可选的自定义修饰符,请指定 <see langword="null" />.</para></param>
      <param name="parameterTypes">The types of the property's arguments, or <see langword="null" /> if the property has no arguments.<para>属性参数的类型,如果属性没有参数,则为 <see langword="null" />.</para></param>
      <param name="requiredParameterTypeCustomModifiers">An array of arrays of types. Each array of types represents the required custom modifiers for the corresponding argument of the property. If a particular argument has no required custom modifiers, specify <see langword="null" /> instead of an array of types. If the property has no arguments, or if none of the arguments have required custom modifiers, specify <see langword="null" /> instead of an array of arrays.<para>类型数组.每个类型数组表示属性的相应参数所需的自定义修饰符.如果特定参数没有必需的自定义修饰符,请指定 <see langword="null" /> 而不是类型数组.如果属性没有参数,或者没有任何参数需要自定义修饰符,请指定 <see langword="null" /> 而不是数组数组.</para></param>
      <param name="optionalParameterTypeCustomModifiers">An array of arrays of types. Each array of types represents the optional custom modifiers for the corresponding argument of the property. If a particular argument has no optional custom modifiers, specify <see langword="null" /> instead of an array of types. If the property has no arguments, or if none of the arguments have optional custom modifiers, specify <see langword="null" /> instead of an array of arrays.<para>类型数组.每个类型数组表示属性相应参数的可选自定义修饰符.如果特定参数没有可选的自定义修饰符,请指定 <see langword="null" /> 而不是类型数组.如果属性没有参数,或者没有参数具有可选的自定义修饰符,请指定 <see langword="null" /> 而不是数组数组.</para></param>
      <exception cref="T:System.ArgumentNullException">
        <paramref name="mod" /> is <see langword="null" />.  
  
 -or-  
  
 An element of <paramref name="parameterTypes" /> is <see langword="null" />.  
  
 -or-  
  
 One of the specified custom modifiers is <see langword="null" />. (However, <see langword="null" /> can be specified for the array of custom modifiers for any argument.)<para><paramref name="mod" /> 是 <see langword="null" />. -或- <paramref name="parameterTypes" /> 的元素是 <see langword="null" />. -或- 指定的自定义修饰符之一是 <see langword="null" />.（但是,可以为任何参数的自定义修饰符数组指定 <see langword="null" />.</para></exception>
      <exception cref="T:System.ArgumentException">The signature has already been finished.  
  
 -or-  
  
 <paramref name="mod" /> is not a <see cref="T:System.Reflection.Emit.ModuleBuilder" />.  
  
 -or-  
  
 One of the specified custom modifiers is an array type.  
  
 -or-  
  
 One of the specified custom modifiers is an open generic type. That is, the <see cref="P:System.Type.ContainsGenericParameters" /> property is <see langword="true" /> for the custom modifier.  
  
 -or-  
  
 The size of <paramref name="requiredParameterTypeCustomModifiers" /> or <paramref name="optionalParameterTypeCustomModifiers" /> does not equal the size of <paramref name="parameterTypes" />.<para>签名已经完成. -或- <paramref name="mod" /> 不是 <see cref="T:System.Reflection.Emit.ModuleBuilder" />. -或- 指定的自定义修饰符之一是数组类型. -或- 指定的自定义修饰符之一是开放泛型类型.也就是说,自定义修饰符的 <see cref="P:System.Type.ContainsGenericParameters" /> 属性为 <see langword="true" />. -或- <paramref name="requiredParameterTypeCustomModifiers" /> 或 <paramref name="optionalParameterTypeCustomModifiers" /> 的大小不等于 <paramref name="parameterTypes" /> 的大小.</para></exception>
      <returns>A <see cref="T:System.Reflection.Emit.SignatureHelper" /> object for a property.<para>属性的 <see cref="T:System.Reflection.Emit.SignatureHelper" /> 对象.</para></returns>
    </member>
    <member name="M:System.Reflection.Emit.SignatureHelper.GetSignature">
      <summary>Adds the end token to the signature and marks the signature as finished, so no further tokens can be added.<para>将结束令牌添加到签名并将签名标记为已完成,因此无法再添加令牌.</para></summary>
      <returns>A byte array made up of the full signature.<para>由完整签名组成的字节数组.</para></returns>
    </member>
    <member name="M:System.Reflection.Emit.SignatureHelper.ToString">
      <summary>Returns a string representing the signature arguments.<para>返回表示签名参数的字符串.</para></summary>
      <returns>A string representing the arguments of this signature.<para>表示此签名的参数的字符串.</para></returns>
    </member>
  </members>
</doc>