﻿<?xml version="1.0" encoding="utf-8"?>
<doc>
  <assembly>
    <name>System.Diagnostics.TextWriterTraceListener</name>
  </assembly>
  <members>
    <member name="T:System.Diagnostics.ConsoleTraceListener">
      <summary>Directs tracing or debugging output to either the standard output or the standard error stream.<para>将跟踪或调试输出定向到标准输出或标准错误流.</para></summary>
    </member>
    <member name="M:System.Diagnostics.ConsoleTraceListener.#ctor">
      <summary>Initializes a new instance of the <see cref="T:System.Diagnostics.ConsoleTraceListener" /> class with trace output written to the standard output stream.<para>初始化 <see cref="T:System.Diagnostics.ConsoleTraceListener" /> 类的新实例,并将跟踪输出写入标准输出流.</para></summary>
    </member>
    <member name="M:System.Diagnostics.ConsoleTraceListener.#ctor(System.Boolean)">
      <summary>Initializes a new instance of the <see cref="T:System.Diagnostics.ConsoleTraceListener" /> class with an option to write trace output to the standard output stream or the standard error stream.<para>初始化 <see cref="T:System.Diagnostics.ConsoleTraceListener" /> 类的新实例,其中包含将跟踪输出写入标准输出流或标准错误流的选项.</para></summary>
      <param name="useErrorStream">
        <see langword="true" /> to write tracing and debugging output to the standard error stream; <see langword="false" /> to write tracing and debugging output to the standard output stream.<para><see langword="true" /> 将跟踪和调试输出写入标准错误流;<see langword="false" /> 将跟踪和调试输出写入标准输出流.</para></param>
    </member>
    <member name="M:System.Diagnostics.ConsoleTraceListener.Close">
      <summary>Closes the output to the stream specified for this trace listener.<para>关闭为此跟踪侦听器指定的流的输出.</para></summary>
    </member>
    <member name="T:System.Diagnostics.DelimitedListTraceListener">
      <summary>Directs tracing or debugging output to a text writer, such as a stream writer, or to a stream, such as a file stream.<para>将跟踪或调试输出定向到文本编写器（如流编写器）或流（如文件流）.</para></summary>
    </member>
    <member name="M:System.Diagnostics.DelimitedListTraceListener.#ctor(System.IO.Stream)">
      <summary>Initializes a new instance of the <see cref="T:System.Diagnostics.DelimitedListTraceListener" /> class that writes to the specified output stream.<para>初始化写入指定输出流的 <see cref="T:System.Diagnostics.DelimitedListTraceListener" /> 类的新实例.</para></summary>
      <param name="stream">The <see cref="T:System.IO.Stream" /> to receive the output.<para>用于接收输出的 <see cref="T:System.IO.Stream" />.</para></param>
      <exception cref="T:System.ArgumentNullException">
        <paramref name="stream" /> is <see langword="null" />.<para><paramref name="stream" /> 是 <see langword="null" />.</para></exception>
    </member>
    <member name="M:System.Diagnostics.DelimitedListTraceListener.#ctor(System.IO.Stream,System.String)">
      <summary>Initializes a new instance of the <see cref="T:System.Diagnostics.DelimitedListTraceListener" /> class that writes to the specified output stream and has the specified name.<para>初始化写入指定输出流并具有指定名称的 <see cref="T:System.Diagnostics.DelimitedListTraceListener" /> 类的新实例.</para></summary>
      <param name="stream">The <see cref="T:System.IO.Stream" /> to receive the output.<para>用于接收输出的 <see cref="T:System.IO.Stream" />.</para></param>
      <param name="name">The name of the new instance of the trace listener.<para>跟踪侦听器的新实例的名称.</para></param>
      <exception cref="T:System.ArgumentNullException">
        <paramref name="stream" /> is <see langword="null" />.<para><paramref name="stream" /> 是 <see langword="null" />.</para></exception>
    </member>
    <member name="M:System.Diagnostics.DelimitedListTraceListener.#ctor(System.IO.TextWriter)">
      <summary>Initializes a new instance of the <see cref="T:System.Diagnostics.DelimitedListTraceListener" /> class that writes to the specified text writer.<para>初始化写入指定文本编写器的 <see cref="T:System.Diagnostics.DelimitedListTraceListener" /> 类的新实例.</para></summary>
      <param name="writer">The <see cref="T:System.IO.TextWriter" /> to receive the output.<para>用于接收输出的 <see cref="T:System.IO.TextWriter" />.</para></param>
      <exception cref="T:System.ArgumentNullException">
        <paramref name="writer" /> is <see langword="null" />.<para><paramref name="writer" /> 是 <see langword="null" />.</para></exception>
    </member>
    <member name="M:System.Diagnostics.DelimitedListTraceListener.#ctor(System.IO.TextWriter,System.String)">
      <summary>Initializes a new instance of the <see cref="T:System.Diagnostics.DelimitedListTraceListener" /> class that writes to the specified text writer and has the specified name.<para>初始化写入指定文本编写器并具有指定名称的 <see cref="T:System.Diagnostics.DelimitedListTraceListener" /> 类的新实例.</para></summary>
      <param name="writer">The <see cref="T:System.IO.TextWriter" /> to receive the output.<para>用于接收输出的 <see cref="T:System.IO.TextWriter" />.</para></param>
      <param name="name">The name of the new instance of the trace listener.<para>跟踪侦听器的新实例的名称.</para></param>
      <exception cref="T:System.ArgumentNullException">
        <paramref name="writer" /> is <see langword="null" />.<para><paramref name="writer" /> 是 <see langword="null" />.</para></exception>
    </member>
    <member name="M:System.Diagnostics.DelimitedListTraceListener.#ctor(System.String)">
      <summary>Initializes a new instance of the <see cref="T:System.Diagnostics.DelimitedListTraceListener" /> class that writes to the specified file.<para>初始化写入指定文件的 <see cref="T:System.Diagnostics.DelimitedListTraceListener" /> 类的新实例.</para></summary>
      <param name="fileName">The name of the file to receive the output.<para>要接收输出的文件的名称.</para></param>
      <exception cref="T:System.ArgumentNullException">
        <paramref name="fileName" /> is <see langword="null" />.<para><paramref name="fileName" /> 是 <see langword="null" />.</para></exception>
    </member>
    <member name="M:System.Diagnostics.DelimitedListTraceListener.#ctor(System.String,System.String)">
      <summary>Initializes a new instance of the <see cref="T:System.Diagnostics.DelimitedListTraceListener" /> class that writes to the specified file and has the specified name.<para>初始化写入指定文件并具有指定名称的 <see cref="T:System.Diagnostics.DelimitedListTraceListener" /> 类的新实例.</para></summary>
      <param name="fileName">The name of the file to receive the output.<para>要接收输出的文件的名称.</para></param>
      <param name="name">The name of the new instance of the trace listener.<para>跟踪侦听器的新实例的名称.</para></param>
      <exception cref="T:System.ArgumentNullException">
        <paramref name="fileName" /> is <see langword="null" />.<para><paramref name="fileName" /> 是 <see langword="null" />.</para></exception>
    </member>
    <member name="M:System.Diagnostics.DelimitedListTraceListener.GetSupportedAttributes">
      <summary>Returns the custom configuration file attribute supported by the delimited trace listener.<para>返回分隔跟踪侦听器支持的自定义配置文件属性.</para></summary>
      <returns>A string array that contains the single value "delimiter".<para>包含单个值"分隔符"的字符串数组.</para></returns>
    </member>
    <member name="M:System.Diagnostics.DelimitedListTraceListener.TraceData(System.Diagnostics.TraceEventCache,System.String,System.Diagnostics.TraceEventType,System.Int32,System.Object)">
      <summary>Writes trace information, a data object, and event information to the output file or stream.<para>将跟踪信息、数据对象和事件信息写入输出文件或流.</para></summary>
      <param name="eventCache">A <see cref="T:System.Diagnostics.TraceEventCache" /> object that contains the current process ID, thread ID, and stack trace information.<para>一个 <see cref="T:System.Diagnostics.TraceEventCache" /> 对象,包含当前进程 id、线程 id 和堆栈跟踪信息.</para></param>
      <param name="source">A name used to identify the output, typically the name of the application that generated the trace event.<para>用于标识输出的名称,通常是生成跟踪事件的应用程序的名称.</para></param>
      <param name="eventType">One of the <see cref="T:System.Diagnostics.TraceEventType" /> values specifying the type of event that has caused the trace.<para>指定导致跟踪的事件类型的 <see cref="T:System.Diagnostics.TraceEventType" /> 值之一.</para></param>
      <param name="id">A numeric identifier for the event.<para>事件的数字标识符.</para></param>
      <param name="data">A data object to write to the output file or stream.<para>要写入输出文件或流的数据对象.</para></param>
    </member>
    <member name="M:System.Diagnostics.DelimitedListTraceListener.TraceData(System.Diagnostics.TraceEventCache,System.String,System.Diagnostics.TraceEventType,System.Int32,System.Object[])">
      <summary>Writes trace information, an array of data objects, and event information to the output file or stream.<para>将跟踪信息、数据对象数组和事件信息写入输出文件或流.</para></summary>
      <param name="eventCache">A <see cref="T:System.Diagnostics.TraceEventCache" /> object that contains the current process ID, thread ID, and stack trace information.<para>一个 <see cref="T:System.Diagnostics.TraceEventCache" /> 对象,包含当前进程 id、线程 id 和堆栈跟踪信息.</para></param>
      <param name="source">A name used to identify the output, typically the name of the application that generated the trace event.<para>用于标识输出的名称,通常是生成跟踪事件的应用程序的名称.</para></param>
      <param name="eventType">One of the <see cref="T:System.Diagnostics.TraceEventType" /> values specifying the type of event that has caused the trace.<para>指定导致跟踪的事件类型的 <see cref="T:System.Diagnostics.TraceEventType" /> 值之一.</para></param>
      <param name="id">A numeric identifier for the event.<para>事件的数字标识符.</para></param>
      <param name="data">An array of data objects to write to the output file or stream.<para>要写入输出文件或流的数据对象数组.</para></param>
    </member>
    <member name="M:System.Diagnostics.DelimitedListTraceListener.TraceEvent(System.Diagnostics.TraceEventCache,System.String,System.Diagnostics.TraceEventType,System.Int32,System.String)">
      <summary>Writes trace information, a message, and event information to the output file or stream.<para>将跟踪信息、消息和事件信息写入输出文件或流.</para></summary>
      <param name="eventCache">A <see cref="T:System.Diagnostics.TraceEventCache" /> object that contains the current process ID, thread ID, and stack trace information.<para>一个 <see cref="T:System.Diagnostics.TraceEventCache" /> 对象,包含当前进程 id、线程 id 和堆栈跟踪信息.</para></param>
      <param name="source">A name used to identify the output, typically the name of the application that generated the trace event.<para>用于标识输出的名称,通常是生成跟踪事件的应用程序的名称.</para></param>
      <param name="eventType">One of the <see cref="T:System.Diagnostics.TraceEventType" /> values specifying the type of event that has caused the trace.<para>指定导致跟踪的事件类型的 <see cref="T:System.Diagnostics.TraceEventType" /> 值之一.</para></param>
      <param name="id">A numeric identifier for the event.<para>事件的数字标识符.</para></param>
      <param name="message">The trace message to write to the output file or stream.<para>要写入输出文件或流的跟踪消息.</para></param>
    </member>
    <member name="M:System.Diagnostics.DelimitedListTraceListener.TraceEvent(System.Diagnostics.TraceEventCache,System.String,System.Diagnostics.TraceEventType,System.Int32,System.String,System.Object[])">
      <summary>Writes trace information, a formatted array of objects, and event information to the output file or stream.<para>将跟踪信息、格式化的对象数组和事件信息写入输出文件或流.</para></summary>
      <param name="eventCache">A <see cref="T:System.Diagnostics.TraceEventCache" /> object that contains the current process ID, thread ID, and stack trace information.<para>一个 <see cref="T:System.Diagnostics.TraceEventCache" /> 对象,包含当前进程 id、线程 id 和堆栈跟踪信息.</para></param>
      <param name="source">A name used to identify the output, typically the name of the application that generated the trace event.<para>用于标识输出的名称,通常是生成跟踪事件的应用程序的名称.</para></param>
      <param name="eventType">One of the <see cref="T:System.Diagnostics.TraceEventType" /> values specifying the type of event that has caused the trace.<para>指定导致跟踪的事件类型的 <see cref="T:System.Diagnostics.TraceEventType" /> 值之一.</para></param>
      <param name="id">A numeric identifier for the event.<para>事件的数字标识符.</para></param>
      <param name="format">A format string that contains zero or more format items that correspond to objects in the <paramref name="args" /> array.<para>一个格式字符串,其中包含与 <paramref name="args" /> 数组中的对象对应的零个或多个格式项.</para></param>
      <param name="args">An array containing zero or more objects to format.<para>包含零个或多个要格式化的对象的数组.</para></param>
    </member>
    <member name="P:System.Diagnostics.DelimitedListTraceListener.Delimiter">
      <summary>Gets or sets the delimiter for the delimited list.<para>获取或设置分隔列表的分隔符.</para></summary>
      <exception cref="T:System.ArgumentNullException">
        <see cref="P:System.Diagnostics.DelimitedListTraceListener.Delimiter" /> is set to <see langword="null" />.<para><see cref="P:System.Diagnostics.DelimitedListTraceListener.Delimiter" /> 设置为 <see langword="null" />.</para></exception>
      <exception cref="T:System.ArgumentException">
        <see cref="P:System.Diagnostics.DelimitedListTraceListener.Delimiter" /> is set to an empty string ("").<para><see cref="P:System.Diagnostics.DelimitedListTraceListener.Delimiter" /> 设置为空字符串 （""）.</para></exception>
      <returns>The delimiter for the delimited list.<para>分隔列表的分隔符.</para></returns>
    </member>
    <member name="T:System.Diagnostics.TextWriterTraceListener">
      <summary>Directs tracing or debugging output to a <see cref="T:System.IO.TextWriter" /> or to a <see cref="T:System.IO.Stream" />, such as <see cref="T:System.IO.FileStream" />.<para>将跟踪或调试输出定向到 <see cref="T:System.IO.TextWriter" /> 或 <see cref="T:System.IO.Stream" />,例如 <see cref="T:System.IO.FileStream" />.</para></summary>
    </member>
    <member name="M:System.Diagnostics.TextWriterTraceListener.#ctor">
      <summary>Initializes a new instance of the <see cref="T:System.Diagnostics.TextWriterTraceListener" /> class with <see cref="T:System.IO.TextWriter" /> as the output recipient.<para>使用 <see cref="T:System.IO.TextWriter" /> 作为输出接收方初始化 <see cref="T:System.Diagnostics.TextWriterTraceListener" /> 类的新实例.</para></summary>
    </member>
    <member name="M:System.Diagnostics.TextWriterTraceListener.#ctor(System.IO.Stream)">
      <summary>Initializes a new instance of the <see cref="T:System.Diagnostics.TextWriterTraceListener" /> class, using the stream as the recipient of the debugging and tracing output.<para>初始化 <see cref="T:System.Diagnostics.TextWriterTraceListener" /> 类的新实例,使用流作为调试和跟踪输出的接收方.</para></summary>
      <param name="stream">A <see cref="T:System.IO.Stream" /> that represents the stream the <see cref="T:System.Diagnostics.TextWriterTraceListener" /> writes to.<para>一个 <see cref="T:System.IO.Stream" />,表示 <see cref="T:System.Diagnostics.TextWriterTraceListener" /> 写入的流.</para></param>
      <exception cref="T:System.ArgumentNullException">The stream is <see langword="null" />.<para>流为 <see langword="null" />.</para></exception>
    </member>
    <member name="M:System.Diagnostics.TextWriterTraceListener.#ctor(System.IO.Stream,System.String)">
      <summary>Initializes a new instance of the <see cref="T:System.Diagnostics.TextWriterTraceListener" /> class with the specified name, using the stream as the recipient of the debugging and tracing output.<para>使用流作为调试和跟踪输出的接收方,使用指定名称初始化 <see cref="T:System.Diagnostics.TextWriterTraceListener" /> 类的新实例.</para></summary>
      <param name="stream">A <see cref="T:System.IO.Stream" /> that represents the stream the <see cref="T:System.Diagnostics.TextWriterTraceListener" /> writes to.<para>一个 <see cref="T:System.IO.Stream" />,表示 <see cref="T:System.Diagnostics.TextWriterTraceListener" /> 写入的流.</para></param>
      <param name="name">The name of the new instance.<para>新实例的名称.</para></param>
      <exception cref="T:System.ArgumentNullException">The stream is <see langword="null" />.<para>流为 <see langword="null" />.</para></exception>
    </member>
    <member name="M:System.Diagnostics.TextWriterTraceListener.#ctor(System.IO.TextWriter)">
      <summary>Initializes a new instance of the <see cref="T:System.Diagnostics.TextWriterTraceListener" /> class using the specified writer as recipient of the tracing or debugging output.<para>使用指定的编写器作为跟踪或调试输出的接收方初始化 <see cref="T:System.Diagnostics.TextWriterTraceListener" /> 类的新实例.</para></summary>
      <param name="writer">A <see cref="T:System.IO.TextWriter" /> that receives the output from the <see cref="T:System.Diagnostics.TextWriterTraceListener" />.<para>一个 <see cref="T:System.IO.TextWriter" />,用于接收来自 <see cref="T:System.Diagnostics.TextWriterTraceListener" /> 的输出.</para></param>
      <exception cref="T:System.ArgumentNullException">The writer is <see langword="null" />.<para>编写器是 <see langword="null" />.</para></exception>
    </member>
    <member name="M:System.Diagnostics.TextWriterTraceListener.#ctor(System.IO.TextWriter,System.String)">
      <summary>Initializes a new instance of the <see cref="T:System.Diagnostics.TextWriterTraceListener" /> class with the specified name, using the specified writer as recipient of the tracing or debugging output.<para>使用指定的编写器作为跟踪或调试输出的接收方,使用指定的名称初始化 <see cref="T:System.Diagnostics.TextWriterTraceListener" /> 类的新实例.</para></summary>
      <param name="writer">A <see cref="T:System.IO.TextWriter" /> that receives the output from the <see cref="T:System.Diagnostics.TextWriterTraceListener" />.<para>一个 <see cref="T:System.IO.TextWriter" />,用于接收来自 <see cref="T:System.Diagnostics.TextWriterTraceListener" /> 的输出.</para></param>
      <param name="name">The name of the new instance.<para>新实例的名称.</para></param>
      <exception cref="T:System.ArgumentNullException">The writer is <see langword="null" />.<para>编写器是 <see langword="null" />.</para></exception>
    </member>
    <member name="M:System.Diagnostics.TextWriterTraceListener.#ctor(System.String)">
      <summary>Initializes a new instance of the <see cref="T:System.Diagnostics.TextWriterTraceListener" /> class, using the file as the recipient of the debugging and tracing output.<para>初始化 <see cref="T:System.Diagnostics.TextWriterTraceListener" /> 类的新实例,使用该文件作为调试和跟踪输出的接收方.</para></summary>
      <param name="fileName">The name of the file the <see cref="T:System.Diagnostics.TextWriterTraceListener" /> writes to.<para><see cref="T:System.Diagnostics.TextWriterTraceListener" /> 写入的文件的名称.</para></param>
      <exception cref="T:System.ArgumentNullException">The file is <see langword="null" />.<para>文件为 <see langword="null" />.</para></exception>
    </member>
    <member name="M:System.Diagnostics.TextWriterTraceListener.#ctor(System.String,System.String)">
      <summary>Initializes a new instance of the <see cref="T:System.Diagnostics.TextWriterTraceListener" /> class with the specified name, using the file as the recipient of the debugging and tracing output.<para>使用指定名称初始化 <see cref="T:System.Diagnostics.TextWriterTraceListener" /> 类的新实例,使用该文件作为调试和跟踪输出的接收方.</para></summary>
      <param name="fileName">The name of the file the <see cref="T:System.Diagnostics.TextWriterTraceListener" /> writes to.<para><see cref="T:System.Diagnostics.TextWriterTraceListener" /> 写入的文件的名称.</para></param>
      <param name="name">The name of the new instance.<para>新实例的名称.</para></param>
      <exception cref="T:System.ArgumentNullException">The stream is <see langword="null" />.<para>流为 <see langword="null" />.</para></exception>
    </member>
    <member name="M:System.Diagnostics.TextWriterTraceListener.Close">
      <summary>Closes the <see cref="P:System.Diagnostics.TextWriterTraceListener.Writer" /> so that it no longer receives tracing or debugging output.<para>关闭 <see cref="P:System.Diagnostics.TextWriterTraceListener.Writer" />,使其不再接收跟踪或调试输出.</para></summary>
    </member>
    <member name="M:System.Diagnostics.TextWriterTraceListener.Dispose(System.Boolean)">
      <summary>Disposes this <see cref="T:System.Diagnostics.TextWriterTraceListener" /> object.<para>释放此 <see cref="T:System.Diagnostics.TextWriterTraceListener" /> 对象.</para></summary>
      <param name="disposing">
        <see langword="true" /> to release managed resources; if <see langword="false" />, <see cref="M:System.Diagnostics.TextWriterTraceListener.Dispose(System.Boolean)" /> has no effect.<para><see langword="true" /> 释放托管资源;如果 <see langword="false" />,则 <see cref="M:System.Diagnostics.TextWriterTraceListener.Dispose(System.Boolean)" /> 不起作用.</para></param>
    </member>
    <member name="M:System.Diagnostics.TextWriterTraceListener.Flush">
      <summary>Flushes the output buffer for the <see cref="P:System.Diagnostics.TextWriterTraceListener.Writer" />.<para>刷新 <see cref="P:System.Diagnostics.TextWriterTraceListener.Writer" /> 的输出缓冲区.</para></summary>
    </member>
    <member name="M:System.Diagnostics.TextWriterTraceListener.Write(System.String)">
      <summary>Writes a message to this instance's <see cref="P:System.Diagnostics.TextWriterTraceListener.Writer" />.<para>将消息写入此实例的 <see cref="P:System.Diagnostics.TextWriterTraceListener.Writer" />.</para></summary>
      <param name="message">A message to write.<para>要编写的消息.</para></param>
    </member>
    <member name="M:System.Diagnostics.TextWriterTraceListener.WriteLine(System.String)">
      <summary>Writes a message to this instance's <see cref="P:System.Diagnostics.TextWriterTraceListener.Writer" /> followed by a line terminator. The default line terminator is a carriage return followed by a line feed (\r\n).<para>将消息写入此实例的 <see cref="P:System.Diagnostics.TextWriterTraceListener.Writer" />,后跟行终止符.缺省行终止符是回车符,后跟换行符 （\r\n）.</para></summary>
      <param name="message">A message to write.<para>要编写的消息.</para></param>
    </member>
    <member name="P:System.Diagnostics.TextWriterTraceListener.Writer">
      <summary>Gets or sets the text writer that receives the tracing or debugging output.<para>获取或设置接收跟踪或调试输出的文本编写器.</para></summary>
      <returns>A <see cref="T:System.IO.TextWriter" /> that represents the writer that receives the tracing or debugging output.<para>一个 <see cref="T:System.IO.TextWriter" />,表示接收跟踪或调试输出的编写器.</para></returns>
    </member>
    <member name="T:System.Diagnostics.XmlWriterTraceListener">
      <summary>Directs tracing or debugging output as XML-encoded data to a <see cref="T:System.IO.TextWriter" /> or to a <see cref="T:System.IO.Stream" />, such as a <see cref="T:System.IO.FileStream" />.<para>将跟踪或调试输出作为 xml 编码的数据定向到 <see cref="T:System.IO.TextWriter" /> 或 <see cref="T:System.IO.Stream" />,例如 <see cref="T:System.IO.FileStream" />.</para></summary>
    </member>
    <member name="M:System.Diagnostics.XmlWriterTraceListener.#ctor(System.IO.Stream)">
      <summary>Initializes a new instance of the <see cref="T:System.Diagnostics.XmlWriterTraceListener" /> class, using the specified stream as the recipient of the debugging and tracing output.<para>初始化 <see cref="T:System.Diagnostics.XmlWriterTraceListener" /> 类的新实例,使用指定的流作为调试和跟踪输出的接收方.</para></summary>
      <param name="stream">A <see cref="T:System.IO.Stream" /> that represents the stream the trace listener writes to.<para>一个 <see cref="T:System.IO.Stream" />,表示跟踪侦听器写入的流.</para></param>
      <exception cref="T:System.ArgumentNullException">
        <paramref name="stream" /> is <see langword="null" />.<para><paramref name="stream" /> 是 <see langword="null" />.</para></exception>
    </member>
    <member name="M:System.Diagnostics.XmlWriterTraceListener.#ctor(System.IO.Stream,System.String)">
      <summary>Initializes a new instance of the <see cref="T:System.Diagnostics.XmlWriterTraceListener" /> class with the specified name, using the specified stream as the recipient of the debugging and tracing output.<para>使用指定的流作为调试和跟踪输出的接收方,使用指定的名称初始化 <see cref="T:System.Diagnostics.XmlWriterTraceListener" /> 类的新实例.</para></summary>
      <param name="stream">A <see cref="T:System.IO.Stream" /> that represents the stream the trace listener writes to.<para>一个 <see cref="T:System.IO.Stream" />,表示跟踪侦听器写入的流.</para></param>
      <param name="name">The name of the new instance.<para>新实例的名称.</para></param>
      <exception cref="T:System.ArgumentNullException">
        <paramref name="stream" /> is <see langword="null" />.<para><paramref name="stream" /> 是 <see langword="null" />.</para></exception>
    </member>
    <member name="M:System.Diagnostics.XmlWriterTraceListener.#ctor(System.IO.TextWriter)">
      <summary>Initializes a new instance of the <see cref="T:System.Diagnostics.XmlWriterTraceListener" /> class using the specified writer as the recipient of the debugging and tracing output.<para>使用指定的编写器作为调试和跟踪输出的接收方初始化 <see cref="T:System.Diagnostics.XmlWriterTraceListener" /> 类的新实例.</para></summary>
      <param name="writer">A <see cref="T:System.IO.TextWriter" /> that receives the output from the trace listener.<para>一个 <see cref="T:System.IO.TextWriter" />,用于接收来自跟踪侦听器的输出.</para></param>
      <exception cref="T:System.ArgumentNullException">
        <paramref name="writer" /> is <see langword="null" />.<para><paramref name="writer" /> 是 <see langword="null" />.</para></exception>
    </member>
    <member name="M:System.Diagnostics.XmlWriterTraceListener.#ctor(System.IO.TextWriter,System.String)">
      <summary>Initializes a new instance of the <see cref="T:System.Diagnostics.XmlWriterTraceListener" /> class with the specified name, using the specified writer as the recipient of the debugging and tracing output.<para>使用指定的编写器作为调试和跟踪输出的接收方,使用指定的名称初始化 <see cref="T:System.Diagnostics.XmlWriterTraceListener" /> 类的新实例.</para></summary>
      <param name="writer">A <see cref="T:System.IO.TextWriter" /> that receives the output from the trace listener.<para>一个 <see cref="T:System.IO.TextWriter" />,用于接收来自跟踪侦听器的输出.</para></param>
      <param name="name">The name of the new instance.<para>新实例的名称.</para></param>
      <exception cref="T:System.ArgumentNullException">
        <paramref name="writer" /> is <see langword="null" />.<para><paramref name="writer" /> 是 <see langword="null" />.</para></exception>
    </member>
    <member name="M:System.Diagnostics.XmlWriterTraceListener.#ctor(System.String)">
      <summary>Initializes a new instance of the <see cref="T:System.Diagnostics.XmlWriterTraceListener" /> class, using the specified file as the recipient of the debugging and tracing output.<para>初始化 <see cref="T:System.Diagnostics.XmlWriterTraceListener" /> 类的新实例,使用指定的文件作为调试和跟踪输出的接收方.</para></summary>
      <param name="filename">The name of the file to write to.<para>要写入的文件的名称.</para></param>
      <exception cref="T:System.ArgumentNullException">
        <paramref name="filename" /> is <see langword="null" />.<para><paramref name="filename" /> 是 <see langword="null" />.</para></exception>
    </member>
    <member name="M:System.Diagnostics.XmlWriterTraceListener.#ctor(System.String,System.String)">
      <summary>Initializes a new instance of the <see cref="T:System.Diagnostics.XmlWriterTraceListener" /> class with the specified name, using the specified file as the recipient of the debugging and tracing output.<para>使用指定的文件作为调试和跟踪输出的接收方,使用指定的名称初始化 <see cref="T:System.Diagnostics.XmlWriterTraceListener" /> 类的新实例.</para></summary>
      <param name="filename">The name of the file to write to.<para>要写入的文件的名称.</para></param>
      <param name="name">The name of the new instance.<para>新实例的名称.</para></param>
      <exception cref="T:System.ArgumentNullException">
        <paramref name="stream" /> is <see langword="null" />.<para><paramref name="stream" /> 是 <see langword="null" />.</para></exception>
    </member>
    <member name="M:System.Diagnostics.XmlWriterTraceListener.Close">
      <summary>Closes the <see cref="P:System.Diagnostics.TextWriterTraceListener.Writer" /> for this listener so that it no longer receives tracing or debugging output.<para>关闭此侦听器的 <see cref="P:System.Diagnostics.TextWriterTraceListener.Writer" />,使其不再接收跟踪或调试输出.</para></summary>
    </member>
    <member name="M:System.Diagnostics.XmlWriterTraceListener.Fail(System.String,System.String)">
      <summary>Writes trace information including an error message and a detailed error message to the file or stream.<para>将跟踪信息（包括错误消息和详细错误消息）写入文件或流.</para></summary>
      <param name="message">The error message to write.<para>要写入的错误消息.</para></param>
      <param name="detailMessage">The detailed error message to append to the error message.<para>要附加到错误消息的详细错误消息.</para></param>
    </member>
    <member name="M:System.Diagnostics.XmlWriterTraceListener.TraceData(System.Diagnostics.TraceEventCache,System.String,System.Diagnostics.TraceEventType,System.Int32,System.Object)">
      <summary>Writes trace information, a data object, and event information to the file or stream.<para>将跟踪信息、数据对象和事件信息写入文件或流.</para></summary>
      <param name="eventCache">A <see cref="T:System.Diagnostics.TraceEventCache" /> that contains the current process ID, thread ID, and stack trace information.<para>一个 <see cref="T:System.Diagnostics.TraceEventCache" />,包含当前进程 id、线程 id 和堆栈跟踪信息.</para></param>
      <param name="source">The source name.<para>源名称.</para></param>
      <param name="eventType">One of the <see cref="T:System.Diagnostics.TraceEventType" /> values.<para><see cref="T:System.Diagnostics.TraceEventType" /> 值之一.</para></param>
      <param name="id">A numeric identifier for the event.<para>事件的数字标识符.</para></param>
      <param name="data">A data object to emit.<para>要发出的数据对象.</para></param>
    </member>
    <member name="M:System.Diagnostics.XmlWriterTraceListener.TraceData(System.Diagnostics.TraceEventCache,System.String,System.Diagnostics.TraceEventType,System.Int32,System.Object[])">
      <summary>Writes trace information, data objects, and event information to the file or stream.<para>将跟踪信息、数据对象和事件信息写入文件或流.</para></summary>
      <param name="eventCache">A <see cref="T:System.Diagnostics.TraceEventCache" /> that contains the current process ID, thread ID, and stack trace information.<para>一个 <see cref="T:System.Diagnostics.TraceEventCache" />,包含当前进程 id、线程 id 和堆栈跟踪信息.</para></param>
      <param name="source">The source name.<para>源名称.</para></param>
      <param name="eventType">One of the <see cref="T:System.Diagnostics.TraceEventType" /> values.<para><see cref="T:System.Diagnostics.TraceEventType" /> 值之一.</para></param>
      <param name="id">A numeric identifier for the event.<para>事件的数字标识符.</para></param>
      <param name="data">An array of data objects to emit.<para>要发出的数据对象数组.</para></param>
    </member>
    <member name="M:System.Diagnostics.XmlWriterTraceListener.TraceEvent(System.Diagnostics.TraceEventCache,System.String,System.Diagnostics.TraceEventType,System.Int32,System.String)">
      <summary>Writes trace information, a message, and event information to the file or stream.<para>将跟踪信息、消息和事件信息写入文件或流.</para></summary>
      <param name="eventCache">A <see cref="T:System.Diagnostics.TraceEventCache" /> that contains the current process ID, thread ID, and stack trace information.<para>一个 <see cref="T:System.Diagnostics.TraceEventCache" />,包含当前进程 id、线程 id 和堆栈跟踪信息.</para></param>
      <param name="source">The source name.<para>源名称.</para></param>
      <param name="eventType">One of the <see cref="T:System.Diagnostics.TraceEventType" /> values.<para><see cref="T:System.Diagnostics.TraceEventType" /> 值之一.</para></param>
      <param name="id">A numeric identifier for the event.<para>事件的数字标识符.</para></param>
      <param name="message">The message to write.<para>要写入的消息.</para></param>
    </member>
    <member name="M:System.Diagnostics.XmlWriterTraceListener.TraceEvent(System.Diagnostics.TraceEventCache,System.String,System.Diagnostics.TraceEventType,System.Int32,System.String,System.Object[])">
      <summary>Writes trace information, a formatted message, and event information to the file or stream.<para>将跟踪信息、格式化消息和事件信息写入文件或流.</para></summary>
      <param name="eventCache">A <see cref="T:System.Diagnostics.TraceEventCache" /> that contains the current process ID, thread ID, and stack trace information.<para>一个 <see cref="T:System.Diagnostics.TraceEventCache" />,包含当前进程 id、线程 id 和堆栈跟踪信息.</para></param>
      <param name="source">The source name.<para>源名称.</para></param>
      <param name="eventType">One of the <see cref="T:System.Diagnostics.TraceEventType" /> values.<para><see cref="T:System.Diagnostics.TraceEventType" /> 值之一.</para></param>
      <param name="id">A numeric identifier for the event.<para>事件的数字标识符.</para></param>
      <param name="format">A format string that contains zero or more format items that correspond to objects in the <paramref name="args" /> array.<para>一个格式字符串,其中包含与 <paramref name="args" /> 数组中的对象对应的零个或多个格式项.</para></param>
      <param name="args">An object array containing zero or more objects to format.<para>包含零个或多个要格式化的对象的对象数组.</para></param>
    </member>
    <member name="M:System.Diagnostics.XmlWriterTraceListener.TraceTransfer(System.Diagnostics.TraceEventCache,System.String,System.Int32,System.String,System.Guid)">
      <summary>Writes trace information including the identity of a related activity, a message, and event information to the file or stream.<para>将跟踪信息（包括相关活动的标识、消息和事件信息）写入文件或流.</para></summary>
      <param name="eventCache">A <see cref="T:System.Diagnostics.TraceEventCache" /> that contains the current process ID, thread ID, and stack trace information.<para>一个 <see cref="T:System.Diagnostics.TraceEventCache" />,包含当前进程 id、线程 id 和堆栈跟踪信息.</para></param>
      <param name="source">The source name.<para>源名称.</para></param>
      <param name="id">A numeric identifier for the event.<para>事件的数字标识符.</para></param>
      <param name="message">A trace message to write.<para>要写入的跟踪消息.</para></param>
      <param name="relatedActivityId">A <see cref="T:System.Guid" /> structure that identifies a related activity.<para>标识相关活动的 <see cref="T:System.Guid" /> 结构.</para></param>
    </member>
    <member name="M:System.Diagnostics.XmlWriterTraceListener.Write(System.String)">
      <summary>Writes a verbatim message without any additional context information to the file or stream.<para>将不带任何其他上下文信息的逐字消息写入文件或流.</para></summary>
      <param name="message">The message to write.<para>要写入的消息.</para></param>
    </member>
    <member name="M:System.Diagnostics.XmlWriterTraceListener.WriteLine(System.String)">
      <summary>Writes a verbatim message without any additional context information followed by the current line terminator to the file or stream.<para>将不带任何其他上下文信息后跟当前行终止符的逐字消息写入文件或流.</para></summary>
      <param name="message">The message to write.<para>要写入的消息.</para></param>
    </member>
  </members>
</doc>