﻿<?xml version="1.0" encoding="utf-8"?>
<doc>
  <assembly>
    <name>System.ComponentModel</name>
  </assembly>
  <members>
    <member name="T:System.ComponentModel.CancelEventArgs">
      <summary>Provides data for a cancelable event.<para>为可取消事件提供数据.</para></summary>
    </member>
    <member name="M:System.ComponentModel.CancelEventArgs.#ctor">
      <summary>Initializes a new instance of the <see cref="T:System.ComponentModel.CancelEventArgs" /> class with the <see cref="P:System.ComponentModel.CancelEventArgs.Cancel" /> property set to <see langword="false" />.<para>初始化 <see cref="t:system.componentmodel.canceleventargs" /> 类与 <see cref="p:system.componentmodel.canceleventargs.cancel" /> 属性设置为 <see langword="false" />.</para></summary>
    </member>
    <member name="M:System.ComponentModel.CancelEventArgs.#ctor(System.Boolean)">
      <summary>Initializes a new instance of the <see cref="T:System.ComponentModel.CancelEventArgs" /> class with the <see cref="P:System.ComponentModel.CancelEventArgs.Cancel" /> property set to the given value.<para>初始化 <see cref="t:system.componentmodel.canceleventargs" /> 类与 <see cref="p:system.componentmodel.canceleventargs.cancel" /> 属性设置为给定值.</para></summary>
      <param name="cancel">
        <see langword="true" /> to cancel the event; otherwise, <see langword="false" />.<para><see langword="true" /> 取消事件;否则,<see langword="false" />.</para></param>
    </member>
    <member name="P:System.ComponentModel.CancelEventArgs.Cancel">
      <summary>Gets or sets a value indicating whether the event should be canceled.<para>获取或设置一个值,该值指示是否应取消事件.</para></summary>
      <returns>
        <see langword="true" /> if the event should be canceled; otherwise, <see langword="false" />.<para><see langword="true" /> 如果事件应该取消;否则,<see langword="false" />.</para></returns>
    </member>
    <member name="T:System.ComponentModel.IChangeTracking">
      <summary>Defines the mechanism for querying the object for changes and resetting of the changed status.<para>定义用于查询对象以进行更改和重置更改状态的机制.</para></summary>
    </member>
    <member name="M:System.ComponentModel.IChangeTracking.AcceptChanges">
      <summary>Resets the object's state to unchanged by accepting the modifications.<para>通过接受修改将对象的状态重置为未更改.</para></summary>
    </member>
    <member name="P:System.ComponentModel.IChangeTracking.IsChanged">
      <summary>Gets the object's changed status.<para>获取对象的已更改状态.</para></summary>
      <returns>
        <see langword="true" /> if the object's content has changed since the last call to <see cref="M:System.ComponentModel.IChangeTracking.AcceptChanges" />; otherwise, <see langword="false" />.<para><see langword="true" /> 如果对象的内容自上次调用 <see cref="m:system.componentmodel.ichangetracking.acceptchanges" /> ;否则,<see langword="false" />.</para></returns>
    </member>
    <member name="T:System.ComponentModel.IEditableObject">
      <summary>Provides functionality to commit or rollback changes to an object that is used as a data source.<para>提供将更改提交或回滚到用作数据源的对象的功能.</para></summary>
    </member>
    <member name="M:System.ComponentModel.IEditableObject.BeginEdit">
      <summary>Begins an edit on an object.<para>开始对对象进行编辑.</para></summary>
    </member>
    <member name="M:System.ComponentModel.IEditableObject.CancelEdit">
      <summary>Discards changes since the last <see cref="M:System.ComponentModel.IEditableObject.BeginEdit" /> call.<para>放弃自上次 <see cref="M:System.ComponentModel.IEditableObject.BeginEdit" /> 调用以来的更改.</para></summary>
    </member>
    <member name="M:System.ComponentModel.IEditableObject.EndEdit">
      <summary>Pushes changes since the last <see cref="M:System.ComponentModel.IEditableObject.BeginEdit" /> or <see cref="M:System.ComponentModel.IBindingList.AddNew" /> call into the underlying object.<para>推送自上次 <see cref="M:System.ComponentModel.IEditableObject.BeginEdit" /> 或 <see cref="m:system.componentmodel.ibindinglist.addnew" /> 调用基础对象.</para></summary>
    </member>
    <member name="T:System.ComponentModel.IRevertibleChangeTracking">
      <summary>Provides support for rolling back the changes.<para>提供对回滚更改的支持.</para></summary>
    </member>
    <member name="M:System.ComponentModel.IRevertibleChangeTracking.RejectChanges">
      <summary>Resets the object's state to unchanged by rejecting the modifications.<para>通过拒绝修改将对象的状态重置为未更改.</para></summary>
    </member>
    <member name="T:System.IServiceProvider">
      <summary>Defines a mechanism for retrieving a service object; that is, an object that provides custom support to other objects.<para>定义检索服务对象的机制;即,为其他对象提供自定义支持的对象.</para></summary>
    </member>
    <member name="M:System.IServiceProvider.GetService(System.Type)">
      <summary>Gets the service object of the specified type.<para>获取指定类型的服务对象.</para></summary>
      <param name="serviceType">An object that specifies the type of service object to get.<para>一个对象,它指定要获取的服务对象的类型.</para></param>
      <returns>A service object of type <paramref name="serviceType" />.  
  
 -or-  
  
 <see langword="null" /> if there is no service object of type <paramref name="serviceType" />.<para>类型 <paramref name="serviceType" /> 的服务对象. -或- <see langword="null" /> 如果没有类型 <paramref name="serviceType" /> 的服务对象.</para></returns>
    </member>
  </members>
</doc>