﻿<?xml version="1.0" encoding="utf-8"?>
<doc>
  <assembly>
    <name>System.Runtime.Serialization.Primitives</name>
  </assembly>
  <members>
    <member name="T:System.Runtime.Serialization.CollectionDataContractAttribute">
      <summary>When applied to a collection type, enables custom specification of the collection item elements. This attribute can be applied only to types that are recognized by the <see cref="T:System.Runtime.Serialization.DataContractSerializer" /> as valid, serializable collections.<para>应用于集合类型时,启用集合项元素的自定义规范.此属性只能应用于被 <see cref="T:System.Runtime.Serialization.DataContractSerializer" /> 识别为有效的可序列化集合的类型.</para></summary>
    </member>
    <member name="M:System.Runtime.Serialization.CollectionDataContractAttribute.#ctor">
      <summary>Initializes a new instance of the <see cref="T:System.Runtime.Serialization.CollectionDataContractAttribute" /> class.<para>初始化 <see cref="t:system.runtime.serialization.collectiondatacontractattribute" /> .class.</para></summary>
    </member>
    <member name="P:System.Runtime.Serialization.CollectionDataContractAttribute.IsItemNameSetExplicitly">
      <summary>Gets whether <see cref="P:System.Runtime.Serialization.CollectionDataContractAttribute.ItemName" /> has been explicitly set.<para>获取是否 <see cref="p:system.runtime.serialization.collectiondatacontractattribute.itemname" /> 已明确设置.</para></summary>
      <returns>
        <see langword="true" /> if the item name has been explicitly set; otherwise, <see langword="false" />.<para><see langword="true" /> 如果已显式设置项目名称;否则,<see langword="false" />.</para></returns>
    </member>
    <member name="P:System.Runtime.Serialization.CollectionDataContractAttribute.IsKeyNameSetExplicitly">
      <summary>Gets whether <see cref="P:System.Runtime.Serialization.CollectionDataContractAttribute.KeyName" /> has been explicitly set.<para>获取是否 <see cref="p:system.runtime.serialization.collectiondatacontractattribute.keyname" /> 已明确设置.</para></summary>
      <returns>
        <see langword="true" /> if the key name has been explicitly set; otherwise, <see langword="false" />.<para><see langword="true" /> 如果已显式设置键名;否则,<see langword="false" />.</para></returns>
    </member>
    <member name="P:System.Runtime.Serialization.CollectionDataContractAttribute.IsNameSetExplicitly">
      <summary>Gets whether <see cref="P:System.Runtime.Serialization.CollectionDataContractAttribute.Name" /> has been explicitly set.<para>获取是否 <see cref="p:system.runtime.serialization.collectiondatacontractattribute.name" /> 已明确设置.</para></summary>
      <returns>
        <see langword="true" /> if the name has been explicitly set; otherwise, <see langword="false" />.<para><see langword="true" /> 如果名称已显式设置;否则,<see langword="false" />.</para></returns>
    </member>
    <member name="P:System.Runtime.Serialization.CollectionDataContractAttribute.IsNamespaceSetExplicitly">
      <summary>Gets whether <see cref="P:System.Runtime.Serialization.CollectionDataContractAttribute.Namespace" /> has been explicitly set.<para>获取是否 <see cref="p:system.runtime.serialization.collectiondatacontractattribute.namespace" /> 已明确设置.</para></summary>
      <returns>
        <see langword="true" /> if the item namespace has been explicitly set; otherwise, <see langword="false" />.<para><see langword="true" /> 如果已显式设置项目命名空间;否则,<see langword="false" />.</para></returns>
    </member>
    <member name="P:System.Runtime.Serialization.CollectionDataContractAttribute.IsReference">
      <summary>Gets or sets a value that indicates whether to preserve object reference data.<para>获取或设置一个值,该值指示是否保留对象引用数据.</para></summary>
      <returns>
        <see langword="true" /> to keep object reference data; otherwise, <see langword="false" />. The default is <see langword="false" />.<para><see langword="true" /> 保留对象引用数据;否则,<see langword="false" />.默认值为 <see langword="false" />.</para></returns>
    </member>
    <member name="P:System.Runtime.Serialization.CollectionDataContractAttribute.IsReferenceSetExplicitly">
      <summary>Gets whether reference has been explicitly set.<para>获取是否已显式设置引用.</para></summary>
      <returns>
        <see langword="true" /> if the reference has been explicitly set; otherwise, <see langword="false" />.<para><see langword="true" /> 如果已显式设置引用;否则,<see langword="false" />.</para></returns>
    </member>
    <member name="P:System.Runtime.Serialization.CollectionDataContractAttribute.IsValueNameSetExplicitly">
      <summary>Gets whether <see cref="P:System.Runtime.Serialization.CollectionDataContractAttribute.ValueName" /> has been explicitly set.<para>获取是否 <see cref="p:system.runtime.serialization.collectiondatacontractattribute.valuename" /> 已明确设置.</para></summary>
      <returns>
        <see langword="true" /> if the value name has been explicitly set; otherwise, <see langword="false" />.<para><see langword="true" /> 如果已显式设置值名称;否则,<see langword="false" />.</para></returns>
    </member>
    <member name="P:System.Runtime.Serialization.CollectionDataContractAttribute.ItemName">
      <summary>Gets or sets a custom name for a collection element.<para>获取或设置集合元素的自定义名称.</para></summary>
      <returns>The name to apply to collection elements.<para>要应用于集合元素的名称.</para></returns>
    </member>
    <member name="P:System.Runtime.Serialization.CollectionDataContractAttribute.KeyName">
      <summary>Gets or sets the custom name for a dictionary key name.<para>获取或设置字典键名称的自定义名称.</para></summary>
      <returns>The name to use instead of the default dictionary key name.<para>要使用的名称,而不是默认的字典键名称.</para></returns>
    </member>
    <member name="P:System.Runtime.Serialization.CollectionDataContractAttribute.Name">
      <summary>Gets or sets the data contract name for the collection type.<para>获取或设置集合类型的数据协定名称.</para></summary>
      <returns>The data contract name for the collection type.<para>集合类型的数据协定名称.</para></returns>
    </member>
    <member name="P:System.Runtime.Serialization.CollectionDataContractAttribute.Namespace">
      <summary>Gets or sets the namespace for the data contract.<para>获取或设置数据协定的命名空间.</para></summary>
      <returns>The namespace of the data contract.<para>数据协定的命名空间.</para></returns>
    </member>
    <member name="P:System.Runtime.Serialization.CollectionDataContractAttribute.ValueName">
      <summary>Gets or sets the custom name for a dictionary value name.<para>获取或设置字典值名称的自定义名称.</para></summary>
      <returns>The name to use instead of the default dictionary value name.<para>要使用的名称,而不是默认字典值名称.</para></returns>
    </member>
    <member name="T:System.Runtime.Serialization.ContractNamespaceAttribute">
      <summary>Specifies the CLR namespace and XML namespace of the data contract.<para>指定数据协定的 clr 命名空间和 xml 命名空间.</para></summary>
    </member>
    <member name="M:System.Runtime.Serialization.ContractNamespaceAttribute.#ctor(System.String)">
      <summary>Initializes a new instance of the <see cref="T:System.Runtime.Serialization.ContractNamespaceAttribute" /> class using the supplied namespace.<para>初始化 <see cref="t:system.runtime.serialization.contractnamespaceattribute" /> 类使用提供的命名空间.</para></summary>
      <param name="contractNamespace">The namespace of the contract.<para>协定的命名空间.</para></param>
    </member>
    <member name="P:System.Runtime.Serialization.ContractNamespaceAttribute.ClrNamespace">
      <summary>Gets or sets the CLR namespace of the data contract type.<para>获取或设置数据协定类型的 clr 命名空间.</para></summary>
      <returns>The CLR-legal namespace of a type.<para>类型的 clr 法律命名空间.</para></returns>
    </member>
    <member name="P:System.Runtime.Serialization.ContractNamespaceAttribute.ContractNamespace">
      <summary>Gets the namespace of the data contract members.<para>获取数据协定成员的命名空间.</para></summary>
      <returns>The namespace of the data contract members.<para>数据协定成员的命名空间.</para></returns>
    </member>
    <member name="T:System.Runtime.Serialization.DataContractAttribute">
      <summary>Specifies that the type defines or implements a data contract and is serializable by a serializer, such as the <see cref="T:System.Runtime.Serialization.DataContractSerializer" />. To make their type serializable, type authors must define a data contract for their type.<para>指定类型定义或实现数据协定,并可由序列化程序（如 <see cref="T:System.Runtime.Serialization.DataContractSerializer" />）序列化.若要使其类型可序列化,类型作者必须为其类型定义数据协定.</para></summary>
    </member>
    <member name="M:System.Runtime.Serialization.DataContractAttribute.#ctor">
      <summary>Initializes a new instance of the <see cref="T:System.Runtime.Serialization.DataContractAttribute" /> class.<para>初始化 <see cref="t:system.runtime.serialization.datacontractattribute" /> .class.</para></summary>
    </member>
    <member name="P:System.Runtime.Serialization.DataContractAttribute.IsNameSetExplicitly">
      <summary>Gets whether <see cref="P:System.Runtime.Serialization.DataContractAttribute.Name" /> has been explicitly set.<para>获取是否 <see cref="p:system.runtime.serialization.datacontractattribute.name" /> 已明确设置.</para></summary>
      <returns>
        <see langword="true" /> if the name has been explicitly set; otherwise, <see langword="false" />.<para><see langword="true" /> 如果名称已显式设置;否则,<see langword="false" />.</para></returns>
    </member>
    <member name="P:System.Runtime.Serialization.DataContractAttribute.IsNamespaceSetExplicitly">
      <summary>Gets whether <see cref="P:System.Runtime.Serialization.DataContractAttribute.Namespace" /> has been explicitly set.<para>获取是否 <see cref="p:system.runtime.serialization.datacontractattribute.namespace" /> 已明确设置.</para></summary>
      <returns>
        <see langword="true" /> if the namespace has been explicitly set; otherwise, <see langword="false" />.<para><see langword="true" /> 如果命名空间已显式设置;否则,<see langword="false" />.</para></returns>
    </member>
    <member name="P:System.Runtime.Serialization.DataContractAttribute.IsReference">
      <summary>Gets or sets a value that indicates whether to preserve object reference data.<para>获取或设置一个值,该值指示是否保留对象引用数据.</para></summary>
      <returns>
        <see langword="true" /> to keep object reference data using standard XML; otherwise, <see langword="false" />. The default is <see langword="false" />.<para><see langword="true" /> 使用标准 xml 保留对象引用数据;否则,<see langword="false" />.默认值为 <see langword="false" />.</para></returns>
    </member>
    <member name="P:System.Runtime.Serialization.DataContractAttribute.IsReferenceSetExplicitly">
      <summary>Gets whether <see cref="P:System.Runtime.Serialization.DataContractAttribute.IsReference" /> has been explicitly set.<para>获取是否 <see cref="p:system.runtime.serialization.datacontractattribute.isreference" /> 已明确设置.</para></summary>
      <returns>
        <see langword="true" /> if the reference has been explicitly set; otherwise, <see langword="false" />.<para><see langword="true" /> 如果已显式设置引用;否则,<see langword="false" />.</para></returns>
    </member>
    <member name="P:System.Runtime.Serialization.DataContractAttribute.Name">
      <summary>Gets or sets the name of the data contract for the type.<para>获取或设置类型的数据协定的名称.</para></summary>
      <returns>The local name of a data contract. The default is the name of the class that the attribute is applied to.<para>数据协定的本地名称.默认值是应用属性的类的名称.</para></returns>
    </member>
    <member name="P:System.Runtime.Serialization.DataContractAttribute.Namespace">
      <summary>Gets or sets the namespace for the data contract for the type.<para>获取或设置类型的数据协定的命名空间.</para></summary>
      <returns>The namespace of the contract.<para>协定的命名空间.</para></returns>
    </member>
    <member name="T:System.Runtime.Serialization.DataMemberAttribute">
      <summary>When applied to the member of a type, specifies that the member is part of a data contract and is serializable by the <see cref="T:System.Runtime.Serialization.DataContractSerializer" />.<para>应用于类型的成员时,指定该成员是数据协定的一部分,并且可由 <see cref="T:System.Runtime.Serialization.DataContractSerializer" /> 序列化.</para></summary>
    </member>
    <member name="M:System.Runtime.Serialization.DataMemberAttribute.#ctor">
      <summary>Initializes a new instance of the <see cref="T:System.Runtime.Serialization.DataMemberAttribute" /> class.<para>初始化 <see cref="t:system.runtime.serialization.datamemberattribute" /> .class.</para></summary>
    </member>
    <member name="P:System.Runtime.Serialization.DataMemberAttribute.EmitDefaultValue">
      <summary>Gets or sets a value that specifies whether to serialize the default value for a field or property being serialized.<para>获取或设置一个值,该值指定是否序列化要序列化的字段或属性的默认值.</para></summary>
      <returns>
        <see langword="true" /> if the default value for a member should be generated in the serialization stream; otherwise, <see langword="false" />. The default is <see langword="true" />.<para><see langword="true" /> 如果应在序列化流中生成成员的默认值;否则,<see langword="false" />.默认值为 <see langword="true" />.</para></returns>
    </member>
    <member name="P:System.Runtime.Serialization.DataMemberAttribute.IsNameSetExplicitly">
      <summary>Gets whether <see cref="P:System.Runtime.Serialization.DataMemberAttribute.Name" /> has been explicitly set.<para>获取是否 <see cref="p:system.runtime.serialization.datamemberattribute.name" /> 已明确设置.</para></summary>
      <returns>
        <see langword="true" /> if the name has been explicitly set; otherwise, <see langword="false" />.<para><see langword="true" /> 如果名称已显式设置;否则,<see langword="false" />.</para></returns>
    </member>
    <member name="P:System.Runtime.Serialization.DataMemberAttribute.IsRequired">
      <summary>Gets or sets a value that instructs the serialization engine that the member must be present when reading or deserializing.<para>获取或设置一个值,该值指示序列化引擎在读取或反序列化时成员必须存在.</para></summary>
      <exception cref="T:System.Runtime.Serialization.SerializationException">the member is not present.<para>成员不在场.</para></exception>
      <returns>
        <see langword="true" />, if the member is required; otherwise, <see langword="false" />.<para><see langword="true" />,如果需要成员;否则,<see langword="false" />.</para></returns>
    </member>
    <member name="P:System.Runtime.Serialization.DataMemberAttribute.Name">
      <summary>Gets or sets a data member name.<para>获取或设置数据成员名称.</para></summary>
      <returns>The name of the data member. The default is the name of the target that the attribute is applied to.<para>数据成员的名称.默认值是应用属性的目标的名称.</para></returns>
    </member>
    <member name="P:System.Runtime.Serialization.DataMemberAttribute.Order">
      <summary>Gets or sets the order of serialization and deserialization of a member.<para>获取或设置成员的序列化和反序列化的顺序.</para></summary>
      <returns>The numeric order of serialization or deserialization.<para>序列化或反序列化的数字顺序.</para></returns>
    </member>
    <member name="T:System.Runtime.Serialization.EnumMemberAttribute">
      <summary>Specifies that the field is an enumeration member and should be serialized.<para>指定字段是枚举成员,应序列化.</para></summary>
    </member>
    <member name="M:System.Runtime.Serialization.EnumMemberAttribute.#ctor">
      <summary>Initializes a new instance of the <see cref="T:System.Runtime.Serialization.EnumMemberAttribute" /> class.<para>初始化 <see cref="t:system.runtime.serialization.enummemberattribute" /> .class.</para></summary>
    </member>
    <member name="P:System.Runtime.Serialization.EnumMemberAttribute.IsValueSetExplicitly">
      <summary>Gets whether the <see cref="P:System.Runtime.Serialization.EnumMemberAttribute.Value" /> has been explicitly set.<para>获取是否 <see cref="p:system.runtime.serialization.enummemberattribute.value" /> 已明确设置.</para></summary>
      <returns>
        <see langword="true" /> if the value has been explicitly set; otherwise, <see langword="false" />.<para><see langword="true" /> 如果已显式设置该值;否则,<see langword="false" />.</para></returns>
    </member>
    <member name="P:System.Runtime.Serialization.EnumMemberAttribute.Value">
      <summary>Gets or sets the value associated with the enumeration member the attribute is applied to.<para>获取或设置与应用属性的枚举成员关联的值.</para></summary>
      <returns>The value associated with the enumeration member.<para>与枚举成员关联的值.</para></returns>
    </member>
    <member name="T:System.Runtime.Serialization.IgnoreDataMemberAttribute">
      <summary>When applied to the member of a type, specifies that the member is not part of a data contract and is not serialized.<para>应用于类型的成员时,指定该成员不是数据协定的一部分,并且不序列化.</para></summary>
    </member>
    <member name="M:System.Runtime.Serialization.IgnoreDataMemberAttribute.#ctor">
      <summary>Initializes a new instance of the <see cref="T:System.Runtime.Serialization.IgnoreDataMemberAttribute" /> class.<para>初始化 <see cref="t:system.runtime.serialization.ignoredatamemberattribute" /> .class.</para></summary>
    </member>
    <member name="T:System.Runtime.Serialization.InvalidDataContractException">
      <summary>The exception that is thrown when the <see cref="T:System.Runtime.Serialization.DataContractSerializer" /> or <see cref="T:System.Runtime.Serialization.NetDataContractSerializer" /> encounters an invalid data contract during serialization and deserialization.<para>当 <see cref="T:System.Runtime.Serialization.DataContractSerializer" /> 或 <see cref="T:System.Runtime.Serialization.NetDataContractSerializer" /> 在序列化和反序列化期间遇到无效的数据协定时引发的异常.</para></summary>
    </member>
    <member name="M:System.Runtime.Serialization.InvalidDataContractException.#ctor">
      <summary>Initializes a new instance of the <see cref="T:System.Runtime.Serialization.InvalidDataContractException" /> class.<para>初始化 <see cref="T:System.Runtime.Serialization.InvalidDataContractException" /> 类的新实例.</para></summary>
    </member>
    <member name="M:System.Runtime.Serialization.InvalidDataContractException.#ctor(System.Runtime.Serialization.SerializationInfo,System.Runtime.Serialization.StreamingContext)">
      <summary>Initializes a new instance of the <see cref="T:System.Runtime.Serialization.InvalidDataContractException" /> class with the specified <see cref="T:System.Runtime.Serialization.SerializationInfo" /> and <see cref="T:System.Runtime.Serialization.StreamingContext" />.<para>使用指定的 <see cref="T:System.Runtime.Serialization.SerializationInfo" /> 和 <see cref="T:System.Runtime.Serialization.StreamingContext" /> 初始化 <see cref="T:System.Runtime.Serialization.InvalidDataContractException" /> 类的新实例.</para></summary>
      <param name="info">A <see cref="T:System.Runtime.Serialization.SerializationInfo" /> that contains data needed to serialize and deserialize an object.<para>一个 <see cref="T:System.Runtime.Serialization.SerializationInfo" />,其中包含序列化和反序列化对象所需的数据.</para></param>
      <param name="context">A <see cref="T:System.Runtime.Serialization.StreamingContext" /> that specifies user context during serialization and deserialization.<para>一个 <see cref="T:System.Runtime.Serialization.StreamingContext" />,它在序列化和反序列化期间指定用户上下文.</para></param>
    </member>
    <member name="M:System.Runtime.Serialization.InvalidDataContractException.#ctor(System.String)">
      <summary>Initializes a new instance of the <see cref="T:System.Runtime.Serialization.InvalidDataContractException" /> class with the specified error message.<para>使用指定的错误消息初始化 <see cref="T:System.Runtime.Serialization.InvalidDataContractException" /> 类的新实例.</para></summary>
      <param name="message">A description of the error.<para>错误的说明.</para></param>
    </member>
    <member name="M:System.Runtime.Serialization.InvalidDataContractException.#ctor(System.String,System.Exception)">
      <summary>Initializes a new instance of the <see cref="T:System.Runtime.Serialization.InvalidDataContractException" /> class with the specified error message and inner exception.<para>初始化具有指定错误消息和内部异常的 <see cref="T:System.Runtime.Serialization.InvalidDataContractException" /> 类的新实例.</para></summary>
      <param name="message">A description of the error.<para>错误的说明.</para></param>
      <param name="innerException">The original <see cref="T:System.Exception" />.<para>原始 <see cref="T:System.Exception" />.</para></param>
    </member>
    <member name="T:System.Runtime.Serialization.ISerializationSurrogateProvider">
      <summary>Provides the methods needed to construct a serialization surrogate that extends the <see cref="T:System.Runtime.Serialization.DataContractSerializer" />. A serialization surrogate is used during serialization and deserialization to substitute one type for another.<para>提供构造扩展 <see cref="T:System.Runtime.Serialization.DataContractSerializer" /> 的序列化代理项所需的方法.序列化代理项在序列化和反序列化期间用于将一种类型替换为另一种类型.</para></summary>
    </member>
    <member name="M:System.Runtime.Serialization.ISerializationSurrogateProvider.GetDeserializedObject(System.Object,System.Type)">
      <summary>During deserialization, returns an object that is a substitute for the specified object.<para>在反序列化期间,返回一个对象,该对象是指定对象的替代对象.</para></summary>
      <param name="obj">The deserialized object to be substituted.<para>要替换的反序列化对象.</para></param>
      <param name="targetType">The <see cref="T:System.Type" /> that the substituted object should be assigned to.<para>应将替换对象分配到的 <see cref="T:System.Type" />.</para></param>
      <returns>The substituted deserialized object.<para>被替换的反序列化对象.</para></returns>
    </member>
    <member name="M:System.Runtime.Serialization.ISerializationSurrogateProvider.GetObjectToSerialize(System.Object,System.Type)">
      <summary>During serialization, returns an object that substitutes the specified object.<para>在序列化期间,返回替换指定对象的对象.</para></summary>
      <param name="obj">The object to substitute.<para>要替换的对象.</para></param>
      <param name="targetType">The <see cref="T:System.Type" /> that the substituted object should be assigned to.<para>应将替换对象分配到的 <see cref="T:System.Type" />.</para></param>
      <returns>The substituted object that will be serialized.<para>将序列化的替换对象.</para></returns>
    </member>
    <member name="M:System.Runtime.Serialization.ISerializationSurrogateProvider.GetSurrogateType(System.Type)">
      <summary>During serialization, deserialization, and schema import and export, returns a data contract type that substitutes the specified type.<para>在序列化、反序列化以及架构导入和导出期间,返回替换指定类型的数据协定类型.</para></summary>
      <param name="type">The type to substitute.<para>要替换的类型.</para></param>
      <returns>The <see cref="T:System.Type" /> to substitute for the <paramref name="type" /> value.<para>要替换 <paramref name="type" /> 值的 <see cref="T:System.Type" />.</para></returns>
    </member>
    <member name="T:System.Runtime.Serialization.ISerializationSurrogateProvider2">
      <summary>Provides the methods needed to substitute one type for another by DataContractSerializer during export and import of XML schema documents (XSD). This interface builds upon <see cref="T:System.Runtime.Serialization.ISerializationSurrogateProvider" />.<para>提供在导出和导入 xml 架构文档 （xsd） 期间由 datacontractserializer 将一种类型替换为另一种类型所需的方法.此接口基于 <see cref="T:System.Runtime.Serialization.ISerializationSurrogateProvider" /> 构建.</para></summary>
    </member>
    <member name="M:System.Runtime.Serialization.ISerializationSurrogateProvider2.GetCustomDataToExport(System.Reflection.MemberInfo,System.Type)">
      <summary>During schema export operations, inserts annotations into the schema for non-<see langword="null" /> return values.<para>在架构导出操作期间,将非 <see langword="null" /> 返回值的批注插入到架构中.</para></summary>
      <param name="memberInfo">A <see cref="T:System.Reflection.MemberInfo" /> that describes the member.<para>描述成员的 <see cref="T:System.Reflection.MemberInfo" />.</para></param>
      <param name="dataContractType">The data contract type to be annotated.<para>要批注的数据协定类型.</para></param>
      <returns>An object that represents the annotation to be inserted into the XML schema definition.<para>一个对象,表示要插入到 xml 架构定义中的批注.</para></returns>
    </member>
    <member name="M:System.Runtime.Serialization.ISerializationSurrogateProvider2.GetCustomDataToExport(System.Type,System.Type)">
      <summary>During schema export operations, inserts annotations into the schema for non-<see langword="null" /> return values.<para>在架构导出操作期间,将非 <see langword="null" /> 返回值的批注插入到架构中.</para></summary>
      <param name="runtimeType">The runtime type to be replaced.<para>要替换的运行时类型.</para></param>
      <param name="dataContractType">The data contract type to be annotated.<para>要批注的数据协定类型.</para></param>
      <returns>An object that represents the annotation to be inserted into the XML schema definition.<para>一个对象,表示要插入到 xml 架构定义中的批注.</para></returns>
    </member>
    <member name="M:System.Runtime.Serialization.ISerializationSurrogateProvider2.GetKnownCustomDataTypes(System.Collections.ObjectModel.Collection{System.Type})">
      <summary>Sets the collection of known types to use for serialization and deserialization of the custom data objects.<para>设置用于自定义数据对象的序列化和反序列化的已知类型的集合.</para></summary>
      <param name="customDataTypes">A collection of <see cref="T:System.Type" /> instances to add known types to.<para>要向其添加已知类型的 <see cref="T:System.Type" /> 实例的集合.</para></param>
    </member>
    <member name="M:System.Runtime.Serialization.ISerializationSurrogateProvider2.GetReferencedTypeOnImport(System.String,System.String,System.Object)">
      <summary>During schema import, returns the type referenced by the schema.<para>在架构导入期间,返回架构引用的类型.</para></summary>
      <param name="typeName">The name of the type in the schema.<para>架构中类型的名称.</para></param>
      <param name="typeNamespace">The namespace of the type in the schema.<para>架构中类型的命名空间.</para></param>
      <param name="customData">The object that represents the annotation inserted into the XML schema definition, which is data that can be used for finding the referenced type.<para>表示插入到 xml 架构定义中的批注的对象,该批注是可用于查找引用类型的数据.</para></param>
      <returns>The <see cref="T:System.Type" /> to use for the referenced type.<para>要用于引用类型的 <see cref="T:System.Type" />.</para></returns>
    </member>
    <member name="T:System.Runtime.Serialization.KnownTypeAttribute">
      <summary>Specifies types that should be recognized by the <see cref="T:System.Runtime.Serialization.DataContractSerializer" /> when serializing or deserializing a given type.<para>指定在序列化或反序列化给定类型时应由 <see cref="T:System.Runtime.Serialization.DataContractSerializer" /> 识别的类型.</para></summary>
    </member>
    <member name="M:System.Runtime.Serialization.KnownTypeAttribute.#ctor(System.String)">
      <summary>Initializes a new instance of the <see cref="T:System.Runtime.Serialization.KnownTypeAttribute" /> class with the name of a method that returns an <see cref="T:System.Collections.IEnumerable" /> of known types.<para>初始化 <see cref="t:system.runtime.serialization.knowntypeattribute" /> 具有返回已知类型的 <see cref="T:System.Collections.IEnumerable" /> 的方法名称的类.</para></summary>
      <param name="methodName">The name of the method that returns an <see cref="T:System.Collections.IEnumerable" /> of types used when serializing or deserializing data.<para>返回序列化或反序列化数据时使用的类型的 <see cref="T:System.Collections.IEnumerable" /> 的方法的名称.</para></param>
    </member>
    <member name="M:System.Runtime.Serialization.KnownTypeAttribute.#ctor(System.Type)">
      <summary>Initializes a new instance of the <see cref="T:System.Runtime.Serialization.KnownTypeAttribute" /> class with the specified type.<para>初始化 <see cref="t:system.runtime.serialization.knowntypeattribute" /> 具有指定类型的类.</para></summary>
      <param name="type">The <see cref="T:System.Type" /> that is included as a known type when serializing or deserializing data.<para>序列化或反序列化数据时作为已知类型包含的 <see cref="T:System.Type" />.</para></param>
    </member>
    <member name="P:System.Runtime.Serialization.KnownTypeAttribute.MethodName">
      <summary>Gets the name of a method that will return a list of types that should be recognized during serialization or deserialization.<para>获取方法的名称,该方法将返回在序列化或反序列化期间应识别的类型列表.</para></summary>
      <returns>A <see cref="T:System.String" /> that contains the name of the method on the type defined by the <see cref="T:System.Runtime.Serialization.KnownTypeAttribute" /> class.<para>一个 <see cref="T:System.String" />,它包含由 <see cref="t:system.runtime.serialization.knowntypeattribute" /> .class.</para></returns>
    </member>
    <member name="P:System.Runtime.Serialization.KnownTypeAttribute.Type">
      <summary>Gets the type that should be recognized during serialization or deserialization by the <see cref="T:System.Runtime.Serialization.DataContractSerializer" />.<para>获取在序列化或反序列化期间应由 <see cref="T:System.Runtime.Serialization.DataContractSerializer" /> 识别的类型.</para></summary>
      <returns>The <see cref="T:System.Type" /> that is used during serialization or deserialization.<para>序列化或反序列化期间使用的 <see cref="T:System.Type" />.</para></returns>
    </member>
  </members>
</doc>