﻿<?xml version="1.0" encoding="utf-8"?>
<doc>
  <assembly>
    <name>System.Runtime.InteropServices.JavaScript</name>
  </assembly>
  <members>
    <member name="T:System.Runtime.InteropServices.JavaScript.JSException">
      <summary>Represents an exception initiated from the JavaScript interop code.<para>表示从 javascript 互操作代码启动的异常.</para></summary>
    </member>
    <member name="M:System.Runtime.InteropServices.JavaScript.JSException.#ctor(System.String)">
      <summary>Initializes a new instance of the JSException class with a specified error message.<para>使用指定的错误消息初始化 jsexception 类的新实例.</para></summary>
      <param name="msg">The message that describes the error.<para>描述错误的消息.</para></param>
    </member>
    <member name="T:System.Runtime.InteropServices.JavaScript.JSExportAttribute">
      <summary>Indicates that a source generator should export the attributed method to JavaScript and create thunks necessary to marshal its arguments and any return value or thrown exception.<para>指示源生成器应将属性化方法导出到 javascript,并创建封送其参数和任何返回值或引发的异常所需的 thunk.</para></summary>
    </member>
    <member name="M:System.Runtime.InteropServices.JavaScript.JSExportAttribute.#ctor">
      <summary>Initializes a new instance of the <see cref="T:System.Runtime.InteropServices.JavaScript.JSExportAttribute" /> class.<para>初始化 <see cref="t:system.runtime.interopservices.javascript.jsexportattribute" /> .class.</para></summary>
    </member>
    <member name="T:System.Runtime.InteropServices.JavaScript.JSHost">
      <summary>Represents the JavaScript host environment where the .NET runtime is currently operating.<para>表示 .net 运行时当前正在运行的 javascript 主机环境.</para></summary>
    </member>
    <member name="M:System.Runtime.InteropServices.JavaScript.JSHost.ImportAsync(System.String,System.String,System.Threading.CancellationToken)">
      <summary>Downloads and instantiates an ES6 module from the provided URL, via the JavaScript host's dynamic import API.
            If a module with the provided <paramref name="moduleName" /> has previously been instantiated, it will be returned instead.<para>通过 javascript 主机的动态导入 api,从提供的 url 下载并实例化 es6 模块. 如果之前已实例化了具有提供的 <paramref name="moduleName" /> 的模块,则将改为返回该模块.</para></summary>
      <param name="moduleName">Globally unique identifier of the ES6 module, which is used by <see cref="M:System.Runtime.InteropServices.JavaScript.JSImportAttribute.#ctor(System.String,System.String)" />.<para>es6 模块的全局唯一标识符,由 <see cref="m:system.runtime.interopservices.javascript.jsimportattribute.#ctor（system.string,system.string）" /> .</para></param>
      <param name="moduleUrl">The location of the module file.<para>模块文件的位置.</para></param>
      <param name="cancellationToken">The token to monitor for cancellation requests.<para>要监视取消请求的令牌.</para></param>
      <returns>A proxy for the JavaScript object that contains the module's exports.<para>包含模块导出的 javascript 对象的代理.</para></returns>
    </member>
    <member name="P:System.Runtime.InteropServices.JavaScript.JSHost.DotnetInstance">
      <summary>Returns a proxy for the JavaScript module that contains the .NET runtime.<para>返回包含 .net 运行时的 javascript 模块的代理.</para></summary>
    </member>
    <member name="P:System.Runtime.InteropServices.JavaScript.JSHost.GlobalThis">
      <summary>Returns a proxy for the globalThis JavaScript host object.<para>返回 globalthis javascript 主机对象的代理.</para></summary>
    </member>
    <member name="T:System.Runtime.InteropServices.JavaScript.JSImportAttribute">
      <summary>Indicates that the JSImport source generator should create a managed wrapper to invoke a specific imported JavaScript function and marshal its arguments, return values, and exceptions.<para>指示 jsimport 源生成器应创建一个托管包装器来调用特定的导入 javascript 函数并封送其参数、返回值和异常.</para></summary>
    </member>
    <member name="M:System.Runtime.InteropServices.JavaScript.JSImportAttribute.#ctor(System.String)">
      <summary>Initializes a new instance of the <see cref="T:System.Runtime.InteropServices.JavaScript.JSImportAttribute" /> class.<para>初始化 <see cref="t:system.runtime.interopservices.javascript.jsimportattribute" /> .class.</para></summary>
      <param name="functionName">The name of the function to be bound in the module. Use dots for nested objects.<para>要在模块中绑定的函数的名称.对嵌套对象使用点.</para></param>
    </member>
    <member name="M:System.Runtime.InteropServices.JavaScript.JSImportAttribute.#ctor(System.String,System.String)">
      <summary>Initializes a new instance of the <see cref="T:System.Runtime.InteropServices.JavaScript.JSImportAttribute" /> class.<para>初始化 <see cref="t:system.runtime.interopservices.javascript.jsimportattribute" /> .class.</para></summary>
      <param name="functionName">The name of the target JavaScript function. This name will be used as a key to locate the function in the module.
            Functions nested inside of objects can be referred to by using the dot operator to connect one or more names.<para>目标 javascript 函数的名称.此名称将用作在模块中查找函数的键. 嵌套在对象内部的函数可以通过使用点运算符连接一个或多个名称来引用.</para></param>
      <param name="moduleName">Globally unique identifier of the ES6 module, if any, that contains the function. The module must be loaded via <see cref="M:System.Runtime.InteropServices.JavaScript.JSHost.ImportAsync(System.String,System.String,System.Threading.CancellationToken)" /> before any attempt to invoke the function.<para>包含函数的 es6 模块的全局唯一标识符（如果有）.模块必须通过以下方式加载 <see cref="m:system.runtime.interopservices.javascript.jshost.importasync（system.string,system.string,system.threading.canceltoken）" /> 在尝试调用函数之前.</para></param>
    </member>
    <member name="P:System.Runtime.InteropServices.JavaScript.JSImportAttribute.FunctionName">
      <summary>Gets the name of the target JavaScript function. This name will be used as a key to locate the function in the module.<para>获取目标 javascript 函数的名称.此名称将用作在模块中查找函数的键.</para></summary>
    </member>
    <member name="P:System.Runtime.InteropServices.JavaScript.JSImportAttribute.ModuleName">
      <summary>Gets the globally unique identifier of the ES6 module, if any, that contains the function. The module must be loaded via <see cref="M:System.Runtime.InteropServices.JavaScript.JSHost.ImportAsync(System.String,System.String,System.Threading.CancellationToken)" /> before any attempt to invoke the function.<para>获取包含函数的 es6 模块的全局唯一标识符（如果有）.模块必须通过以下方式加载 <see cref="m:system.runtime.interopservices.javascript.jshost.importasync（system.string,system.string,system.threading.canceltoken）" /> 在尝试调用函数之前.</para></summary>
    </member>
    <member name="T:System.Runtime.InteropServices.JavaScript.JSMarshalAsAttribute`1">
      <summary>Specifies the JavaScript type associated with a managed argument or return value.
            The JSImport generator will use this information to marshal data between the JavaScript and managed environments.<para>指定与托管参数或返回值关联的 javascript 类型. jsimport 生成器将使用此信息在 javascript 和托管环境之间封送数据.</para></summary>
      <typeparam name="T">One of the types defined in <see cref="T:System.Runtime.InteropServices.JavaScript.JSType" />, for example <see cref="T:System.Runtime.InteropServices.JavaScript.JSType.MemoryView" />.<para><see cref="T:System.Runtime.InteropServices.JavaScript.JSType" /> 中定义的类型之一,例如 <see cref="T:System.Runtime.InteropServices.JavaScript.JSType.MemoryView" />.</para></typeparam>
    </member>
    <member name="M:System.Runtime.InteropServices.JavaScript.JSMarshalAsAttribute`1.#ctor">
      <summary>Initializes a new instance of <see cref="T:System.Runtime.InteropServices.JavaScript.JSMarshalAsAttribute`1" /> configured by generic parameters of <see cref="T:System.Runtime.InteropServices.JavaScript.JSType" />.<para>初始化 的新实例 <see cref="t:system.runtime.interopservices.javascript.jsmarshalasattribute`1" /> 由 <see cref="T:System.Runtime.InteropServices.JavaScript.JSType" /> 的泛型参数配置.</para></summary>
    </member>
    <member name="T:System.Runtime.InteropServices.JavaScript.JSMarshalerArgument.ArgumentToJSCallback`1">
      <summary>Assists in marshalling of Task results and Function arguments.
            This API is used by JSImport code generator and should not be used by developers in source code.<para>协助编组任务结果和函数参数. 此 api 由 jsimport 代码生成器使用,开发人员不应在源代码中使用.</para></summary>
      <param name="arg">The low-level argument representation.<para>低级参数表示形式.</para></param>
      <param name="value">The value to be marshalled.<para>要封送的值.</para></param>
      <typeparam name="T">The type of the marshalled value.<para>封送值的类型.</para></typeparam>
    </member>
    <member name="T:System.Runtime.InteropServices.JavaScript.JSMarshalerArgument.ArgumentToManagedCallback`1">
      <summary>Assists in marshalling of Task results and Function arguments.
            This API is used by JSImport code generator and should not be used by developers in source code.<para>协助编组任务结果和函数参数. 此 api 由 jsimport 代码生成器使用,开发人员不应在源代码中使用.</para></summary>
      <param name="arg">The low-level argument representation.<para>低级参数表示形式.</para></param>
      <param name="value">The value to be marshalled.<para>要封送的值.</para></param>
      <typeparam name="T">The type of the marshalled value.<para>封送值的类型.</para></typeparam>
    </member>
    <member name="T:System.Runtime.InteropServices.JavaScript.JSObject">
      <summary>Represents a reference to an object in the JavaScript host environment and enables interaction with it as a proxy.<para>表示对 javascript 宿主环境中对象的引用,并允许作为代理与该对象进行交互.</para></summary>
    </member>
    <member name="M:System.Runtime.InteropServices.JavaScript.JSObject.Dispose">
      <summary>Performs application-defined tasks associated with freeing, releasing, or resetting unmanaged resources.<para>执行与释放、释放或重置非托管资源相关的应用程序定义的任务.</para></summary>
    </member>
    <member name="M:System.Runtime.InteropServices.JavaScript.JSObject.GetPropertyAsBoolean(System.String)">
      <summary>Returns the value of the specified property as <see cref="T:System.Boolean" /> if the property exists, otherwise <see langword="false" />.<para>如果指定属性存在,则返回指定属性的值为 <see cref="T:System.Boolean" />,否则返回 <see langword="false" />.</para></summary>
      <param name="propertyName">The name of the property.<para>属性的名称.</para></param>
      <exception cref="T:System.Runtime.InteropServices.JavaScript.JSException">The property value is not a <see cref="T:System.Boolean" />.<para>属性值不是 <see cref="T:System.Boolean" />.</para></exception>
      <returns>The value of the property with the specified name.<para>具有指定名称的属性的值.</para></returns>
    </member>
    <member name="M:System.Runtime.InteropServices.JavaScript.JSObject.GetPropertyAsByteArray(System.String)">
      <summary>Returns the value of the specified property as a <see cref="T:System.Byte" /> array if the property exists, otherwise <see langword="null" />.<para>如果指定属性存在,则以 <see cref="T:System.Byte" /> 数组的形式返回该属性的值,否则返回 <see langword="null" />.</para></summary>
      <param name="propertyName">The name of the property.<para>属性的名称.</para></param>
      <exception cref="T:System.Runtime.InteropServices.JavaScript.JSException">The property value is not an array.<para>属性值不是数组.</para></exception>
      <returns>The value of the property with the specified name.<para>具有指定名称的属性的值.</para></returns>
    </member>
    <member name="M:System.Runtime.InteropServices.JavaScript.JSObject.GetPropertyAsDouble(System.String)">
      <summary>Returns the value of the property as <see cref="T:System.Double" /> if the property exists, otherwise 0.<para>如果属性存在,则返回属性的值为 <see cref="T:System.Double" />,否则为 0.</para></summary>
      <param name="propertyName">The name of the property.<para>属性的名称.</para></param>
      <exception cref="T:System.Runtime.InteropServices.JavaScript.JSException">The property value is not a number.<para>属性值不是数字.</para></exception>
      <returns>The value of the property with the specified name.<para>具有指定名称的属性的值.</para></returns>
    </member>
    <member name="M:System.Runtime.InteropServices.JavaScript.JSObject.GetPropertyAsInt32(System.String)">
      <summary>Returns the value of the property as <see cref="T:System.Int32" /> if the property exists, otherwise 0.<para>如果属性存在,则返回属性的值为 <see cref="T:System.Int32" />,否则为 0.</para></summary>
      <param name="propertyName">The name of the property.<para>属性的名称.</para></param>
      <exception cref="T:System.Runtime.InteropServices.JavaScript.JSException">The property value is not an integer.<para>属性值不是整数.</para></exception>
      <returns>The value of the property with the specified name.<para>具有指定名称的属性的值.</para></returns>
    </member>
    <member name="M:System.Runtime.InteropServices.JavaScript.JSObject.GetPropertyAsJSObject(System.String)">
      <summary>Returns the value of the property as <see cref="T:System.Runtime.InteropServices.JavaScript.JSObject" /> proxy if the property exists, otherwise <see langword="null" />.<para>如果属性存在,则返回作为 <see cref="T:System.Runtime.InteropServices.JavaScript.JSObject" /> 代理的属性值,否则返回 <see langword="null" />.</para></summary>
      <param name="propertyName">The name of the property.<para>属性的名称.</para></param>
      <exception cref="T:System.Runtime.InteropServices.JavaScript.JSException">The property value is not a <see cref="T:System.Runtime.InteropServices.JavaScript.JSObject" />.<para>属性值不是 <see cref="T:System.Runtime.InteropServices.JavaScript.JSObject" />.</para></exception>
      <returns>The value of the property with the specified name.<para>具有指定名称的属性的值.</para></returns>
    </member>
    <member name="M:System.Runtime.InteropServices.JavaScript.JSObject.GetPropertyAsString(System.String)">
      <summary>Returns the value of the property as <see cref="T:System.String" /> if the property exists, otherwise <see langword="null" />.<para>如果属性存在,则返回属性的值为 <see cref="T:System.String" />,否则返回 <see langword="null" />.</para></summary>
      <param name="propertyName">The name of the property.<para>属性的名称.</para></param>
      <exception cref="T:System.Runtime.InteropServices.JavaScript.JSException">The property value is not a string.<para>属性值不是字符串.</para></exception>
      <returns>The value of the property with the specified name.<para>具有指定名称的属性的值.</para></returns>
    </member>
    <member name="M:System.Runtime.InteropServices.JavaScript.JSObject.GetTypeOfProperty(System.String)">
      <summary>Returns <code>typeof()</code> of the property.<para>返回属性的 <code>typeof()</code>.</para></summary>
      <param name="propertyName">The name of the property.<para>属性的名称.</para></param>
      <returns>One of "undefined", "object", "boolean", "number", "bigint", "string", "symbol" or "function".<para>"未定义"、"对象"、"布尔"、"数字"、"bigint"、"字符串"、"符号"或"函数"之一.</para></returns>
    </member>
    <member name="M:System.Runtime.InteropServices.JavaScript.JSObject.HasProperty(System.String)">
      <summary>Checks whether the target object or one of its prototypes has a property with the specified name.<para>检查目标对象或其原型之一是否具有具有指定名称的属性.</para></summary>
      <param name="propertyName">The name of the property.<para>属性的名称.</para></param>
      <returns>
        <see langword="true" /> when the object has the property with the specified name.<para><see langword="true" /> 当对象具有具有指定名称的属性时.</para></returns>
    </member>
    <member name="M:System.Runtime.InteropServices.JavaScript.JSObject.SetProperty(System.String,System.Boolean)">
      <summary>Defines a new property on the target object, or modifies an existing property to have the specified value.<para>在目标对象上定义新属性,或修改现有属性以具有指定的值.</para></summary>
      <param name="propertyName">The name of the property.<para>属性的名称.</para></param>
      <param name="value">The value of property to set.<para>要设置的属性的值.</para></param>
    </member>
    <member name="M:System.Runtime.InteropServices.JavaScript.JSObject.SetProperty(System.String,System.Byte[])">
      <summary>Defines a new property on the target object, or modifies an existing property to have the specified value.<para>在目标对象上定义新属性,或修改现有属性以具有指定的值.</para></summary>
      <param name="propertyName">The name of the property.<para>属性的名称.</para></param>
      <param name="value">The value of property to set.<para>要设置的属性的值.</para></param>
    </member>
    <member name="M:System.Runtime.InteropServices.JavaScript.JSObject.SetProperty(System.String,System.Double)">
      <summary>Defines a new property on the target object, or modifies an existing property to have the specified value.<para>在目标对象上定义新属性,或修改现有属性以具有指定的值.</para></summary>
      <param name="propertyName">The name of the property.<para>属性的名称.</para></param>
      <param name="value">The value of property to set.<para>要设置的属性的值.</para></param>
    </member>
    <member name="M:System.Runtime.InteropServices.JavaScript.JSObject.SetProperty(System.String,System.Int32)">
      <summary>Defines a new property on the target object, or modifies an existing property to have the specified value.<para>在目标对象上定义新属性,或修改现有属性以具有指定的值.</para></summary>
      <param name="propertyName">The name of the property.<para>属性的名称.</para></param>
      <param name="value">The value of property to set.<para>要设置的属性的值.</para></param>
    </member>
    <member name="M:System.Runtime.InteropServices.JavaScript.JSObject.SetProperty(System.String,System.Runtime.InteropServices.JavaScript.JSObject)">
      <summary>Defines a new property on the target object, or modifies an existing property to have the specified value.<para>在目标对象上定义新属性,或修改现有属性以具有指定的值.</para></summary>
      <param name="propertyName">The name of the property.<para>属性的名称.</para></param>
      <param name="value">The value of property to set.<para>要设置的属性的值.</para></param>
    </member>
    <member name="M:System.Runtime.InteropServices.JavaScript.JSObject.SetProperty(System.String,System.String)">
      <summary>Defines a new property on the target object, or modifies an existing property to have the specified value.<para>在目标对象上定义新属性,或修改现有属性以具有指定的值.</para></summary>
      <param name="propertyName">The name of the property.<para>属性的名称.</para></param>
      <param name="value">The value of property to set.<para>要设置的属性的值.</para></param>
    </member>
    <member name="P:System.Runtime.InteropServices.JavaScript.JSObject.IsDisposed">
      <summary>Gets a value that indicates whether the proxy was already disposed.<para>获取一个值,该值指示代理是否已释放.</para></summary>
      <returns>
        <see langword="true" /> if the proxy was already disposed; otherwise, <see langword="false" />.<para><see langword="true" /> 如果代理已被释放;否则,<see langword="false" />.</para></returns>
    </member>
    <member name="T:System.Runtime.InteropServices.JavaScript.JSType">
      <summary>Used as the generic argument for <see cref="T:System.Runtime.InteropServices.JavaScript.JSMarshalAsAttribute`1" /> to express the expected JavaScript type, which should be the source or result of argument marshalling.<para>用作 的泛型参数 <see cref="t:system.runtime.interopservices.javascript.jsmarshalasattribute`1" /> 表示预期的 javascript 类型,它应该是参数封送的源或结果.</para></summary>
    </member>
    <member name="T:System.Runtime.InteropServices.JavaScript.JSType.Any">
      <summary>Dynamically selects the most appropriate JavaScript or managed type for each argument value at run time.<para>在运行时为每个参数值动态选择最合适的 javascript 或托管类型.</para></summary>
    </member>
    <member name="T:System.Runtime.InteropServices.JavaScript.JSType.Array`1">
      <summary>Marshals as a copy of the JavaScript Array or TypedArray type.<para>封送为 javascript 数组或 typedarray 类型的副本.</para></summary>
      <typeparam name="T">The type of array element.<para>数组元素的类型.</para></typeparam>
    </member>
    <member name="T:System.Runtime.InteropServices.JavaScript.JSType.BigInt">
      <summary>Marshal as JavaScript BigInt type.<para>marshal as javascript bigint type.</para></summary>
    </member>
    <member name="T:System.Runtime.InteropServices.JavaScript.JSType.Boolean">
      <summary>Marshal as JavaScript Boolean type.<para>元帅作为 javascript 布尔类型.</para></summary>
    </member>
    <member name="T:System.Runtime.InteropServices.JavaScript.JSType.Date">
      <summary>Marshal as JavaScript Date type.<para>marshal 作为 javascript date 类型.</para></summary>
    </member>
    <member name="T:System.Runtime.InteropServices.JavaScript.JSType.Discard">
      <summary>Suppresses marshalling of the JavaScript function's return value and discards it.<para>禁止封送 javascript 函数的返回值并丢弃它.</para></summary>
    </member>
    <member name="T:System.Runtime.InteropServices.JavaScript.JSType.Error">
      <summary>Marshals as the JavaScript Error type.<para>封送作为 javascript 错误类型.</para></summary>
    </member>
    <member name="T:System.Runtime.InteropServices.JavaScript.JSType.Function">
      <summary>Marshals as the JavaScript Function type.<para>封送作为 javascript 函数类型.</para></summary>
    </member>
    <member name="T:System.Runtime.InteropServices.JavaScript.JSType.Function`1">
      <summary>Marshals as the JavaScript Function type.<para>封送作为 javascript 函数类型.</para></summary>
      <typeparam name="T">The type of marshalled parameter or result.<para>封送参数或结果的类型.</para></typeparam>
    </member>
    <member name="T:System.Runtime.InteropServices.JavaScript.JSType.Function`2">
      <summary>Marshals as the JavaScript Function type.<para>封送作为 javascript 函数类型.</para></summary>
      <typeparam name="T1">The type of marshalled parameter or result.<para>封送参数或结果的类型.</para></typeparam>
      <typeparam name="T2">The type of marshalled parameter.<para>封送参数的类型.</para></typeparam>
    </member>
    <member name="T:System.Runtime.InteropServices.JavaScript.JSType.Function`3">
      <summary>Marshals as the JavaScript Function type.<para>封送作为 javascript 函数类型.</para></summary>
      <typeparam name="T1">The type of marshalled parameter or result.<para>封送参数或结果的类型.</para></typeparam>
      <typeparam name="T2">The type of marshalled parameter.<para>封送参数的类型.</para></typeparam>
      <typeparam name="T3">The type of marshalled parameter.<para>封送参数的类型.</para></typeparam>
    </member>
    <member name="T:System.Runtime.InteropServices.JavaScript.JSType.Function`4">
      <summary>Marshals as the JavaScript Function type.<para>封送作为 javascript 函数类型.</para></summary>
      <typeparam name="T1">The type of marshalled parameter or result.<para>封送参数或结果的类型.</para></typeparam>
      <typeparam name="T2">The type of marshalled parameter.<para>封送参数的类型.</para></typeparam>
      <typeparam name="T3">The type of marshalled parameter.<para>封送参数的类型.</para></typeparam>
      <typeparam name="T4">The type of marshalled parameter.<para>封送参数的类型.</para></typeparam>
    </member>
    <member name="T:System.Runtime.InteropServices.JavaScript.JSType.MemoryView">
      <summary>Marshals a managed Span or ArraySegment as a JavaScript wrapper object that provides access to the managed memory.<para>将托管 span 或 arraysegment 封送为提供对托管内存的访问的 javascript 包装器对象.</para></summary>
    </member>
    <member name="T:System.Runtime.InteropServices.JavaScript.JSType.Number">
      <summary>Marshal as JavaScript Number type.<para>元帅作为 javascript 数字类型.</para></summary>
    </member>
    <member name="T:System.Runtime.InteropServices.JavaScript.JSType.Object">
      <summary>Marshal as JavaScript Object type.<para>封送为 javascript 对象类型.</para></summary>
    </member>
    <member name="T:System.Runtime.InteropServices.JavaScript.JSType.Promise`1">
      <summary>Marshal as JavaScript Promise type.<para>marshal 作为 javascript promise 类型.</para></summary>
      <typeparam name="T">The type of marshalled result value.<para>封送结果值的类型.</para></typeparam>
    </member>
    <member name="T:System.Runtime.InteropServices.JavaScript.JSType.String">
      <summary>Marshal as JavaScript String type.<para>元帅作为 javascript 字符串类型.</para></summary>
    </member>
    <member name="T:System.Runtime.InteropServices.JavaScript.JSType.Void">
      <summary>Asserts that a JavaScript function should have no return value.<para>断言 javascript 函数应该没有返回值.</para></summary>
    </member>
  </members>
</doc>