﻿<?xml version="1.0" encoding="utf-8"?>
<doc>
  <assembly>
    <name>System.Text.Encodings.Web</name>
  </assembly>
  <members>
    <member name="T:System.Text.Encodings.Web.HtmlEncoder">
      <summary>Represents an HTML character encoding.<para>表示 html 字符编码.</para></summary>
    </member>
    <member name="M:System.Text.Encodings.Web.HtmlEncoder.#ctor">
      <summary>Initializes a new instance of the <see cref="T:System.Text.Encodings.Web.HtmlEncoder" /> class.<para>初始化 <see cref="T:System.Text.Encodings.Web.HtmlEncoder" /> 类的新实例.</para></summary>
    </member>
    <member name="M:System.Text.Encodings.Web.HtmlEncoder.Create(System.Text.Encodings.Web.TextEncoderSettings)">
      <summary>Creates a new instance of the HtmlEncoder class with the specified settings.<para>使用指定的设置创建 htmlencoder 类的新实例.</para></summary>
      <param name="settings">Settings that control how the <see cref="T:System.Text.Encodings.Web.HtmlEncoder" /> instance encodes, primarily which characters to encode.<para>控制 <see cref="T:System.Text.Encodings.Web.HtmlEncoder" /> 实例编码方式的设置,主要是要编码的字符.</para></param>
      <exception cref="T:System.ArgumentNullException">
        <paramref name="settings" /> is <see langword="null" />.<para><paramref name="settings" /> 是 <see langword="null" />.</para></exception>
      <returns>A new instance of the <see cref="T:System.Text.Encodings.Web.HtmlEncoder" /> class.<para><see cref="T:System.Text.Encodings.Web.HtmlEncoder" /> 类的新实例.</para></returns>
    </member>
    <member name="M:System.Text.Encodings.Web.HtmlEncoder.Create(System.Text.Unicode.UnicodeRange[])">
      <summary>Creates a new instance of the HtmlEncoder class that specifies characters the encoder is allowed to not encode.<para>创建 htmlencoder 类的新实例,该实例指定允许编码器不编码的字符.</para></summary>
      <param name="allowedRanges">The set of characters that the encoder is allowed to not encode.<para>允许编码器不编码的字符集.</para></param>
      <exception cref="T:System.ArgumentNullException">
        <paramref name="allowedRanges" /> is <see langword="null" />.<para><paramref name="allowedRanges" /> 是 <see langword="null" />.</para></exception>
      <returns>A new instance of the <see cref="T:System.Text.Encodings.Web.HtmlEncoder" /> class.<para><see cref="T:System.Text.Encodings.Web.HtmlEncoder" /> 类的新实例.</para></returns>
    </member>
    <member name="P:System.Text.Encodings.Web.HtmlEncoder.Default">
      <summary>Gets a built-in instance of the <see cref="T:System.Text.Encodings.Web.HtmlEncoder" /> class.<para>获取 <see cref="T:System.Text.Encodings.Web.HtmlEncoder" /> 类的内置实例.</para></summary>
      <returns>A built-in instance of the <see cref="T:System.Text.Encodings.Web.HtmlEncoder" /> class.<para><see cref="T:System.Text.Encodings.Web.HtmlEncoder" /> 类的内置实例.</para></returns>
    </member>
    <member name="T:System.Text.Encodings.Web.JavaScriptEncoder">
      <summary>Represents a JavaScript character encoding.<para>表示 javascript 字符编码.</para></summary>
    </member>
    <member name="M:System.Text.Encodings.Web.JavaScriptEncoder.#ctor">
      <summary>Initializes a new instance of the <see cref="T:System.Text.Encodings.Web.JavaScriptEncoder" /> class.<para>初始化 <see cref="T:System.Text.Encodings.Web.JavaScriptEncoder" /> 类的新实例.</para></summary>
    </member>
    <member name="M:System.Text.Encodings.Web.JavaScriptEncoder.Create(System.Text.Encodings.Web.TextEncoderSettings)">
      <summary>Creates a new instance of JavaScriptEncoder class with the specified settings.<para>使用指定的设置创建 javascriptencoder 类的新实例.</para></summary>
      <param name="settings">Settings that control how the <see cref="T:System.Text.Encodings.Web.JavaScriptEncoder" /> instance encodes, primarily which characters to encode.<para>控制 <see cref="T:System.Text.Encodings.Web.JavaScriptEncoder" /> 实例编码方式的设置,主要是要编码的字符.</para></param>
      <exception cref="T:System.ArgumentNullException">
        <paramref name="settings" /> is <see langword="null" />.<para><paramref name="settings" /> 是 <see langword="null" />.</para></exception>
      <returns>A new instance of the <see cref="T:System.Text.Encodings.Web.JavaScriptEncoder" /> class.<para><see cref="T:System.Text.Encodings.Web.JavaScriptEncoder" /> 类的新实例.</para></returns>
    </member>
    <member name="M:System.Text.Encodings.Web.JavaScriptEncoder.Create(System.Text.Unicode.UnicodeRange[])">
      <summary>Creates a new instance of the JavaScriptEncoder class that specifies characters the encoder is allowed to not encode.<para>创建 javascriptencoder 类的新实例,该实例指定允许编码器不编码的字符.</para></summary>
      <param name="allowedRanges">The set of characters that the encoder is allowed to not encode.<para>允许编码器不编码的字符集.</para></param>
      <exception cref="T:System.ArgumentNullException">
        <paramref name="allowedRanges" /> is <see langword="null" />.<para><paramref name="allowedRanges" /> 是 <see langword="null" />.</para></exception>
      <returns>A new instance of the <see cref="T:System.Text.Encodings.Web.JavaScriptEncoder" /> class.<para><see cref="T:System.Text.Encodings.Web.JavaScriptEncoder" /> 类的新实例.</para></returns>
    </member>
    <member name="P:System.Text.Encodings.Web.JavaScriptEncoder.Default">
      <summary>Gets a built-in instance of the <see cref="T:System.Text.Encodings.Web.JavaScriptEncoder" /> class.<para>获取 <see cref="T:System.Text.Encodings.Web.JavaScriptEncoder" /> 类的内置实例.</para></summary>
      <returns>A built-in instance of the <see cref="T:System.Text.Encodings.Web.JavaScriptEncoder" /> class.<para><see cref="T:System.Text.Encodings.Web.JavaScriptEncoder" /> 类的内置实例.</para></returns>
    </member>
    <member name="P:System.Text.Encodings.Web.JavaScriptEncoder.UnsafeRelaxedJsonEscaping">
      <summary>Gets a built-in JavaScript encoder instance that is less strict about what is encoded.<para>获取一个内置的 javascript 编码器实例,该实例对编码内容不太严格.</para></summary>
      <returns>A JavaScript encoder instance.<para>一个 javascript 编码器实例.</para></returns>
    </member>
    <member name="T:System.Text.Encodings.Web.TextEncoder">
      <summary>The base class of web encoders.<para>web 编码器的基类.</para></summary>
    </member>
    <member name="M:System.Text.Encodings.Web.TextEncoder.#ctor">
      <summary>Initializes a new instance of the <see cref="T:System.Text.Encodings.Web.TextEncoder" /> class.<para>初始化 <see cref="T:System.Text.Encodings.Web.TextEncoder" /> 类的新实例.</para></summary>
    </member>
    <member name="M:System.Text.Encodings.Web.TextEncoder.Encode(System.IO.TextWriter,System.Char[],System.Int32,System.Int32)">
      <summary>Encodes characters from an array and writes them to a <see cref="T:System.IO.TextWriter" /> object.<para>对数组中的字符进行编码,并将其写入 <see cref="T:System.IO.TextWriter" /> 对象.</para></summary>
      <param name="output">The stream to which to write the encoded text.<para>要将编码文本写入的流.</para></param>
      <param name="value">The array of characters to encode.<para>要编码的字符数组.</para></param>
      <param name="startIndex">The array index of the first character to encode.<para>要编码的第一个字符的数组索引.</para></param>
      <param name="characterCount">The number of characters in the array to encode.<para>数组中要编码的字符数.</para></param>
      <exception cref="T:System.ArgumentNullException">
        <paramref name="output" /> is <see langword="null" />.<para><paramref name="output" /> 是 <see langword="null" />.</para></exception>
      <exception cref="T:System.ArgumentException">The <see cref="M:System.Text.Encodings.Web.TextEncoder.TryEncodeUnicodeScalar(System.Int32,System.Char*,System.Int32,System.Int32@)" /> method failed. The encoder does not implement <see cref="P:System.Text.Encodings.Web.TextEncoder.MaxOutputCharactersPerInputCharacter" /> correctly.<para><see cref="M:System.Text.Encodings.Web.TextEncoder.TryEncodeUnicodeScalar(System.Int32,System.Char*,System.Int32,System.Int32@)" /> 方法失败.编码器未正确实现 <see cref="P:System.Text.Encodings.Web.TextEncoder.MaxOutputCharactersPerInputCharacter" />.</para></exception>
      <exception cref="T:System.ArgumentNullException">
        <paramref name="value" /> is <see langword="null" />.<para><paramref name="value" /> 是 <see langword="null" />.</para></exception>
      <exception cref="T:System.ArgumentOutOfRangeException">
        <paramref name="startIndex" /> is out of range.<para><paramref name="startIndex" /> 超出范围.</para></exception>
      <exception cref="T:System.ArgumentOutOfRangeException">
        <paramref name="characterCount" /> is out of range.<para><paramref name="characterCount" /> 超出范围.</para></exception>
    </member>
    <member name="M:System.Text.Encodings.Web.TextEncoder.Encode(System.IO.TextWriter,System.String)">
      <summary>Encodes the specified string to a <see cref="T:System.IO.TextWriter" /> object.<para>将指定的字符串编码为 <see cref="T:System.IO.TextWriter" /> 对象.</para></summary>
      <param name="output">The stream to which to write the encoded text.<para>要将编码文本写入的流.</para></param>
      <param name="value">The string to encode.<para>要编码的字符串.</para></param>
    </member>
    <member name="M:System.Text.Encodings.Web.TextEncoder.Encode(System.IO.TextWriter,System.String,System.Int32,System.Int32)">
      <summary>Encodes a substring and writes it to a <see cref="T:System.IO.TextWriter" /> object.<para>对子字符串进行编码并将其写入 <see cref="T:System.IO.TextWriter" /> 对象.</para></summary>
      <param name="output">The stream to which to write the encoded text.<para>要将编码文本写入的流.</para></param>
      <param name="value">The string whose substring is to be encoded.<para>要对其子字符串进行编码的字符串.</para></param>
      <param name="startIndex">The index where the substring starts.<para>子字符串开始的索引.</para></param>
      <param name="characterCount">The number of characters in the substring.<para>子字符串中的字符数.</para></param>
      <exception cref="T:System.ArgumentNullException">
        <paramref name="output" /> is <see langword="null" />.<para><paramref name="output" /> 是 <see langword="null" />.</para></exception>
      <exception cref="T:System.ArgumentException">The <see cref="M:System.Text.Encodings.Web.TextEncoder.TryEncodeUnicodeScalar(System.Int32,System.Char*,System.Int32,System.Int32@)" /> method failed. The encoder does not implement <see cref="P:System.Text.Encodings.Web.TextEncoder.MaxOutputCharactersPerInputCharacter" /> correctly.<para><see cref="M:System.Text.Encodings.Web.TextEncoder.TryEncodeUnicodeScalar(System.Int32,System.Char*,System.Int32,System.Int32@)" /> 方法失败.编码器未正确实现 <see cref="P:System.Text.Encodings.Web.TextEncoder.MaxOutputCharactersPerInputCharacter" />.</para></exception>
      <exception cref="T:System.ArgumentNullException">
        <paramref name="value" /> is <see langword="null" />.<para><paramref name="value" /> 是 <see langword="null" />.</para></exception>
      <exception cref="T:System.ArgumentOutOfRangeException">
        <paramref name="startIndex" /> is out of range.<para><paramref name="startIndex" /> 超出范围.</para></exception>
      <exception cref="T:System.ArgumentOutOfRangeException">
        <paramref name="characterCount" /> is out of range.<para><paramref name="characterCount" /> 超出范围.</para></exception>
    </member>
    <member name="M:System.Text.Encodings.Web.TextEncoder.Encode(System.ReadOnlySpan{System.Char},System.Span{System.Char},System.Int32@,System.Int32@,System.Boolean)">
      <summary>Encodes the supplied characters.<para>对提供的字符进行编码.</para></summary>
      <param name="source">A source buffer containing the characters to encode.<para>包含要编码的字符的源缓冲区.</para></param>
      <param name="destination">The destination buffer to which the encoded form of <paramref name="source" /> will be written.<para>将写入编码形式的 <paramref name="source" /> 的目标缓冲区.</para></param>
      <param name="charsConsumed">The number of characters consumed from the <paramref name="source" /> buffer.<para>从 <paramref name="source" /> 缓冲区消耗的字符数.</para></param>
      <param name="charsWritten">The number of characters written to the <paramref name="destination" /> buffer.<para>写入 <paramref name="destination" /> 缓冲区的字符数.</para></param>
      <param name="isFinalBlock">
        <see langword="true" /> to indicate there is no further source data that needs to be encoded; otherwise, <see langword="false" />.<para><see langword="true" /> 表示没有需要编码的进一步源数据;否则,<see langword="false" />.</para></param>
      <returns>An enumeration value that describes the result of the encoding operation.<para>描述编码操作结果的枚举值.</para></returns>
    </member>
    <member name="M:System.Text.Encodings.Web.TextEncoder.Encode(System.String)">
      <summary>Encodes the supplied string and returns the encoded text as a new string.<para>对提供的字符串进行编码,并将编码的文本作为新字符串返回.</para></summary>
      <param name="value">The string to encode.<para>要编码的字符串.</para></param>
      <exception cref="T:System.ArgumentNullException">
        <paramref name="value" /> is <see langword="null" />.<para><paramref name="value" /> 是 <see langword="null" />.</para></exception>
      <exception cref="T:System.ArgumentException">The <see cref="M:System.Text.Encodings.Web.TextEncoder.TryEncodeUnicodeScalar(System.Int32,System.Char*,System.Int32,System.Int32@)" /> method failed. The encoder does not implement <see cref="P:System.Text.Encodings.Web.TextEncoder.MaxOutputCharactersPerInputCharacter" /> correctly.<para><see cref="M:System.Text.Encodings.Web.TextEncoder.TryEncodeUnicodeScalar(System.Int32,System.Char*,System.Int32,System.Int32@)" /> 方法失败.编码器未正确实现 <see cref="P:System.Text.Encodings.Web.TextEncoder.MaxOutputCharactersPerInputCharacter" />.</para></exception>
      <returns>The encoded string.<para>编码的字符串.</para></returns>
    </member>
    <member name="M:System.Text.Encodings.Web.TextEncoder.EncodeUtf8(System.ReadOnlySpan{System.Byte},System.Span{System.Byte},System.Int32@,System.Int32@,System.Boolean)">
      <summary>Encodes the supplied UTF-8 text.<para>对提供的 utf-8 文本进行编码.</para></summary>
      <param name="utf8Source">A source buffer containing the UTF-8 text to encode.<para>包含要编码的 utf-8 文本的源缓冲区.</para></param>
      <param name="utf8Destination">The destination buffer to which the encoded form of <paramref name="utf8Source" /> will be written.<para>将写入编码形式的 <paramref name="utf8Source" /> 的目标缓冲区.</para></param>
      <param name="bytesConsumed">The number of bytes consumed from the <paramref name="utf8Source" /> buffer.<para>从 <paramref name="utf8Source" /> 缓冲区消耗的字节数.</para></param>
      <param name="bytesWritten">The number of bytes written to the <paramref name="utf8Destination" /> buffer.<para>写入 <paramref name="utf8Destination" /> 缓冲区的字节数.</para></param>
      <param name="isFinalBlock">
        <see langword="true" /> to indicate there is no further source data that needs to be encoded; otherwise, <see langword="false" />.<para><see langword="true" /> 表示没有需要编码的进一步源数据;否则,<see langword="false" />.</para></param>
      <returns>A status code that describes the result of the encoding operation.<para>描述编码操作结果的状态代码.</para></returns>
    </member>
    <member name="M:System.Text.Encodings.Web.TextEncoder.FindFirstCharacterToEncode(System.Char*,System.Int32)">
      <summary>Finds the index of the first character to encode.<para>查找要编码的第一个字符的索引.</para></summary>
      <param name="text">The text buffer to search.<para>要搜索的文本缓冲区.</para></param>
      <param name="textLength">The number of characters in <paramref name="text" />.<para><paramref name="text" /> 中的字符数.</para></param>
      <returns>The index of the first character to encode.<para>要编码的第一个字符的索引.</para></returns>
    </member>
    <member name="M:System.Text.Encodings.Web.TextEncoder.FindFirstCharacterToEncodeUtf8(System.ReadOnlySpan{System.Byte})">
      <summary>Finds the first element in a UTF-8 text input buffer that would be escaped by the current encoder instance.<para>查找 utf-8 文本输入缓冲区中将由当前编码器实例转义的第一个元素.</para></summary>
      <param name="utf8Text">The UTF-8 text input buffer to search.<para>要搜索的 utf-8 文本输入缓冲区.</para></param>
      <returns>The index of the first element in <paramref name="utf8Text" /> that would be escaped by the current encoder instance, or -1 if no data in <paramref name="utf8Text" /> requires escaping.<para><paramref name="utf8Text" /> 中第一个元素的索引,该元素将由当前编码器实例转义,如果 <paramref name="utf8Text" /> 中没有数据需要转义,则为 -1.</para></returns>
    </member>
    <member name="M:System.Text.Encodings.Web.TextEncoder.TryEncodeUnicodeScalar(System.Int32,System.Char*,System.Int32,System.Int32@)">
      <summary>Encodes a Unicode scalar value and writes it to a buffer.<para>对 unicode 标量值进行编码并将其写入缓冲区.</para></summary>
      <param name="unicodeScalar">A Unicode scalar value.<para>一个 unicode 标量值.</para></param>
      <param name="buffer">A pointer to the buffer to which to write the encoded text.<para>指向要向其写入编码文本的缓冲区的指针.</para></param>
      <param name="bufferLength">The length of the destination <paramref name="buffer" /> in characters.<para>目标 <paramref name="buffer" /> 的长度（以字符为单位）.</para></param>
      <param name="numberOfCharactersWritten">When the method returns, indicates the number of characters written to the <paramref name="buffer" />.<para>当该方法返回时,指示写入 <paramref name="buffer" /> 的字符数.</para></param>
      <returns>
        <see langword="false" /> if <paramref name="bufferLength" /> is too small to fit the encoded text; otherwise, returns <see langword="true" />.<para><see langword="false" /> 如果 <paramref name="bufferLength" /> 太小而无法容纳编码的文本;否则,返回 <see langword="true" />.</para></returns>
    </member>
    <member name="M:System.Text.Encodings.Web.TextEncoder.WillEncode(System.Int32)">
      <summary>Determines if a given Unicode scalar value will be encoded.<para>确定是否对给定的 unicode 标量值进行编码.</para></summary>
      <param name="unicodeScalar">A Unicode scalar value.<para>一个 unicode 标量值.</para></param>
      <returns>
        <see langword="true" /> if the <paramref name="unicodeScalar" /> value will be encoded by this encoder; otherwise, returns <see langword="false" />.<para><see langword="true" /> 如果 <paramref name="unicodeScalar" /> 值将由此编码器编码;否则,返回 <see langword="false" />.</para></returns>
    </member>
    <member name="P:System.Text.Encodings.Web.TextEncoder.MaxOutputCharactersPerInputCharacter">
      <summary>Gets the maximum number of characters that this encoder can generate for each input code point.<para>获取此编码器可以为每个输入代码点生成的最大字符数.</para></summary>
      <returns>The maximum number of characters.<para>最大字符数.</para></returns>
    </member>
    <member name="T:System.Text.Encodings.Web.TextEncoderSettings">
      <summary>Represents a filter that allows only certain Unicode code points.<para>表示仅允许某些 unicode 代码点的筛选器.</para></summary>
    </member>
    <member name="M:System.Text.Encodings.Web.TextEncoderSettings.#ctor">
      <summary>Instantiates an empty filter (allows no code points through by default).<para>实例化空筛选器（默认情况下不允许任何代码点通过）.</para></summary>
    </member>
    <member name="M:System.Text.Encodings.Web.TextEncoderSettings.#ctor(System.Text.Encodings.Web.TextEncoderSettings)">
      <summary>Instantiates a filter by cloning the allowed list of another <see cref="T:System.Text.Encodings.Web.TextEncoderSettings" /> object.<para>通过克隆另一个 <see cref="T:System.Text.Encodings.Web.TextEncoderSettings" /> 对象的允许列表来实例化筛选器.</para></summary>
      <param name="other">The other <see cref="T:System.Text.Encodings.Web.TextEncoderSettings" /> object to be cloned.<para>要克隆的另一个 <see cref="T:System.Text.Encodings.Web.TextEncoderSettings" /> 对象.</para></param>
    </member>
    <member name="M:System.Text.Encodings.Web.TextEncoderSettings.#ctor(System.Text.Unicode.UnicodeRange[])">
      <summary>Instantiates a filter where only the character ranges specified by <paramref name="allowedRanges" /> are allowed by the filter.<para>实例化筛选器,其中筛选器仅允许 <paramref name="allowedRanges" /> 指定的字符范围.</para></summary>
      <param name="allowedRanges">The allowed character ranges.<para>允许的字符范围.</para></param>
      <exception cref="T:System.ArgumentNullException">
        <paramref name="allowedRanges" /> is <see langword="null" />.<para><paramref name="allowedRanges" /> 是 <see langword="null" />.</para></exception>
    </member>
    <member name="M:System.Text.Encodings.Web.TextEncoderSettings.AllowCharacter(System.Char)">
      <summary>Allows the character specified by <paramref name="character" /> through the filter.<para>允许 <paramref name="character" /> 指定的字符通过筛选器.</para></summary>
      <param name="character">The allowed character.<para>允许的字符.</para></param>
    </member>
    <member name="M:System.Text.Encodings.Web.TextEncoderSettings.AllowCharacters(System.Char[])">
      <summary>Allows all characters specified by <paramref name="characters" /> through the filter.<para>允许 <paramref name="characters" /> 通过筛选器指定的所有字符.</para></summary>
      <param name="characters">The allowed characters.<para>允许的字符.</para></param>
      <exception cref="T:System.ArgumentNullException">
        <paramref name="characters" /> is <see langword="null" />.<para><paramref name="characters" /> 是 <see langword="null" />.</para></exception>
    </member>
    <member name="M:System.Text.Encodings.Web.TextEncoderSettings.AllowCodePoints(System.Collections.Generic.IEnumerable{System.Int32})">
      <summary>Allows all code points specified by <paramref name="codePoints" />.<para>允许 <paramref name="codePoints" /> 指定的所有代码点.</para></summary>
      <param name="codePoints">The allowed code points.<para>允许的代码点.</para></param>
      <exception cref="T:System.ArgumentNullException">
        <paramref name="codePoints" /> is <see langword="null" />.<para><paramref name="codePoints" /> 是 <see langword="null" />.</para></exception>
    </member>
    <member name="M:System.Text.Encodings.Web.TextEncoderSettings.AllowRange(System.Text.Unicode.UnicodeRange)">
      <summary>Allows all characters specified by <paramref name="range" /> through the filter.<para>允许 <paramref name="range" /> 通过筛选器指定的所有字符.</para></summary>
      <param name="range">The range of characters to be allowed.<para>允许的字符范围.</para></param>
      <exception cref="T:System.ArgumentNullException">
        <paramref name="range" /> is <see langword="null" />.<para><paramref name="range" /> 是 <see langword="null" />.</para></exception>
    </member>
    <member name="M:System.Text.Encodings.Web.TextEncoderSettings.AllowRanges(System.Text.Unicode.UnicodeRange[])">
      <summary>Allows all characters specified by <paramref name="ranges" /> through the filter.<para>允许 <paramref name="ranges" /> 通过筛选器指定的所有字符.</para></summary>
      <param name="ranges">The ranges of characters to be allowed.<para>允许的字符范围.</para></param>
      <exception cref="T:System.ArgumentNullException">
        <paramref name="ranges" /> is <see langword="null" />.<para><paramref name="ranges" /> 是 <see langword="null" />.</para></exception>
    </member>
    <member name="M:System.Text.Encodings.Web.TextEncoderSettings.Clear">
      <summary>Resets this object by disallowing all characters.<para>通过禁止所有字符来重置此对象.</para></summary>
    </member>
    <member name="M:System.Text.Encodings.Web.TextEncoderSettings.ForbidCharacter(System.Char)">
      <summary>Disallows the character <paramref name="character" /> through the filter.<para>不允许字符 <paramref name="character" /> 通过筛选器.</para></summary>
      <param name="character">The disallowed character.<para>不允许的字符.</para></param>
    </member>
    <member name="M:System.Text.Encodings.Web.TextEncoderSettings.ForbidCharacters(System.Char[])">
      <summary>Disallows all characters specified by <paramref name="characters" /> through the filter.<para>禁止 <paramref name="characters" /> 通过筛选器指定的所有字符.</para></summary>
      <param name="characters">The disallowed characters.<para>不允许的字符.</para></param>
      <exception cref="T:System.ArgumentNullException">
        <paramref name="characters" /> is <see langword="null" />.<para><paramref name="characters" /> 是 <see langword="null" />.</para></exception>
    </member>
    <member name="M:System.Text.Encodings.Web.TextEncoderSettings.ForbidRange(System.Text.Unicode.UnicodeRange)">
      <summary>Disallows all characters specified by <paramref name="range" /> through the filter.<para>禁止 <paramref name="range" /> 通过筛选器指定的所有字符.</para></summary>
      <param name="range">The range of characters to be disallowed.<para>不允许的字符范围.</para></param>
      <exception cref="T:System.ArgumentNullException">
        <paramref name="range" /> is <see langword="null" />.<para><paramref name="range" /> 是 <see langword="null" />.</para></exception>
    </member>
    <member name="M:System.Text.Encodings.Web.TextEncoderSettings.ForbidRanges(System.Text.Unicode.UnicodeRange[])">
      <summary>Disallows all characters specified by <paramref name="ranges" /> through the filter.<para>禁止 <paramref name="ranges" /> 通过筛选器指定的所有字符.</para></summary>
      <param name="ranges">The ranges of characters to be disallowed.<para>不允许的字符范围.</para></param>
      <exception cref="T:System.ArgumentNullException">
        <paramref name="ranges" /> is <see langword="null" />.<para><paramref name="ranges" /> 是 <see langword="null" />.</para></exception>
    </member>
    <member name="M:System.Text.Encodings.Web.TextEncoderSettings.GetAllowedCodePoints">
      <summary>Gets an enumerator of all allowed code points.<para>获取所有允许的代码点的枚举器.</para></summary>
      <returns>The enumerator of allowed code points.<para>允许的代码点的枚举器.</para></returns>
    </member>
    <member name="T:System.Text.Encodings.Web.UrlEncoder">
      <summary>Represents a URL character encoding.<para>表示 url 字符编码.</para></summary>
    </member>
    <member name="M:System.Text.Encodings.Web.UrlEncoder.#ctor">
      <summary>Initializes a new instance of the <see cref="T:System.Text.Encodings.Web.UrlEncoder" /> class.<para>初始化 <see cref="T:System.Text.Encodings.Web.UrlEncoder" /> 类的新实例.</para></summary>
    </member>
    <member name="M:System.Text.Encodings.Web.UrlEncoder.Create(System.Text.Encodings.Web.TextEncoderSettings)">
      <summary>Creates a new instance of UrlEncoder class with the specified settings.<para>使用指定的设置创建 urlencoder 类的新实例.</para></summary>
      <param name="settings">Settings that control how the <see cref="T:System.Text.Encodings.Web.UrlEncoder" /> instance encodes, primarily which characters to encode.<para>控制 <see cref="T:System.Text.Encodings.Web.UrlEncoder" /> 实例编码方式的设置,主要是要编码的字符.</para></param>
      <exception cref="T:System.ArgumentNullException">
        <paramref name="settings" /> is <see langword="null" />.<para><paramref name="settings" /> 是 <see langword="null" />.</para></exception>
      <returns>A new instance of the <see cref="T:System.Text.Encodings.Web.UrlEncoder" /> class.<para><see cref="T:System.Text.Encodings.Web.UrlEncoder" /> 类的新实例.</para></returns>
    </member>
    <member name="M:System.Text.Encodings.Web.UrlEncoder.Create(System.Text.Unicode.UnicodeRange[])">
      <summary>Creates a new instance of the UrlEncoder class that specifies characters the encoder is allowed to not encode.<para>创建 urlencoder 类的新实例,该实例指定允许编码器不编码的字符.</para></summary>
      <param name="allowedRanges">The set of characters that the encoder is allowed to not encode.<para>允许编码器不编码的字符集.</para></param>
      <exception cref="T:System.ArgumentNullException">
        <paramref name="allowedRanges" /> is <see langword="null" />.<para><paramref name="allowedRanges" /> 是 <see langword="null" />.</para></exception>
      <returns>A new instance of the <see cref="T:System.Text.Encodings.Web.UrlEncoder" /> class.<para><see cref="T:System.Text.Encodings.Web.UrlEncoder" /> 类的新实例.</para></returns>
    </member>
    <member name="P:System.Text.Encodings.Web.UrlEncoder.Default">
      <summary>Gets a built-in instance of the <see cref="T:System.Text.Encodings.Web.UrlEncoder" /> class.<para>获取 <see cref="T:System.Text.Encodings.Web.UrlEncoder" /> 类的内置实例.</para></summary>
      <returns>A built-in instance of the <see cref="T:System.Text.Encodings.Web.UrlEncoder" /> class.<para><see cref="T:System.Text.Encodings.Web.UrlEncoder" /> 类的内置实例.</para></returns>
    </member>
    <member name="T:System.Text.Unicode.UnicodeRange">
      <summary>Represents a contiguous range of Unicode code points.<para>表示 unicode 代码点的连续范围.</para></summary>
    </member>
    <member name="M:System.Text.Unicode.UnicodeRange.#ctor(System.Int32,System.Int32)">
      <summary>Creates a new <see cref="T:System.Text.Unicode.UnicodeRange" /> that includes a specified number of characters starting at a specified Unicode code point.<para>创建一个新的 <see cref="T:System.Text.Unicode.UnicodeRange" />,其中包含从指定的 unicode 代码点开始的指定数量的字符.</para></summary>
      <param name="firstCodePoint">The first code point in the range.<para>范围中的第一个代码点.</para></param>
      <param name="length">The number of code points in the range.<para>范围内的代码点数.</para></param>
      <exception cref="T:System.ArgumentOutOfRangeException">
        <paramref name="firstCodePoint" /> is less than zero or greater than 0xFFFF. 

-or-           

<paramref name="length" /> is less than zero.

-or-

<paramref name="firstCodePoint" /> plus <paramref name="length" /> is greater than 0xFFFF.<para><paramref name="firstCodePoint" /> 小于零或大于 0xffff. -或- <paramref name="length" /> 小于零. -或- <paramref name="firstCodePoint" /> 加上 <paramref name="length" /> 大于 0xffff.</para></exception>
    </member>
    <member name="M:System.Text.Unicode.UnicodeRange.Create(System.Char,System.Char)">
      <summary>Creates a new <see cref="T:System.Text.Unicode.UnicodeRange" /> instance from a span of characters.<para>从字符范围创建新的 <see cref="T:System.Text.Unicode.UnicodeRange" /> 实例.</para></summary>
      <param name="firstCharacter">The first character in the range.<para>范围中的第一个字符.</para></param>
      <param name="lastCharacter">The last character in the range.<para>范围中的最后一个字符.</para></param>
      <exception cref="T:System.ArgumentOutOfRangeException">
        <paramref name="lastCharacter" /> precedes <paramref name="firstCharacter" />.<para><paramref name="lastCharacter" /> precedes <paramref name="firstCharacter" />.</para></exception>
      <returns>A range that includes all characters between <paramref name="firstCharacter" /> and <paramref name="lastCharacter" />.<para>包含 <paramref name="firstCharacter" /> 和 <paramref name="lastCharacter" /> 之间的所有字符的范围.</para></returns>
    </member>
    <member name="P:System.Text.Unicode.UnicodeRange.FirstCodePoint">
      <summary>Gets the first code point in the range represented by this <see cref="T:System.Text.Unicode.UnicodeRange" /> instance.<para>获取此 <see cref="T:System.Text.Unicode.UnicodeRange" /> 实例所表示的范围内的第一个代码点.</para></summary>
      <returns>The first code point in the range.<para>范围中的第一个代码点.</para></returns>
    </member>
    <member name="P:System.Text.Unicode.UnicodeRange.Length">
      <summary>Gets the number of code points in the range represented by this <see cref="T:System.Text.Unicode.UnicodeRange" /> instance.<para>获取此 <see cref="T:System.Text.Unicode.UnicodeRange" /> 实例所表示范围内的代码点数.</para></summary>
      <returns>The number of code points in the range.<para>区域中的代码点数.</para></returns>
    </member>
    <member name="T:System.Text.Unicode.UnicodeRanges">
      <summary>Provides static properties that return predefined <see cref="T:System.Text.Unicode.UnicodeRange" /> instances that correspond to blocks from the Unicode specification.<para>提供静态属性,这些属性返回与 unicode 规范中的块对应的预定义 <see cref="T:System.Text.Unicode.UnicodeRange" /> 实例.</para></summary>
    </member>
    <member name="P:System.Text.Unicode.UnicodeRanges.All">
      <summary>Gets a range that consists of the entire Basic Multilingual Plane (BMP), from U+0000 to U+FFFF).<para>获取由整个基本多语言平面 （bmp） 组成的范围,从 u+0000 到 u+ffff）.</para></summary>
      <returns>A range that consists of the entire BMP.<para>由整个 bmp 组成的范围.</para></returns>
    </member>
    <member name="P:System.Text.Unicode.UnicodeRanges.AlphabeticPresentationForms">
      <summary>Gets the Alphabetic Presentation Forms Unicode block (U+FB00-U+FB4F).<para>获取按字母顺序排列的表示表单 unicode 块 （u+fb00-u+fb4f）.</para></summary>
      <returns>The Alphabetic Presentation Forms Unicode block (U+FB00-U+FB4F).<para>字母表示形式 unicode 块 （u+fb00-u+fb4f）.</para></returns>
    </member>
    <member name="P:System.Text.Unicode.UnicodeRanges.Arabic">
      <summary>Gets the Arabic Unicode block (U+0600-U+06FF).<para>获取阿拉伯语 unicode 块 （u+0600-u+06ff）.</para></summary>
      <returns>The Arabic Unicode block (U+0600-U+06FF).<para>阿拉伯语 unicode 块 （u+0600-u+06ff）.</para></returns>
    </member>
    <member name="P:System.Text.Unicode.UnicodeRanges.ArabicExtendedA">
      <summary>Gets the Arabic Extended-A Unicode block (U+08A0-U+08FF).<para>获取阿拉伯语扩展 unicode 块 （u+08a0-u+08ff）.</para></summary>
      <returns>The Arabic Extended-A Unicode block (U+08A0-U+08FF).<para>阿拉伯语扩展 unicode 块 （u+08a0-u+08ff）.</para></returns>
    </member>
    <member name="P:System.Text.Unicode.UnicodeRanges.ArabicExtendedB">
      <summary>A <see cref="T:System.Text.Unicode.UnicodeRange" /> corresponding to the 'Arabic Extended-B' Unicode block (U+0870..U+089F).<para>a <see cref="T:System.Text.Unicode.UnicodeRange" /> 对应于"阿拉伯语扩展-b"unicode 块 （u+0870..u+089f）.</para></summary>
    </member>
    <member name="P:System.Text.Unicode.UnicodeRanges.ArabicPresentationFormsA">
      <summary>Gets the Arabic Presentation Forms-A Unicode block (U+FB50-U+FDFF).<para>获取阿拉伯语表示形式 - 一个 unicode 块 （u+fb50-u+fdff）.</para></summary>
      <returns>The Arabic Presentation Forms-A Unicode block (U+FB50-U+FDFF).<para>阿拉伯语表示形式 - 一个unicode块（u + fb50-u + fdff）.</para></returns>
    </member>
    <member name="P:System.Text.Unicode.UnicodeRanges.ArabicPresentationFormsB">
      <summary>Gets the Arabic Presentation Forms-B Unicode block (U+FE70-U+FEFF).<para>获取阿拉伯语表示表单 b unicode 块 （u+fe70-u+feff）.</para></summary>
      <returns>The Arabic Presentation Forms-B Unicode block (U+FE70-U+FEFF).<para>阿拉伯语演示表单-b unicode 块 （u+fe70-u+feff）.</para></returns>
    </member>
    <member name="P:System.Text.Unicode.UnicodeRanges.ArabicSupplement">
      <summary>Gets the Arabic Supplement Unicode block (U+0750-U+077F).<para>获取阿拉伯语补充 unicode 块 （u+0750-u+077f）.</para></summary>
      <returns>The Arabic Supplement Unicode block (U+0750-U+077F).<para>阿拉伯语补充统一码块 （u+0750-u+077f）.</para></returns>
    </member>
    <member name="P:System.Text.Unicode.UnicodeRanges.Armenian">
      <summary>Gets the Armenian Unicode block (U+0530-U+058F).<para>获取亚美尼亚统一码块 （u+0530-u+058f）.</para></summary>
      <returns>The Armenian Unicode block (U+0530-U+058F).<para>亚美尼亚统一码块 （u+0530-u+058f）.</para></returns>
    </member>
    <member name="P:System.Text.Unicode.UnicodeRanges.Arrows">
      <summary>Gets the Arrows Unicode block (U+2190-U+21FF).<para>获取箭头 unicode 块 （u+2190-u+21ff）.</para></summary>
      <returns>The Arrows Unicode block (U+2190-U+21FF).<para>箭头 unicode 块 （u+2190-u+21ff）.</para></returns>
    </member>
    <member name="P:System.Text.Unicode.UnicodeRanges.Balinese">
      <summary>Gets the Balinese Unicode block (U+1B00-U+1B7F).<para>获取巴厘岛 unicode 块 （u+1b00-u+1b7f）.</para></summary>
      <returns>The Balinese Unicode block (U+1B00-U+1B7F).<para>巴厘岛统一码块（u+1b00-u+1b7f）.</para></returns>
    </member>
    <member name="P:System.Text.Unicode.UnicodeRanges.Bamum">
      <summary>Gets the Bamum Unicode block (U+A6A0-U+A6FF).<para>获取 bamum unicode 块 （u+a6a0-u+a6ff）.</para></summary>
      <returns>The Bamum Unicode block (U+A6A0-U+A6FF).<para>bamum unicode 块 （u+a6a0-u+a6ff）.</para></returns>
    </member>
    <member name="P:System.Text.Unicode.UnicodeRanges.BasicLatin">
      <summary>Gets the Basic Latin Unicode block (U+0021-U+007F).<para>获取基本拉丁语 unicode 块 （u+0021-u+007f）.</para></summary>
      <returns>The Basic Latin Unicode block (U+0021-U+007F).<para>基本拉丁语 unicode 块 （u+0021-u+007f）.</para></returns>
    </member>
    <member name="P:System.Text.Unicode.UnicodeRanges.Batak">
      <summary>Gets the Batak Unicode block (U+1BC0-U+1BFF).<para>获取 batak unicode 块 （u+1bc0-u+1bff）.</para></summary>
      <returns>The Batak Unicode block (U+1BC0-U+1BFF).<para>batak unicode 块 （u+1bc0-u+1bff）.</para></returns>
    </member>
    <member name="P:System.Text.Unicode.UnicodeRanges.Bengali">
      <summary>Gets the Bengali Unicode block (U+0980-U+09FF).<para>获取孟加拉语 unicode 块 （u+0980-u+09ff）.</para></summary>
      <returns>The Bengali Unicode block (U+0980-U+09FF).<para>孟加拉语统一码块（u+0980-u+09ff）.</para></returns>
    </member>
    <member name="P:System.Text.Unicode.UnicodeRanges.BlockElements">
      <summary>Gets the Block Elements Unicode block (U+2580-U+259F).<para>获取块元素 unicode 块 （u+2580-u+259f）.</para></summary>
      <returns>The Block Elements Unicode block (U+2580-U+259F).<para>块元素 unicode 块 （u+2580-u+259f）.</para></returns>
    </member>
    <member name="P:System.Text.Unicode.UnicodeRanges.Bopomofo">
      <summary>Gets the Bopomofo Unicode block (U+3100-U+312F).<para>获取 bopomofo unicode 块 （u+3100-u+312f）.</para></summary>
      <returns>The Bopomofo Unicode block (U+3105-U+312F).<para>bopomofo unicode 块 （u+3105-u+312f）.</para></returns>
    </member>
    <member name="P:System.Text.Unicode.UnicodeRanges.BopomofoExtended">
      <summary>Gets the Bopomofo Extended Unicode block (U+31A0-U+31BF).<para>获取 bopomofo 扩展 unicode 块 （u+31a0-u+31bf）.</para></summary>
      <returns>The Bopomofo Extended Unicode block (U+31A0-U+31BF).<para>bopomofo 扩展 unicode 块 （u+31a0-u+31bf）.</para></returns>
    </member>
    <member name="P:System.Text.Unicode.UnicodeRanges.BoxDrawing">
      <summary>Gets the Box Drawing Unicode block (U+2500-U+257F).<para>获取框绘图 unicode 块 （u+2500-u+257f）.</para></summary>
      <returns>The Box Drawing Unicode block (U+2500-U+257F).<para>框绘图 unicode 块 （u+2500-u+257f）.</para></returns>
    </member>
    <member name="P:System.Text.Unicode.UnicodeRanges.BraillePatterns">
      <summary>Gets the Braille Patterns Unicode block (U+2800-U+28FF).<para>获取盲文模式 unicode 块 （u+2800-u+28ff）.</para></summary>
      <returns>The Braille Patterns Unicode block (U+2800-U+28FF).<para>盲文模式 unicode 块 （u+2800-u+28ff）.</para></returns>
    </member>
    <member name="P:System.Text.Unicode.UnicodeRanges.Buginese">
      <summary>Gets the Buginese Unicode block (U+1A00-U+1A1F).<para>获取 buginese unicode 块 （u+1a00-u+1a1f）.</para></summary>
      <returns>The Buginese Unicode block (U+1A00-U+1A1F).<para>buginese unicode 块 （u+1a00-u+1a1f）.</para></returns>
    </member>
    <member name="P:System.Text.Unicode.UnicodeRanges.Buhid">
      <summary>Gets the Buhid Unicode block (U+1740-U+175F).<para>获取 buhid unicode 块 （u+1740-u+175f）.</para></summary>
      <returns>The Buhid Unicode block (U+1740-U+175F).<para>buhid unicode 块 （u+1740-u+175f）.</para></returns>
    </member>
    <member name="P:System.Text.Unicode.UnicodeRanges.Cham">
      <summary>Gets the Cham Unicode block (U+AA00-U+AA5F).<para>获取 cham unicode 块 （u+aa00-u+aa5f）.</para></summary>
      <returns>The Cham Unicode block (U+AA00-U+AA5F).<para>cham unicode 块 （u+aa00-u+aa5f）.</para></returns>
    </member>
    <member name="P:System.Text.Unicode.UnicodeRanges.Cherokee">
      <summary>Gets the Cherokee Unicode block (U+13A0-U+13FF).<para>获取切诺基 unicode 块 （u+13a0-u+13ff）.</para></summary>
      <returns>The Cherokee Unicode block (U+13A0-U+13FF).<para>切诺基统一码块（u+13a0-u+13ff）.</para></returns>
    </member>
    <member name="P:System.Text.Unicode.UnicodeRanges.CherokeeSupplement">
      <summary>Gets the Cherokee Supplement Unicode block (U+AB70-U+ABBF).<para>获取切诺基补充 unicode 块 （u+ab70-u+abbf）.</para></summary>
      <returns>The Cherokee Supplement Unicode block (U+AB70-U+ABBF).<para>切诺基补充 unicode 块 （u+ab70-u+abbf）.</para></returns>
    </member>
    <member name="P:System.Text.Unicode.UnicodeRanges.CjkCompatibility">
      <summary>Gets the CJK Compatibility Unicode block (U+3300-U+33FF).<para>获取 cjk 兼容性 unicode 块 （u+3300-u+33ff）.</para></summary>
      <returns>The CJK Compatibility Unicode block (U+3300-U+33FF).<para>cjk 兼容性 unicode 块 （u+3300-u+33ff）.</para></returns>
    </member>
    <member name="P:System.Text.Unicode.UnicodeRanges.CjkCompatibilityForms">
      <summary>Gets the CJK Compatibility Forms Unicode block (U+FE30-U+FE4F).<para>获取 cjk 兼容表单 unicode 块 （u+fe30-u+fe4f）.</para></summary>
      <returns>The CJK Compatibility Forms Unicode block (U+FE30-U+FE4F).<para>cjk 兼容表单 unicode 块 （u+fe30-u+fe4f）.</para></returns>
    </member>
    <member name="P:System.Text.Unicode.UnicodeRanges.CjkCompatibilityIdeographs">
      <summary>Gets the CJK Compatibility Ideographs Unicode block (U+F900-U+FAD9).<para>获取 cjk 兼容性表意文字 unicode 块 （u+f900-u+fad9）.</para></summary>
      <returns>The CJK Compatibility Ideographs Unicode block (U+F900-U+FAD9).<para>cjk 兼容性表意文字 unicode 块 （u+f900-u+fad9）.</para></returns>
    </member>
    <member name="P:System.Text.Unicode.UnicodeRanges.CjkRadicalsSupplement">
      <summary>Gets the CJK Radicals Supplement Unicode block (U+2E80-U+2EFF).<para>获取 cjk 部首补充 unicode 块 （u+2e80-u+2eff）.</para></summary>
      <returns>The CJK Radicals Supplement Unicode block (U+2E80-U+2EFF).<para>cjk radicals supplement unicode block （u+2e80-u+2eff）.</para></returns>
    </member>
    <member name="P:System.Text.Unicode.UnicodeRanges.CjkStrokes">
      <summary>Gets the CJK Strokes Unicode block (U+31C0-U+31EF).<para>获取 cjk 笔画 unicode 块 （u+31c0-u+31ef）.</para></summary>
      <returns>The CJK Strokes Unicode block (U+31C0-U+31EF).<para>cjk 笔画 unicode 块 （u+31c0-u+31ef）.</para></returns>
    </member>
    <member name="P:System.Text.Unicode.UnicodeRanges.CjkSymbolsandPunctuation">
      <summary>Gets the CJK Symbols and Punctuation Unicode block (U+3000-U+303F).<para>获取 cjk 符号和标点符号 unicode 块 （u+3000-u+303f）.</para></summary>
      <returns>The CJK Symbols and Punctuation Unicode block (U+3000-U+303F).<para>cjk 符号和标点符号 unicode 块 （u+3000-u+303f）.</para></returns>
    </member>
    <member name="P:System.Text.Unicode.UnicodeRanges.CjkUnifiedIdeographs">
      <summary>Gets the CJK Unified Ideographs Unicode block (U+4E00-U+9FCC).<para>获取 cjk 统一表意文字 unicode 块 （u+4e00-u+9fcc）.</para></summary>
      <returns>The CJK Unified Ideographs Unicode block (U+4E00-U+9FCC).<para>cjk 统一表意文字 unicode 块 （u+4e00-u+9fcc）.</para></returns>
    </member>
    <member name="P:System.Text.Unicode.UnicodeRanges.CjkUnifiedIdeographsExtensionA">
      <summary>Gets the CJK Unitied Ideographs Extension A Unicode block (U+3400-U+4DB5).<para>获取 cjk 统一表意文字扩展 unicode 块 （u+3400-u+4db5）.</para></summary>
      <returns>The CJK Unitied Ideographs Extension A Unicode block (U+3400-U+4DB5).<para>cjk unitie表意文字扩展 unicode 块 （u+3400-u+4db5）.</para></returns>
    </member>
    <member name="P:System.Text.Unicode.UnicodeRanges.CombiningDiacriticalMarks">
      <summary>Gets the Combining Diacritical Marks Unicode block (U+0300-U+036F).<para>获取组合变音符号 unicode 块 （u+0300-u+036f）.</para></summary>
      <returns>The Combining Diacritical Marks Unicode block (U+0300-U+036F).<para>组合变音符号 unicode 块 （u+0300-u+036f）.</para></returns>
    </member>
    <member name="P:System.Text.Unicode.UnicodeRanges.CombiningDiacriticalMarksExtended">
      <summary>Gets the Combining Diacritical Marks Extended Unicode block (U+1AB0-U+1AFF).<para>获取组合变音符号扩展 unicode 块 （u+1ab0-u+1aff）.</para></summary>
      <returns>The Combining Diacritical Marks Extended Unicode block (U+1AB0-U+1AFF).<para>组合变音符号扩展 unicode 块 （u+1ab0-u+1aff）.</para></returns>
    </member>
    <member name="P:System.Text.Unicode.UnicodeRanges.CombiningDiacriticalMarksforSymbols">
      <summary>Gets the Combining Diacritical Marks for Symbols Unicode block (U+20D0-U+20FF).<para>获取符号 unicode 块 （u+20d0-u+20ff） 的组合变音符号.</para></summary>
      <returns>The Combining Diacritical Marks for Symbols Unicode block (U+20D0-U+20FF).<para>符号 unicode 块的组合变音符号 （u+20d0-u+20ff）.</para></returns>
    </member>
    <member name="P:System.Text.Unicode.UnicodeRanges.CombiningDiacriticalMarksSupplement">
      <summary>Gets the Combining Diacritical Marks Supplement Unicode block (U+1DC0-U+1DFF).<para>获取组合变音符号补充 unicode 块 （u+1dc0-u+1dff）.</para></summary>
      <returns>The Combining Diacritical Marks Supplement Unicode block (U+1DC0-U+1DFF).<para>组合变音符号补充 unicode 块 （u+1dc0-u+1dff）.</para></returns>
    </member>
    <member name="P:System.Text.Unicode.UnicodeRanges.CombiningHalfMarks">
      <summary>Gets the Combining Half Marks Unicode block (U+FE20-U+FE2F).<para>获取组合半标记 unicode 块 （u+fe20-u+fe2f）.</para></summary>
      <returns>The Combining Half Marks Unicode block (U+FE20-U+FE2F).<para>组合半标记 unicode 块 （u+fe20-u+fe2f）.</para></returns>
    </member>
    <member name="P:System.Text.Unicode.UnicodeRanges.CommonIndicNumberForms">
      <summary>Gets the Common Indic Number Forms Unicode block (U+A830-U+A83F).<para>获取通用印度数字形式 unicode 块 （u+a830-u+a83f）.</para></summary>
      <returns>The Common Indic Number Forms Unicode block (U+A830-U+A83F).<para>通用印度数字形式 unicode 块 （u+a830-u+a83f）.</para></returns>
    </member>
    <member name="P:System.Text.Unicode.UnicodeRanges.ControlPictures">
      <summary>Gets the Control Pictures Unicode block (U+2400-U+243F).<para>获取控件图片 unicode 块 （u+2400-u+243f）.</para></summary>
      <returns>The Control Pictures Unicode block (U+2400-U+243F).<para>控制图片 unicode 块 （u+2400-u+243f）.</para></returns>
    </member>
    <member name="P:System.Text.Unicode.UnicodeRanges.Coptic">
      <summary>Gets the Coptic Unicode block (U+2C80-U+2CFF).<para>获取科普特 unicode 块 （u+2c80-u+2cff）.</para></summary>
      <returns>The Coptic Unicode block (U+2C80-U+2CFF).<para>科普特统一码块（u+2c80-u+2cff）.</para></returns>
    </member>
    <member name="P:System.Text.Unicode.UnicodeRanges.CurrencySymbols">
      <summary>Gets the Currency Symbols Unicode block (U+20A0-U+20CF).<para>获取货币符号 unicode 块 （u+20a0-u+20cf）.</para></summary>
      <returns>The Currency Symbols Unicode block (U+20A0-U+20CF).<para>货币符号统一码块 （u+20a0-u+20cf）.</para></returns>
    </member>
    <member name="P:System.Text.Unicode.UnicodeRanges.Cyrillic">
      <summary>Gets the Cyrillic Unicode block (U+0400-U+04FF).<para>获取西里尔文 unicode 块 （u+0400-u+04ff）.</para></summary>
      <returns>The Cyrillic Unicode block (U+0400-U+04FF).<para>西里尔文统一码块 （u+0400-u+04ff）.</para></returns>
    </member>
    <member name="P:System.Text.Unicode.UnicodeRanges.CyrillicExtendedA">
      <summary>Gets the Cyrillic Extended-A Unicode block (U+2DE0-U+2DFF).<para>获取西里尔扩展 a unicode 块 （u+2de0-u+2dff）.</para></summary>
      <returns>The Cyrillic Extended-A Unicode block (U+2DE0-U+2DFF).<para>西里尔文扩展 unicode 块 （u+2de0-u+2dff）.</para></returns>
    </member>
    <member name="P:System.Text.Unicode.UnicodeRanges.CyrillicExtendedB">
      <summary>Gets the Cyrillic Extended-B Unicode block (U+A640-U+A69F).<para>获取西里尔扩展 b unicode 块 （u+a640-u+a69f）.</para></summary>
      <returns>The Cyrillic Extended-B Unicode block (U+A640-U+A69F).<para>西里尔扩展 b unicode 块 （u+a640-u+a69f）.</para></returns>
    </member>
    <member name="P:System.Text.Unicode.UnicodeRanges.CyrillicExtendedC">
      <summary>A <see cref="T:System.Text.Unicode.UnicodeRange" /> corresponding to the 'Cyrillic Extended-C' Unicode block (U+1C80..U+1C8F).<para>a <see cref="T:System.Text.Unicode.UnicodeRange" /> 对应于"西里尔扩展-c"unicode 块 （u+1c80..u+1c8f）.</para></summary>
    </member>
    <member name="P:System.Text.Unicode.UnicodeRanges.CyrillicSupplement">
      <summary>Gets the Cyrillic Supplement Unicode block (U+0500-U+052F).<para>获取西里尔补充 unicode 块 （u+0500-u+052f）.</para></summary>
      <returns>The Cyrillic Supplement Unicode block (U+0500-U+052F).<para>西里尔文补充统一码块 （u+0500-u+052f）.</para></returns>
    </member>
    <member name="P:System.Text.Unicode.UnicodeRanges.Devanagari">
      <summary>Gets the Devangari Unicode block (U+0900-U+097F).<para>获取 devangari unicode 块 （u+0900-u+097f）.</para></summary>
      <returns>The Devangari Unicode block (U+0900-U+097F).<para>devangari unicode 块 （u+0900-u+097f）.</para></returns>
    </member>
    <member name="P:System.Text.Unicode.UnicodeRanges.DevanagariExtended">
      <summary>Gets the Devanagari Extended Unicode block (U+A8E0-U+A8FF).<para>获取 devanagari 扩展 unicode 块 （u+a8e0-u+a8ff）.</para></summary>
      <returns>The Devanagari Extended Unicode block (U+A8E0-U+A8FF).<para>devanagari extended unicode 块 （u+a8e0-u+a8ff）.</para></returns>
    </member>
    <member name="P:System.Text.Unicode.UnicodeRanges.Dingbats">
      <summary>Gets the Dingbats Unicode block (U+2700-U+27BF).<para>获取 dingbats unicode 块 （u+2700-u+27bf）.</para></summary>
      <returns>The Dingbats Unicode block (U+2700-U+27BF).<para>dingbats unicode 块 （u+2700-u+27bf）.</para></returns>
    </member>
    <member name="P:System.Text.Unicode.UnicodeRanges.EnclosedAlphanumerics">
      <summary>Gets the Enclosed Alphanumerics Unicode block (U+2460-U+24FF).<para>获取封闭的字母数字 unicode 块 （u+2460-u+24ff）.</para></summary>
      <returns>The Enclosed Alphanumerics Unicode block (U+2460-U+24FF).<para>封闭的字母数字 unicode 块 （u+2460-u+24ff）.</para></returns>
    </member>
    <member name="P:System.Text.Unicode.UnicodeRanges.EnclosedCjkLettersandMonths">
      <summary>Gets the Enclosed CJK Letters and Months Unicode block (U+3200-U+32FF).<para>获取随附的 cjk 字母和月份 unicode 块 （u+3200-u+32ff）.</para></summary>
      <returns>The Enclosed CJK Letters and Months Unicode block (U+3200-U+32FF).<para>随附的 cjk 字母和月份 unicode 块 （u+3200-u+32ff）.</para></returns>
    </member>
    <member name="P:System.Text.Unicode.UnicodeRanges.Ethiopic">
      <summary>Gets the Ethiopic Unicode block (U+1200-U+137C).<para>获取埃塞俄比亚统一码块 （u+1200-u+137c）.</para></summary>
      <returns>The Ethiopic Unicode block (U+1200-U+137C).<para>埃塞俄比亚统一码块 （u+1200-u+137c）.</para></returns>
    </member>
    <member name="P:System.Text.Unicode.UnicodeRanges.EthiopicExtended">
      <summary>Gets the Ethipic Extended Unicode block (U+2D80-U+2DDF).<para>获取埃塞俄比亚扩展 unicode 块 （u+2d80-u+2ddf）.</para></summary>
      <returns>The Ethipic Extended Unicode block (U+2D80-U+2DDF).<para>埃塞俄比亚扩展 unicode 块 （u+2d80-u+2ddf）.</para></returns>
    </member>
    <member name="P:System.Text.Unicode.UnicodeRanges.EthiopicExtendedA">
      <summary>Gets the Ethiopic Extended-A Unicode block (U+AB00-U+AB2F).<para>获取 ethiopic extended-a unicode 块 （u+ab00-u+ab2f）.</para></summary>
      <returns>The Ethiopic Extended-A Unicode block (U+AB00-U+AB2F).<para>ethiopic extended-a unicode 块 （u+ab00-u+ab2f）.</para></returns>
    </member>
    <member name="P:System.Text.Unicode.UnicodeRanges.EthiopicSupplement">
      <summary>Gets the Ethiopic Supplement Unicode block (U+1380-U+1399).<para>获取埃塞俄比亚补充 unicode 块 （u+1380-u+1399）.</para></summary>
      <returns>The Ethiopic Supplement Unicode block (U+1380-U+1399).<para>埃塞俄比亚补充统一码块（u+1380-u+1399）.</para></returns>
    </member>
    <member name="P:System.Text.Unicode.UnicodeRanges.GeneralPunctuation">
      <summary>Gets the General Punctuation Unicode block (U+2000-U+206F).<para>获取常规标点符号 unicode 块 （u+2000-u+206f）.</para></summary>
      <returns>The General Punctuation Unicode block (U+2000-U+206F).<para>通用标点符号 unicode 块 （u+2000-u+206f）.</para></returns>
    </member>
    <member name="P:System.Text.Unicode.UnicodeRanges.GeometricShapes">
      <summary>Gets the Geometric Shapes Unicode block (U+25A0-U+25FF).<para>获取几何形状 unicode 块 （u+25a0-u+25ff）.</para></summary>
      <returns>The Geometric Shapes Unicode block (U+25A0-U+25FF).<para>几何形状 unicode 块 （u+25a0-u+25ff）.</para></returns>
    </member>
    <member name="P:System.Text.Unicode.UnicodeRanges.Georgian">
      <summary>Gets the Georgian Unicode block (U+10A0-U+10FF).<para>获取格鲁吉亚统一码块 （u+10a0-u+10ff）.</para></summary>
      <returns>The Georgian Unicode block (U+10A0-U+10FF).<para>格鲁吉亚统一码块 （u+10a0-u+10ff）.</para></returns>
    </member>
    <member name="P:System.Text.Unicode.UnicodeRanges.GeorgianExtended">
      <summary>A <see cref="T:System.Text.Unicode.UnicodeRange" /> corresponding to the 'Georgian Extended' Unicode block (U+1C90..U+1CBF).<para>a <see cref="T:System.Text.Unicode.UnicodeRange" /> 对应于"格鲁吉亚扩展"unicode 块 （u+1c90..u+1cbf）.</para></summary>
    </member>
    <member name="P:System.Text.Unicode.UnicodeRanges.GeorgianSupplement">
      <summary>Gets the Georgian Supplement Unicode block (U+2D00-U+2D2F).<para>获取 georgian supplement unicode 块 （u+2d00-u+2d2f）.</para></summary>
      <returns>The Georgian Supplement Unicode block (U+2D00-U+2D2F).<para>格鲁吉亚补充统一码块（u+2d00-u+2d2f）.</para></returns>
    </member>
    <member name="P:System.Text.Unicode.UnicodeRanges.Glagolitic">
      <summary>Gets the Glagolitic Unicode block (U+2C00-U+2C5F).<para>获取格拉哥里语 unicode 块 （u+2c00-u+2c5f）.</para></summary>
      <returns>The Glagolitic Unicode block (U+2C00-U+2C5F).<para>格拉哥里统一码块（u+2c00-u+2c5f）.</para></returns>
    </member>
    <member name="P:System.Text.Unicode.UnicodeRanges.GreekandCoptic">
      <summary>Gets the Greek and Coptic Unicode block (U+0370-U+03FF).<para>获取希腊语和科普特语 unicode 块 （u+0370-u+03ff）.</para></summary>
      <returns>The Greek and Coptic Unicode block (U+0370-U+03FF).<para>希腊语和科普特语 unicode 块 （u+0370-u+03ff）.</para></returns>
    </member>
    <member name="P:System.Text.Unicode.UnicodeRanges.GreekExtended">
      <summary>Gets the Greek Extended Unicode block (U+1F00-U+1FFF).<para>获取希腊语扩展 unicode 块 （u+1f00-u+1fff）.</para></summary>
      <returns>The Greek Extended Unicode block (U+1F00-U+1FFF).<para>希腊扩展 unicode 块 （u+1f00-u+1fff）.</para></returns>
    </member>
    <member name="P:System.Text.Unicode.UnicodeRanges.Gujarati">
      <summary>Gets the Gujarti Unicode block (U+0A81-U+0AFF).<para>获取古贾尔提语 unicode 块 （u+0a81-u+0aff）.</para></summary>
      <returns>The Gujarti Unicode block (U+0A81-U+0AFF).<para>gujarti unicode block （u+0a81-u+0aff）.</para></returns>
    </member>
    <member name="P:System.Text.Unicode.UnicodeRanges.Gurmukhi">
      <summary>Gets the Gurmukhi Unicode block (U+0A01-U+0A7F).<para>获取 gurmukhi unicode 块 （u+0a01-u+0a7f）.</para></summary>
      <returns>The Gurmukhi Unicode block (U+0A01-U+0A7F).<para>gurmukhi unicode 块 （u+0a01-u+0a7f）.</para></returns>
    </member>
    <member name="P:System.Text.Unicode.UnicodeRanges.HalfwidthandFullwidthForms">
      <summary>Gets the Halfwidth and Fullwidth Forms Unicode block (U+FF00-U+FFEE).<para>获取半角和全角形式的 unicode 块 （u+ff00-u+ffee）.</para></summary>
      <returns>The Halfwidth and Fullwidth Forms Unicode block (U+FF00-U+FFEE).<para>半角和全角形成 unicode 块 （u+ff00-u+ffee）.</para></returns>
    </member>
    <member name="P:System.Text.Unicode.UnicodeRanges.HangulCompatibilityJamo">
      <summary>Gets the Hangul Compatibility Jamo Unicode block (U+3131-U+318F).<para>获取朝鲜文兼容性 jamo unicode 块 （u+3131-u+318f）.</para></summary>
      <returns>The Hangul Compatibility Jamo Unicode block (U+3131-U+318F).<para>hangul compatibility jamo unicode 块 （u+3131-u+318f）.</para></returns>
    </member>
    <member name="P:System.Text.Unicode.UnicodeRanges.HangulJamo">
      <summary>Gets the Hangul Jamo Unicode block (U+1100-U+11FF).<para>获取 hangul jamo unicode 块 （u+1100-u+11ff）.</para></summary>
      <returns>The Hangul Jamo Unicode block (U+1100-U+11FF).<para>hangul jamo unicode 块 （u+1100-u+11ff）.</para></returns>
    </member>
    <member name="P:System.Text.Unicode.UnicodeRanges.HangulJamoExtendedA">
      <summary>Gets the Hangul Jamo Extended-A Unicode block (U+A960-U+A9F).<para>获取 hangul jamo extended-a unicode 块 （u+a960-u+a9f）.</para></summary>
      <returns>The Hangul Jamo Extended-A Unicode block (U+A960-U+A97F).<para>hangul jamo extended-a unicode block （u+a960-u+a97f）.</para></returns>
    </member>
    <member name="P:System.Text.Unicode.UnicodeRanges.HangulJamoExtendedB">
      <summary>Gets the Hangul Jamo Extended-B Unicode block (U+D7B0-U+D7FF).<para>获取 hangul jamo extended-b unicode 块 （u+d7b0-u+d7ff）.</para></summary>
      <returns>The Hangul Jamo Extended-B Unicode block (U+D7B0-U+D7FF).<para>hangul jamo extended-b unicode block （u+d7b0-u+d7ff）.</para></returns>
    </member>
    <member name="P:System.Text.Unicode.UnicodeRanges.HangulSyllables">
      <summary>Gets the Hangul Syllables Unicode block (U+AC00-U+D7AF).<para>获取朝鲜文音节 unicode 块 （u+ac00-u+d7af）.</para></summary>
      <returns>The Hangul Syllables Unicode block (U+AC00-U+D7AF).<para>韩文音节 unicode 块 （u+ac00-u+d7af）.</para></returns>
    </member>
    <member name="P:System.Text.Unicode.UnicodeRanges.Hanunoo">
      <summary>Gets the Hanunoo Unicode block (U+1720-U+173F).<para>获取 hanunoo unicode 块 （u+1720-u+173f）.</para></summary>
      <returns>The Hanunoo Unicode block (U+1720-U+173F).<para>hanunoo unicode 块 （u+1720-u+173f）.</para></returns>
    </member>
    <member name="P:System.Text.Unicode.UnicodeRanges.Hebrew">
      <summary>Gets the Hebrew Unicode block (U+0590-U+05FF).<para>获取希伯来语 unicode 块 （u+0590-u+05ff）.</para></summary>
      <returns>The Hebrew Unicode block (U+0590-U+05FF).<para>希伯来语 unicode 块 （u+0590-u+05ff）.</para></returns>
    </member>
    <member name="P:System.Text.Unicode.UnicodeRanges.Hiragana">
      <summary>Gets the Hiragana Unicode block (U+3040-U+309F).<para>获取 hiragana unicode 块 （u+3040-u+309f）.</para></summary>
      <returns>The Hiragana Unicode block (U+3040-U+309F).<para>平假名 unicode 块 （u+3040-u+309f）.</para></returns>
    </member>
    <member name="P:System.Text.Unicode.UnicodeRanges.IdeographicDescriptionCharacters">
      <summary>Gets the Ideographic Description Characters Unicode block (U+2FF0-U+2FFF).<para>获取表意描述字符 unicode 块 （u+2ff0-u+2fff）.</para></summary>
      <returns>The Ideographic Description Characters Unicode block (U+2FF0-U+2FFF).<para>表意描述字符 unicode 块 （u+2ff0-u+2fff）.</para></returns>
    </member>
    <member name="P:System.Text.Unicode.UnicodeRanges.IpaExtensions">
      <summary>Gets the IPA Extensions Unicode block (U+0250-U+02AF).<para>获取 ipa 扩展 unicode 块 （u+0250-u+02af）.</para></summary>
      <returns>The IPA Extensions Unicode block (U+0250-U+02AF).<para>ipa 扩展 unicode 块 （u+0250-u+02af）.</para></returns>
    </member>
    <member name="P:System.Text.Unicode.UnicodeRanges.Javanese">
      <summary>Gets the Javanese Unicode block (U+A980-U+A9DF).<para>获取爪哇语 unicode 块 （u+a980-u+a9df）.</para></summary>
      <returns>The Javanese Unicode block (U+A980-U+A9DF).<para>爪哇语 unicode 块 （u+a980-u+a9df）.</para></returns>
    </member>
    <member name="P:System.Text.Unicode.UnicodeRanges.Kanbun">
      <summary>Gets the Kanbun Unicode block (U+3190-U+319F).<para>获取看bun unicode 块 （u+3190-u+319f）.</para></summary>
      <returns>The Kanbun Unicode block (U+3190-U+319F).<para>kanbun unicode 块 （u+3190-u+319f）.</para></returns>
    </member>
    <member name="P:System.Text.Unicode.UnicodeRanges.KangxiRadicals">
      <summary>Gets the Kangxi Radicals Supplement Unicode block (U+2F00-U+2FDF).<para>获取康熙部首补充统一码块 （u+2f00-u+2fdf）.</para></summary>
      <returns>The Kangxi Radicals Supplement Unicode block (U+2F00-U+2FDF).<para>康熙部首补充统一码块（u+2f00-u+2fdf）.</para></returns>
    </member>
    <member name="P:System.Text.Unicode.UnicodeRanges.Kannada">
      <summary>Gets the Kannada Unicode block (U+0C81-U+0CFF).<para>获取 kannada unicode 块 （u+0c81-u+0cff）.</para></summary>
      <returns>The Kannada Unicode block (U+0C81-U+0CFF).<para>卡纳达统一码块（u+0c81-u+0cff）.</para></returns>
    </member>
    <member name="P:System.Text.Unicode.UnicodeRanges.Katakana">
      <summary>Gets the Katakana Unicode block (U+30A0-U+30FF).<para>获取 katakana unicode 块 （u+30a0-u+30ff）.</para></summary>
      <returns>The Katakana Unicode block (U+30A0-U+30FF).<para>katakana unicode 块 （u+30a0-u+30ff）.</para></returns>
    </member>
    <member name="P:System.Text.Unicode.UnicodeRanges.KatakanaPhoneticExtensions">
      <summary>Gets the Katakana Phonetic Extensions Unicode block (U+31F0-U+31FF).<para>获取片假名语音扩展 unicode 块 （u+31f0-u+31ff）.</para></summary>
      <returns>The Katakana Phonetic Extensions Unicode block (U+31F0-U+31FF).<para>片假名语音扩展 unicode 块 （u+31f0-u+31ff）.</para></returns>
    </member>
    <member name="P:System.Text.Unicode.UnicodeRanges.KayahLi">
      <summary>Gets the Kayah Li Unicode block (U+A900-U+A92F).<para>获取 kayah li unicode 块 （u+a900-u+a92f）.</para></summary>
      <returns>The Kayah Li Unicode block (U+A900-U+A92F).<para>kayah li unicode 块 （u+a900-u+a92f）.</para></returns>
    </member>
    <member name="P:System.Text.Unicode.UnicodeRanges.Khmer">
      <summary>Gets the Khmer Unicode block (U+1780-U+17FF).<para>获取高棉语 unicode 块 （u+1780-u+17ff）.</para></summary>
      <returns>The Khmer Unicode block (U+1780-U+17FF).<para>高棉统一码块（u+1780-u+17ff）.</para></returns>
    </member>
    <member name="P:System.Text.Unicode.UnicodeRanges.KhmerSymbols">
      <summary>Gets the Khmer Symbols Unicode block (U+19E0-U+19FF).<para>获取高棉符号 unicode 块 （u+19e0-u+19ff）.</para></summary>
      <returns>The Khmer Symbols Unicode block (U+19E0-U+19FF).<para>高棉符号 unicode 块 （u+19e0-u+19ff）.</para></returns>
    </member>
    <member name="P:System.Text.Unicode.UnicodeRanges.Lao">
      <summary>Gets the Lao Unicode block (U+0E80-U+0EDF).<para>获取老挝 unicode 块 （u+0e80-u+0edf）.</para></summary>
      <returns>The Lao Unicode block (U+0E80-U+0EDF).<para>老挝统一码块 （u+0e80-u+0edf）.</para></returns>
    </member>
    <member name="P:System.Text.Unicode.UnicodeRanges.Latin1Supplement">
      <summary>Gets the Latin-1 Supplement Unicode block (U+00A1-U+00FF).<para>获取 latin-1 补充 unicode 块 （u+00a1-u+00ff）.</para></summary>
      <returns>The Latin-1 Supplement Unicode block (U+00A1-U+00FF).<para>latin-1 supplement统一码块（u+00a1-u+00ff）.</para></returns>
    </member>
    <member name="P:System.Text.Unicode.UnicodeRanges.LatinExtendedA">
      <summary>Gets the Latin Extended-A Unicode block (U+0100-U+017F).<para>获取拉丁语扩展 a unicode 块 （u+0100-u+017f）.</para></summary>
      <returns>The Latin Extended-A Unicode block (U+0100-U+017F).<para>拉丁语扩展 unicode 块 （u+0100-u+017f）.</para></returns>
    </member>
    <member name="P:System.Text.Unicode.UnicodeRanges.LatinExtendedAdditional">
      <summary>Gets the Latin Extended Additional Unicode block (U+1E00-U+1EFF).<para>获取拉丁语扩展附加 unicode 块 （u+1e00-u+1eff）.</para></summary>
      <returns>The Latin Extended Additional Unicode block (U+1E00-U+1EFF).<para>拉丁语扩展的附加 unicode 块 （u+1e00-u+1eff）.</para></returns>
    </member>
    <member name="P:System.Text.Unicode.UnicodeRanges.LatinExtendedB">
      <summary>Gets the Latin Extended-B Unicode block (U+0180-U+024F).<para>获取拉丁语扩展 b unicode 块 （u+0180-u+024f）.</para></summary>
      <returns>The Latin Extended-B Unicode block (U+0180-U+024F).<para>拉丁语扩展 b unicode 块 （u+0180-u+024f）.</para></returns>
    </member>
    <member name="P:System.Text.Unicode.UnicodeRanges.LatinExtendedC">
      <summary>Gets the Latin Extended-C Unicode block (U+2C60-U+2C7F).<para>获取拉丁语扩展 c unicode 块 （u+2c60-u+2c7f）.</para></summary>
      <returns>The Latin Extended-C Unicode block (U+2C60-U+2C7F).<para>拉丁语扩展 c unicode 块 （u+2c60-u+2c7f）.</para></returns>
    </member>
    <member name="P:System.Text.Unicode.UnicodeRanges.LatinExtendedD">
      <summary>Gets the Latin Extended-D Unicode block (U+A720-U+A7FF).<para>获取拉丁语扩展 d unicode 块 （u+a720-u+a7ff）.</para></summary>
      <returns>The Latin Extended-D Unicode block (U+A720-U+A7FF).<para>拉丁语扩展 d unicode 块 （u+a720-u+a7ff）.</para></returns>
    </member>
    <member name="P:System.Text.Unicode.UnicodeRanges.LatinExtendedE">
      <summary>Gets the Latin Extended-E Unicode block (U+AB30-U+AB6F).<para>获取拉丁语扩展 e unicode 块 （u+ab30-u+ab6f）.</para></summary>
      <returns>The Latin Extended-E Unicode block (U+AB30-U+AB6F).<para>拉丁语扩展 e unicode 块 （u+ab30-u+ab6f）.</para></returns>
    </member>
    <member name="P:System.Text.Unicode.UnicodeRanges.Lepcha">
      <summary>Gets the Lepcha Unicode block (U+1C00-U+1C4F).<para>获取 lepcha unicode 块 （u+1c00-u+1c4f）.</para></summary>
      <returns>The Lepcha Unicode block (U+1C00-U+1C4F).<para>lepcha unicode 块 （u+1c00-u+1c4f）.</para></returns>
    </member>
    <member name="P:System.Text.Unicode.UnicodeRanges.LetterlikeSymbols">
      <summary>Gets the Letterlike Symbols Unicode block (U+2100-U+214F).<para>获取类字母符号 unicode 块 （u+2100-u+214f）.</para></summary>
      <returns>The Letterlike Symbols Unicode block (U+2100-U+214F).<para>类字母符号 unicode 块 （u+2100-u+214f）.</para></returns>
    </member>
    <member name="P:System.Text.Unicode.UnicodeRanges.Limbu">
      <summary>Gets the Limbu Unicode block (U+1900-U+194F).<para>获取 limbu unicode 块 （u+1900-u+194f）.</para></summary>
      <returns>The Limbu Unicode block (U+1900-U+194F).<para>limbu unicode 块 （u+1900-u+194f）.</para></returns>
    </member>
    <member name="P:System.Text.Unicode.UnicodeRanges.Lisu">
      <summary>Gets the Lisu Unicode block (U+A4D0-U+A4FF).<para>获取傈僳族 unicode 块 （u+a4d0-u+a4ff）.</para></summary>
      <returns>The Lisu Unicode block (U+A4D0-U+A4FF).<para>傈僳族统一码块（u+a4d0-u+a4ff）.</para></returns>
    </member>
    <member name="P:System.Text.Unicode.UnicodeRanges.Malayalam">
      <summary>Gets the Malayalam Unicode block (U+0D00-U+0D7F).<para>获取马拉雅拉姆语 unicode 块 （u+0d00-u+0d7f）.</para></summary>
      <returns>The Malayalam Unicode block (U+0D00-U+0D7F).<para>马拉雅拉姆语 unicode 块 （u+0d00-u+0d7f）.</para></returns>
    </member>
    <member name="P:System.Text.Unicode.UnicodeRanges.Mandaic">
      <summary>Gets the Mandaic Unicode block (U+0840-U+085F).<para>获取 mandaic unicode 块 （u+0840-u+085f）.</para></summary>
      <returns>The Mandaic Unicode block (U+0840-U+085F).<para>mandaic unicode 块 （u+0840-u+085f）.</para></returns>
    </member>
    <member name="P:System.Text.Unicode.UnicodeRanges.MathematicalOperators">
      <summary>Gets the Mathematical Operators Unicode block (U+2200-U+22FF).<para>获取数学运算符 unicode 块 （u+2200-u+22ff）.</para></summary>
      <returns>The Mathematical Operators Unicode block (U+2200-U+22FF).<para>数学运算符 unicode 块 （u+2200-u+22ff）.</para></returns>
    </member>
    <member name="P:System.Text.Unicode.UnicodeRanges.MeeteiMayek">
      <summary>Gets the Meetei Mayek Unicode block (U+ABC0-U+ABFF).<para>获取 metei mayek unicode 块 （u+abc0-u+abff）.</para></summary>
      <returns>The Meetei Mayek Unicode block (U+ABC0-U+ABFF).<para>metei mayek unicode block （u+abc0-u+abff）.</para></returns>
    </member>
    <member name="P:System.Text.Unicode.UnicodeRanges.MeeteiMayekExtensions">
      <summary>Gets the Meetei Mayek Extensions Unicode block (U+AAE0-U+AAFF).<para>获取 metei mayek 扩展 unicode 块 （u+aae0-u+aaff）.</para></summary>
      <returns>The Meetei Mayek Extensions Unicode block (U+AAE0-U+AAFF).<para>metei mayek extensions unicode block （u+aae0-u+aaff）.</para></returns>
    </member>
    <member name="P:System.Text.Unicode.UnicodeRanges.MiscellaneousMathematicalSymbolsA">
      <summary>Gets the Miscellaneous Mathematical Symbols-A Unicode block (U+27C0-U+27EF).<para>获取杂项数学符号 - 一个 unicode 块 （u+27c0-u+27ef）.</para></summary>
      <returns>The Miscellaneous Mathematical Symbols-A Unicode block (U+27C0-U+27EF).<para>杂项数学符号 - 一个 unicode 块 （u+27c0-u+27ef）.</para></returns>
    </member>
    <member name="P:System.Text.Unicode.UnicodeRanges.MiscellaneousMathematicalSymbolsB">
      <summary>Gets the Miscellaneous Mathematical Symbols-B Unicode block (U+2980-U+29FF).<para>获取杂项数学符号-b unicode 块 （u+2980-u+29ff）.</para></summary>
      <returns>The Miscellaneous Mathematical Symbols-B Unicode block (U+2980-U+29FF).<para>杂项数学符号-b unicode 块 （u+2980-u+29ff）.</para></returns>
    </member>
    <member name="P:System.Text.Unicode.UnicodeRanges.MiscellaneousSymbols">
      <summary>Gets the Miscellaneous Symbols Unicode block (U+2600-U+26FF).<para>获取杂项符号 unicode 块 （u+2600-u+26ff）.</para></summary>
      <returns>The Miscellaneous Symbols Unicode block (U+2600-U+26FF).<para>杂项符号 unicode 块 （u+2600-u+26ff）.</para></returns>
    </member>
    <member name="P:System.Text.Unicode.UnicodeRanges.MiscellaneousSymbolsandArrows">
      <summary>Gets the Miscellaneous Symbols and Arrows Unicode block (U+2B00-U+2BFF).<para>获取杂项符号和箭头 unicode 块 （u+2b00-u+2bff）.</para></summary>
      <returns>The Miscellaneous Symbols and Arrows Unicode block (U+2B00-U+2BFF).<para>杂项符号和箭头 unicode 块 （u+2b00-u+2bff）.</para></returns>
    </member>
    <member name="P:System.Text.Unicode.UnicodeRanges.MiscellaneousTechnical">
      <summary>Gets the Miscellaneous Technical Unicode block (U+2300-U+23FF).<para>获取杂项技术 unicode 块 （u+2300-u+23ff）.</para></summary>
      <returns>The Miscellaneous Technical Unicode block (U+2300-U+23FF).<para>杂项技术统一码块 （u+2300-u+23ff）.</para></returns>
    </member>
    <member name="P:System.Text.Unicode.UnicodeRanges.ModifierToneLetters">
      <summary>Gets the Modifier Tone Letters Unicode block (U+A700-U+A71F).<para>获取修饰符音调字母 unicode 块 （u+a700-u+a71f）.</para></summary>
      <returns>The Modifier Tone Letters Unicode block (U+A700-U+A71F).<para>修饰符音调字母 unicode 块 （u+a700-u+a71f）.</para></returns>
    </member>
    <member name="P:System.Text.Unicode.UnicodeRanges.Mongolian">
      <summary>Gets the Mongolian Unicode block (U+1800-U+18AF).<para>获取蒙古语 unicode 块 （u+1800-u+18af）.</para></summary>
      <returns>The Mongolian Unicode block (U+1800-U+18AF).<para>蒙古语统一码块 （u+1800-u+18af）.</para></returns>
    </member>
    <member name="P:System.Text.Unicode.UnicodeRanges.Myanmar">
      <summary>Gets the Myanmar Unicode block (U+1000-U+109F).<para>获取缅甸 unicode 块 （u+1000-u+109f）.</para></summary>
      <returns>The Myanmar Unicode block (U+1000-U+109F).<para>缅甸统一码块 （u+1000-u+109f）.</para></returns>
    </member>
    <member name="P:System.Text.Unicode.UnicodeRanges.MyanmarExtendedA">
      <summary>Gets the Myanmar Extended-A Unicode block (U+AA60-U+AA7F).<para>获取缅甸扩展 unicode 块 （u+aa60-u+aa7f）.</para></summary>
      <returns>The Myanmar Extended-A Unicode block (U+AA60-U+AA7F).<para>缅甸扩展 unicode 块 （u+aa60-u+aa7f）.</para></returns>
    </member>
    <member name="P:System.Text.Unicode.UnicodeRanges.MyanmarExtendedB">
      <summary>Gets the Myanmar Extended-B Unicode block (U+A9E0-U+A9FF).<para>获取缅甸扩展 b unicode 块 （u+a9e0-u+a9ff）.</para></summary>
      <returns>The Myanmar Extended-B Unicode block (U+A9E0-U+A9FF).<para>缅甸扩展 b unicode 块 （u+a9e0-u+a9ff）.</para></returns>
    </member>
    <member name="P:System.Text.Unicode.UnicodeRanges.NewTaiLue">
      <summary>Gets the New Tai Lue Unicode block (U+1980-U+19DF).<para>获取新的 tai lue unicode 块 （u+1980-u+19df）.</para></summary>
      <returns>The New Tai Lue Unicode block (U+1980-U+19DF).<para>new tai lue unicode 块 （u+1980-u+19df）.</para></returns>
    </member>
    <member name="P:System.Text.Unicode.UnicodeRanges.NKo">
      <summary>Gets the NKo Unicode block (U+07C0-U+07FF).<para>获取 nko unicode 块 （u+07c0-u+07ff）.</para></summary>
      <returns>The NKo Unicode block (U+07C0-U+07FF).<para>nko unicode 块 （u+07c0-u+07ff）.</para></returns>
    </member>
    <member name="P:System.Text.Unicode.UnicodeRanges.None">
      <summary>Gets an empty Unicode range.<para>获取空的 unicode 范围.</para></summary>
      <returns>A Unicode range with no elements.<para>没有元素的 unicode 范围.</para></returns>
    </member>
    <member name="P:System.Text.Unicode.UnicodeRanges.NumberForms">
      <summary>Gets the Number Forms Unicode block (U+2150-U+218F).<para>获取数字形式 unicode 块 （u+2150-u+218f）.</para></summary>
      <returns>The Number Forms Unicode block (U+2150-U+218F).<para>数字形式 unicode 块 （u+2150-u+218f）.</para></returns>
    </member>
    <member name="P:System.Text.Unicode.UnicodeRanges.Ogham">
      <summary>Gets the Ogham Unicode block (U+1680-U+169F).<para>获取 ogham unicode 块 （u+1680-u+169f）.</para></summary>
      <returns>The Ogham Unicode block (U+1680-U+169F).<para>ogham unicode 块 （u+1680-u+169f）.</para></returns>
    </member>
    <member name="P:System.Text.Unicode.UnicodeRanges.OlChiki">
      <summary>Gets the Ol Chiki Unicode block (U+1C50-U+1C7F).<para>获取 ol chiki unicode 块 （u+1c50-u+1c7f）.</para></summary>
      <returns>The Ol Chiki Unicode block (U+1C50-U+1C7F).<para>ol chiki unicode 块 （u+1c50-u+1c7f）.</para></returns>
    </member>
    <member name="P:System.Text.Unicode.UnicodeRanges.OpticalCharacterRecognition">
      <summary>Gets the Optical Character Recognition Unicode block (U+2440-U+245F).<para>获取光学字符识别 unicode 块 （u+2440-u+245f）.</para></summary>
      <returns>The Optical Character Recognition Unicode block (U+2440-U+245F).<para>光学字符识别 unicode 块 （u+2440-u+245f）.</para></returns>
    </member>
    <member name="P:System.Text.Unicode.UnicodeRanges.Oriya">
      <summary>Gets the Oriya Unicode block (U+0B00-U+0B7F).<para>获取 oriya unicode 块 （u+0b00-u+0b7f）.</para></summary>
      <returns>The Oriya Unicode block (U+0B00-U+0B7F).<para>oriya unicode 块 （u+0b00-u+0b7f）.</para></returns>
    </member>
    <member name="P:System.Text.Unicode.UnicodeRanges.Phagspa">
      <summary>Gets the Phags-pa Unicode block (U+A840-U+A87F).<para>获取 phags-pa unicode 块 （u+a840-u+a87f）.</para></summary>
      <returns>The Phags-pa Unicode block (U+A840-U+A87F).<para>phags-pa unicode 块 （u+a840-u+a87f）.</para></returns>
    </member>
    <member name="P:System.Text.Unicode.UnicodeRanges.PhoneticExtensions">
      <summary>Gets the Phonetic Extensions Unicode block (U+1D00-U+1D7F).<para>获取拼音扩展 unicode 块 （u+1d00-u+1d7f）.</para></summary>
      <returns>The Phonetic Extensions Unicode block (U+1D00-U+1D7F).<para>语音扩展 unicode 块 （u+1d00-u+1d7f）.</para></returns>
    </member>
    <member name="P:System.Text.Unicode.UnicodeRanges.PhoneticExtensionsSupplement">
      <summary>Gets the Phonetic Extensions Supplement Unicode block (U+1D80-U+1DBF).<para>获取拼音扩展补充 unicode 块 （u+1d80-u+1dbf）.</para></summary>
      <returns>The Phonetic Extensions Supplement Unicode block (U+1D80-U+1DBF).<para>语音扩展补充 unicode 块 （u+1d80-u+1dbf）.</para></returns>
    </member>
    <member name="P:System.Text.Unicode.UnicodeRanges.Rejang">
      <summary>Gets the Rejang Unicode block (U+A930-U+A95F).<para>获取 rejang unicode 块 （u+a930-u+a95f）.</para></summary>
      <returns>The Rejang Unicode block (U+A930-U+A95F).<para>rejang unicode 块 （u+a930-u+a95f）.</para></returns>
    </member>
    <member name="P:System.Text.Unicode.UnicodeRanges.Runic">
      <summary>Gets the Runic Unicode block (U+16A0-U+16FF).<para>获取 runic unicode 块 （u+16a0-u+16ff）.</para></summary>
      <returns>The Runic Unicode block (U+16A0-U+16FF).<para>runic unicode 块 （u+16a0-u+16ff）.</para></returns>
    </member>
    <member name="P:System.Text.Unicode.UnicodeRanges.Samaritan">
      <summary>Gets the Samaritan Unicode block (U+0800-U+083F).<para>获取撒玛利亚人 unicode 块 （u+0800-u+083f）.</para></summary>
      <returns>The Samaritan Unicode block (U+0800-U+083F).<para>撒玛利亚人统一码块 （u+0800-u+083f）.</para></returns>
    </member>
    <member name="P:System.Text.Unicode.UnicodeRanges.Saurashtra">
      <summary>Gets the Saurashtra Unicode block (U+A880-U+A8DF).<para>获取 saurashtra unicode 块 （u+a880-u+a8df）.</para></summary>
      <returns>The Saurashtra Unicode block (U+A880-U+A8DF).<para>saurashtra unicode 块 （u+a880-u+a8df）.</para></returns>
    </member>
    <member name="P:System.Text.Unicode.UnicodeRanges.Sinhala">
      <summary>Gets the Sinhala Unicode block (U+0D80-U+0DFF).<para>获取僧伽罗语 unicode 块 （u+0d80-u+0dff）.</para></summary>
      <returns>The Sinhala Unicode block (U+0D80-U+0DFF).<para>僧伽罗语 unicode 块 （u+0d80-u+0dff）.</para></returns>
    </member>
    <member name="P:System.Text.Unicode.UnicodeRanges.SmallFormVariants">
      <summary>Gets the Small Form Variants Unicode block (U+FE50-U+FE6F).<para>获取小型变体 unicode 块 （u+fe50-u+fe6f）.</para></summary>
      <returns>The Small Form Variants Unicode block (U+FE50-U+FE6F).<para>小型变体 unicode 块 （u+fe50-u+fe6f）.</para></returns>
    </member>
    <member name="P:System.Text.Unicode.UnicodeRanges.SpacingModifierLetters">
      <summary>Gets the Spacing Modifier Letters Unicode block (U+02B0-U+02FF).<para>获取间距修饰符字母 unicode 块 （u+02b0-u+02ff）.</para></summary>
      <returns>The Spacing Modifier Letters Unicode block (U+02B0-U+02FF).<para>间距修饰符字母 unicode 块 （u+02b0-u+02ff）.</para></returns>
    </member>
    <member name="P:System.Text.Unicode.UnicodeRanges.Specials">
      <summary>Gets the Specials Unicode block (U+FFF0-U+FFFF).<para>获取 specials unicode 块 （u+fff0-u+ffff）.</para></summary>
      <returns>The Specials Unicode block (U+FFF0-U+FFFF).<para>specials unicode 块 （u+fff0-u+ffff）.</para></returns>
    </member>
    <member name="P:System.Text.Unicode.UnicodeRanges.Sundanese">
      <summary>Gets the Sundanese Unicode block (U+1B80-U+1BBF).<para>获取巽他语 unicode 块 （u+1b80-u+1bbf）.</para></summary>
      <returns>The Sundanese Unicode block (U+1B80-U+1BBF).<para>sundanese unicode 块 （u+1b80-u+1bbf）.</para></returns>
    </member>
    <member name="P:System.Text.Unicode.UnicodeRanges.SundaneseSupplement">
      <summary>Gets the Sundanese Supplement Unicode block (U+1CC0-U+1CCF).<para>获取 sundanese supplement unicode 块 （u+1cc0-u+1ccf）.</para></summary>
      <returns>The Sundanese Supplement Unicode block (U+1CC0-U+1CCF).<para>sundanese supplement unicode block （u+1cc0-u+1ccf）.</para></returns>
    </member>
    <member name="P:System.Text.Unicode.UnicodeRanges.SuperscriptsandSubscripts">
      <summary>Gets the Superscripts and Subscripts Unicode block (U+2070-U+209F).<para>获取上标和下标 unicode 块 （u+2070-u+209f）.</para></summary>
      <returns>The Superscripts and Subscripts Unicode block (U+2070-U+209F).<para>上标和下标 unicode 块 （u+2070-u+209f）.</para></returns>
    </member>
    <member name="P:System.Text.Unicode.UnicodeRanges.SupplementalArrowsA">
      <summary>Gets the Supplemental Arrows-A Unicode block (U+27F0-U+27FF).<para>获取补充箭头 - 一个 unicode 块 （u+27f0-u+27ff）.</para></summary>
      <returns>The Supplemental Arrows-A Unicode block (U+27F0-U+27FF).<para>补充箭头 - 一个 unicode 块 （u+27f0-u+27ff）.</para></returns>
    </member>
    <member name="P:System.Text.Unicode.UnicodeRanges.SupplementalArrowsB">
      <summary>Gets the Supplemental Arrows-B Unicode block (U+2900-U+297F).<para>获取补充箭头-b unicode 块 （u+2900-u+297f）.</para></summary>
      <returns>The Supplemental Arrows-B Unicode block (U+2900-U+297F).<para>补充箭头-b unicode 块 （u+2900-u+297f）.</para></returns>
    </member>
    <member name="P:System.Text.Unicode.UnicodeRanges.SupplementalMathematicalOperators">
      <summary>Gets the Supplemental Mathematical Operators Unicode block (U+2A00-U+2AFF).<para>获取补充数学运算符 unicode 块 （u+2a00-u+2aff）.</para></summary>
      <returns>The Supplemental Mathematical Operators Unicode block (U+2A00-U+2AFF).<para>补充数学运算符 unicode 块 （u+2a00-u+2aff）.</para></returns>
    </member>
    <member name="P:System.Text.Unicode.UnicodeRanges.SupplementalPunctuation">
      <summary>Gets the Supplemental Punctuation Unicode block (U+2E00-U+2E7F).<para>获取补充标点符号 unicode 块 （u+2e00-u+2e7f）.</para></summary>
      <returns>The Supplemental Punctuation Unicode block (U+2E00-U+2E7F).<para>补充标点符号 unicode 块 （u+2e00-u+2e7f）.</para></returns>
    </member>
    <member name="P:System.Text.Unicode.UnicodeRanges.SylotiNagri">
      <summary>Gets the Syloti Nagri Unicode block (U+A800-U+A82F).<para>获取 syloti nagri unicode 块 （u+a800-u+a82f）.</para></summary>
      <returns>The Syloti Nagri Unicode block (U+A800-U+A82F).<para>syloti nagri unicode 块 （u+a800-u+a82f）.</para></returns>
    </member>
    <member name="P:System.Text.Unicode.UnicodeRanges.Syriac">
      <summary>Gets the Syriac Unicode block (U+0700-U+074F).<para>获取叙利亚语 unicode 块 （u+0700-u+074f）.</para></summary>
      <returns>The Syriac Unicode block (U+0700-U+074F).<para>叙利亚语统一码块 （u+0700-u+074f）.</para></returns>
    </member>
    <member name="P:System.Text.Unicode.UnicodeRanges.SyriacSupplement">
      <summary>A <see cref="T:System.Text.Unicode.UnicodeRange" /> corresponding to the 'Syriac Supplement' Unicode block (U+0860..U+086F).<para>a <see cref="T:System.Text.Unicode.UnicodeRange" /> 对应于"叙利亚语补充"unicode 块 （u+0860..u+086f）.</para></summary>
    </member>
    <member name="P:System.Text.Unicode.UnicodeRanges.Tagalog">
      <summary>Gets the Tagalog Unicode block (U+1700-U+171F).<para>获取他加禄语 unicode 块 （u+1700-u+171f）.</para></summary>
      <returns>The Tagalog Unicode block (U+1700-U+171F).<para>他加禄语统一码块（u+1700-u+171f）.</para></returns>
    </member>
    <member name="P:System.Text.Unicode.UnicodeRanges.Tagbanwa">
      <summary>Gets the Tagbanwa Unicode block (U+1760-U+177F).<para>获取 tagbanwa unicode 块 （u+1760-u+177f）.</para></summary>
      <returns>The Tagbanwa Unicode block (U+1760-U+177F).<para>tagbanwa unicode 块 （u+1760-u+177f）.</para></returns>
    </member>
    <member name="P:System.Text.Unicode.UnicodeRanges.TaiLe">
      <summary>Gets the Tai Le Unicode block (U+1950-U+197F).<para>获取 tai le unicode 块 （u+1950-u+197f）.</para></summary>
      <returns>The Tai Le Unicode block (U+1950-U+197F).<para>tai le unicode 块 （u+1950-u+197f）.</para></returns>
    </member>
    <member name="P:System.Text.Unicode.UnicodeRanges.TaiTham">
      <summary>Gets the Tai Tham Unicode block (U+1A20-U+1AAF).<para>获取 tai tham unicode 块 （u+1a20-u+1aaf）.</para></summary>
      <returns>The Tai Tham Unicode block (U+1A20-U+1AAF).<para>tai tham unicode 块 （u+1a20-u+1aaf）.</para></returns>
    </member>
    <member name="P:System.Text.Unicode.UnicodeRanges.TaiViet">
      <summary>Gets the Tai Viet Unicode block (U+AA80-U+AADF).<para>获取 tai viet unicode 块 （u+aa80-u+aadf）.</para></summary>
      <returns>The Tai Viet Unicode block (U+AA80-U+AADF).<para>tai viet unicode 块 （u+aa80-u+aadf）.</para></returns>
    </member>
    <member name="P:System.Text.Unicode.UnicodeRanges.Tamil">
      <summary>Gets the Tamil Unicode block (U+0B80-U+0BFF).<para>获取泰米尔语 unicode 块 （u+0b80-u+0bff）.</para></summary>
      <returns>The Tamil Unicode block (U+0B82-U+0BFA).<para>泰米尔语unicode块（u+0b82-u+0bfa）.</para></returns>
    </member>
    <member name="P:System.Text.Unicode.UnicodeRanges.Telugu">
      <summary>Gets the Telugu Unicode block (U+0C00-U+0C7F).<para>获取泰卢固语 unicode 块 （u+0c00-u+0c7f）.</para></summary>
      <returns>The Telugu Unicode block (U+0C00-U+0C7F).<para>泰卢固语统一码块（u+0c00-u+0c7f）.</para></returns>
    </member>
    <member name="P:System.Text.Unicode.UnicodeRanges.Thaana">
      <summary>Gets the Thaana Unicode block (U+0780-U+07BF).<para>获取 thaana unicode 块 （u+0780-u+07bf）.</para></summary>
      <returns>The Thaana Unicode block (U+0780-U+07BF).<para>thaana unicode 块 （u+0780-u+07bf）.</para></returns>
    </member>
    <member name="P:System.Text.Unicode.UnicodeRanges.Thai">
      <summary>Gets the Thai Unicode block (U+0E00-U+0E7F).<para>获取泰语 unicode 块 （u+0e00-u+0e7f）.</para></summary>
      <returns>The Thai Unicode block (U+0E00-U+0E7F).<para>泰语 unicode 块 （u+0e00-u+0e7f）.</para></returns>
    </member>
    <member name="P:System.Text.Unicode.UnicodeRanges.Tibetan">
      <summary>Gets the Tibetan Unicode block (U+0F00-U+0FFF).<para>获取藏语 unicode 块 （u+0f00-u+0fff）.</para></summary>
      <returns>The Tibetan Unicode block (U+0F00-U+0FFF).<para>藏语统一码块（u+0f00-u+0fff）.</para></returns>
    </member>
    <member name="P:System.Text.Unicode.UnicodeRanges.Tifinagh">
      <summary>Gets the Tifinagh Unicode block (U+2D30-U+2D7F).<para>获取 tifinagh unicode 块 （u+2d30-u+2d7f）.</para></summary>
      <returns>The Tifinagh Unicode block (U+2D30-U+2D7F).<para>tifinagh unicode 块 （u+2d30-u+2d7f）.</para></returns>
    </member>
    <member name="P:System.Text.Unicode.UnicodeRanges.UnifiedCanadianAboriginalSyllabics">
      <summary>Gets the Unified Canadian Aboriginal Syllabics Unicode block (U+1400-U+167F).<para>获取统一的加拿大土著音节 unicode 块 （u+1400-u+167f）.</para></summary>
      <returns>The Unified Canadian Aboriginal Syllabics Unicode block (U+1400-U+167F).<para>加拿大统一土著音节统一码块（u+1400-u+167f）.</para></returns>
    </member>
    <member name="P:System.Text.Unicode.UnicodeRanges.UnifiedCanadianAboriginalSyllabicsExtended">
      <summary>Gets the Unified Canadian Aboriginal Syllabics Extended Unicode block (U+18B0-U+18FF).<para>获取统一的加拿大土著音节扩展 unicode 块 （u+18b0-u+18ff）.</para></summary>
      <returns>The Unified Canadian Aboriginal Syllabics Extended Unicode block (U+18B0-U+18FF).<para>加拿大统一土著音节扩展统一码块（u+18b0-u+18ff）.</para></returns>
    </member>
    <member name="P:System.Text.Unicode.UnicodeRanges.Vai">
      <summary>Gets the Vai Unicode block (U+A500-U+A63F).<para>获取 vai unicode 块 （u+a500-u+a63f）.</para></summary>
      <returns>The Vai Unicode block (U+A500-U+A63F).<para>vai unicode 块 （u+a500-u+a63f）.</para></returns>
    </member>
    <member name="P:System.Text.Unicode.UnicodeRanges.VariationSelectors">
      <summary>Gets the Variation Selectors Unicode block (U+FE00-U+FE0F).<para>获取变体选择器 unicode 块 （u+fe00-u+fe0f）.</para></summary>
      <returns>The Variation Selectors Unicode block (U+FE00-U+FE0F).<para>变体选择器 unicode 块 （u+fe00-u+fe0f）.</para></returns>
    </member>
    <member name="P:System.Text.Unicode.UnicodeRanges.VedicExtensions">
      <summary>Gets the Vedic Extensions Unicode block (U+1CD0-U+1CFF).<para>获取吠陀扩展 unicode 块 （u+1cd0-u+1cff）.</para></summary>
      <returns>The Vedic Extensions Unicode block (U+1CD0-U+1CFF).<para>吠陀扩展 unicode 块 （u+1cd0-u+1cff）.</para></returns>
    </member>
    <member name="P:System.Text.Unicode.UnicodeRanges.VerticalForms">
      <summary>Gets the Vertical Forms Unicode block (U+FE10-U+FE1F).<para>获取垂直表单 unicode 块 （u+fe10-u+fe1f）.</para></summary>
      <returns>The Vertical Forms Unicode block (U+FE10-U+FE1F).<para>垂直形式 unicode 块 （u+fe10-u+fe1f）.</para></returns>
    </member>
    <member name="P:System.Text.Unicode.UnicodeRanges.YijingHexagramSymbols">
      <summary>Gets the Yijing Hexagram Symbols Unicode block (U+4DC0-U+4DFF).<para>获取易京六角形符号 unicode 块 （u+4dc0-u+4dff）.</para></summary>
      <returns>The Yijing Hexagram Symbols Unicode block (U+4DC0-U+4DFF).<para>易景六芒星符号统一码块（u+4dc0-u+4dff）.</para></returns>
    </member>
    <member name="P:System.Text.Unicode.UnicodeRanges.YiRadicals">
      <summary>Gets the Yi Radicals Unicode block (U+A490-U+A4CF).<para>获取 yi radicals unicode 块 （u+a490-u+a4cf）.</para></summary>
      <returns>The Yi Radicals Unicode block (U+A490-U+A4CF).<para>yi radicals unicode 块 （u+a490-u+a4cf）.</para></returns>
    </member>
    <member name="P:System.Text.Unicode.UnicodeRanges.YiSyllables">
      <summary>Gets the Yi Syllables Unicode block (U+A000-U+A48F).<para>获取彝语音节 unicode 块 （u+a000-u+a48f）.</para></summary>
      <returns>The Yi Syllables Unicode block (U+A000-U+A48F).<para>彝语音节统一码块（u+a000-u+a48f）.</para></returns>
    </member>
  </members>
</doc>