﻿<?xml version="1.0" encoding="utf-8"?>
<doc>
  <assembly>
    <name>System.Text.Encoding.CodePages</name>
  </assembly>
  <members>
    <member name="T:System.Text.CodePagesEncodingProvider">
      <summary>Provides access to an encoding provider for code pages that otherwise are available only in the desktop .NET Framework.<para>提供对代码页的编码提供程序的访问,否则这些代码页仅在桌面 .net framework 中可用.</para></summary>
    </member>
    <member name="M:System.Text.CodePagesEncodingProvider.GetEncoding(System.Int32)">
      <summary>Returns the encoding associated with the specified code page identifier.<para>返回与指定的代码页标识符关联的编码.</para></summary>
      <param name="codepage">The code page identifier of the preferred encoding which the encoding provider may support.<para>编码提供程序可能支持的首选编码的代码页标识符.</para></param>
      <returns>The encoding associated with the specified code page identifier, or <see langword="null" /> if the provider does not support the requested codepage encoding.<para>与指定的代码页标识符关联的编码,如果提供程序不支持请求的代码页编码,则为 <see langword="null" />.</para></returns>
    </member>
    <member name="M:System.Text.CodePagesEncodingProvider.GetEncoding(System.String)">
      <summary>Returns the encoding associated with the specified code page name.<para>返回与指定的代码页名称关联的编码.</para></summary>
      <param name="name">The code page name of the preferred encoding which the encoding provider may support.<para>编码提供程序可能支持的首选编码的代码页名称.</para></param>
      <returns>The encoding associated with the specified code page, or <see langword="null" /> if the provider does not support the requested encoding.<para>与指定代码页关联的编码,如果提供程序不支持请求的编码,则为 <see langword="null" />.</para></returns>
    </member>
    <member name="M:System.Text.CodePagesEncodingProvider.GetEncodings">
      <summary>Returns an array that contains all the encodings that are supported by the <see cref="T:System.Text.CodePagesEncodingProvider" />.<para>返回一个数组,其中包含 <see cref="T:System.Text.CodePagesEncodingProvider" /> 支持的所有编码.</para></summary>
      <returns>An array that contains all the supported encodings.<para>包含所有受支持的编码的数组.</para></returns>
    </member>
    <member name="P:System.Text.CodePagesEncodingProvider.Instance">
      <summary>Gets an encoding provider for code pages supported in the desktop .NET Framework but not in the current .NET Framework platform.<para>获取桌面 .net framework 中支持但在当前 .net framework 平台中不支持的代码页的编码提供程序.</para></summary>
      <returns>An encoding provider that allows access to encodings not supported on the current .NET Framework platform.<para>一个编码提供程序,它允许访问当前 .net framework 平台上不支持的编码.</para></returns>
    </member>
  </members>
</doc>