﻿<?xml version="1.0" encoding="utf-8"?>
<doc>
  <assembly>
    <name>System.IO.FileSystem.Watcher</name>
  </assembly>
  <members>
    <member name="T:System.IO.ErrorEventArgs">
      <summary>Provides data for the <see cref="E:System.IO.FileSystemWatcher.Error" /> event.<para>为 <see cref="E:System.IO.FileSystemWatcher.Error" /> 事件提供数据.</para></summary>
    </member>
    <member name="M:System.IO.ErrorEventArgs.#ctor(System.Exception)">
      <summary>Initializes a new instance of the <see cref="T:System.IO.ErrorEventArgs" /> class.<para>初始化 <see cref="t:system.io.erroreventargs" /> .class.</para></summary>
      <param name="exception">An <see cref="T:System.Exception" /> that represents the error that occurred.<para>一个 <see cref="T:System.Exception" />,表示发生的错误.</para></param>
    </member>
    <member name="M:System.IO.ErrorEventArgs.GetException">
      <summary>Gets the <see cref="T:System.Exception" /> that represents the error that occurred.<para>获取表示发生的错误的 <see cref="T:System.Exception" />.</para></summary>
      <returns>An <see cref="T:System.Exception" /> that represents the error that occurred.<para>一个 <see cref="T:System.Exception" />,表示发生的错误.</para></returns>
    </member>
    <member name="T:System.IO.ErrorEventHandler">
      <summary>Represents the method that will handle the <see cref="E:System.IO.FileSystemWatcher.Error" /> event of a <see cref="T:System.IO.FileSystemWatcher" /> object.<para>表示将处理 <see cref="T:System.IO.FileSystemWatcher" /> 对象的 <see cref="E:System.IO.FileSystemWatcher.Error" /> 事件的方法.</para></summary>
      <param name="sender">The source of the event.<para>事件的源.</para></param>
      <param name="e">An <see cref="T:System.IO.ErrorEventArgs" /> object that contains the event data.<para>一个 <see cref="t:system.io.erroreventargs" /> 包含事件数据的对象.</para></param>
    </member>
    <member name="T:System.IO.FileSystemEventArgs">
      <summary>Provides data for the directory events: <see cref="E:System.IO.FileSystemWatcher.Changed" />, <see cref="E:System.IO.FileSystemWatcher.Created" />, <see cref="E:System.IO.FileSystemWatcher.Deleted" />.<para>为目录事件提供数据:<see cref="E:System.IO.FileSystemWatcher.Changed" />、<see cref="E:System.IO.FileSystemWatcher.Created" />、<see cref="E:System.IO.FileSystemWatcher.Deleted" />.</para></summary>
    </member>
    <member name="M:System.IO.FileSystemEventArgs.#ctor(System.IO.WatcherChangeTypes,System.String,System.String)">
      <summary>Initializes a new instance of the <see cref="T:System.IO.FileSystemEventArgs" /> class.<para>初始化 <see cref="t:system.io.filesystemeventargs" /> .class.</para></summary>
      <param name="changeType">One of the <see cref="T:System.IO.WatcherChangeTypes" /> values, which represents the kind of change detected in the file system.<para><see cref="T:System.IO.WatcherChangeTypes" /> 值之一,表示在文件系统中检测到的更改类型.</para></param>
      <param name="directory">The root directory of the affected file or directory.<para>受影响文件或目录的根目录.</para></param>
      <param name="name">The name of the affected file or directory.<para>受影响文件或目录的名称.</para></param>
    </member>
    <member name="P:System.IO.FileSystemEventArgs.ChangeType">
      <summary>Gets the type of directory event that occurred.<para>获取发生的目录事件的类型.</para></summary>
      <returns>One of the <see cref="T:System.IO.WatcherChangeTypes" /> values that represents the kind of change detected in the file system.<para>表示在文件系统中检测到的更改类型的 <see cref="T:System.IO.WatcherChangeTypes" /> 值之一.</para></returns>
    </member>
    <member name="P:System.IO.FileSystemEventArgs.FullPath">
      <summary>Gets the fully qualified path of the affected file or directory.<para>获取受影响文件或目录的完全限定路径.</para></summary>
      <returns>The path of the affected file or directory.<para>受影响文件或目录的路径.</para></returns>
    </member>
    <member name="P:System.IO.FileSystemEventArgs.Name">
      <summary>Gets the name of the affected file or directory.<para>获取受影响的文件或目录的名称.</para></summary>
      <returns>The name of the affected file or directory.<para>受影响文件或目录的名称.</para></returns>
    </member>
    <member name="T:System.IO.FileSystemEventHandler">
      <summary>Represents the method that will handle the <see cref="E:System.IO.FileSystemWatcher.Changed" />, <see cref="E:System.IO.FileSystemWatcher.Created" />, or <see cref="E:System.IO.FileSystemWatcher.Deleted" /> event of a <see cref="T:System.IO.FileSystemWatcher" /> class.<para>表示将处理 <see cref="T:System.IO.FileSystemWatcher" /> 类的 <see cref="E:System.IO.FileSystemWatcher.Changed" />、<see cref="E:System.IO.FileSystemWatcher.Created" /> 或 <see cref="E:System.IO.FileSystemWatcher.Deleted" /> 事件的方法.</para></summary>
      <param name="sender">The source of the event.<para>事件的源.</para></param>
      <param name="e">The <see cref="T:System.IO.FileSystemEventArgs" /> that contains the event data.<para><see cref="t:system.io.filesystemeventargs" /> 包含事件数据.</para></param>
    </member>
    <member name="T:System.IO.FileSystemWatcher">
      <summary>Listens to the file system change notifications and raises events when a directory, or file in a directory, changes.<para>侦听文件系统更改通知,并在目录或目录中的文件发生更改时引发事件.</para></summary>
    </member>
    <member name="E:System.IO.FileSystemWatcher.Changed">
      <summary>Occurs when a file or directory in the specified <see cref="P:System.IO.FileSystemWatcher.Path" /> is changed.<para>在更改指定 <see cref="P:System.IO.FileSystemWatcher.Path" /> 中的文件或目录时发生.</para></summary>
    </member>
    <member name="E:System.IO.FileSystemWatcher.Created">
      <summary>Occurs when a file or directory in the specified <see cref="P:System.IO.FileSystemWatcher.Path" /> is created.<para>在创建指定 <see cref="P:System.IO.FileSystemWatcher.Path" /> 中的文件或目录时发生.</para></summary>
    </member>
    <member name="E:System.IO.FileSystemWatcher.Deleted">
      <summary>Occurs when a file or directory in the specified <see cref="P:System.IO.FileSystemWatcher.Path" /> is deleted.<para>删除指定 <see cref="P:System.IO.FileSystemWatcher.Path" /> 中的文件或目录时发生.</para></summary>
    </member>
    <member name="E:System.IO.FileSystemWatcher.Error">
      <summary>Occurs when the instance of <see cref="T:System.IO.FileSystemWatcher" /> is unable to continue monitoring changes or when the internal buffer overflows.<para>当 <see cref="T:System.IO.FileSystemWatcher" /> 的实例无法继续监视更改或内部缓冲区溢出时发生.</para></summary>
    </member>
    <member name="E:System.IO.FileSystemWatcher.Renamed">
      <summary>Occurs when a file or directory in the specified <see cref="P:System.IO.FileSystemWatcher.Path" /> is renamed.<para>在重命名指定 <see cref="P:System.IO.FileSystemWatcher.Path" /> 中的文件或目录时发生.</para></summary>
    </member>
    <member name="M:System.IO.FileSystemWatcher.#ctor">
      <summary>Initializes a new instance of the <see cref="T:System.IO.FileSystemWatcher" /> class.<para>初始化 <see cref="T:System.IO.FileSystemWatcher" /> 类的新实例.</para></summary>
    </member>
    <member name="M:System.IO.FileSystemWatcher.#ctor(System.String)">
      <summary>Initializes a new instance of the <see cref="T:System.IO.FileSystemWatcher" /> class, given the specified directory to monitor.<para>初始化 <see cref="T:System.IO.FileSystemWatcher" /> 类的新实例,给定要监视的指定目录.</para></summary>
      <param name="path">The directory to monitor, in standard or Universal Naming Convention (UNC) notation.<para>要监视的目录,采用标准或通用命名约定 （unc） 表示法.</para></param>
      <exception cref="T:System.ArgumentNullException">The <paramref name="path" /> parameter is <see langword="null" />.<para><paramref name="path" /> 参数是 <see langword="null" />.</para></exception>
      <exception cref="T:System.ArgumentException">The <paramref name="path" /> parameter is an empty string ("").  
  
 -or-  
  
 The path specified through the <paramref name="path" /> parameter does not exist.<para><paramref name="path" /> 参数是一个空字符串 （""）. -或- 通过 <paramref name="path" /> 参数指定的路径不存在.</para></exception>
      <exception cref="T:System.IO.PathTooLongException">
        <paramref name="path" /> is too long.<para><paramref name="path" /> 太长.</para></exception>
    </member>
    <member name="M:System.IO.FileSystemWatcher.#ctor(System.String,System.String)">
      <summary>Initializes a new instance of the <see cref="T:System.IO.FileSystemWatcher" /> class, given the specified directory and type of files to monitor.<para>初始化 <see cref="T:System.IO.FileSystemWatcher" /> 类的新实例,给定要监视的指定目录和文件类型.</para></summary>
      <param name="path">The directory to monitor, in standard or Universal Naming Convention (UNC) notation.<para>要监视的目录,采用标准或通用命名约定 （unc） 表示法.</para></param>
      <param name="filter">The type of files to watch. For example, "*.txt" watches for changes to all text files.<para>要监视的文件类型.例如,"*.txt"监视对所有文本文件的更改.</para></param>
      <exception cref="T:System.ArgumentNullException">The <paramref name="path" /> parameter is <see langword="null" />.  
  
 -or-  
  
 The <paramref name="filter" /> parameter is <see langword="null" />.<para><paramref name="path" /> 参数是 <see langword="null" />. -或- <paramref name="filter" /> 参数是 <see langword="null" />.</para></exception>
      <exception cref="T:System.ArgumentException">The <paramref name="path" /> parameter is an empty string ("").  
  
 -or-  
  
 The path specified through the <paramref name="path" /> parameter does not exist.<para><paramref name="path" /> 参数是一个空字符串 （""）. -或- 通过 <paramref name="path" /> 参数指定的路径不存在.</para></exception>
      <exception cref="T:System.IO.PathTooLongException">
        <paramref name="path" /> is too long.<para><paramref name="path" /> 太长.</para></exception>
    </member>
    <member name="M:System.IO.FileSystemWatcher.BeginInit">
      <summary>Begins the initialization of a <see cref="T:System.IO.FileSystemWatcher" /> used on a form or used by another component. The initialization occurs at run time.<para>开始初始化窗体上使用或由另一个组件使用的 <see cref="T:System.IO.FileSystemWatcher" />.初始化在运行时进行.</para></summary>
    </member>
    <member name="M:System.IO.FileSystemWatcher.Dispose(System.Boolean)">
      <summary>Releases the unmanaged resources used by the <see cref="T:System.IO.FileSystemWatcher" /> and optionally releases the managed resources.<para>释放 <see cref="T:System.IO.FileSystemWatcher" /> 使用的非托管资源,并选择性地释放托管资源.</para></summary>
      <param name="disposing">
        <see langword="true" /> to release both managed and unmanaged resources; <see langword="false" /> to release only unmanaged resources.<para><see langword="true" /> 释放托管和非托管资源;<see langword="false" /> 仅释放非托管资源.</para></param>
    </member>
    <member name="M:System.IO.FileSystemWatcher.EndInit">
      <summary>Ends the initialization of a <see cref="T:System.IO.FileSystemWatcher" /> used on a form or used by another component. The initialization occurs at run time.<para>结束窗体上使用的 <see cref="T:System.IO.FileSystemWatcher" /> 或其他组件使用的 <see cref="T:System.IO.FileSystemWatcher" /> 的初始化.初始化在运行时进行.</para></summary>
    </member>
    <member name="M:System.IO.FileSystemWatcher.OnChanged(System.IO.FileSystemEventArgs)">
      <summary>Raises the <see cref="E:System.IO.FileSystemWatcher.Changed" /> event.<para>引发 <see cref="E:System.IO.FileSystemWatcher.Changed" /> 事件.</para></summary>
      <param name="e">A <see cref="T:System.IO.FileSystemEventArgs" /> that contains the event data.<para>一个 <see cref="t:system.io.filesystemeventargs" /> 包含事件数据.</para></param>
    </member>
    <member name="M:System.IO.FileSystemWatcher.OnCreated(System.IO.FileSystemEventArgs)">
      <summary>Raises the <see cref="E:System.IO.FileSystemWatcher.Created" /> event.<para>引发 <see cref="E:System.IO.FileSystemWatcher.Created" /> 事件.</para></summary>
      <param name="e">A <see cref="T:System.IO.FileSystemEventArgs" /> that contains the event data.<para>一个 <see cref="t:system.io.filesystemeventargs" /> 包含事件数据.</para></param>
    </member>
    <member name="M:System.IO.FileSystemWatcher.OnDeleted(System.IO.FileSystemEventArgs)">
      <summary>Raises the <see cref="E:System.IO.FileSystemWatcher.Deleted" /> event.<para>引发 <see cref="E:System.IO.FileSystemWatcher.Deleted" /> 事件.</para></summary>
      <param name="e">A <see cref="T:System.IO.FileSystemEventArgs" /> that contains the event data.<para>一个 <see cref="t:system.io.filesystemeventargs" /> 包含事件数据.</para></param>
    </member>
    <member name="M:System.IO.FileSystemWatcher.OnError(System.IO.ErrorEventArgs)">
      <summary>Raises the <see cref="E:System.IO.FileSystemWatcher.Error" /> event.<para>引发 <see cref="E:System.IO.FileSystemWatcher.Error" /> 事件.</para></summary>
      <param name="e">An <see cref="T:System.IO.ErrorEventArgs" /> that contains the event data.<para>一 <see cref="t:system.io.erroreventargs" /> 包含事件数据.</para></param>
    </member>
    <member name="M:System.IO.FileSystemWatcher.OnRenamed(System.IO.RenamedEventArgs)">
      <summary>Raises the <see cref="E:System.IO.FileSystemWatcher.Renamed" /> event.<para>引发 <see cref="E:System.IO.FileSystemWatcher.Renamed" /> 事件.</para></summary>
      <param name="e">A <see cref="T:System.IO.RenamedEventArgs" /> that contains the event data.<para>一个 <see cref="t:system.io.renamedeventargs" /> 包含事件数据.</para></param>
    </member>
    <member name="M:System.IO.FileSystemWatcher.WaitForChanged(System.IO.WatcherChangeTypes)">
      <summary>A synchronous method that returns a structure that contains specific information on the change that occurred, given the type of change you want to monitor.<para>一种同步方法,它返回一个结构,该结构包含有关所发生更改的特定信息（给定要监视的更改类型）.</para></summary>
      <param name="changeType">The <see cref="T:System.IO.WatcherChangeTypes" /> to watch for.<para>要注意的 <see cref="T:System.IO.WatcherChangeTypes" />.</para></param>
      <returns>A <see cref="T:System.IO.WaitForChangedResult" /> that contains specific information on the change that occurred.<para>一个 <see cref="T:System.IO.WaitForChangedResult" />,其中包含有关所发生更改的特定信息.</para></returns>
    </member>
    <member name="M:System.IO.FileSystemWatcher.WaitForChanged(System.IO.WatcherChangeTypes,System.Int32)">
      <summary>A synchronous method that returns a structure that contains specific information on the change that occurred, given the type of change you want to monitor and the time (in milliseconds) to wait before timing out.<para>一种同步方法,它返回一个结构,该结构包含有关所发生更改的特定信息,给定要监视的更改类型和超时前等待的时间（以毫秒为单位）.</para></summary>
      <param name="changeType">The <see cref="T:System.IO.WatcherChangeTypes" /> to watch for.<para>要注意的 <see cref="T:System.IO.WatcherChangeTypes" />.</para></param>
      <param name="timeout">The time (in milliseconds) to wait before timing out.<para>超时前等待的时间（以毫秒为单位）.</para></param>
      <returns>A <see cref="T:System.IO.WaitForChangedResult" /> that contains specific information on the change that occurred.<para>一个 <see cref="T:System.IO.WaitForChangedResult" />,其中包含有关所发生更改的特定信息.</para></returns>
    </member>
    <member name="M:System.IO.FileSystemWatcher.WaitForChanged(System.IO.WatcherChangeTypes,System.TimeSpan)">
      <summary>Synchronously returns a structure that contains specific information on the change that occurred, given the type of change to monitor.<para>同步返回一个结构,该结构包含有关所发生更改的特定信息（给定要监视的更改类型）.</para></summary>
      <param name="changeType">The <see cref="T:System.IO.WatcherChangeTypes" /> to watch for.<para>要注意的 <see cref="T:System.IO.WatcherChangeTypes" />.</para></param>
      <param name="timeout">The amount of time to wait before timing out.<para>超时前等待的时间量.</para></param>
      <returns>A <see cref="T:System.IO.WaitForChangedResult" /> that contains specific information on the change that occurred.<para>一个 <see cref="T:System.IO.WaitForChangedResult" />,其中包含有关所发生更改的特定信息.</para></returns>
    </member>
    <member name="P:System.IO.FileSystemWatcher.EnableRaisingEvents">
      <summary>Gets or sets a value indicating whether the component is enabled.<para>获取或设置一个值,该值指示组件是否已启用.</para></summary>
      <exception cref="T:System.ObjectDisposedException">The <see cref="T:System.IO.FileSystemWatcher" /> object has been disposed.<para>已释放 <see cref="T:System.IO.FileSystemWatcher" /> 对象.</para></exception>
      <exception cref="T:System.PlatformNotSupportedException">The current operating system is not Microsoft Windows NT or later.<para>当前操作系统不是microsoft windows nt 或更高版本.</para></exception>
      <exception cref="T:System.IO.FileNotFoundException">The directory specified in <see cref="P:System.IO.FileSystemWatcher.Path" /> could not be found.<para>找不到 <see cref="P:System.IO.FileSystemWatcher.Path" /> 中指定的目录.</para></exception>
      <exception cref="T:System.ArgumentException">
        <see cref="P:System.IO.FileSystemWatcher.Path" /> has not been set or is invalid.<para><see cref="P:System.IO.FileSystemWatcher.Path" /> 尚未设置或无效.</para></exception>
      <returns>
        <see langword="true" /> if the component is enabled; otherwise, <see langword="false" />. The default is <see langword="false" />. If you are using the component on a designer in Visual Studio 2005, the default is <see langword="true" />.<para><see langword="true" /> 如果组件已启用;否则,<see langword="false" />.默认值为 <see langword="false" />.如果在 visual studio 2005 中的设计器上使用该组件,则默认值为 <see langword="true" />.</para></returns>
    </member>
    <member name="P:System.IO.FileSystemWatcher.Filter">
      <summary>Gets or sets the filter string used to determine what files are monitored in a directory.<para>获取或设置用于确定目录中监视哪些文件的筛选器字符串.</para></summary>
      <returns>The filter string. The default is "*.*" (Watches all files.)<para>筛选器字符串.默认值为"*.*"（监视所有文件.</para></returns>
    </member>
    <member name="P:System.IO.FileSystemWatcher.Filters">
      <summary>Gets the collection of all the filters used to determine what files are monitored in a directory.<para>获取用于确定目录中监视哪些文件的所有筛选器的集合.</para></summary>
      <returns>A filter collection.<para>筛选器集合.</para></returns>
    </member>
    <member name="P:System.IO.FileSystemWatcher.IncludeSubdirectories">
      <summary>Gets or sets a value indicating whether subdirectories within the specified path should be monitored.<para>获取或设置一个值,该值指示是否应监视指定路径中的子目录.</para></summary>
      <returns>
        <see langword="true" /> if you want to monitor subdirectories; otherwise, <see langword="false" />. The default is <see langword="false" />.<para><see langword="true" /> 如果要监视子目录;否则,<see langword="false" />.默认值为 <see langword="false" />.</para></returns>
    </member>
    <member name="P:System.IO.FileSystemWatcher.InternalBufferSize">
      <summary>Gets or sets the size (in bytes) of the internal buffer.<para>获取或设置内部缓冲区的大小（以字节为单位）.</para></summary>
      <returns>The internal buffer size in bytes. The default is 8192 (8 KB).<para>内部缓冲区大小（以字节为单位）.默认值为 8192 （8 kb）.</para></returns>
    </member>
    <member name="P:System.IO.FileSystemWatcher.NotifyFilter">
      <summary>Gets or sets the type of changes to watch for.<para>获取或设置要监视的更改的类型.</para></summary>
      <exception cref="T:System.ArgumentException">The value is not a valid bitwise OR combination of the <see cref="T:System.IO.NotifyFilters" /> values.<para>该值不是 <see cref="T:System.IO.NotifyFilters" /> 值的有效按位 or 组合.</para></exception>
      <exception cref="T:System.ComponentModel.InvalidEnumArgumentException">The value that is being set is not valid.<para>正在设置的值无效.</para></exception>
      <returns>One of the <see cref="T:System.IO.NotifyFilters" /> values. The default is the bitwise OR combination of <see langword="LastWrite" />, <see langword="FileName" />, and <see langword="DirectoryName" />.<para><see cref="T:System.IO.NotifyFilters" /> 值之一.默认值为 <see langword="LastWrite" />、<see langword="FileName" /> 和 <see langword="DirectoryName" /> 的按位 or 组合.</para></returns>
    </member>
    <member name="P:System.IO.FileSystemWatcher.Path">
      <summary>Gets or sets the path of the directory to watch.<para>获取或设置要监视的目录的路径.</para></summary>
      <exception cref="T:System.ArgumentException">The specified path does not exist or could not be found.  
  
 -or-  
  
 The specified path contains wildcard characters.  
  
 -or-  
  
 The specified path contains invalid path characters.<para>指定的路径不存在或找不到. -或- 指定的路径包含通配符. -或- 指定的路径包含无效的路径字符.</para></exception>
      <returns>The path to monitor. The default is an empty string ("").<para>要监视的路径.默认值为空字符串 （""）.</para></returns>
    </member>
    <member name="P:System.IO.FileSystemWatcher.Site">
      <summary>Gets or sets an <see cref="T:System.ComponentModel.ISite" /> for the <see cref="T:System.IO.FileSystemWatcher" />.<para>获取或设置 <see cref="T:System.IO.FileSystemWatcher" /> 的 <see cref="T:System.ComponentModel.ISite" />.</para></summary>
      <returns>An <see cref="T:System.ComponentModel.ISite" /> for the <see cref="T:System.IO.FileSystemWatcher" />.<para>一个 <see cref="T:System.ComponentModel.ISite" /> 表示 <see cref="T:System.IO.FileSystemWatcher" />.</para></returns>
    </member>
    <member name="P:System.IO.FileSystemWatcher.SynchronizingObject">
      <summary>Gets or sets the object used to marshal the event handler calls issued as a result of a directory change.<para>获取或设置用于封送由于目录更改而发出的事件处理程序调用的对象.</para></summary>
      <returns>The <see cref="T:System.ComponentModel.ISynchronizeInvoke" /> that represents the object used to marshal the event handler calls issued as a result of a directory change. The default is <see langword="null" />.<para>表示用于封送由于目录更改而发出的事件处理程序调用的对象 <see cref="T:System.ComponentModel.ISynchronizeInvoke" />.默认值为 <see langword="null" />.</para></returns>
    </member>
    <member name="T:System.IO.InternalBufferOverflowException">
      <summary>The exception thrown when the internal buffer overflows.<para>内部缓冲区溢出时引发的异常.</para></summary>
    </member>
    <member name="M:System.IO.InternalBufferOverflowException.#ctor">
      <summary>Initializes a new default instance of the <see cref="T:System.IO.InternalBufferOverflowException" /> class.<para>初始化 <see cref="T:System.IO.InternalBufferOverflowException" /> 类的新默认实例.</para></summary>
    </member>
    <member name="M:System.IO.InternalBufferOverflowException.#ctor(System.Runtime.Serialization.SerializationInfo,System.Runtime.Serialization.StreamingContext)">
      <summary>Initializes a new, empty instance of the <see cref="T:System.IO.InternalBufferOverflowException" /> class that is serializable using the specified <see cref="T:System.Runtime.Serialization.SerializationInfo" /> and <see cref="T:System.Runtime.Serialization.StreamingContext" /> objects.<para>初始化可使用指定的 <see cref="T:System.Runtime.Serialization.SerializationInfo" /> 和 <see cref="T:System.Runtime.Serialization.StreamingContext" /> 对象序列化的 <see cref="T:System.IO.InternalBufferOverflowException" /> 类的新空实例.</para></summary>
      <param name="info">The information required to serialize the <see cref="T:System.IO.InternalBufferOverflowException" /> object.<para>序列化 <see cref="T:System.IO.InternalBufferOverflowException" /> 对象所需的信息.</para></param>
      <param name="context">The source and destination of the serialized stream associated with the <see cref="T:System.IO.InternalBufferOverflowException" /> object.<para>与 <see cref="T:System.IO.InternalBufferOverflowException" /> 对象关联的序列化流的源和目标.</para></param>
    </member>
    <member name="M:System.IO.InternalBufferOverflowException.#ctor(System.String)">
      <summary>Initializes a new instance of the <see cref="T:System.IO.InternalBufferOverflowException" /> class with the error message to be displayed specified.<para>初始化 <see cref="T:System.IO.InternalBufferOverflowException" /> 类的新实例,并指定要显示的错误消息.</para></summary>
      <param name="message">The message to be given for the exception.<para>要为异常提供的消息.</para></param>
    </member>
    <member name="M:System.IO.InternalBufferOverflowException.#ctor(System.String,System.Exception)">
      <summary>Initializes a new instance of the <see cref="T:System.IO.InternalBufferOverflowException" /> class with the message to be displayed and the generated inner exception specified.<para>使用要显示的消息和指定的生成内部异常初始化 <see cref="T:System.IO.InternalBufferOverflowException" /> 类的新实例.</para></summary>
      <param name="message">The message to be given for the exception.<para>要为异常提供的消息.</para></param>
      <param name="inner">The inner exception.<para>内部异常.</para></param>
    </member>
    <member name="T:System.IO.NotifyFilters">
      <summary>Specifies changes to watch for in a file or folder.<para>指定要在文件或文件夹中监视的更改.</para></summary>
    </member>
    <member name="F:System.IO.NotifyFilters.Attributes">
      <summary>The attributes of the file or folder.<para>文件或文件夹的属性.</para></summary>
    </member>
    <member name="F:System.IO.NotifyFilters.CreationTime">
      <summary>The time the file or folder was created.<para>创建文件或文件夹的时间.</para></summary>
    </member>
    <member name="F:System.IO.NotifyFilters.DirectoryName">
      <summary>The name of the directory.<para>目录的名称.</para></summary>
    </member>
    <member name="F:System.IO.NotifyFilters.FileName">
      <summary>The name of the file.<para>文件的名称.</para></summary>
    </member>
    <member name="F:System.IO.NotifyFilters.LastAccess">
      <summary>The date the file or folder was last opened.<para>上次打开文件或文件夹的日期.</para></summary>
    </member>
    <member name="F:System.IO.NotifyFilters.LastWrite">
      <summary>The date the file or folder last had anything written to it.<para>文件或文件夹上次写入任何内容的日期.</para></summary>
    </member>
    <member name="F:System.IO.NotifyFilters.Security">
      <summary>The security settings of the file or folder.<para>文件或文件夹的安全设置.</para></summary>
    </member>
    <member name="F:System.IO.NotifyFilters.Size">
      <summary>The size of the file or folder.<para>文件或文件夹的大小.</para></summary>
    </member>
    <member name="T:System.IO.RenamedEventArgs">
      <summary>Provides data for the <see cref="E:System.IO.FileSystemWatcher.Renamed" /> event.<para>为 <see cref="E:System.IO.FileSystemWatcher.Renamed" /> 事件提供数据.</para></summary>
    </member>
    <member name="M:System.IO.RenamedEventArgs.#ctor(System.IO.WatcherChangeTypes,System.String,System.String,System.String)">
      <summary>Initializes a new instance of the <see cref="T:System.IO.RenamedEventArgs" /> class.<para>初始化 <see cref="t:system.io.renamedeventargs" /> .class.</para></summary>
      <param name="changeType">One of the <see cref="T:System.IO.WatcherChangeTypes" /> values.<para><see cref="T:System.IO.WatcherChangeTypes" /> 值之一.</para></param>
      <param name="directory">The name of the affected file or directory.<para>受影响文件或目录的名称.</para></param>
      <param name="name">The name of the affected file or directory.<para>受影响文件或目录的名称.</para></param>
      <param name="oldName">The old name of the affected file or directory.<para>受影响文件或目录的旧名称.</para></param>
    </member>
    <member name="P:System.IO.RenamedEventArgs.OldFullPath">
      <summary>Gets the previous fully qualified path of the affected file or directory.<para>获取受影响文件或目录的上一个完全限定路径.</para></summary>
      <returns>The previous fully qualified path of the affected file or directory.<para>受影响文件或目录的上一个完全限定路径.</para></returns>
    </member>
    <member name="P:System.IO.RenamedEventArgs.OldName">
      <summary>Gets the old name of the affected file or directory.<para>获取受影响的文件或目录的旧名称.</para></summary>
      <returns>The previous name of the affected file or directory.<para>受影响文件或目录的先前名称.</para></returns>
    </member>
    <member name="T:System.IO.RenamedEventHandler">
      <summary>Represents the method that will handle the <see cref="E:System.IO.FileSystemWatcher.Renamed" /> event of a <see cref="T:System.IO.FileSystemWatcher" /> class.<para>表示将处理 <see cref="T:System.IO.FileSystemWatcher" /> 类的 <see cref="E:System.IO.FileSystemWatcher.Renamed" /> 事件的方法.</para></summary>
      <param name="sender">The source of the event.<para>事件的源.</para></param>
      <param name="e">The <see cref="T:System.IO.RenamedEventArgs" /> that contains the event data.<para><see cref="t:system.io.renamedeventargs" /> 包含事件数据.</para></param>
    </member>
    <member name="T:System.IO.WaitForChangedResult">
      <summary>Contains information on the change that occurred.<para>包含有关所发生更改的信息.</para></summary>
    </member>
    <member name="P:System.IO.WaitForChangedResult.ChangeType">
      <summary>Gets or sets the type of change that occurred.<para>获取或设置发生的更改的类型.</para></summary>
      <returns>One of the <see cref="T:System.IO.WatcherChangeTypes" /> values.<para><see cref="T:System.IO.WatcherChangeTypes" /> 值之一.</para></returns>
    </member>
    <member name="P:System.IO.WaitForChangedResult.Name">
      <summary>Gets or sets the name of the file or directory that changed.<para>获取或设置已更改的文件或目录的名称.</para></summary>
      <returns>The name of the file or directory that changed.<para>已更改的文件或目录的名称.</para></returns>
    </member>
    <member name="P:System.IO.WaitForChangedResult.OldName">
      <summary>Gets or sets the original name of the file or directory that was renamed.<para>获取或设置已重命名的文件或目录的原始名称.</para></summary>
      <returns>The original name of the file or directory that was renamed.<para>重命名的文件或目录的原始名称.</para></returns>
    </member>
    <member name="P:System.IO.WaitForChangedResult.TimedOut">
      <summary>Gets or sets a value indicating whether the wait operation timed out.<para>获取或设置一个值,该值指示等待操作是否超时.</para></summary>
      <returns>
        <see langword="true" /> if the <see cref="M:System.IO.FileSystemWatcher.WaitForChanged(System.IO.WatcherChangeTypes)" /> method timed out; otherwise, <see langword="false" />.<para><see langword="true" /> 如果 <see cref="M:System.IO.FileSystemWatcher.WaitForChanged(System.IO.WatcherChangeTypes)" /> 方法超时;否则,<see langword="false" />.</para></returns>
    </member>
    <member name="T:System.IO.WatcherChangeTypes">
      <summary>Changes that might occur to a file or directory.<para>文件或目录可能发生的更改.</para></summary>
    </member>
    <member name="F:System.IO.WatcherChangeTypes.All">
      <summary>The creation, deletion, change, or renaming of a file or folder.<para>创建、删除、更改或重命名文件或文件夹.</para></summary>
    </member>
    <member name="F:System.IO.WatcherChangeTypes.Changed">
      <summary>The change of a file or folder. The types of changes include: changes to size, attributes, security settings, last write, and last access time.<para>文件或文件夹的更改.更改类型包括:对大小、属性、安全设置、上次写入和上次访问时间的更改.</para></summary>
    </member>
    <member name="F:System.IO.WatcherChangeTypes.Created">
      <summary>The creation of a file or folder.<para>创建文件或文件夹.</para></summary>
    </member>
    <member name="F:System.IO.WatcherChangeTypes.Deleted">
      <summary>The deletion of a file or folder.<para>删除文件或文件夹.</para></summary>
    </member>
    <member name="F:System.IO.WatcherChangeTypes.Renamed">
      <summary>The renaming of a file or folder.<para>重命名文件或文件夹.</para></summary>
    </member>
  </members>
</doc>