﻿<?xml version="1.0" encoding="utf-8"?>
<doc>
  <assembly>
    <name>System.Formats.Tar</name>
  </assembly>
  <members>
    <member name="T:System.Formats.Tar.GnuTarEntry">
      <summary>Represents a tar entry in the GNU format.<para>表示 gnu 格式的 tar 条目.</para></summary>
    </member>
    <member name="M:System.Formats.Tar.GnuTarEntry.#ctor(System.Formats.Tar.TarEntry)">
      <summary>Initializes a new <see cref="T:System.Formats.Tar.GnuTarEntry" /> instance by converting the specified <paramref name="other" /> entry into the GNU format.<para>通过将指定的 <paramref name="other" /> 条目转换为 gnu 格式来初始化新的 <see cref="T:System.Formats.Tar.GnuTarEntry" /> 实例.</para></summary>
      <param name="other">The <see cref="T:System.Formats.Tar.TarEntry" /> instance to convert to the GNU format.<para>要转换为 gnu 格式的 <see cref="T:System.Formats.Tar.TarEntry" /> 实例.</para></param>
      <exception cref="T:System.ArgumentException">
        <paramref name="other" /> is a <see cref="T:System.Formats.Tar.PaxGlobalExtendedAttributesTarEntry" /> instance.

-or-

The entry type of <paramref name="other" /> is not supported in the GNU format.<para><paramref name="other" /> 是一个 <see cref="t:system.formats.tar.paxglobalextendedattributestarentry" /> 实例. -或- gnu 格式不支持 <paramref name="other" /> 的条目类型.</para></exception>
    </member>
    <member name="M:System.Formats.Tar.GnuTarEntry.#ctor(System.Formats.Tar.TarEntryType,System.String)">
      <summary>Initializes a new <see cref="T:System.Formats.Tar.GnuTarEntry" /> instance with the specified entry type and entry name.<para>使用指定的条目类型和条目名称初始化新的 <see cref="T:System.Formats.Tar.GnuTarEntry" /> 实例.</para></summary>
      <param name="entryType">The type of the entry.<para>条目的类型.</para></param>
      <param name="entryName">A string with the path and file name of this entry.<para>包含此条目的路径和文件名的字符串.</para></param>
      <exception cref="T:System.ArgumentNullException">
        <paramref name="entryName" /> is <see langword="null" />.<para><paramref name="entryName" /> 是 <see langword="null" />.</para></exception>
      <exception cref="T:System.ArgumentException">
        <paramref name="entryName" /> is empty.

-or-

The entry type is not supported for creating an entry in the GNU format.<para><paramref name="entryName" /> 为空. -或- 创建 gnu 格式的条目不支持条目类型.</para></exception>
    </member>
    <member name="P:System.Formats.Tar.GnuTarEntry.AccessTime">
      <summary>A timestamp that represents the last time the file represented by this entry was accessed.<para>一个时间戳,表示上次访问此条目所表示的文件的时间.</para></summary>
    </member>
    <member name="P:System.Formats.Tar.GnuTarEntry.ChangeTime">
      <summary>A timestamp that represents the last time the metadata of the file represented by this entry was changed.<para>一个时间戳,表示上次更改此条目所表示的文件的元数据的时间.</para></summary>
    </member>
    <member name="T:System.Formats.Tar.PaxGlobalExtendedAttributesTarEntry">
      <summary>Represents a global extended attributes tar entry of the PAX format.<para>表示 pax 格式的全局扩展属性 tar 条目.</para></summary>
    </member>
    <member name="M:System.Formats.Tar.PaxGlobalExtendedAttributesTarEntry.#ctor(System.Collections.Generic.IEnumerable{System.Collections.Generic.KeyValuePair{System.String,System.String}})">
      <summary>Initializes a new <see cref="T:System.Formats.Tar.PaxGlobalExtendedAttributesTarEntry" /> instance with the specified global extended attributes enumeration.<para>初始化一个新的 <see cref="t:system.formats.tar.paxglobalextendedattributestarentry" /> 具有指定的全局扩展属性枚举的实例.</para></summary>
      <param name="globalExtendedAttributes">An enumeration of string key-value pairs that represents the metadata to include as global extended attributes.<para>字符串键值对的枚举,表示要作为全局扩展属性包含的元数据.</para></param>
      <exception cref="T:System.ArgumentNullException">
        <paramref name="globalExtendedAttributes" /> is <see langword="null" />.<para>$<paramref name="globalextendedattributes" /> 是 <see langword="null" />.</para></exception>
    </member>
    <member name="P:System.Formats.Tar.PaxGlobalExtendedAttributesTarEntry.GlobalExtendedAttributes">
      <summary>Returns the global extended attributes stored in this entry.<para>返回此条目中存储的全局扩展属性.</para></summary>
    </member>
    <member name="T:System.Formats.Tar.PaxTarEntry">
      <summary>Represents a tar entry in the PAX format.<para>表示 pax 格式的 tar 条目.</para></summary>
    </member>
    <member name="M:System.Formats.Tar.PaxTarEntry.#ctor(System.Formats.Tar.TarEntry)">
      <summary>Initializes a new <see cref="T:System.Formats.Tar.PaxTarEntry" /> instance by converting the specified <paramref name="other" /> entry into the PAX format.<para>通过将指定的 <paramref name="other" /> 条目转换为 pax 格式来初始化新的 <see cref="T:System.Formats.Tar.PaxTarEntry" /> 实例.</para></summary>
      <param name="other">The <see cref="T:System.Formats.Tar.TarEntry" /> instance to convert to the PAX format.<para>要转换为 pax 格式的 <see cref="T:System.Formats.Tar.TarEntry" /> 实例.</para></param>
      <exception cref="T:System.ArgumentException">
        <paramref name="other" /> is a <see cref="T:System.Formats.Tar.PaxGlobalExtendedAttributesTarEntry" /> instance.

-or-

The entry type of <paramref name="other" /> is not supported in the PAX format.<para><paramref name="other" /> 是一个 <see cref="t:system.formats.tar.paxglobalextendedattributestarentry" /> 实例. -或- pax 格式不支持 <paramref name="other" /> 的条目类型.</para></exception>
    </member>
    <member name="M:System.Formats.Tar.PaxTarEntry.#ctor(System.Formats.Tar.TarEntryType,System.String)">
      <summary>Initializes a new <see cref="T:System.Formats.Tar.PaxTarEntry" /> instance with the specified entry type and entry name, and the default extended attributes.<para>使用指定的条目类型和条目名称以及默认扩展属性初始化新的 <see cref="T:System.Formats.Tar.PaxTarEntry" /> 实例.</para></summary>
      <param name="entryType">The type of the entry.<para>条目的类型.</para></param>
      <param name="entryName">A string with the path and file name of this entry.<para>包含此条目的路径和文件名的字符串.</para></param>
      <exception cref="T:System.ArgumentNullException">
        <paramref name="entryName" /> is <see langword="null" />.<para><paramref name="entryName" /> 是 <see langword="null" />.</para></exception>
      <exception cref="T:System.ArgumentException">
        <paramref name="entryName" /> is empty.

-or-

The entry type is not supported for creating an entry in the PAX format.<para><paramref name="entryName" /> 为空. -或- 创建 pax 格式的条目不支持使用条目类型.</para></exception>
    </member>
    <member name="M:System.Formats.Tar.PaxTarEntry.#ctor(System.Formats.Tar.TarEntryType,System.String,System.Collections.Generic.IEnumerable{System.Collections.Generic.KeyValuePair{System.String,System.String}})">
      <summary>Initializes a new <see cref="T:System.Formats.Tar.PaxTarEntry" /> instance with the specified entry type, entry name, and extended attributes enumeration.<para>使用指定的条目类型、条目名称和扩展属性枚举初始化新的 <see cref="T:System.Formats.Tar.PaxTarEntry" /> 实例.</para></summary>
      <param name="entryType">The type of the entry.<para>条目的类型.</para></param>
      <param name="entryName">A string with the path and file name of this entry.<para>包含此条目的路径和文件名的字符串.</para></param>
      <param name="extendedAttributes">An enumeration of string key-value pairs that represents the metadata to include in the extended attributes entry that precedes the current entry.<para>字符串键值对的枚举,表示要包含在当前条目之前的扩展属性条目中的元数据.</para></param>
      <exception cref="T:System.ArgumentNullException">
        <paramref name="extendedAttributes" /> or <paramref name="entryName" /> is <see langword="null" />.<para>$<paramref name="extendedattributes" /> 或 <paramref name="entryName" /> 是 <see langword="null" />.</para></exception>
      <exception cref="T:System.ArgumentException">
        <paramref name="entryName" /> is empty.

-or-

The entry type is not supported for creating an entry in the PAX format.<para><paramref name="entryName" /> 为空. -或- 创建 pax 格式的条目不支持使用条目类型.</para></exception>
    </member>
    <member name="P:System.Formats.Tar.PaxTarEntry.ExtendedAttributes">
      <summary>Returns the extended attributes for this entry.<para>返回此条目的扩展属性.</para></summary>
    </member>
    <member name="T:System.Formats.Tar.PosixTarEntry">
      <summary>Defines the core behavior of a tar entry from an archive of a format that is based on the POSIX IEEE P1003.1 standard from 1988. This includes the formats <see cref="F:System.Formats.Tar.TarEntryFormat.Ustar" /> (represented by the <see cref="T:System.Formats.Tar.UstarTarEntry" /> class), <see cref="F:System.Formats.Tar.TarEntryFormat.Pax" /> (represented by the <see cref="T:System.Formats.Tar.PaxTarEntry" /> class), and <see cref="F:System.Formats.Tar.TarEntryFormat.Gnu" /> (represented by the <see cref="T:System.Formats.Tar.GnuTarEntry" /> class).<para>定义基于 1003 年 posix ieee p1.1988 标准的格式存档中的 tar 条目的核心行为.这包括格式 <see cref="F:System.Formats.Tar.TarEntryFormat.Ustar" />（由 <see cref="T:System.Formats.Tar.UstarTarEntry" /> 类表示）、<see cref="F:System.Formats.Tar.TarEntryFormat.Pax" />（由 <see cref="T:System.Formats.Tar.PaxTarEntry" /> 类表示）和 <see cref="F:System.Formats.Tar.TarEntryFormat.Gnu" />（由 <see cref="T:System.Formats.Tar.GnuTarEntry" /> 类表示）.</para></summary>
    </member>
    <member name="P:System.Formats.Tar.PosixTarEntry.DeviceMajor">
      <summary>Gets or sets the device's major number. When the current entry represents a character device or a block device, the major number identifies the driver associated with the device.<para>获取或设置设备的主编号.当当前条目表示字符设备或块设备时,主编号标识与设备关联的驱动程序.</para></summary>
      <exception cref="T:System.InvalidOperationException">The entry does not represent a block device or a character device.<para>该条目不表示块设备或字符设备.</para></exception>
      <exception cref="T:System.ArgumentOutOfRangeException">The value is negative, or larger than 2097151.<para>该值为负数或大于 2097151.</para></exception>
    </member>
    <member name="P:System.Formats.Tar.PosixTarEntry.DeviceMinor">
      <summary>Gets or sets the device's minor number. When the current entry represents a character device or a block device, the minor number is used by the driver to distinguish individual devices it controls.<para>获取或设置设备的次要编号.当当前条目表示字符设备或块设备时,驱动程序使用次要编号来区分它控制的各个设备.</para></summary>
      <exception cref="T:System.InvalidOperationException">The entry does not represent a block device or a character device.<para>该条目不表示块设备或字符设备.</para></exception>
      <exception cref="T:System.ArgumentOutOfRangeException">The value is negative, or larger than 2097151.<para>该值为负数或大于 2097151.</para></exception>
    </member>
    <member name="P:System.Formats.Tar.PosixTarEntry.GroupName">
      <summary>Gets or sets the name of the group that owns this entry.<para>获取或设置拥有此条目的组的名称.</para></summary>
      <exception cref="T:System.ArgumentNullException">The group name is <see langword="null" />.<para>组名称为 <see langword="null" />.</para></exception>
    </member>
    <member name="P:System.Formats.Tar.PosixTarEntry.UserName">
      <summary>Gets or sets the name of the user that owns this entry.<para>获取或设置拥有此条目的用户的名称.</para></summary>
      <exception cref="T:System.ArgumentNullException">The user name is <see langword="null" />.<para>用户名为 <see langword="null" />.</para></exception>
    </member>
    <member name="T:System.Formats.Tar.TarEntry">
      <summary>Defines the core behavior of a tar entry from an archive.<para>定义存档中的 tar 条目的核心行为.</para></summary>
    </member>
    <member name="M:System.Formats.Tar.TarEntry.ExtractToFile(System.String,System.Boolean)">
      <summary>Extracts the current file or directory to the filesystem. Symbolic links and hard links are not extracted.<para>将当前文件或目录解压缩到文件系统.不提取符号链接和硬链接.</para></summary>
      <param name="destinationFileName">The path to the destination file.<para>目标文件的路径.</para></param>
      <param name="overwrite">
        <see langword="true" /> if this method should overwrite any existing filesystem object located in the <paramref name="destinationFileName" /> path; <see langword="false" /> to prevent overwriting.<para><see langword="true" /> 如果此方法应覆盖位于 <paramref name="destinationFileName" /> 路径中的任何现有文件系统对象;<see langword="false" /> 以防止覆盖.</para></param>
      <exception cref="T:System.ArgumentNullException">
        <paramref name="destinationFileName" /> is <see langword="null" />.<para><paramref name="destinationFileName" /> 是 <see langword="null" />.</para></exception>
      <exception cref="T:System.ArgumentException">
        <paramref name="destinationFileName" /> is empty.<para><paramref name="destinationFileName" /> 为空.</para></exception>
      <exception cref="T:System.IO.IOException">The parent directory of <paramref name="destinationFileName" /> does not exist.

-or-

<paramref name="overwrite" /> is <see langword="false" /> and a file already exists in <paramref name="destinationFileName" />.

-or-

A directory exists with the same name as <paramref name="destinationFileName" />.

-or-

An I/O problem occurred.<para><paramref name="destinationFileName" /> 的父目录不存在. -或- <paramref name="overwrite" /> 是 <see langword="false" />,并且 <paramref name="destinationFileName" /> 中已存在一个文件. -或- 存在与 <paramref name="destinationFileName" /> 同名的目录. -或- 出现 i/o 问题.</para></exception>
      <exception cref="T:System.InvalidOperationException">Attempted to extract a symbolic link, a hard link, or an unsupported entry type.<para>尝试提取符号链接、硬链接或不受支持的条目类型.</para></exception>
      <exception cref="T:System.UnauthorizedAccessException">Operation not permitted due to insufficient permissions.<para>由于权限不足,不允许操作.</para></exception>
    </member>
    <member name="M:System.Formats.Tar.TarEntry.ExtractToFileAsync(System.String,System.Boolean,System.Threading.CancellationToken)">
      <summary>Asynchronously extracts the current entry to the filesystem.<para>异步提取文件系统的当前条目.</para></summary>
      <param name="destinationFileName">The path to the destination file.<para>目标文件的路径.</para></param>
      <param name="overwrite">
        <see langword="true" /> if this method should overwrite any existing filesystem object located in the <paramref name="destinationFileName" /> path; <see langword="false" /> to prevent overwriting.<para><see langword="true" /> 如果此方法应覆盖位于 <paramref name="destinationFileName" /> 路径中的任何现有文件系统对象;<see langword="false" /> 以防止覆盖.</para></param>
      <param name="cancellationToken">The token to monitor for cancellation requests. The default value is <see cref="P:System.Threading.CancellationToken.None" />.<para>要监视取消请求的令牌.默认值为 <see cref="P:System.Threading.CancellationToken.None" />.</para></param>
      <exception cref="T:System.ArgumentNullException">
        <paramref name="destinationFileName" /> is <see langword="null" />.<para><paramref name="destinationFileName" /> 是 <see langword="null" />.</para></exception>
      <exception cref="T:System.ArgumentException">
        <paramref name="destinationFileName" /> is empty.<para><paramref name="destinationFileName" /> 为空.</para></exception>
      <exception cref="T:System.IO.IOException">The parent directory of <paramref name="destinationFileName" /> does not exist.

-or-

<paramref name="overwrite" /> is <see langword="false" /> and a file already exists in <paramref name="destinationFileName" />.

-or-

A directory exists with the same name as <paramref name="destinationFileName" />.

-or-

An I/O problem occurred.<para><paramref name="destinationFileName" /> 的父目录不存在. -或- <paramref name="overwrite" /> 是 <see langword="false" />,并且 <paramref name="destinationFileName" /> 中已存在一个文件. -或- 存在与 <paramref name="destinationFileName" /> 同名的目录. -或- 出现 i/o 问题.</para></exception>
      <exception cref="T:System.InvalidOperationException">The entry type is unsupported.<para>不支持条目类型.</para></exception>
      <exception cref="T:System.UnauthorizedAccessException">Permissions are insufficient.<para>权限不足.</para></exception>
      <returns>A task that represents the asynchronous extraction operation.<para>表示异步提取操作的任务.</para></returns>
    </member>
    <member name="M:System.Formats.Tar.TarEntry.ToString">
      <summary>Returns a string that represents the current entry.<para>返回一个表示当前条目的字符串.</para></summary>
      <returns>The <see cref="P:System.Formats.Tar.TarEntry.Name" /> of the current entry.<para>当前条目的 <see cref="P:System.Formats.Tar.TarEntry.Name" />.</para></returns>
    </member>
    <member name="P:System.Formats.Tar.TarEntry.Checksum">
      <summary>The checksum of all the fields in this entry. The value is non-zero either when the entry is read from an existing archive, or after the entry is written to a new archive.<para>此条目中所有字段的校验和.从现有存档中读取条目时,或在将条目写入新存档后,该值不为零.</para></summary>
    </member>
    <member name="P:System.Formats.Tar.TarEntry.DataStream">
      <summary>Gets or sets the data section of this entry. If the <see cref="P:System.Formats.Tar.TarEntry.EntryType" /> does not support containing data, then returns <see langword="null" />.<para>获取或设置此项的数据节.如果 <see cref="P:System.Formats.Tar.TarEntry.EntryType" /> 不支持包含数据,则返回 <see langword="null" />.</para></summary>
      <exception cref="T:System.InvalidOperationException">Setting a data section is not supported because the <see cref="P:System.Formats.Tar.TarEntry.EntryType" /> is not <see cref="F:System.Formats.Tar.TarEntryType.RegularFile" /> (or <see cref="F:System.Formats.Tar.TarEntryType.V7RegularFile" /> for an archive of <see cref="F:System.Formats.Tar.TarEntryFormat.V7" /> format).<para>不支持设置数据部分,因为 <see cref="P:System.Formats.Tar.TarEntry.EntryType" /> 不是 <see cref="F:System.Formats.Tar.TarEntryType.RegularFile" />（或 <see cref="F:System.Formats.Tar.TarEntryFormat.V7" /> 格式的存档）.</para></exception>
      <exception cref="T:System.ArgumentException">The stream does not support reading.<para>流不支持读取.</para></exception>
      <exception cref="T:System.IO.IOException">An I/O problem occurred.<para>出现 i/o 问题.</para></exception>
      <returns>
        <para>Gets a stream that represents the data section of this entry.</para>
        <para>Sets a new stream that represents the data section, if it makes sense for the <see cref="P:System.Formats.Tar.TarEntry.EntryType" /> to contain data. If a stream already exists, the old stream is disposed before substituting it with the new stream. Setting a <see langword="null" /> stream is allowed.</para>
        <para>
          <para>获取表示此项的数据部分的流.</para>
          <para>设置表示数据部分的新流（如果它对 <see cref="p:system.formats.tar.tarentry.entrytype" /> 以包含数据.如果流已存在,则在用新流替换旧流之前,将释放旧流.设置 <see langword="null" /> 允许流.</para>
        </para>
      </returns>
    </member>
    <member name="P:System.Formats.Tar.TarEntry.EntryType">
      <summary>Gets the type of filesystem object represented by this entry.<para>获取此条目表示的文件系统对象的类型.</para></summary>
    </member>
    <member name="P:System.Formats.Tar.TarEntry.Format">
      <summary>The format of the entry.<para>条目的格式.</para></summary>
    </member>
    <member name="P:System.Formats.Tar.TarEntry.Gid">
      <summary>Gets or sets the ID of the group that owns the file represented by this entry.<para>获取或设置拥有此条目所表示的文件的组的 id.</para></summary>
    </member>
    <member name="P:System.Formats.Tar.TarEntry.Length">
      <summary>When the <see cref="P:System.Formats.Tar.TarEntry.EntryType" /> indicates an entry that can contain data, gets the length in bytes of such data.<para>当 <see cref="P:System.Formats.Tar.TarEntry.EntryType" /> 指示可以包含数据的条目时,获取此类数据的长度（以字节为单位）.</para></summary>
    </member>
    <member name="P:System.Formats.Tar.TarEntry.LinkName">
      <summary>When the <see cref="P:System.Formats.Tar.TarEntry.EntryType" /> indicates a <see cref="F:System.Formats.Tar.TarEntryType.SymbolicLink" /> or a <see cref="F:System.Formats.Tar.TarEntryType.HardLink" />, gets or sets the link target path of the link.<para>当 <see cref="P:System.Formats.Tar.TarEntry.EntryType" /> 指示 <see cref="F:System.Formats.Tar.TarEntryType.SymbolicLink" /> 或 <see cref="F:System.Formats.Tar.TarEntryType.HardLink" /> 时,获取或设置链接的链接目标路径.</para></summary>
      <exception cref="T:System.InvalidOperationException">The entry type is not <see cref="F:System.Formats.Tar.TarEntryType.HardLink" /> or <see cref="F:System.Formats.Tar.TarEntryType.SymbolicLink" />.<para>条目类型不是 <see cref="F:System.Formats.Tar.TarEntryType.HardLink" /> 或 <see cref="F:System.Formats.Tar.TarEntryType.SymbolicLink" />.</para></exception>
      <exception cref="T:System.ArgumentNullException">The specified value is <see langword="null" />.<para>指定的值为 <see langword="null" />.</para></exception>
      <exception cref="T:System.ArgumentException">The specified value is empty.<para>指定的值为空.</para></exception>
    </member>
    <member name="P:System.Formats.Tar.TarEntry.Mode">
      <summary>Gets or sets the Unix file permissions of the file represented by this entry.<para>获取或设置此项表示的文件的 unix 文件权限.</para></summary>
    </member>
    <member name="P:System.Formats.Tar.TarEntry.ModificationTime">
      <summary>Gets or sets the last time the contents of the file represented by this entry were modified.<para>获取或设置上次修改此项所表示的文件内容的时间.</para></summary>
      <exception cref="T:System.ArgumentOutOfRangeException">The specified value is larger than <see cref="F:System.DateTimeOffset.UnixEpoch" />.<para>指定的值大于 <see cref="F:System.DateTimeOffset.UnixEpoch" />.</para></exception>
    </member>
    <member name="P:System.Formats.Tar.TarEntry.Name">
      <summary>Gets or sets the name of the entry, which includes the relative path and the filename.<para>获取或设置条目的名称,其中包括相对路径和文件名.</para></summary>
    </member>
    <member name="P:System.Formats.Tar.TarEntry.Uid">
      <summary>Gets or sets the ID of the user that owns the file represented by this entry.<para>获取或设置拥有此条目所表示的文件的用户的 id.</para></summary>
    </member>
    <member name="T:System.Formats.Tar.TarEntryFormat">
      <summary>Specifies the supported formats that tar entries can use.<para>指定 tar 条目可以使用的受支持格式.</para></summary>
    </member>
    <member name="F:System.Formats.Tar.TarEntryFormat.Gnu">
      <summary>GNU tar entry format (gnu).<para>gnu tar 条目格式 （gnu）.</para></summary>
    </member>
    <member name="F:System.Formats.Tar.TarEntryFormat.Pax">
      <summary>POSIX IEEE 1003.1-2001 ("POSIX.1") Pax Interchange tar entry format.<para>posix ieee 1003.1-2001 （"posix.1"） pax 交换 tar 条目格式.</para></summary>
    </member>
    <member name="F:System.Formats.Tar.TarEntryFormat.Unknown">
      <summary>Tar entry format undetermined.<para>焦油输入格式未确定.</para></summary>
    </member>
    <member name="F:System.Formats.Tar.TarEntryFormat.Ustar">
      <summary>POSIX IEEE 1003.1-1988 Unix Standard tar entry format.<para>posix ieee 1003.1-1988 unix 标准 tar 条目格式.</para></summary>
    </member>
    <member name="F:System.Formats.Tar.TarEntryFormat.V7">
      <summary>1979 Version 7 AT&amp;T Unix tar entry format.<para>1979 版本 7 att unix tar 条目格式.</para></summary>
    </member>
    <member name="T:System.Formats.Tar.TarEntryType">
      <summary>Specifies the tar entry types.<para>指定 tar 条目类型.</para></summary>
    </member>
    <member name="F:System.Formats.Tar.TarEntryType.BlockDevice">
      <summary>
        <para>Block device special file.</para>
        <para>This entry type is supported only in the Unix platforms for writing.</para>
        <para>
          <para>block device special file.</para>
          <para>此条目类型仅在 unix 平台中支持用于写入.</para>
        </para>
      </summary>
    </member>
    <member name="F:System.Formats.Tar.TarEntryType.CharacterDevice">
      <summary>
        <para>Character device special file.</para>
        <para>This entry type is supported only in the Unix platforms for writing.</para>
        <para>
          <para>字符设备特殊文件.</para>
          <para>此条目类型仅在 unix 平台中支持用于写入.</para>
        </para>
      </summary>
    </member>
    <member name="F:System.Formats.Tar.TarEntryType.ContiguousFile">
      <summary>
        <para>GNU contiguous file.</para>
        <para>This entry type is specific to the <see cref="F:System.Formats.Tar.TarEntryFormat.Gnu" /> format, and is treated as a <see cref="F:System.Formats.Tar.TarEntryType.RegularFile" /> entry type.</para>
        <para>
          <para>gnu concontigous file.</para>
          <para>此条目类型特定于 <see cref="f:system.formats.tar.tarentryformat.gnu" /> 格式,并被视为 <see cref="f:system.formats.tar.tarentrytype.regularfile" /> 条目类型.</para>
        </para>
      </summary>
    </member>
    <member name="F:System.Formats.Tar.TarEntryType.Directory">
      <summary>Directory.<para>目录.</para></summary>
    </member>
    <member name="F:System.Formats.Tar.TarEntryType.DirectoryList">
      <summary>
        <para>GNU directory with a list of entries.</para>
        <para>This entry type is specific to the <see cref="F:System.Formats.Tar.TarEntryFormat.Gnu" /> format, and is treated as a <see cref="F:System.Formats.Tar.TarEntryType.Directory" /> entry type that contains a data section.</para>
        <para>
          <para>gnu 目录,包含条目列表.</para>
          <para>此条目类型特定于 <see cref="f:system.formats.tar.tarentryformat.gnu" /> 格式,并被视为 <see cref="f:system.formats.tar.tarentrytype.directory" /> 包含数据节的条目类型.</para>
        </para>
      </summary>
    </member>
    <member name="F:System.Formats.Tar.TarEntryType.ExtendedAttributes">
      <summary>
        <para>PAX Extended Attributes entry.</para>
        <para>Metadata entry type.</para>
        <para>
          <para>pax extended properties entry.</para>
          <para>metadata entry type.</para>
        </para>
      </summary>
    </member>
    <member name="F:System.Formats.Tar.TarEntryType.Fifo">
      <summary>
        <para>FIFO special file.</para>
        <para>This entry type is supported only in the Unix platforms for writing.</para>
        <para>
          <para>fifo special file.</para>
          <para>此条目类型仅在 unix 平台中支持用于写入.</para>
        </para>
      </summary>
    </member>
    <member name="F:System.Formats.Tar.TarEntryType.GlobalExtendedAttributes">
      <summary>
        <para>PAX Global Extended Attributes entry.</para>
        <para>Metadata entry type.</para>
        <para>
          <para>pax 全局扩展属性条目.</para>
          <para>元数据条目类型.</para>
        </para>
      </summary>
    </member>
    <member name="F:System.Formats.Tar.TarEntryType.HardLink">
      <summary>Hard link.<para>硬链接.</para></summary>
    </member>
    <member name="F:System.Formats.Tar.TarEntryType.LongLink">
      <summary>
        <para>GNU long link.</para>
        <para>Metadata entry type.</para>
        <para>
          <para>gnu long link.</para>
          <para>元数据条目类型.</para>
        </para>
      </summary>
    </member>
    <member name="F:System.Formats.Tar.TarEntryType.LongPath">
      <summary>
        <para>GNU long path.</para>
        <para>Metadata entry type.</para>
        <para>
          <para>gnu long path.</para>
          <para>元数据条目类型.</para>
        </para>
      </summary>
    </member>
    <member name="F:System.Formats.Tar.TarEntryType.MultiVolume">
      <summary>
        <para>GNU multi-volume file.</para>
        <para>This entry type is specific to the <see cref="F:System.Formats.Tar.TarEntryFormat.Gnu" /> format and is not supported for writing.</para>
        <para>
          <para>gnu 多卷文件.</para>
          <para>此条目类型特定于 <see cref="f:system.formats.tar.tarentryformat.gnu" /> 格式,不支持写入.</para>
        </para>
      </summary>
    </member>
    <member name="F:System.Formats.Tar.TarEntryType.RegularFile">
      <summary>
        <para>Regular file.</para>
        <para>This entry type is specific to the <see cref="F:System.Formats.Tar.TarEntryFormat.Ustar" />, <see cref="F:System.Formats.Tar.TarEntryFormat.Pax" /> and <see cref="F:System.Formats.Tar.TarEntryFormat.Gnu" /> formats.</para>
        <para>
          <para>常规文件.</para>
          <para>此条目类型特定于 <see cref="f:system.formats.tar.tarentryformat.ustar" /> , <see cref="f:system.formats.tar.tarentryformat.pax" /> 和 <see cref="f:system.formats.tar.tarentryformat.gnu" /> 格式.</para>
        </para>
      </summary>
    </member>
    <member name="F:System.Formats.Tar.TarEntryType.RenamedOrSymlinked">
      <summary>
        <para>GNU file to be renamed/symlinked.</para>
        <para>This entry type is specific to the <see cref="F:System.Formats.Tar.TarEntryFormat.Gnu" /> format. It is considered unsafe and is ignored by other tools.</para>
        <para>
          <para>gnu 文件要重命名/符号链接.</para>
          <para>此条目类型特定于 <see cref="f:system.formats.tar.tarentryformat.gnu" /> 格式.它被认为是不安全的,被其他工具忽略.</para>
        </para>
      </summary>
    </member>
    <member name="F:System.Formats.Tar.TarEntryType.SparseFile">
      <summary>
        <para>GNU sparse file.</para>
        <para>This entry type is specific to the <see cref="F:System.Formats.Tar.TarEntryFormat.Gnu" /> format and is not supported for writing.</para>
        <para>
          <para>gnu 稀疏文件.</para>
          <para>此条目类型特定于 <see cref="f:system.formats.tar.tarentryformat.gnu" /> 格式,不支持写入.</para>
        </para>
      </summary>
    </member>
    <member name="F:System.Formats.Tar.TarEntryType.SymbolicLink">
      <summary>Symbolic link.<para>符号链接.</para></summary>
    </member>
    <member name="F:System.Formats.Tar.TarEntryType.TapeVolume">
      <summary>
        <para>GNU tape volume.</para>
        <para>This entry type is specific to the <see cref="F:System.Formats.Tar.TarEntryFormat.Gnu" /> format and is not supported for writing.</para>
        <para>
          <para>gnu 磁带卷.</para>
          <para>此条目类型特定于 <see cref="f:system.formats.tar.tarentryformat.gnu" /> 格式,不支持写入.</para>
        </para>
      </summary>
    </member>
    <member name="F:System.Formats.Tar.TarEntryType.V7RegularFile">
      <summary>
        <para>V7 Regular file.</para>
        <para>This entry type is specific to the <see cref="F:System.Formats.Tar.TarEntryFormat.V7" /> format.</para>
        <para>
          <para>v7 常规文件.</para>
          <para>此条目类型特定于 <see cref="f:system.formats.tar.tarentryformat.v7" /> format.</para>
        </para>
      </summary>
    </member>
    <member name="T:System.Formats.Tar.TarFile">
      <summary>Provides static methods for creating and extracting tar archives.<para>提供用于创建和提取 tar 存档的静态方法.</para></summary>
    </member>
    <member name="M:System.Formats.Tar.TarFile.CreateFromDirectory(System.String,System.IO.Stream,System.Boolean)">
      <summary>Creates a tar stream that contains all the filesystem entries from the specified directory.<para>创建一个 tar 流,其中包含指定目录中的所有文件系统条目.</para></summary>
      <param name="sourceDirectoryName">The path of the directory to archive.<para>要存档的目录的路径.</para></param>
      <param name="destination">The destination stream for the archive.<para>存档的目标流.</para></param>
      <param name="includeBaseDirectory">
        <see langword="true" /> to include the base directory name as the first segment in all the names of the archive entries. <see langword="false" /> to exclude the base directory name from the archive entry names.<para><see langword="true" /> 将基目录名称作为存档条目的所有名称中的第一个段包括在内.<see langword="false" /> 从存档条目名称中排除基目录名称.</para></param>
      <exception cref="T:System.ArgumentNullException">
        <paramref name="sourceDirectoryName" /> or <paramref name="destination" /> is <see langword="null" />.<para><paramref name="sourceDirectoryName" /> 或 <paramref name="destination" /> 是 <see langword="null" />.</para></exception>
      <exception cref="T:System.ArgumentException">
        <paramref name="sourceDirectoryName" /> is empty.

-or-

<paramref name="destination" /> does not support writing.<para><paramref name="sourceDirectoryName" /> 为空. -或- <paramref name="destination" /> 不支持写入.</para></exception>
      <exception cref="T:System.IO.DirectoryNotFoundException">The <paramref name="sourceDirectoryName" /> directory path is not found.<para>找不到 <paramref name="sourceDirectoryName" /> 目录路径.</para></exception>
      <exception cref="T:System.IO.IOException">An I/O exception occurred.<para>发生 i/o 异常.</para></exception>
    </member>
    <member name="M:System.Formats.Tar.TarFile.CreateFromDirectory(System.String,System.String,System.Boolean)">
      <summary>Creates a tar file that contains all the filesystem entries from the specified directory.<para>创建一个 tar 文件,其中包含指定目录中的所有文件系统条目.</para></summary>
      <param name="sourceDirectoryName">The path of the directory to archive.<para>要存档的目录的路径.</para></param>
      <param name="destinationFileName">The path of the destination archive file.<para>目标归档文件的路径.</para></param>
      <param name="includeBaseDirectory">
        <see langword="true" /> to include the base directory name as the first path segment in all the names of the archive entries. <see langword="false" /> to exclude the base directory name from the entry name paths.<para><see langword="true" /> 将基目录名称作为存档条目的所有名称中的第一个路径段包括在内.<see langword="false" /> 从条目名称路径中排除基目录名称.</para></param>
      <exception cref="T:System.ArgumentNullException">
        <paramref name="sourceDirectoryName" /> or <paramref name="destinationFileName" /> is <see langword="null" />.<para><paramref name="sourceDirectoryName" /> 或 <paramref name="destinationFileName" /> 是 <see langword="null" />.</para></exception>
      <exception cref="T:System.ArgumentException">
        <paramref name="sourceDirectoryName" /> or <paramref name="destinationFileName" /> is empty.<para><paramref name="sourceDirectoryName" /> 或 <paramref name="destinationFileName" /> 为空.</para></exception>
      <exception cref="T:System.IO.DirectoryNotFoundException">The <paramref name="sourceDirectoryName" /> directory path is not found.<para>找不到 <paramref name="sourceDirectoryName" /> 目录路径.</para></exception>
      <exception cref="T:System.IO.IOException">An I/O exception occurred.<para>发生 i/o 异常.</para></exception>
    </member>
    <member name="M:System.Formats.Tar.TarFile.CreateFromDirectoryAsync(System.String,System.IO.Stream,System.Boolean,System.Threading.CancellationToken)">
      <summary>Asynchronously creates a tar stream that contains all the filesystem entries from the specified directory.<para>异步创建包含指定目录中所有文件系统条目的 tar 流.</para></summary>
      <param name="sourceDirectoryName">The path of the directory to archive.<para>要存档的目录的路径.</para></param>
      <param name="destination">The destination stream of the archive.<para>存档的目标流.</para></param>
      <param name="includeBaseDirectory">
        <see langword="true" /> to include the base directory name as the first path segment in all the names of the archive entries. <see langword="false" /> to exclude the base directory name from the entry name paths.<para><see langword="true" /> 将基目录名称作为存档条目的所有名称中的第一个路径段包括在内.<see langword="false" /> 从条目名称路径中排除基目录名称.</para></param>
      <param name="cancellationToken">The token to monitor for cancellation requests. The default value is <see cref="P:System.Threading.CancellationToken.None" />.<para>要监视取消请求的令牌.默认值为 <see cref="P:System.Threading.CancellationToken.None" />.</para></param>
      <exception cref="T:System.ArgumentNullException">
        <paramref name="sourceDirectoryName" /> or <paramref name="destination" /> is <see langword="null" />.<para><paramref name="sourceDirectoryName" /> 或 <paramref name="destination" /> 是 <see langword="null" />.</para></exception>
      <exception cref="T:System.ArgumentException">
        <paramref name="sourceDirectoryName" /> is empty.

-or-

<paramref name="destination" /> does not support writing.<para><paramref name="sourceDirectoryName" /> 为空. -或- <paramref name="destination" /> 不支持写入.</para></exception>
      <exception cref="T:System.IO.DirectoryNotFoundException">The <paramref name="sourceDirectoryName" /> directory path is not found.<para>找不到 <paramref name="sourceDirectoryName" /> 目录路径.</para></exception>
      <exception cref="T:System.IO.IOException">An I/O exception occurred.<para>发生 i/o 异常.</para></exception>
      <returns>A task that represents the asynchronous creation operation.<para>表示异步创建操作的任务.</para></returns>
    </member>
    <member name="M:System.Formats.Tar.TarFile.CreateFromDirectoryAsync(System.String,System.String,System.Boolean,System.Threading.CancellationToken)">
      <summary>Asynchronously creates a tar archive from the contents of the specified directory, and outputs them into the specified path. Can optionally include the base directory as the prefix for the entry names.<para>从指定目录的内容异步创建 tar 存档,并将其输出到指定路径中.可以选择包含基目录作为条目名称的前缀.</para></summary>
      <param name="sourceDirectoryName">The path of the directory to archive.<para>要存档的目录的路径.</para></param>
      <param name="destinationFileName">The path of the destination archive file.<para>目标归档文件的路径.</para></param>
      <param name="includeBaseDirectory">
        <see langword="true" /> to include the base directory name as the first path segment in all the names of the archive entries. <see langword="false" /> to exclude the base directory name from the entry name paths.<para><see langword="true" /> 将基目录名称作为存档条目的所有名称中的第一个路径段包括在内.<see langword="false" /> 从条目名称路径中排除基目录名称.</para></param>
      <param name="cancellationToken">The token to monitor for cancellation requests. The default value is <see cref="P:System.Threading.CancellationToken.None" />.<para>要监视取消请求的令牌.默认值为 <see cref="P:System.Threading.CancellationToken.None" />.</para></param>
      <exception cref="T:System.ArgumentNullException">
        <paramref name="sourceDirectoryName" /> or <paramref name="destinationFileName" /> is <see langword="null" />.<para><paramref name="sourceDirectoryName" /> 或 <paramref name="destinationFileName" /> 是 <see langword="null" />.</para></exception>
      <exception cref="T:System.ArgumentException">
        <paramref name="sourceDirectoryName" /> or <paramref name="destinationFileName" /> is empty.<para><paramref name="sourceDirectoryName" /> 或 <paramref name="destinationFileName" /> 为空.</para></exception>
      <exception cref="T:System.IO.DirectoryNotFoundException">The <paramref name="sourceDirectoryName" /> directory path is not found.<para>找不到 <paramref name="sourceDirectoryName" /> 目录路径.</para></exception>
      <exception cref="T:System.IO.IOException">An I/O exception occurred.<para>发生 i/o 异常.</para></exception>
      <returns>A task that represents the asynchronous creation operation.<para>表示异步创建操作的任务.</para></returns>
    </member>
    <member name="M:System.Formats.Tar.TarFile.ExtractToDirectory(System.IO.Stream,System.String,System.Boolean)">
      <summary>Extracts the contents of a stream that represents a tar archive into the specified directory.<para>将表示 tar 存档的流的内容提取到指定目录中.</para></summary>
      <param name="source">The stream containing the tar archive.<para>包含 tar 存档的流.</para></param>
      <param name="destinationDirectoryName">The path of the destination directory where the filesystem entries should be extracted.<para>应提取文件系统条目的目标目录的路径.</para></param>
      <param name="overwriteFiles">
        <see langword="true" /> to overwrite files and directories in <paramref name="destinationDirectoryName" />; <see langword="false" /> to avoid overwriting, and throw if any files or directories are found with existing names.<para><see langword="true" /> 覆盖 <paramref name="destinationDirectoryName" /> 中的文件和目录;<see langword="false" /> 以避免覆盖,如果找到具有现有名称的任何文件或目录,则抛出.</para></param>
      <exception cref="T:System.ArgumentNullException">
        <paramref name="source" /> or <paramref name="destinationDirectoryName" /> is <see langword="null" />.<para><paramref name="source" /> 或 <paramref name="destinationDirectoryName" /> 是 <see langword="null" />.</para></exception>
      <exception cref="T:System.IO.DirectoryNotFoundException">The <paramref name="destinationDirectoryName" /> directory path is not found.<para>找不到 <paramref name="destinationDirectoryName" /> 目录路径.</para></exception>
      <exception cref="T:System.UnauthorizedAccessException">Permissions are insufficient.<para>权限不足.</para></exception>
      <exception cref="T:System.ArgumentException">Extracting one of the tar entries would have resulted in a file outside the specified destination directory.

-or-

<paramref name="destinationDirectoryName" /> is empty.

-or-

<paramref name="source" /> does not support reading.<para>提取其中一个 tar 条目会导致文件位于指定的目标目录之外. -或- <paramref name="destinationDirectoryName" /> 为空. -或- <paramref name="source" /> 不支持读取.</para></exception>
      <exception cref="T:System.IO.IOException">An I/O exception occurred.<para>发生 i/o 异常.</para></exception>
    </member>
    <member name="M:System.Formats.Tar.TarFile.ExtractToDirectory(System.String,System.String,System.Boolean)">
      <summary>Extracts the contents of a tar file into the specified directory.<para>将 tar 文件的内容提取到指定的目录中.</para></summary>
      <param name="sourceFileName">The path of the tar file to extract.<para>要提取的 tar 文件的路径.</para></param>
      <param name="destinationDirectoryName">The path of the destination directory where the filesystem entries should be extracted.<para>应提取文件系统条目的目标目录的路径.</para></param>
      <param name="overwriteFiles">
        <see langword="true" /> to overwrite files and directories in <paramref name="destinationDirectoryName" />; <see langword="false" /> to avoid overwriting, and throw if any files or directories are found with existing names.<para><see langword="true" /> 覆盖 <paramref name="destinationDirectoryName" /> 中的文件和目录;<see langword="false" /> 以避免覆盖,如果找到具有现有名称的任何文件或目录,则抛出.</para></param>
      <exception cref="T:System.ArgumentNullException">
        <paramref name="sourceFileName" /> or <paramref name="destinationDirectoryName" /> is <see langword="null" />.<para><paramref name="sourceFileName" /> 或 <paramref name="destinationDirectoryName" /> 是 <see langword="null" />.</para></exception>
      <exception cref="T:System.IO.DirectoryNotFoundException">The <paramref name="destinationDirectoryName" /> directory path is not found.<para>找不到 <paramref name="destinationDirectoryName" /> 目录路径.</para></exception>
      <exception cref="T:System.IO.FileNotFoundException">The <paramref name="sourceFileName" /> file path is not found.<para>找不到 <paramref name="sourceFileName" /> 文件路径.</para></exception>
      <exception cref="T:System.UnauthorizedAccessException">Permissions are insufficient.<para>权限不足.</para></exception>
      <exception cref="T:System.ArgumentException">Extracting one of the tar entries would have resulted in a file outside the specified destination directory.

-or-

<paramref name="sourceFileName" /> or <paramref name="destinationDirectoryName" /> is empty.<para>提取其中一个 tar 条目会导致文件位于指定的目标目录之外. -或- <paramref name="sourceFileName" /> 或 <paramref name="destinationDirectoryName" /> 为空.</para></exception>
      <exception cref="T:System.IO.IOException">An I/O exception occurred.<para>发生 i/o 异常.</para></exception>
    </member>
    <member name="M:System.Formats.Tar.TarFile.ExtractToDirectoryAsync(System.IO.Stream,System.String,System.Boolean,System.Threading.CancellationToken)">
      <summary>Asynchronously extracts the contents of a stream that represents a tar archive into the specified directory.<para>将表示 tar 存档的流的内容异步提取到指定目录中.</para></summary>
      <param name="source">The stream containing the tar archive.<para>包含 tar 存档的流.</para></param>
      <param name="destinationDirectoryName">The path of the destination directory where the filesystem entries should be extracted.<para>应提取文件系统条目的目标目录的路径.</para></param>
      <param name="overwriteFiles">
        <see langword="true" /> to overwrite files and directories in <paramref name="destinationDirectoryName" />; <see langword="false" /> to avoid overwriting, and throw if any files or directories are found with existing names.<para><see langword="true" /> 覆盖 <paramref name="destinationDirectoryName" /> 中的文件和目录;<see langword="false" /> 以避免覆盖,如果找到具有现有名称的任何文件或目录,则抛出.</para></param>
      <param name="cancellationToken">The token to monitor for cancellation requests. The default value is <see cref="P:System.Threading.CancellationToken.None" />.<para>要监视取消请求的令牌.默认值为 <see cref="P:System.Threading.CancellationToken.None" />.</para></param>
      <exception cref="T:System.ArgumentNullException">
        <paramref name="source" /> or <paramref name="destinationDirectoryName" /> is <see langword="null" />.<para><paramref name="source" /> 或 <paramref name="destinationDirectoryName" /> 是 <see langword="null" />.</para></exception>
      <exception cref="T:System.IO.DirectoryNotFoundException">The <paramref name="destinationDirectoryName" /> directory path is not found.<para>找不到 <paramref name="destinationDirectoryName" /> 目录路径.</para></exception>
      <exception cref="T:System.UnauthorizedAccessException">Permissions are insufficient.<para>权限不足.</para></exception>
      <exception cref="T:System.ArgumentException">Extracting one of the tar entries would have resulted in a file outside the specified destination directory.

-or-

<paramref name="destinationDirectoryName" /> is empty.

-or-

<paramref name="source" /> does not support reading.<para>提取其中一个 tar 条目会导致文件位于指定的目标目录之外. -或- <paramref name="destinationDirectoryName" /> 为空. -或- <paramref name="source" /> 不支持读取.</para></exception>
      <exception cref="T:System.IO.IOException">An I/O exception occurred.<para>发生 i/o 异常.</para></exception>
      <returns>A task that represents the asynchronous extraction operation.<para>表示异步提取操作的任务.</para></returns>
    </member>
    <member name="M:System.Formats.Tar.TarFile.ExtractToDirectoryAsync(System.String,System.String,System.Boolean,System.Threading.CancellationToken)">
      <summary>Asynchronously extracts the contents of a tar file into the specified directory.<para>异步提取 tar 文件的内容到指定的目录中.</para></summary>
      <param name="sourceFileName">The path of the tar file to extract.<para>要提取的 tar 文件的路径.</para></param>
      <param name="destinationDirectoryName">The path of the destination directory where the filesystem entries should be extracted.<para>应提取文件系统条目的目标目录的路径.</para></param>
      <param name="overwriteFiles">
        <see langword="true" /> to overwrite files and directories in <paramref name="destinationDirectoryName" />; <see langword="false" /> to avoid overwriting, and throw if any files or directories are found with existing names.<para><see langword="true" /> 覆盖 <paramref name="destinationDirectoryName" /> 中的文件和目录;<see langword="false" /> 以避免覆盖,如果找到具有现有名称的任何文件或目录,则抛出.</para></param>
      <param name="cancellationToken">The token to monitor for cancellation requests. The default value is <see cref="P:System.Threading.CancellationToken.None" />.<para>要监视取消请求的令牌.默认值为 <see cref="P:System.Threading.CancellationToken.None" />.</para></param>
      <exception cref="T:System.ArgumentNullException">
        <paramref name="sourceFileName" /> or <paramref name="destinationDirectoryName" /> is <see langword="null" />.<para><paramref name="sourceFileName" /> 或 <paramref name="destinationDirectoryName" /> 是 <see langword="null" />.</para></exception>
      <exception cref="T:System.IO.DirectoryNotFoundException">The <paramref name="destinationDirectoryName" /> directory path is not found.<para>找不到 <paramref name="destinationDirectoryName" /> 目录路径.</para></exception>
      <exception cref="T:System.IO.FileNotFoundException">The <paramref name="sourceFileName" /> file path is not found.<para>找不到 <paramref name="sourceFileName" /> 文件路径.</para></exception>
      <exception cref="T:System.UnauthorizedAccessException">Permissions are insufficient.<para>权限不足.</para></exception>
      <exception cref="T:System.ArgumentException">Extracting one of the tar entries would have resulted in a file outside the specified destination directory.

-or-

<paramref name="sourceFileName" /> or <paramref name="destinationDirectoryName" /> is empty.<para>提取其中一个 tar 条目会导致文件位于指定的目标目录之外. -或- <paramref name="sourceFileName" /> 或 <paramref name="destinationDirectoryName" /> 为空.</para></exception>
      <exception cref="T:System.IO.IOException">An I/O exception occurred.<para>发生 i/o 异常.</para></exception>
      <returns>A task that represents the asynchronous extraction operation.<para>表示异步提取操作的任务.</para></returns>
    </member>
    <member name="T:System.Formats.Tar.TarReader">
      <summary>Reads a tar archive from a stream.<para>从流中读取 tar 存档.</para></summary>
    </member>
    <member name="M:System.Formats.Tar.TarReader.#ctor(System.IO.Stream,System.Boolean)">
      <summary>Initializes a <see cref="T:System.Formats.Tar.TarReader" /> instance that can read tar entries from the specified stream, and can optionally leave the stream open upon disposal of this instance.<para>初始化一个 <see cref="T:System.Formats.Tar.TarReader" /> 实例,该实例可以从指定的流中读取 tar 条目,并且可以选择在处置此实例时使流保持打开状态.</para></summary>
      <param name="archiveStream">The stream to read from.<para>要从中读取的流.</para></param>
      <param name="leaveOpen">
        <see langword="false" /> to dispose the <paramref name="archiveStream" /> when this instance is disposed; <see langword="true" /> to leave the stream open.<para><see langword="false" /> 在释放此实例时释放 <paramref name="archiveStream" />;<see langword="true" /> 使流保持打开状态.</para></param>
      <exception cref="T:System.ArgumentException">
        <paramref name="archiveStream" /> does not support reading.<para><paramref name="archiveStream" /> 不支持读取.</para></exception>
      <exception cref="T:System.ArgumentNullException">
        <paramref name="archiveStream" /> is <see langword="null" />.<para><paramref name="archiveStream" /> 是 <see langword="null" />.</para></exception>
    </member>
    <member name="M:System.Formats.Tar.TarReader.Dispose">
      <summary>Disposes the current <see cref="T:System.Formats.Tar.TarReader" /> instance, and disposes the streams of all the entries that were read from the archive if the <c>leaveOpen</c> argument was set to <see langword="false" /> in the constructor.<para>释放当前 <see cref="T:System.Formats.Tar.TarReader" /> 实例,如果构造函数中的 <c>leaveOpen</c> 参数设置为 <see langword="false" />,则释放从存档中读取的所有条目的流.</para></summary>
    </member>
    <member name="M:System.Formats.Tar.TarReader.DisposeAsync">
      <summary>Asynchronously disposes the current <see cref="T:System.Formats.Tar.TarReader" /> instance, and closes the streams of all the entries that were read from the archive if the <c>leaveOpen</c> argument was set to <see langword="false" /> in the constructor.<para>异步释放当前 <see cref="T:System.Formats.Tar.TarReader" /> 实例,如果构造函数中的 <c>leaveOpen</c> 参数设置为 <see langword="false" />,则关闭从存档中读取的所有条目的流.</para></summary>
      <returns>A value task that represents the asynchronous dispose operation.<para>表示异步释放操作的值任务.</para></returns>
    </member>
    <member name="M:System.Formats.Tar.TarReader.GetNextEntry(System.Boolean)">
      <summary>Retrieves the next entry from the archive stream.<para>从存档流中检索下一个条目.</para></summary>
      <param name="copyData">
        <para>
          <see langword="true" /> to copy the data of the entry into a new <see cref="T:System.IO.MemoryStream" />. This is helpful when the underlying archive stream is unseekable, and the data needs to be accessed later.</para>
        <para>
          <see langword="false" /> if the data should not be copied into a new stream. If the underlying stream is unseekable, the user has the responsibility of reading and processing the <see cref="P:System.Formats.Tar.TarEntry.DataStream" /> immediately after calling this method.</para>
        <para>The default value is <see langword="false" />.</para>
        <para>
          <para> <see langword="true" /> 将条目的数据复制到新的 <see cref="t:system.io.memorystream" /> .当基础存档流不可寻,并且稍后需要访问数据时,这很有用.</para>
          <para> <see langword="false" /> 如果不应将数据复制到新流中.如果基础流不可寻,则用户有责任读取和处理 <see cref="p:system.formats.tar.tarentry.datastream" /> 调用此方法后立即</para>
          <para>默认值为 <see langword="false" /> .</para>
        </para>
      </param>
      <exception cref="T:System.IO.InvalidDataException">The entry's data is malformed.

-or-

The archive contains entries in different formats.

-or-

More than one global extended attributes entry was found in the current <see cref="F:System.Formats.Tar.TarEntryFormat.Pax" /> archive.

-or-

Two or more extended attributes entries were found consecutively in the current <see cref="F:System.Formats.Tar.TarEntryFormat.Pax" /> archive.<para>条目的数据格式不正确. -或- 存档包含不同格式的条目. -或- 在当前 <see cref="F:System.Formats.Tar.TarEntryFormat.Pax" /> 存档中找到多个全局扩展属性条目. -或- 在当前 <see cref="F:System.Formats.Tar.TarEntryFormat.Pax" /> 存档中连续找到两个或多个扩展属性条目.</para></exception>
      <exception cref="T:System.IO.IOException">An I/O problem occurred.<para>出现 i/o 问题.</para></exception>
      <returns>A <see cref="T:System.Formats.Tar.TarEntry" /> instance if a valid entry was found, or <see langword="null" /> if the end of the archive has been reached.<para>如果找到有效条目,则为 <see cref="T:System.Formats.Tar.TarEntry" /> 实例,如果已到达存档末尾,则为 <see langword="null" />.</para></returns>
    </member>
    <member name="M:System.Formats.Tar.TarReader.GetNextEntryAsync(System.Boolean,System.Threading.CancellationToken)">
      <summary>Asynchronously retrieves the next entry from the archive stream.<para>异步检索存档流中的下一个条目.</para></summary>
      <param name="copyData">
        <para>
          <see langword="true" /> to copy the data of the entry into a new <see cref="T:System.IO.MemoryStream" />. This is helpful when the underlying archive stream does not support seeking, and the data needs to be accessed later.</para>
        <para>
          <see langword="false" /> if the data should not be copied into a new stream. If the underlying stream does not support seeking, the user has the responsibility of reading and processing the <see cref="P:System.Formats.Tar.TarEntry.DataStream" /> immediately after calling this method.</para>
        <para>The default value is <see langword="false" />.</para>
        <para>
          <para> <see langword="true" /> 将条目的数据复制到新的 <see cref="t:system.io.memorystream" /> .当基础存档流不支持查找,并且稍后需要访问数据时,这很有用.</para>
          <para> <see langword="false" /> 如果不应将数据复制到新流中.如果底层流不支持查找,则用户有责任读取和处理 <see cref="p:system.formats.tar.tarentry.datastream" /> 调用此方法后立即</para>
          <para>默认值为 <see langword="false" /> .</para>
        </para>
      </param>
      <param name="cancellationToken">The token to monitor for cancellation requests. The default value is <see cref="P:System.Threading.CancellationToken.None" />.<para>要监视取消请求的令牌.默认值为 <see cref="P:System.Threading.CancellationToken.None" />.</para></param>
      <exception cref="T:System.IO.InvalidDataException">The archive is malformed.

-or-

The archive contains entries in different formats.

-or-

More than one Global Extended Attributes Entry was found in the current <see cref="F:System.Formats.Tar.TarEntryFormat.Pax" /> archive.

-or-

Two or more Extended Attributes entries were found consecutively in the current <see cref="F:System.Formats.Tar.TarEntryFormat.Pax" /> archive.<para>存档格式不正确. -或- 存档包含不同格式的条目. -或- 在当前 <see cref="F:System.Formats.Tar.TarEntryFormat.Pax" /> 存档中找到多个全局扩展属性条目. -或- 在当前 <see cref="F:System.Formats.Tar.TarEntryFormat.Pax" /> 存档中连续找到两个或多个扩展属性条目.</para></exception>
      <exception cref="T:System.IO.IOException">An I/O problem occurred.<para>出现 i/o 问题.</para></exception>
      <returns>A value task containing a <see cref="T:System.Formats.Tar.TarEntry" /> instance if a valid entry was found, or <see langword="null" /> if the end of the archive has been reached.<para>包含 <see cref="T:System.Formats.Tar.TarEntry" /> 实例的值任务（如果找到有效条目）或 <see langword="null" />（如果已到达存档末尾）.</para></returns>
    </member>
    <member name="T:System.Formats.Tar.TarWriter">
      <summary>Writes a tar archive into a stream.<para>将 tar 存档写入流.</para></summary>
    </member>
    <member name="M:System.Formats.Tar.TarWriter.#ctor(System.IO.Stream)">
      <summary>Initializes a <see cref="T:System.Formats.Tar.TarWriter" /> instance that can write tar entries to the specified stream and closes the <paramref name="archiveStream" /> upon disposal of this instance.<para>初始化可以将 tar 条目写入指定流的 <see cref="T:System.Formats.Tar.TarWriter" /> 实例,并在处置此实例时关闭 <paramref name="archiveStream" />.</para></summary>
      <param name="archiveStream">The stream to write to.<para>要写入的流.</para></param>
      <exception cref="T:System.ArgumentNullException">
        <paramref name="archiveStream" /> is <see langword="null" />.<para><paramref name="archiveStream" /> 是 <see langword="null" />.</para></exception>
      <exception cref="T:System.ArgumentException">
        <paramref name="archiveStream" /> does not support writing.<para><paramref name="archiveStream" /> 不支持写入.</para></exception>
    </member>
    <member name="M:System.Formats.Tar.TarWriter.#ctor(System.IO.Stream,System.Boolean)">
      <summary>Initializes a <see cref="T:System.Formats.Tar.TarWriter" /> instance that can write tar entries to the specified stream and optionally leaves the stream open upon disposal of this instance. When using this constructor, the format of the resulting archive is <see cref="F:System.Formats.Tar.TarEntryFormat.Pax" />.<para>初始化一个 <see cref="T:System.Formats.Tar.TarWriter" /> 实例,该实例可以将 tar 条目写入指定的流,并可以选择在处置此实例时使流保持打开状态.使用此构造函数时,生成的存档的格式为 <see cref="F:System.Formats.Tar.TarEntryFormat.Pax" />.</para></summary>
      <param name="archiveStream">The stream to write to.<para>要写入的流.</para></param>
      <param name="leaveOpen">
        <see langword="false" /> to dispose the <paramref name="archiveStream" /> when this instance is disposed; <see langword="true" /> to leave the stream open.<para><see langword="false" /> 在释放此实例时释放 <paramref name="archiveStream" />;<see langword="true" /> 使流保持打开状态.</para></param>
      <exception cref="T:System.ArgumentNullException">
        <paramref name="archiveStream" /> is <see langword="null" />.<para><paramref name="archiveStream" /> 是 <see langword="null" />.</para></exception>
      <exception cref="T:System.ArgumentException">
        <paramref name="archiveStream" /> does not support writing.<para><paramref name="archiveStream" /> 不支持写入.</para></exception>
    </member>
    <member name="M:System.Formats.Tar.TarWriter.#ctor(System.IO.Stream,System.Formats.Tar.TarEntryFormat,System.Boolean)">
      <summary>Initializes a <see cref="T:System.Formats.Tar.TarWriter" /> instance that can write tar entries to the specified stream, optionally leaving the stream open upon disposal of this instance, and optionally specifying the format when writing entries using the <see cref="M:System.Formats.Tar.TarWriter.WriteEntry(System.String,System.String)" /> method.<para>初始化可以将 tar 条目写入指定流的 <see cref="T:System.Formats.Tar.TarWriter" /> 实例,可以选择在处置此实例时使流保持打开状态,并选择性地在使用 <see cref="M:System.Formats.Tar.TarWriter.WriteEntry(System.String,System.String)" /> 方法写入条目时指定格式.</para></summary>
      <param name="archiveStream">The stream to write to.<para>要写入的流.</para></param>
      <param name="format">The format to use when calling <see cref="M:System.Formats.Tar.TarWriter.WriteEntry(System.String,System.String)" />. The default value is <see cref="F:System.Formats.Tar.TarEntryFormat.Pax" />.<para>调用 <see cref="M:System.Formats.Tar.TarWriter.WriteEntry(System.String,System.String)" /> 时要使用的格式.默认值为 <see cref="F:System.Formats.Tar.TarEntryFormat.Pax" />.</para></param>
      <param name="leaveOpen">
        <see langword="false" /> to dispose the <paramref name="archiveStream" /> when this instance is disposed; <see langword="true" /> to leave the stream open.<para><see langword="false" /> 在释放此实例时释放 <paramref name="archiveStream" />;<see langword="true" /> 使流保持打开状态.</para></param>
      <exception cref="T:System.ArgumentNullException">
        <paramref name="archiveStream" /> is <see langword="null" />.<para><paramref name="archiveStream" /> 是 <see langword="null" />.</para></exception>
      <exception cref="T:System.ArgumentException">
        <paramref name="archiveStream" /> does not support writing.<para><paramref name="archiveStream" /> 不支持写入.</para></exception>
      <exception cref="T:System.ArgumentOutOfRangeException">
        <paramref name="format" /> is either <see cref="F:System.Formats.Tar.TarEntryFormat.Unknown" /> or not one of the other enum values.<para><paramref name="format" /> 是 <see cref="F:System.Formats.Tar.TarEntryFormat.Unknown" /> 或不是其他枚举值之一.</para></exception>
    </member>
    <member name="M:System.Formats.Tar.TarWriter.Dispose">
      <summary>Disposes the current <see cref="T:System.Formats.Tar.TarWriter" /> instance, and closes the archive stream if the <c>leaveOpen</c> argument was set to <see langword="false" /> in the constructor.<para>释放当前 <see cref="T:System.Formats.Tar.TarWriter" /> 实例,如果构造函数中的 <c>leaveOpen</c> 参数设置为 <see langword="false" />,则关闭存档流.</para></summary>
    </member>
    <member name="M:System.Formats.Tar.TarWriter.DisposeAsync">
      <summary>Asynchronously disposes the current <see cref="T:System.Formats.Tar.TarWriter" /> instance, and closes the archive stream if the <c>leaveOpen</c> argument was set to <see langword="false" /> in the constructor.<para>异步释放当前 <see cref="T:System.Formats.Tar.TarWriter" /> 实例,如果构造函数中的 <c>leaveOpen</c> 参数设置为 <see langword="false" />,则关闭存档流.</para></summary>
      <returns>A value task that represents the asynchronous dispose operation.<para>表示异步释放操作的值任务.</para></returns>
    </member>
    <member name="M:System.Formats.Tar.TarWriter.WriteEntry(System.Formats.Tar.TarEntry)">
      <summary>Writes the specified entry into the archive stream.<para>将指定的条目写入存档流.</para></summary>
      <param name="entry">The tar entry to write.<para>要写入的 tar 条目.</para></param>
      <exception cref="T:System.ArgumentException">The entry type is <see cref="F:System.Formats.Tar.TarEntryType.HardLink" /> or <see cref="F:System.Formats.Tar.TarEntryType.SymbolicLink" /> and the <see cref="P:System.Formats.Tar.TarEntry.LinkName" /> is <see langword="null" /> or empty.<para>条目类型为 <see cref="F:System.Formats.Tar.TarEntryType.HardLink" /> 或 <see cref="F:System.Formats.Tar.TarEntryType.SymbolicLink" />,<see cref="P:System.Formats.Tar.TarEntry.LinkName" /> 为 <see langword="null" /> 或空.</para></exception>
      <exception cref="T:System.ObjectDisposedException">The archive stream is disposed.<para>存档流被释放.</para></exception>
      <exception cref="T:System.ArgumentNullException">
        <paramref name="entry" /> is <see langword="null" />.<para><paramref name="entry" /> 是 <see langword="null" />.</para></exception>
      <exception cref="T:System.IO.IOException">An I/O problem occurred.<para>出现 i/o 问题.</para></exception>
    </member>
    <member name="M:System.Formats.Tar.TarWriter.WriteEntry(System.String,System.String)">
      <summary>Writes the specified file into the archive stream as a tar entry.<para>将指定的文件作为 tar 条目写入存档流.</para></summary>
      <param name="fileName">The path to the file to write to the archive.<para>要写入存档的文件的路径.</para></param>
      <param name="entryName">The name of the file as it should be represented in the archive. It should include the optional relative path and the filename.<para>文件的名称,因为它应该在存档中表示.它应包括可选的相对路径和文件名.</para></param>
      <exception cref="T:System.ObjectDisposedException">The archive stream is disposed.<para>存档流被释放.</para></exception>
      <exception cref="T:System.ArgumentException">
        <paramref name="fileName" /> or <paramref name="entryName" /> is <see langword="null" /> or empty.<para><paramref name="fileName" /> 或 <paramref name="entryName" /> 为 <see langword="null" /> 或为空.</para></exception>
      <exception cref="T:System.IO.IOException">An I/O problem occurred.<para>出现 i/o 问题.</para></exception>
    </member>
    <member name="M:System.Formats.Tar.TarWriter.WriteEntryAsync(System.Formats.Tar.TarEntry,System.Threading.CancellationToken)">
      <summary>Asynchronously writes the specified entry into the archive stream.<para>将指定的条目异步写入存档流.</para></summary>
      <param name="entry">The tar entry to write.<para>要写入的 tar 条目.</para></param>
      <param name="cancellationToken">The token to monitor for cancellation requests. The default value is <see cref="P:System.Threading.CancellationToken.None" />.<para>要监视取消请求的令牌.默认值为 <see cref="P:System.Threading.CancellationToken.None" />.</para></param>
      <exception cref="T:System.ArgumentException">The entry type is <see cref="F:System.Formats.Tar.TarEntryType.HardLink" /> or <see cref="F:System.Formats.Tar.TarEntryType.SymbolicLink" /> and the <see cref="P:System.Formats.Tar.TarEntry.LinkName" /> is <see langword="null" /> or empty.<para>条目类型为 <see cref="F:System.Formats.Tar.TarEntryType.HardLink" /> 或 <see cref="F:System.Formats.Tar.TarEntryType.SymbolicLink" />,<see cref="P:System.Formats.Tar.TarEntry.LinkName" /> 为 <see langword="null" /> 或空.</para></exception>
      <exception cref="T:System.ObjectDisposedException">The archive stream is disposed.<para>存档流被释放.</para></exception>
      <exception cref="T:System.ArgumentNullException">
        <paramref name="entry" /> is <see langword="null" />.<para><paramref name="entry" /> 是 <see langword="null" />.</para></exception>
      <exception cref="T:System.IO.IOException">An I/O problem occurred.<para>出现 i/o 问题.</para></exception>
      <returns>A task that represents the asynchronous write operation.<para>表示异步写入操作的任务.</para></returns>
    </member>
    <member name="M:System.Formats.Tar.TarWriter.WriteEntryAsync(System.String,System.String,System.Threading.CancellationToken)">
      <summary>Asynchronously writes the specified file into the archive stream as a tar entry.<para>将指定的文件作为 tar 条目异步写入存档流.</para></summary>
      <param name="fileName">The path to the file to write to the archive.<para>要写入存档的文件的路径.</para></param>
      <param name="entryName">The name of the file as it should be represented in the archive. It should include the optional relative path and the filename.<para>文件的名称,因为它应该在存档中表示.它应包括可选的相对路径和文件名.</para></param>
      <param name="cancellationToken">The token to monitor for cancellation requests. The default value is <see cref="P:System.Threading.CancellationToken.None" />.<para>要监视取消请求的令牌.默认值为 <see cref="P:System.Threading.CancellationToken.None" />.</para></param>
      <exception cref="T:System.ObjectDisposedException">The archive stream is disposed.<para>存档流被释放.</para></exception>
      <exception cref="T:System.ArgumentException">
        <paramref name="fileName" /> or <paramref name="entryName" /> is <see langword="null" /> or empty.<para><paramref name="fileName" /> 或 <paramref name="entryName" /> 为 <see langword="null" /> 或为空.</para></exception>
      <exception cref="T:System.IO.IOException">An I/O problem occurred.<para>出现 i/o 问题.</para></exception>
      <returns>A task that represents the asynchronous write operation.<para>表示异步写入操作的任务.</para></returns>
    </member>
    <member name="P:System.Formats.Tar.TarWriter.Format">
      <summary>Gets the format of the entries when writing them to the archive using the <see cref="M:System.Formats.Tar.TarWriter.WriteEntry(System.String,System.String)" /> method.<para>使用 <see cref="M:System.Formats.Tar.TarWriter.WriteEntry(System.String,System.String)" /> 方法将条目写入存档时获取条目的格式.</para></summary>
    </member>
    <member name="T:System.Formats.Tar.UstarTarEntry">
      <summary>Represents a tar entry from an archive of the Ustar format.<para>表示来自 ustar 格式存档的 tar 条目.</para></summary>
    </member>
    <member name="M:System.Formats.Tar.UstarTarEntry.#ctor(System.Formats.Tar.TarEntry)">
      <summary>Initializes a new <see cref="T:System.Formats.Tar.UstarTarEntry" /> instance by converting the specified <paramref name="other" /> entry into the Ustar format.<para>通过将指定的 <paramref name="other" /> 条目转换为 ustar 格式来初始化新的 <see cref="T:System.Formats.Tar.UstarTarEntry" /> 实例.</para></summary>
      <param name="other">The <see cref="T:System.Formats.Tar.TarEntry" /> instance to convert to the Ustar format.<para>要转换为 ustar 格式的 <see cref="T:System.Formats.Tar.TarEntry" /> 实例.</para></param>
      <exception cref="T:System.ArgumentException">
        <paramref name="other" /> is a <see cref="T:System.Formats.Tar.PaxGlobalExtendedAttributesTarEntry" /> instance.

-or-

The entry type of <paramref name="other" /> is not supported in the Ustar format.<para><paramref name="other" /> 是一个 <see cref="t:system.formats.tar.paxglobalextendedattributestarentry" /> 实例. -或- ustar 格式不支持 <paramref name="other" /> 的条目类型.</para></exception>
    </member>
    <member name="M:System.Formats.Tar.UstarTarEntry.#ctor(System.Formats.Tar.TarEntryType,System.String)">
      <summary>Initializes a new <see cref="T:System.Formats.Tar.UstarTarEntry" /> instance with the specified entry type and entry name.<para>使用指定的条目类型和条目名称初始化新的 <see cref="T:System.Formats.Tar.UstarTarEntry" /> 实例.</para></summary>
      <param name="entryType">The type of the entry.<para>条目的类型.</para></param>
      <param name="entryName">A string with the path and file name of this entry.<para>包含此条目的路径和文件名的字符串.</para></param>
      <exception cref="T:System.ArgumentNullException">
        <paramref name="entryName" /> is <see langword="null" />.<para><paramref name="entryName" /> 是 <see langword="null" />.</para></exception>
      <exception cref="T:System.ArgumentException">
        <paramref name="entryName" /> is empty.

-or-

The entry type is not supported for creating an entry in the Ustar format.<para><paramref name="entryName" /> 为空. -或- 创建 ustar 格式的条目不支持使用条目类型.</para></exception>
    </member>
    <member name="T:System.Formats.Tar.V7TarEntry">
      <summary>Represents a tar entry from an archive of the V7 format.<para>表示 v7 格式存档中的 tar 条目.</para></summary>
    </member>
    <member name="M:System.Formats.Tar.V7TarEntry.#ctor(System.Formats.Tar.TarEntry)">
      <summary>Initializes a new <see cref="T:System.Formats.Tar.V7TarEntry" /> instance by converting the specified <paramref name="other" /> entry into the V7 format.<para>通过将指定的 <paramref name="other" /> 条目转换为 v7 格式来初始化新的 <see cref="T:System.Formats.Tar.V7TarEntry" /> 实例.</para></summary>
      <param name="other">The <see cref="T:System.Formats.Tar.TarEntry" /> instance to convert to the V7 format.<para>要转换为 v7 格式的 <see cref="T:System.Formats.Tar.TarEntry" /> 实例.</para></param>
      <exception cref="T:System.ArgumentException">
        <paramref name="other" /> is a <see cref="T:System.Formats.Tar.PaxGlobalExtendedAttributesTarEntry" /> and cannot be converted.

-or-

The entry type of <paramref name="other" /> is not supported in the V7 format.<para><paramref name="other" /> 是一个 <see cref="t:system.formats.tar.paxglobalextendedattributestarentry" /> 并且无法转换. -或- v7 格式不支持 <paramref name="other" /> 的条目类型.</para></exception>
    </member>
    <member name="M:System.Formats.Tar.V7TarEntry.#ctor(System.Formats.Tar.TarEntryType,System.String)">
      <summary>Initializes a new <see cref="T:System.Formats.Tar.V7TarEntry" /> instance with the specified entry type and entry name.<para>使用指定的条目类型和条目名称初始化新的 <see cref="T:System.Formats.Tar.V7TarEntry" /> 实例.</para></summary>
      <param name="entryType">The type of the entry.<para>条目的类型.</para></param>
      <param name="entryName">A string with the path and file name of this entry.<para>包含此条目的路径和文件名的字符串.</para></param>
      <exception cref="T:System.ArgumentNullException">
        <paramref name="entryName" /> is <see langword="null" />.<para><paramref name="entryName" /> 是 <see langword="null" />.</para></exception>
      <exception cref="T:System.ArgumentException">
        <paramref name="entryName" /> is empty.

-or-

The entry type is not supported for creating an entry in the V7 format.<para><paramref name="entryName" /> 为空. -或- 创建 v7 格式的条目不支持使用条目类型.</para></exception>
    </member>
  </members>
</doc>