﻿<?xml version="1.0" encoding="utf-8"?>
<doc>
  <assembly>
    <name>System.IO.MemoryMappedFiles</name>
  </assembly>
  <members>
    <member name="T:Microsoft.Win32.SafeHandles.SafeMemoryMappedFileHandle">
      <summary>Provides a safe handle that represents a memory-mapped file for sequential access.<para>提供一个安全句柄,该句柄表示用于顺序访问的内存映射文件.</para></summary>
    </member>
    <member name="M:Microsoft.Win32.SafeHandles.SafeMemoryMappedFileHandle.#ctor">
      <summary>Creates a <see cref="T:Microsoft.Win32.SafeHandles.SafeMemoryMappedFileHandle" />.<para>创建一个 <see cref="T:Microsoft.Win32.SafeHandles.SafeMemoryMappedFileHandle" />.</para></summary>
    </member>
    <member name="P:Microsoft.Win32.SafeHandles.SafeMemoryMappedFileHandle.IsInvalid">
      <summary>Gets a value that indicates whether the handle is invalid.<para>获取一个值,该值指示句柄是否无效.</para></summary>
      <returns>
        <see langword="true" /> if the handle is not valid; otherwise, <see langword="false" />.<para><see langword="true" /> 如果句柄无效;否则,<see langword="false" />.</para></returns>
    </member>
    <member name="T:Microsoft.Win32.SafeHandles.SafeMemoryMappedViewHandle">
      <summary>Provides a safe handle that represents a view of a block of unmanaged memory for random access.<para>提供一个安全句柄,该句柄表示用于随机访问的非托管内存块的视图.</para></summary>
    </member>
    <member name="M:Microsoft.Win32.SafeHandles.SafeMemoryMappedViewHandle.#ctor">
      <summary>Initializes a <see cref="T:Microsoft.Win32.SafeHandles.SafeMemoryMappedViewHandle" /> instance.<para>初始化 <see cref="T:Microsoft.Win32.SafeHandles.SafeMemoryMappedViewHandle" /> 实例.</para></summary>
    </member>
    <member name="T:System.IO.MemoryMappedFiles.MemoryMappedFile">
      <summary>Represents a memory-mapped file.<para>表示内存映射文件.</para></summary>
    </member>
    <member name="M:System.IO.MemoryMappedFiles.MemoryMappedFile.CreateFromFile(System.IO.FileStream,System.String,System.Int64,System.IO.MemoryMappedFiles.MemoryMappedFileAccess,System.IO.HandleInheritability,System.Boolean)">
      <summary>Creates a memory-mapped file from an existing file with the specified access mode, name, inheritability, and capacity.<para>从具有指定访问模式、名称、可继承性和容量的现有文件创建内存映射文件.</para></summary>
      <param name="fileStream">The file stream of the existing file.<para>现有文件的文件流.</para></param>
      <param name="mapName">A name to assign to the memory-mapped file, or <see langword="null" /> for a <see cref="T:System.IO.MemoryMappedFiles.MemoryMappedFile" /> that you do not intend to share across processes.<para>要分配给内存映射文件的名称,或 <see langword="null" /> 的名称,用于不打算跨进程共享的 <see cref="T:System.IO.MemoryMappedFiles.MemoryMappedFile" />.</para></param>
      <param name="capacity">The maximum size, in bytes, to allocate to the memory-mapped file. Specify 0 to set the capacity to the size of <c>filestream</c>.<para>要分配给内存映射文件的最大大小（以字节为单位）.指定 0 可将容量设置为 <c>filestream</c> 的大小.</para></param>
      <param name="access">One of the enumeration values that specifies the type of access allowed to the memory-mapped file.  
  
 This parameter can't be set to <see cref="F:System.IO.MemoryMappedFiles.MemoryMappedFileAccess.Write" />.<para>指定允许对内存映射文件的访问类型的枚举值之一. 此参数不能设置为 <see cref="f:system.io.memorymappedfiles.memorymappedfileaccess.write" /> .</para></param>
      <param name="inheritability">One of the enumeration values that specifies whether a handle to the memory-mapped file can be inherited by a child process. The default is <see cref="F:System.IO.HandleInheritability.None" />.<para>指定子进程是否可以继承内存映射文件的句柄的枚举值之一.默认值为 <see cref="F:System.IO.HandleInheritability.None" />.</para></param>
      <param name="leaveOpen">A value that indicates whether to close the source file stream when the <see cref="T:System.IO.MemoryMappedFiles.MemoryMappedFile" /> is disposed.<para>一个值,指示在释放 <see cref="T:System.IO.MemoryMappedFiles.MemoryMappedFile" /> 时是否关闭源文件流.</para></param>
      <exception cref="T:System.ArgumentException">
        <paramref name="mapName" /> is <see langword="null" /> or an empty string.  
  
 -or-  
  
 <paramref name="capacity" /> and the length of the file are zero.  
  
 -or-  
  
 <paramref name="access" /> is set to <see cref="F:System.IO.MemoryMappedFiles.MemoryMappedFileAccess.Write" /> or <see cref="F:System.IO.MemoryMappedFiles.MemoryMappedFileAccess.Write" /> enumeration value, which is not allowed.  
  
 -or-  
  
 <paramref name="access" /> is set to <see cref="F:System.IO.MemoryMappedFiles.MemoryMappedFileAccess.Read" /> and <paramref name="capacity" /> is larger than the length of <see langword="filestream" />.<para><paramref name="mapName" /> 是 <see langword="null" /> 或空字符串. -或- <paramref name="capacity" /> 和文件的长度为零. -或- <paramref name="access" /> 设置为 <see cref="f:system.io.memorymappedfiles.memorymappedfileaccess.write" /> 或 <see cref="f:system.io.memorymappedfiles.memorymappedfileaccess.write" /> 枚举值,这是不允许的. -或- <paramref name="access" /> 设置为 <see cref="f:system.io.memorymappedfiles.memorymappedfileaccess.read" /> 并且 <paramref name="capacity" /> 大于 <see langword="filestream" /> 的长度.</para></exception>
      <exception cref="T:System.ArgumentNullException">
        <paramref name="fileStream" /> is <see langword="null" />.<para><paramref name="fileStream" /> 是 <see langword="null" />.</para></exception>
      <exception cref="T:System.ArgumentOutOfRangeException">
        <paramref name="capacity" /> is less than zero.  
  
 -or-  
  
 <paramref name="capacity" /> is less than the file size.  
  
 -or-  
  
 <paramref name="access" /> is not a valid <see cref="T:System.IO.MemoryMappedFiles.MemoryMappedFileAccess" /> enumeration value.  
  
 -or-  
  
 <paramref name="inheritability" /> is not a valid <see cref="T:System.IO.HandleInheritability" /> enumeration value.<para><paramref name="capacity" /> 小于零. -或- <paramref name="capacity" /> 小于文件大小. -或- <paramref name="access" /> 不是有效的 <see cref="t:system.io.memorymappedfiles.memorymappedfileaccess" /> 枚举值. -或- <paramref name="inheritability" /> 不是有效的 <see cref="T:System.IO.HandleInheritability" /> 枚举值.</para></exception>
      <returns>A memory-mapped file that has the specified characteristics.<para>具有指定特征的内存映射文件.</para></returns>
    </member>
    <member name="M:System.IO.MemoryMappedFiles.MemoryMappedFile.CreateFromFile(System.String)">
      <summary>Creates a memory-mapped file from a file on disk.<para>从磁盘上的文件创建内存映射文件.</para></summary>
      <param name="path">The path to file to map.<para>要映射的文件的路径.</para></param>
      <exception cref="T:System.ArgumentException">
        <paramref name="path" /> is an empty string, contains only white space, or has one or more invalid characters, as defined by the <see cref="M:System.IO.Path.GetInvalidFileNameChars" /> method.  
  
 -or-  
  
 <paramref name="path" /> refers to an invalid device.<para><paramref name="path" /> 是一个空字符串,仅包含空格,或者具有一个或多个无效字符,如 <see cref="M:System.IO.Path.GetInvalidFileNameChars" /> 方法所定义. -或- <paramref name="path" /> 表示无效设备.</para></exception>
      <exception cref="T:System.ArgumentNullException">
        <paramref name="path" /> is <see langword="null" />.<para><paramref name="path" /> 是 <see langword="null" />.</para></exception>
      <exception cref="T:System.IO.IOException">An I/O error occurred.<para>发生 i/o 错误.</para></exception>
      <exception cref="T:System.IO.PathTooLongException">
        <paramref name="path" /> exceeds the maximum length defined by the operating system.<para><paramref name="path" /> 超过操作系统定义的最大长度.</para></exception>
      <exception cref="T:System.Security.SecurityException">The caller does not have the required permissions for the file.<para>调用方没有文件所需的权限.</para></exception>
      <returns>A memory-mapped file.<para>内存映射文件.</para></returns>
    </member>
    <member name="M:System.IO.MemoryMappedFiles.MemoryMappedFile.CreateFromFile(System.String,System.IO.FileMode)">
      <summary>Creates a memory-mapped file that has the specified access mode from a file on disk.<para>从磁盘上的文件创建具有指定访问模式的内存映射文件.</para></summary>
      <param name="path">The path to the file to map.<para>要映射的文件的路径.</para></param>
      <param name="mode">Access mode; must be <see cref="F:System.IO.FileMode.Open" />.<para>访问模式;必须为 <see cref="F:System.IO.FileMode.Open" />.</para></param>
      <exception cref="T:System.ArgumentException">
        <paramref name="path" /> is an empty string, contains only white space, or has one or more invalid characters, as defined by the <see cref="M:System.IO.Path.GetInvalidFileNameChars" /> method.  
  
 -or-  
  
 <paramref name="path" /> refers to an invalid device.  
  
 -or-  
  
 <paramref name="mode" /> is <see cref="F:System.IO.FileMode.Append" />.<para><paramref name="path" /> 是一个空字符串,仅包含空格,或者具有一个或多个无效字符,如 <see cref="M:System.IO.Path.GetInvalidFileNameChars" /> 方法所定义. -或- <paramref name="path" /> 表示无效设备. -或- <paramref name="mode" /> 是 <see cref="f:system.io.filemode.append" /> .</para></exception>
      <exception cref="T:System.ArgumentNullException">
        <paramref name="path" /> is <see langword="null" />.<para><paramref name="path" /> 是 <see langword="null" />.</para></exception>
      <exception cref="T:System.IO.IOException">
        <paramref name="mode" /> is <see cref="F:System.IO.FileMode.Create" />, <see cref="F:System.IO.FileMode.CreateNew" />, or <see cref="F:System.IO.FileMode.Truncate" />.  
  
 -or-  
  
 <paramref name="mode" /> is <see cref="F:System.IO.FileMode.OpenOrCreate" /> and the file on disk does not exist.  
  
 -or-  
  
 An I/O error occurred.<para><paramref name="mode" /> 是 <see cref="F:System.IO.FileMode.Create" />、<see cref="F:System.IO.FileMode.CreateNew" /> 或 <see cref="F:System.IO.FileMode.Truncate" />. -或- <paramref name="mode" /> 是 <see cref="F:System.IO.FileMode.OpenOrCreate" />,磁盘上的文件不存在. -或- 发生 i/o 错误.</para></exception>
      <exception cref="T:System.IO.PathTooLongException">
        <paramref name="path" /> exceeds the maximum length defined by the operating system.<para><paramref name="path" /> 超过操作系统定义的最大长度.</para></exception>
      <exception cref="T:System.Security.SecurityException">The caller does not have the required permissions for the file.<para>调用方没有文件所需的权限.</para></exception>
      <returns>A memory-mapped file that has the specified access mode.<para>具有指定访问模式的内存映射文件.</para></returns>
    </member>
    <member name="M:System.IO.MemoryMappedFiles.MemoryMappedFile.CreateFromFile(System.String,System.IO.FileMode,System.String)">
      <summary>Creates a memory-mapped file that has the specified access mode and name from a file on disk.<para>从磁盘上的文件创建具有指定访问模式和名称的内存映射文件.</para></summary>
      <param name="path">The path to the file to map.<para>要映射的文件的路径.</para></param>
      <param name="mode">Access mode; must be <see cref="F:System.IO.FileMode.Open" />.<para>访问模式;必须为 <see cref="F:System.IO.FileMode.Open" />.</para></param>
      <param name="mapName">A name to assign to the memory-mapped file, or <see langword="null" /> for a <see cref="T:System.IO.MemoryMappedFiles.MemoryMappedFile" /> that you do not intend to share across processes.<para>要分配给内存映射文件的名称,或 <see langword="null" /> 的名称,用于不打算跨进程共享的 <see cref="T:System.IO.MemoryMappedFiles.MemoryMappedFile" />.</para></param>
      <exception cref="T:System.ArgumentException">
        <paramref name="path" /> is an empty string, contains only white space, or has one or more invalid characters, as defined by the <see cref="M:System.IO.Path.GetInvalidFileNameChars" /> method.  
  
 -or-  
  
 <paramref name="path" /> refers to an invalid device.  
  
 -or-  
  
 <paramref name="mapName" /> is an empty string.  
  
 -or-  
  
 <paramref name="mode" /> is <see cref="F:System.IO.FileMode.Append" />.<para><paramref name="path" /> 是一个空字符串,仅包含空格,或者具有一个或多个无效字符,如 <see cref="M:System.IO.Path.GetInvalidFileNameChars" /> 方法所定义. -或- <paramref name="path" /> 表示无效设备. -或- <paramref name="mapName" /> 是一个空字符串. -或- <paramref name="mode" /> 是 <see cref="f:system.io.filemode.append" /> .</para></exception>
      <exception cref="T:System.ArgumentNullException">
        <paramref name="path" /> is <see langword="null" />.<para><paramref name="path" /> 是 <see langword="null" />.</para></exception>
      <exception cref="T:System.IO.IOException">
        <paramref name="mode" /> is <see cref="F:System.IO.FileMode.Create" />, <see cref="F:System.IO.FileMode.CreateNew" />, or <see cref="F:System.IO.FileMode.Truncate" />.  
  
 -or-  
  
 <paramref name="mode" /> is <see cref="F:System.IO.FileMode.OpenOrCreate" /> and the file on disk does not exist.  
  
 -or-  
  
 An I/O error occurred.<para><paramref name="mode" /> 是 <see cref="F:System.IO.FileMode.Create" />、<see cref="F:System.IO.FileMode.CreateNew" /> 或 <see cref="F:System.IO.FileMode.Truncate" />. -或- <paramref name="mode" /> 是 <see cref="F:System.IO.FileMode.OpenOrCreate" />,磁盘上的文件不存在. -或- 发生 i/o 错误.</para></exception>
      <exception cref="T:System.IO.PathTooLongException">
        <paramref name="path" /> exceeds the maximum length defined by the operating system.<para><paramref name="path" /> 超过操作系统定义的最大长度.</para></exception>
      <exception cref="T:System.Security.SecurityException">The caller does not have the required permissions for the file.<para>调用方没有文件所需的权限.</para></exception>
      <returns>A memory-mapped file that has the specified name and access mode.<para>具有指定名称和访问模式的内存映射文件.</para></returns>
    </member>
    <member name="M:System.IO.MemoryMappedFiles.MemoryMappedFile.CreateFromFile(System.String,System.IO.FileMode,System.String,System.Int64)">
      <summary>Creates a memory-mapped file that has the specified access mode, name, and capacity from a file on disk.<para>从磁盘上的文件创建具有指定访问模式、名称和容量的内存映射文件.</para></summary>
      <param name="path">The path to the file to map.<para>要映射的文件的路径.</para></param>
      <param name="mode">Access mode; can be any of the <see cref="T:System.IO.FileMode" /> enumeration values except <see cref="F:System.IO.FileMode.Append" />.<para>访问模式;可以是任何 <see cref="T:System.IO.FileMode" /> 枚举值,但 <see cref="f:system.io.filemode.append" /> .</para></param>
      <param name="mapName">A name to assign to the memory-mapped file, or <see langword="null" /> for a <see cref="T:System.IO.MemoryMappedFiles.MemoryMappedFile" /> that you do not intend to share across processes.<para>要分配给内存映射文件的名称,或 <see langword="null" /> 的名称,用于不打算跨进程共享的 <see cref="T:System.IO.MemoryMappedFiles.MemoryMappedFile" />.</para></param>
      <param name="capacity">The maximum size, in bytes, to allocate to the memory-mapped file. Specify 0 to set the capacity to the size of the file on disk.<para>要分配给内存映射文件的最大大小（以字节为单位）.指定 0 可将容量设置为磁盘上文件的大小.</para></param>
      <exception cref="T:System.ArgumentException">
        <paramref name="path" /> is an empty string, contains only white space, or has one or more invalid characters, as defined by the <see cref="M:System.IO.Path.GetInvalidFileNameChars" /> method.  
  
 -or-  
  
 <paramref name="path" /> refers to an invalid device.  
  
 -or-  
  
 <paramref name="mapName" /> is an empty string.  
  
 -or-  
  
 <paramref name="mode" /> is <see cref="F:System.IO.FileMode.Append" />.<para><paramref name="path" /> 是一个空字符串,仅包含空格,或者具有一个或多个无效字符,如 <see cref="M:System.IO.Path.GetInvalidFileNameChars" /> 方法所定义. -或- <paramref name="path" /> 表示无效设备. -或- <paramref name="mapName" /> 是一个空字符串. -或- <paramref name="mode" /> 是 <see cref="f:system.io.filemode.append" /> .</para></exception>
      <exception cref="T:System.ArgumentNullException">
        <paramref name="path" /> is <see langword="null" />.<para><paramref name="path" /> 是 <see langword="null" />.</para></exception>
      <exception cref="T:System.ArgumentOutOfRangeException">
        <paramref name="capacity" /> is greater than the size of the logical address space.  
  
 -or-  
  
 <paramref name="capacity" /> is less than zero.  
  
 -or-  
  
 <paramref name="capacity" /> is less than the file size (but not zero).  
  
 -or-  
  
 <paramref name="capacity" /> is zero, and the size of the file on disk is also zero.<para><paramref name="capacity" /> 大于逻辑地址空间的大小. -或- <paramref name="capacity" /> 小于零. -或- <paramref name="capacity" /> 小于文件大小（但不为零）. -或- <paramref name="capacity" /> 为零,磁盘上文件的大小也为零.</para></exception>
      <exception cref="T:System.IO.IOException">An I/O error occurred.<para>发生 i/o 错误.</para></exception>
      <exception cref="T:System.IO.PathTooLongException">
        <paramref name="path" /> exceeds the maximum length defined by the operating system.<para><paramref name="path" /> 超过操作系统定义的最大长度.</para></exception>
      <exception cref="T:System.Security.SecurityException">The caller does not have the required permissions for the file.<para>调用方没有文件所需的权限.</para></exception>
      <returns>A memory-mapped file that has the specified characteristics.<para>具有指定特征的内存映射文件.</para></returns>
    </member>
    <member name="M:System.IO.MemoryMappedFiles.MemoryMappedFile.CreateFromFile(System.String,System.IO.FileMode,System.String,System.Int64,System.IO.MemoryMappedFiles.MemoryMappedFileAccess)">
      <summary>Creates a memory-mapped file that has the specified access mode, name, capacity, and access type from a file on disk.<para>从磁盘上的文件创建具有指定访问模式、名称、容量和访问类型的内存映射文件.</para></summary>
      <param name="path">The path to the file to map.<para>要映射的文件的路径.</para></param>
      <param name="mode">Access mode; can be any of the <see cref="T:System.IO.FileMode" /> enumeration values except <see cref="F:System.IO.FileMode.Append" />.<para>访问模式;可以是任何 <see cref="T:System.IO.FileMode" /> 枚举值,但 <see cref="f:system.io.filemode.append" /> .</para></param>
      <param name="mapName">A name to assign to the memory-mapped file, or <see langword="null" /> for a <see cref="T:System.IO.MemoryMappedFiles.MemoryMappedFile" /> that you do not intend to share across processes.<para>要分配给内存映射文件的名称,或 <see langword="null" /> 的名称,用于不打算跨进程共享的 <see cref="T:System.IO.MemoryMappedFiles.MemoryMappedFile" />.</para></param>
      <param name="capacity">The maximum size, in bytes, to allocate to the memory-mapped file. Specify 0 to set the capacity to the size of the file on disk.<para>要分配给内存映射文件的最大大小（以字节为单位）.指定 0 可将容量设置为磁盘上文件的大小.</para></param>
      <param name="access">One of the enumeration values that specifies the type of access allowed to the memory-mapped file.<para>指定允许对内存映射文件的访问类型的枚举值之一.</para></param>
      <exception cref="T:System.ArgumentException">
        <paramref name="mapName" /> is an empty string.  
  
 -or-  
  
 <paramref name="access" /> is not an allowed value.  
  
 -or-  
  
 <paramref name="path" /> specifies an empty file.  
  
 -or-  
  
 <paramref name="access" /> is specified as <see cref="F:System.IO.MemoryMappedFiles.MemoryMappedFileAccess.Read" /> and capacity is greater than the size of the file indicated by <paramref name="path" />.  
  
 -or-  
  
 <paramref name="mode" /> is <see cref="F:System.IO.FileMode.Append" />.<para><paramref name="mapName" /> 是一个空字符串. -或- <paramref name="access" /> 不是允许的值. -或- <paramref name="path" /> 指定一个空文件. -或- <paramref name="access" /> 指定为 <see cref="f:system.io.memorymappedfiles.memorymappedfileaccess.read" /> 并且容量大于 <paramref name="path" /> 指示的文件大小. -或- <paramref name="mode" /> 是 <see cref="f:system.io.filemode.append" /> .</para></exception>
      <exception cref="T:System.ArgumentNullException">
        <paramref name="path" /> is <see langword="null" />.<para><paramref name="path" /> 是 <see langword="null" />.</para></exception>
      <exception cref="T:System.ArgumentOutOfRangeException">
        <paramref name="capacity" /> is greater than the size of the logical address space.  
  
 -or-  
  
 <paramref name="capacity" /> is less than zero.  
  
 -or-  
  
 <paramref name="capacity" /> is less than the file size (but not zero).  
  
 -or-  
  
 <paramref name="capacity" /> is zero, and the size of the file on disk is also zero.  
  
 -or-  
  
 <paramref name="access" /> is not a defined <see cref="T:System.IO.MemoryMappedFiles.MemoryMappedFileAccess" /> value.  
  
 -or-  
  
 The size of the file indicated by <paramref name="path" /> is greater than <paramref name="capacity" />.<para><paramref name="capacity" /> 大于逻辑地址空间的大小. -或- <paramref name="capacity" /> 小于零. -或- <paramref name="capacity" /> 小于文件大小（但不为零）. -或- <paramref name="capacity" /> 为零,磁盘上文件的大小也为零. -或- <paramref name="access" /> 不是定义的 <see cref="t:system.io.memorymappedfiles.memorymappedfileaccess" /> 价值. -或- <paramref name="path" /> 指示的文件大小大于 <paramref name="capacity" />.</para></exception>
      <exception cref="T:System.IO.IOException">-or-  
  
 An I/O error occurred.<para>-或- 发生 i/o 错误.</para></exception>
      <exception cref="T:System.IO.PathTooLongException">
        <paramref name="path" /> exceeds the maximum length defined by the operating system.<para><paramref name="path" /> 超过操作系统定义的最大长度.</para></exception>
      <exception cref="T:System.Security.SecurityException">The caller does not have the required permissions for the file.<para>调用方没有文件所需的权限.</para></exception>
      <returns>A memory-mapped file that has the specified characteristics.<para>具有指定特征的内存映射文件.</para></returns>
    </member>
    <member name="M:System.IO.MemoryMappedFiles.MemoryMappedFile.CreateNew(System.String,System.Int64)">
      <summary>Creates a memory-mapped file that has the specified capacity in system memory.<para>创建在系统内存中具有指定容量的内存映射文件.</para></summary>
      <param name="mapName">A name to assign to the memory-mapped file, or <see langword="null" /> for a <see cref="T:System.IO.MemoryMappedFiles.MemoryMappedFile" /> that you do not intend to share across processes.<para>要分配给内存映射文件的名称,或不打算跨进程共享的 <see cref="T:System.IO.MemoryMappedFiles.MemoryMappedFile" /> 的 <see langword="null" />.</para></param>
      <param name="capacity">The maximum size, in bytes, to allocate to the memory-mapped file.<para>要分配给内存映射文件的最大大小（以字节为单位）.</para></param>
      <exception cref="T:System.ArgumentException">
        <paramref name="mapName" /> is an empty string.<para><paramref name="mapName" /> 是一个空字符串.</para></exception>
      <exception cref="T:System.ArgumentOutOfRangeException">
        <paramref name="capacity" /> is less than or equal to zero.<para><paramref name="capacity" /> 小于或等于零.仅限</para></exception>
      <exception cref="T:System.PlatformNotSupportedException">.NET Core and .NET 5+ only: Calls to the <c>CreateNew</c> method with a named memory mapped file (that is, a non-null <paramref name="mapName" />) are supported on Windows operating systems only.<para>.net core 和 .net 5+:仅在 windows 操作系统上支持使用命名内存映射文件（即非空 <paramref name="mapName" />）调用 <c>CreateNew</c> 方法.</para></exception>
      <returns>A memory-mapped file that has the specified name and capacity.<para>具有指定名称和容量的内存映射文件.</para></returns>
    </member>
    <member name="M:System.IO.MemoryMappedFiles.MemoryMappedFile.CreateNew(System.String,System.Int64,System.IO.MemoryMappedFiles.MemoryMappedFileAccess)">
      <summary>Creates a memory-mapped file that has the specified capacity and access type in system memory.<para>创建在系统内存中具有指定容量和访问类型的内存映射文件.</para></summary>
      <param name="mapName">A name to assign to the memory-mapped file, or <see langword="null" /> for a <see cref="T:System.IO.MemoryMappedFiles.MemoryMappedFile" /> that you do not intend to share across processes.<para>要分配给内存映射文件的名称,或不打算跨进程共享的 <see cref="T:System.IO.MemoryMappedFiles.MemoryMappedFile" /> 的 <see langword="null" />.</para></param>
      <param name="capacity">The maximum size, in bytes, to allocate to the memory-mapped file.<para>要分配给内存映射文件的最大大小（以字节为单位）.</para></param>
      <param name="access">One of the enumeration values that specifies the type of access allowed to the memory-mapped file. The default is <see cref="F:System.IO.MemoryMappedFiles.MemoryMappedFileAccess.ReadWrite" />.<para>指定允许对内存映射文件的访问类型的枚举值之一.默认值为 <see cref="f:system.io.memorymappedfiles.memorymappedfileaccess.readwrite" /> .</para></param>
      <exception cref="T:System.ArgumentException">
        <paramref name="mapName" /> is an empty string.  
  
 -or-  
  
 <paramref name="access" /> is set to write-only with the <see cref="F:System.IO.MemoryMappedFiles.MemoryMappedFileAccess.Write" /> enumeration value.<para><paramref name="mapName" /> 是一个空字符串. -或- <paramref name="access" /> 设置为只写,其中 <see cref="f:system.io.memorymappedfiles.memorymappedfileaccess.write" /> 枚举值.</para></exception>
      <exception cref="T:System.ArgumentOutOfRangeException">
        <paramref name="capacity" /> is less than or equal to zero.  
  
 -or-  
  
 <paramref name="access" /> is not a valid <see cref="T:System.IO.MemoryMappedFiles.MemoryMappedFileAccess" /> enumeration value.<para><paramref name="capacity" /> 小于或等于零. -或- <paramref name="access" /> 不是有效的 <see cref="t:system.io.memorymappedfiles.memorymappedfileaccess" /> 枚举值.仅限</para></exception>
      <exception cref="T:System.PlatformNotSupportedException">.NET Core and .NET 5+ only: Calls to the <c>CreateNew</c> method with a named memory mapped file (that is, a non-null <paramref name="mapName" />) are supported on Windows operating systems only.<para>.net core 和 .net 5+:仅在 windows 操作系统上支持使用命名内存映射文件（即非空 <paramref name="mapName" />）调用 <c>CreateNew</c> 方法.</para></exception>
      <returns>A memory-mapped file that has the specified characteristics.<para>具有指定特征的内存映射文件.</para></returns>
    </member>
    <member name="M:System.IO.MemoryMappedFiles.MemoryMappedFile.CreateNew(System.String,System.Int64,System.IO.MemoryMappedFiles.MemoryMappedFileAccess,System.IO.MemoryMappedFiles.MemoryMappedFileOptions,System.IO.HandleInheritability)">
      <summary>Creates a memory-mapped file that has the specified name, capacity, access type, memory allocation options and inheritability.<para>创建具有指定名称、容量、访问类型、内存分配选项和可继承性的内存映射文件.</para></summary>
      <param name="mapName">A name to assign to the memory-mapped file, or <see langword="null" /> for a <see cref="T:System.IO.MemoryMappedFiles.MemoryMappedFile" /> that you do not intend to share across processes.<para>要分配给内存映射文件的名称,或不打算跨进程共享的 <see cref="T:System.IO.MemoryMappedFiles.MemoryMappedFile" /> 的 <see langword="null" />.</para></param>
      <param name="capacity">The maximum size, in bytes, to allocate to the memory-mapped file.<para>要分配给内存映射文件的最大大小（以字节为单位）.</para></param>
      <param name="access">One of the enumeration values that specifies the type of access allowed to the memory-mapped file. The default is <see cref="F:System.IO.MemoryMappedFiles.MemoryMappedFileAccess.ReadWrite" />.<para>指定允许对内存映射文件的访问类型的枚举值之一.默认值为 <see cref="f:system.io.memorymappedfiles.memorymappedfileaccess.readwrite" /> .</para></param>
      <param name="options">A bitwise combination of enumeration values that specifies memory allocation options for the memory-mapped file.<para>枚举值的按位组合,用于指定内存映射文件的内存分配选项.</para></param>
      <param name="inheritability">A value that specifies whether a handle to the memory-mapped file can be inherited by a child process. The default is <see cref="F:System.IO.HandleInheritability.None" />.<para>一个值,该值指定子进程是否可以继承内存映射文件的句柄.默认值为 <see cref="F:System.IO.HandleInheritability.None" />.</para></param>
      <exception cref="T:System.ArgumentException">
        <paramref name="mapName" /> is an empty string.  
  
 -or-  
  
 <paramref name="access" /> is set to write-only with the <see cref="F:System.IO.MemoryMappedFiles.MemoryMappedFileAccess.Write" /> enumeration value.<para><paramref name="mapName" /> 是一个空字符串. -或- <paramref name="access" /> 设置为只写,其中 <see cref="f:system.io.memorymappedfiles.memorymappedfileaccess.write" /> 枚举值.</para></exception>
      <exception cref="T:System.ArgumentOutOfRangeException">
        <paramref name="capacity" /> is less than or equal to zero.  
  
 -or-  
  
 <paramref name="access" /> is not a valid <see cref="T:System.IO.MemoryMappedFiles.MemoryMappedFileAccess" /> enumeration value.  
  
 -or-  
  
 <paramref name="inheritability" /> is not a valid <see cref="T:System.IO.HandleInheritability" /> value.<para><paramref name="capacity" /> 小于或等于零. -或- <paramref name="access" /> 不是有效的 <see cref="t:system.io.memorymappedfiles.memorymappedfileaccess" /> 枚举值. -或- <paramref name="inheritability" /> 不是有效的 <see cref="T:System.IO.HandleInheritability" /> 值.仅限</para></exception>
      <exception cref="T:System.PlatformNotSupportedException">.NET Core and .NET 5+ only: Calls to the <c>CreateNew</c> method with a named memory mapped file (that is, a non-null <paramref name="mapName" />) are supported on Windows operating systems only.<para>.net core 和 .net 5+:仅在 windows 操作系统上支持使用命名内存映射文件（即非空 <paramref name="mapName" />）调用 <c>CreateNew</c> 方法.</para></exception>
      <returns>A memory-mapped file that has the specified characteristics.<para>具有指定特征的内存映射文件.</para></returns>
    </member>
    <member name="M:System.IO.MemoryMappedFiles.MemoryMappedFile.CreateOrOpen(System.String,System.Int64)">
      <summary>Creates or opens a memory-mapped file that has the specified name and capacity in system memory.<para>创建或打开在系统内存中具有指定名称和容量的内存映射文件.</para></summary>
      <param name="mapName">The name of the memory-mapped file.<para>内存映射文件的名称.</para></param>
      <param name="capacity">The maximum size, in bytes, to allocate to the memory-mapped file.<para>要分配给内存映射文件的最大大小（以字节为单位）.</para></param>
      <exception cref="T:System.ArgumentException">
        <paramref name="mapName" /> is an empty string.<para><paramref name="mapName" /> 是一个空字符串.</para></exception>
      <exception cref="T:System.ArgumentOutOfRangeException">
        <paramref name="capacity" /> is greater than the size of the logical address space.  
  
 -or-  
  
 <paramref name="capacity" /> is less than or equal to zero.<para><paramref name="capacity" /> 大于逻辑地址空间的大小. -或- <paramref name="capacity" /> 小于或等于零.</para></exception>
      <returns>A memory-mapped file that has the specified name and size.<para>具有指定名称和大小的内存映射文件.</para></returns>
    </member>
    <member name="M:System.IO.MemoryMappedFiles.MemoryMappedFile.CreateOrOpen(System.String,System.Int64,System.IO.MemoryMappedFiles.MemoryMappedFileAccess)">
      <summary>Creates or opens a memory-mapped file that has the specified name, capacity and access type in system memory.<para>创建或打开在系统内存中具有指定名称、容量和访问类型的内存映射文件.</para></summary>
      <param name="mapName">The name of the memory-mapped file.<para>内存映射文件的名称.</para></param>
      <param name="capacity">The maximum size, in bytes, to allocate to the memory-mapped file.<para>要分配给内存映射文件的最大大小（以字节为单位）.</para></param>
      <param name="access">One of the enumeration values that specifies the type of access allowed to the memory-mapped file. The default is <see cref="F:System.IO.MemoryMappedFiles.MemoryMappedFileAccess.ReadWrite" />.<para>指定允许对内存映射文件的访问类型的枚举值之一.默认值为 <see cref="f:system.io.memorymappedfiles.memorymappedfileaccess.readwrite" /> .</para></param>
      <exception cref="T:System.ArgumentNullException">
        <paramref name="mapName" /> is <see langword="null" />.<para><paramref name="mapName" /> 是 <see langword="null" />.</para></exception>
      <exception cref="T:System.ArgumentException">
        <paramref name="mapName" /> is an empty string.  
  
 -or-  
  
 <paramref name="access" /> is set to write-only with the <see cref="F:System.IO.MemoryMappedFiles.MemoryMappedFileAccess.Write" /> enumeration value.<para><paramref name="mapName" /> 是一个空字符串. -或- <paramref name="access" /> 设置为只写,其中 <see cref="f:system.io.memorymappedfiles.memorymappedfileaccess.write" /> 枚举值.</para></exception>
      <exception cref="T:System.ArgumentOutOfRangeException">
        <paramref name="capacity" /> is greater than the size of the logical address space.  
  
 -or-  
  
 <paramref name="capacity" /> is less than or equal to zero.  
  
 -or-  
  
 <paramref name="access" /> is not a valid <see cref="T:System.IO.MemoryMappedFiles.MemoryMappedFileAccess" /> enumeration value.<para><paramref name="capacity" /> 大于逻辑地址空间的大小. -或- <paramref name="capacity" /> 小于或等于零. -或- <paramref name="access" /> 不是有效的 <see cref="t:system.io.memorymappedfiles.memorymappedfileaccess" /> 枚举值.</para></exception>
      <exception cref="T:System.UnauthorizedAccessException">The operating system denied the specified access to the file; for example, access is set to <see cref="F:System.IO.MemoryMappedFiles.MemoryMappedFileAccess.Write" /> or <see cref="F:System.IO.MemoryMappedFiles.MemoryMappedFileAccess.ReadWrite" />, but the file or directory is read-only.<para>操作系统拒绝了对文件的指定访问;例如,"访问"设置为 <see cref="f:system.io.memorymappedfiles.memorymappedfileaccess.write" /> 或 <see cref="f:system.io.memorymappedfiles.memorymappedfileaccess.readwrite" /> ,但文件或目录是只读的.</para></exception>
      <returns>A memory-mapped file that has the specified characteristics.<para>具有指定特征的内存映射文件.</para></returns>
    </member>
    <member name="M:System.IO.MemoryMappedFiles.MemoryMappedFile.CreateOrOpen(System.String,System.Int64,System.IO.MemoryMappedFiles.MemoryMappedFileAccess,System.IO.MemoryMappedFiles.MemoryMappedFileOptions,System.IO.HandleInheritability)">
      <summary>Creates a new empty memory mapped file or opens an existing memory mapped file if one exists with the same name. If opening an existing file, the capacity, options, and memory arguments will be ignored.<para>创建新的空内存映射文件或打开现有内存映射文件（如果存在具有相同名称的文件）.如果打开现有文件,容量、选项和内存参数将被忽略.</para></summary>
      <param name="mapName">The name of the memory-mapped file.<para>内存映射文件的名称.</para></param>
      <param name="capacity">The maximum size, in bytes, to allocate to the memory-mapped file.<para>要分配给内存映射文件的最大大小（以字节为单位）.</para></param>
      <param name="access">One of the enumeration values that specifies the type of access allowed to the memory-mapped file. The default is <see cref="F:System.IO.MemoryMappedFiles.MemoryMappedFileAccess.ReadWrite" />.<para>指定允许对内存映射文件的访问类型的枚举值之一.默认值为 <see cref="f:system.io.memorymappedfiles.memorymappedfileaccess.readwrite" /> .</para></param>
      <param name="options">A bitwise combination of values that indicate the memory allocation options to apply to the file.<para>值的按位组合,指示要应用于文件的内存分配选项.</para></param>
      <param name="inheritability">A value that specifies whether a handle to the memory-mapped file can be inherited by a child process. The default is <see cref="F:System.IO.HandleInheritability.None" />.<para>一个值,该值指定子进程是否可以继承内存映射文件的句柄.默认值为 <see cref="F:System.IO.HandleInheritability.None" />.</para></param>
      <exception cref="T:System.ArgumentNullException">
        <paramref name="mapName" /> is <see langword="null" />.<para><paramref name="mapName" /> 是 <see langword="null" />.</para></exception>
      <exception cref="T:System.ArgumentException">
        <paramref name="mapName" /> is an empty string.  
  
 -or-  
  
 <paramref name="access" /> is set to write-only with the <see cref="F:System.IO.MemoryMappedFiles.MemoryMappedFileAccess.Write" /> enumeration value.<para><paramref name="mapName" /> 是一个空字符串. -或- <paramref name="access" /> 设置为只写,其中 <see cref="f:system.io.memorymappedfiles.memorymappedfileaccess.write" /> 枚举值.</para></exception>
      <exception cref="T:System.ArgumentOutOfRangeException">
        <paramref name="capacity" /> is greater than the size of the logical address space.  
  
 -or-  
  
 <paramref name="capacity" /> is less than or equal to zero.  
  
 -or-  
  
 <paramref name="access" /> is not a valid <see cref="T:System.IO.MemoryMappedFiles.MemoryMappedFileAccess" /> enumeration value.  
  
 -or-  
  
 <paramref name="inheritability" /> is not a valid <see cref="T:System.IO.HandleInheritability" /> enumeration value.<para><paramref name="capacity" /> 大于逻辑地址空间的大小. -或- <paramref name="capacity" /> 小于或等于零. -或- <paramref name="access" /> 不是有效的 <see cref="t:system.io.memorymappedfiles.memorymappedfileaccess" /> 枚举值. -或- <paramref name="inheritability" /> 不是有效的 <see cref="T:System.IO.HandleInheritability" /> 枚举值.</para></exception>
      <exception cref="T:System.UnauthorizedAccessException">The operating system denied the specified access to the file; for example, access is set to <see cref="F:System.IO.MemoryMappedFiles.MemoryMappedFileAccess.Write" /> or <see cref="F:System.IO.MemoryMappedFiles.MemoryMappedFileAccess.ReadWrite" />, but the file or directory is read-only.<para>操作系统拒绝了对文件的指定访问;例如,"访问"设置为 <see cref="f:system.io.memorymappedfiles.memorymappedfileaccess.write" /> 或 <see cref="f:system.io.memorymappedfiles.memorymappedfileaccess.readwrite" /> ,但文件或目录是只读的.</para></exception>
      <returns>A memory-mapped file that has the specified characteristics.<para>具有指定特征的内存映射文件.</para></returns>
    </member>
    <member name="M:System.IO.MemoryMappedFiles.MemoryMappedFile.CreateViewAccessor">
      <summary>Creates a <see cref="T:System.IO.MemoryMappedFiles.MemoryMappedViewAccessor" /> that maps to a view of the memory-mapped file.<para>创建一个 <see cref="t:system.io.memorymappedfiles.memorymappedviewaccessor" /> 映射到内存映射文件的视图.</para></summary>
      <exception cref="T:System.UnauthorizedAccessException">Access to the memory-mapped file is unauthorized.<para>对内存映射文件的访问未经授权.</para></exception>
      <returns>A randomly accessible block of memory.<para>可随机访问的内存块.</para></returns>
    </member>
    <member name="M:System.IO.MemoryMappedFiles.MemoryMappedFile.CreateViewAccessor(System.Int64,System.Int64)">
      <summary>Creates a <see cref="T:System.IO.MemoryMappedFiles.MemoryMappedViewAccessor" /> that maps to a view of the memory-mapped file, and that has the specified offset and size.<para>创建一个 <see cref="t:system.io.memorymappedfiles.memorymappedviewaccessor" /> 映射到内存映射文件的视图,并且具有指定的偏移量和大小.</para></summary>
      <param name="offset">The byte at which to start the view.<para>开始视图的字节.</para></param>
      <param name="size">The size of the view. Specify 0 (zero) to create a view that starts at <paramref name="offset" /> and ends approximately at the end of the memory-mapped file.<para>视图的大小.指定 0（零）以创建从 <paramref name="offset" /> 开始并大约在内存映射文件末尾结束的视图.</para></param>
      <exception cref="T:System.ArgumentOutOfRangeException">
        <paramref name="offset" /> or <paramref name="size" /> is a negative value.  
  
 -or-  
  
 <paramref name="size" /> is greater than the logical address space.<para><paramref name="offset" /> 或 <paramref name="size" /> 是负值. -或- <paramref name="size" /> 大于逻辑地址空间.</para></exception>
      <exception cref="T:System.UnauthorizedAccessException">Access to the memory-mapped file is unauthorized.<para>对内存映射文件的访问是未经授权的.</para></exception>
      <exception cref="T:System.IO.IOException">An I/O error occurred.<para>发生 i/o 错误.</para></exception>
      <returns>A randomly accessible block of memory.<para>可随机访问的内存块.</para></returns>
    </member>
    <member name="M:System.IO.MemoryMappedFiles.MemoryMappedFile.CreateViewAccessor(System.Int64,System.Int64,System.IO.MemoryMappedFiles.MemoryMappedFileAccess)">
      <summary>Creates a <see cref="T:System.IO.MemoryMappedFiles.MemoryMappedViewAccessor" /> that maps to a view of the memory-mapped file, and that has the specified offset, size, and access restrictions.<para>创建一个 <see cref="t:system.io.memorymappedfiles.memorymappedviewaccessor" /> 映射到内存映射文件的视图,并且具有指定的偏移量、大小和访问限制.</para></summary>
      <param name="offset">The byte at which to start the view.<para>开始视图的字节.</para></param>
      <param name="size">The size of the view. Specify 0 (zero) to create a view that starts at <paramref name="offset" /> and ends approximately at the end of the memory-mapped file.<para>视图的大小.指定 0（零）以创建从 <paramref name="offset" /> 开始并大约在内存映射文件末尾结束的视图.</para></param>
      <param name="access">One of the enumeration values that specifies the type of access allowed to the memory-mapped file. The default is <see cref="F:System.IO.MemoryMappedFiles.MemoryMappedFileAccess.ReadWrite" />.<para>指定允许对内存映射文件的访问类型的枚举值之一.默认值为 <see cref="f:system.io.memorymappedfiles.memorymappedfileaccess.readwrite" /> .</para></param>
      <exception cref="T:System.ArgumentOutOfRangeException">
        <paramref name="offset" /> or <paramref name="size" /> is a negative value.  
  
 -or-  
  
 <paramref name="size" /> is greater than the logical address space.<para><paramref name="offset" /> 或 <paramref name="size" /> 是负值. -或- <paramref name="size" /> 大于逻辑地址空间.</para></exception>
      <exception cref="T:System.UnauthorizedAccessException">
        <paramref name="access" /> is invalid for the memory-mapped file.<para><paramref name="access" /> 对于内存映射文件无效.</para></exception>
      <exception cref="T:System.IO.IOException">An I/O error occurred.<para>发生 i/o 错误.</para></exception>
      <returns>A randomly accessible block of memory.<para>可随机访问的内存块.</para></returns>
    </member>
    <member name="M:System.IO.MemoryMappedFiles.MemoryMappedFile.CreateViewStream">
      <summary>Creates a stream that maps to a view of the memory-mapped file.<para>创建映射到内存映射文件视图的流.</para></summary>
      <exception cref="T:System.UnauthorizedAccessException">Access to the memory-mapped file is unauthorized.<para>对内存映射文件的访问未经授权.</para></exception>
      <returns>A stream of memory.<para>内存流.</para></returns>
    </member>
    <member name="M:System.IO.MemoryMappedFiles.MemoryMappedFile.CreateViewStream(System.Int64,System.Int64)">
      <summary>Creates a stream that maps to a view of the memory-mapped file, and that has the specified offset and size.<para>创建一个流,该流映射到内存映射文件的视图,并且具有指定的偏移量和大小.</para></summary>
      <param name="offset">The byte at which to start the view.<para>开始视图的字节.</para></param>
      <param name="size">The size of the view. Specify 0 (zero) to create a view that starts at <paramref name="offset" /> and ends approximately at the end of the memory-mapped file.<para>视图的大小.指定 0（零）以创建从 <paramref name="offset" /> 开始并大约在内存映射文件末尾结束的视图.</para></param>
      <exception cref="T:System.ArgumentOutOfRangeException">
        <paramref name="offset" /> or <paramref name="size" /> is a negative value.  
  
 -or-  
  
 <paramref name="size" /> is greater than the logical address space.<para><paramref name="offset" /> 或 <paramref name="size" /> 是负值. -或- <paramref name="size" /> 大于逻辑地址空间.</para></exception>
      <exception cref="T:System.UnauthorizedAccessException">Access to the memory-mapped file is unauthorized.<para>对内存映射文件的访问是未经授权的.</para></exception>
      <exception cref="T:System.IO.IOException">
        <paramref name="size" /> is greater than the total virtual memory.<para><paramref name="size" /> 大于总虚拟内存.</para></exception>
      <returns>A stream of memory that has the specified offset and size.<para>具有指定偏移量和大小的内存流.</para></returns>
    </member>
    <member name="M:System.IO.MemoryMappedFiles.MemoryMappedFile.CreateViewStream(System.Int64,System.Int64,System.IO.MemoryMappedFiles.MemoryMappedFileAccess)">
      <summary>Creates a stream that maps to a view of the memory-mapped file, and that has the specified offset, size, and access type.<para>创建一个流,该流映射到内存映射文件的视图,并且具有指定的偏移量、大小和访问类型.</para></summary>
      <param name="offset">The byte at which to start the view.<para>开始视图的字节.</para></param>
      <param name="size">The size of the view. Specify 0 (zero) to create a view that starts at <paramref name="offset" /> and ends approximately at the end of the memory-mapped file.<para>视图的大小.指定 0（零）以创建从 <paramref name="offset" /> 开始并大约在内存映射文件末尾结束的视图.</para></param>
      <param name="access">One of the enumeration values that specifies the type of access allowed to the memory-mapped file. The default is <see cref="F:System.IO.MemoryMappedFiles.MemoryMappedFileAccess.ReadWrite" />.<para>指定允许对内存映射文件的访问类型的枚举值之一.默认值为 <see cref="f:system.io.memorymappedfiles.memorymappedfileaccess.readwrite" /> .</para></param>
      <exception cref="T:System.ArgumentOutOfRangeException">
        <paramref name="offset" /> or <paramref name="size" /> is a negative value.  
  
 -or-  
  
 <paramref name="size" /> is greater than the logical address space.  
  
 -or-  
  
 <paramref name="access" /> is not a valid <see cref="T:System.IO.MemoryMappedFiles.MemoryMappedFileAccess" /> enumeration value.<para><paramref name="offset" /> 或 <paramref name="size" /> 是负值. -或- <paramref name="size" /> 大于逻辑地址空间. -或- <paramref name="access" /> 不是有效的 <see cref="t:system.io.memorymappedfiles.memorymappedfileaccess" /> 枚举值.</para></exception>
      <exception cref="T:System.UnauthorizedAccessException">
        <paramref name="access" /> is invalid for the memory-mapped file.<para><paramref name="access" /> 对于内存映射文件无效.</para></exception>
      <exception cref="T:System.IO.IOException">
        <paramref name="size" /> is greater than the total virtual memory.  
  
 -or-  
  
 <paramref name="access" /> is invalid for the memory-mapped file.<para><paramref name="size" /> 大于总虚拟内存. -或- <paramref name="access" /> 对于内存映射文件无效.</para></exception>
      <returns>A stream of memory that has the specified characteristics.<para>具有指定特征的内存流.</para></returns>
    </member>
    <member name="M:System.IO.MemoryMappedFiles.MemoryMappedFile.Dispose">
      <summary>Releases all resources used by the <see cref="T:System.IO.MemoryMappedFiles.MemoryMappedFile" />.<para>释放 <see cref="T:System.IO.MemoryMappedFiles.MemoryMappedFile" /> 使用的所有资源.</para></summary>
    </member>
    <member name="M:System.IO.MemoryMappedFiles.MemoryMappedFile.Dispose(System.Boolean)">
      <summary>Releases the unmanaged resources used by the <see cref="T:System.IO.MemoryMappedFiles.MemoryMappedFile" /> and optionally releases the managed resources.<para>释放 <see cref="T:System.IO.MemoryMappedFiles.MemoryMappedFile" /> 使用的非托管资源,并选择性地释放托管资源.</para></summary>
      <param name="disposing">
        <see langword="true" /> to release both managed and unmanaged resources; <see langword="false" /> to release only unmanaged resources.<para><see langword="true" /> 释放托管和非托管资源;<see langword="false" /> 仅释放非托管资源.</para></param>
    </member>
    <member name="M:System.IO.MemoryMappedFiles.MemoryMappedFile.OpenExisting(System.String)">
      <summary>Opens an existing memory-mapped file that has the specified name in system memory.<para>打开系统内存中具有指定名称的现有内存映射文件.</para></summary>
      <param name="mapName">The name of the memory-mapped file.<para>内存映射文件的名称.</para></param>
      <exception cref="T:System.ArgumentNullException">
        <paramref name="mapName" /> is <see langword="null" />.<para><paramref name="mapName" /> 是 <see langword="null" />.</para></exception>
      <exception cref="T:System.ArgumentException">
        <paramref name="mapName" /> is an empty string.<para><paramref name="mapName" /> 是一个空字符串.</para></exception>
      <exception cref="T:System.IO.FileNotFoundException">The file specified for <paramref name="mapName" /> does not exist.<para>为 <paramref name="mapName" /> 指定的文件不存在.</para></exception>
      <returns>A memory-mapped file that has the specified name.<para>具有指定名称的内存映射文件.</para></returns>
    </member>
    <member name="M:System.IO.MemoryMappedFiles.MemoryMappedFile.OpenExisting(System.String,System.IO.MemoryMappedFiles.MemoryMappedFileRights)">
      <summary>Opens an existing memory-mapped file that has the specified name and access rights in system memory.<para>打开在系统内存中具有指定名称和访问权限的现有内存映射文件.</para></summary>
      <param name="mapName">The name of the memory-mapped file to open.<para>要打开的内存映射文件的名称.</para></param>
      <param name="desiredAccessRights">One of the enumeration values that specifies the access rights to apply to the memory-mapped file.<para>指定要应用于内存映射文件的访问权限的枚举值之一.</para></param>
      <exception cref="T:System.ArgumentNullException">
        <paramref name="mapName" /> is <see langword="null" />.<para><paramref name="mapName" /> 是 <see langword="null" />.</para></exception>
      <exception cref="T:System.ArgumentException">
        <paramref name="mapName" /> is an empty string.<para><paramref name="mapName" /> 是一个空字符串.</para></exception>
      <exception cref="T:System.ArgumentOutOfRangeException">
        <paramref name="desiredAccessRights" /> is not a valid <see cref="T:System.IO.MemoryMappedFiles.MemoryMappedFileRights" /> enumeration value.<para>$<paramref name="desiredaccessrights" /> 不是有效的 <see cref="T:System.IO.MemoryMappedFiles.MemoryMappedFileRights" /> 枚举值.</para></exception>
      <exception cref="T:System.IO.FileNotFoundException">The file specified for <paramref name="mapName" /> does not exist.<para>为 <paramref name="mapName" /> 指定的文件不存在.</para></exception>
      <returns>A memory-mapped file that has the specified characteristics.<para>具有指定特征的内存映射文件.</para></returns>
    </member>
    <member name="M:System.IO.MemoryMappedFiles.MemoryMappedFile.OpenExisting(System.String,System.IO.MemoryMappedFiles.MemoryMappedFileRights,System.IO.HandleInheritability)">
      <summary>Opens an existing memory-mapped file that has the specified name, access rights, and inheritability in system memory.<para>打开在系统内存中具有指定名称、访问权限和可继承性的现有内存映射文件.</para></summary>
      <param name="mapName">The name of the memory-mapped file to open.<para>要打开的内存映射文件的名称.</para></param>
      <param name="desiredAccessRights">One of the enumeration values that specifies the access rights to apply to the memory-mapped file.<para>指定要应用于内存映射文件的访问权限的枚举值之一.</para></param>
      <param name="inheritability">One of the enumeration values that specifies whether a handle to the memory-mapped file can be inherited by a child process. The default is <see cref="F:System.IO.HandleInheritability.None" />.<para>指定子进程是否可以继承内存映射文件的句柄的枚举值之一.默认值为 <see cref="F:System.IO.HandleInheritability.None" />.</para></param>
      <exception cref="T:System.ArgumentNullException">
        <paramref name="mapName" /> is <see langword="null" />.<para><paramref name="mapName" /> 是 <see langword="null" />.</para></exception>
      <exception cref="T:System.ArgumentException">
        <paramref name="mapName" /> is an empty string.<para><paramref name="mapName" /> 是一个空字符串.</para></exception>
      <exception cref="T:System.ArgumentOutOfRangeException">
        <paramref name="desiredAccessRights" /> is not a valid <see cref="T:System.IO.MemoryMappedFiles.MemoryMappedFileRights" /> enumeration value.  
  
 -or-  
  
 <paramref name="inheritability" /> is not a valid <see cref="T:System.IO.HandleInheritability" /> enumeration value.<para>$<paramref name="desiredaccessrights" /> 不是有效的 <see cref="T:System.IO.MemoryMappedFiles.MemoryMappedFileRights" /> 枚举值. -或- <paramref name="inheritability" /> 不是有效的 <see cref="T:System.IO.HandleInheritability" /> 枚举值.</para></exception>
      <exception cref="T:System.UnauthorizedAccessException">The requested access is invalid for the memory-mapped file.<para>请求的访问对于内存映射文件无效.</para></exception>
      <exception cref="T:System.IO.FileNotFoundException">The file specified for <paramref name="mapName" /> does not exist.<para>为 <paramref name="mapName" /> 指定的文件不存在.</para></exception>
      <returns>A memory-mapped file that has the specified characteristics.<para>具有指定特征的内存映射文件.</para></returns>
    </member>
    <member name="P:System.IO.MemoryMappedFiles.MemoryMappedFile.SafeMemoryMappedFileHandle">
      <summary>Gets the file handle of a memory-mapped file.<para>获取内存映射文件的文件句柄.</para></summary>
      <returns>The handle to the memory-mapped file.<para>内存映射文件的句柄.</para></returns>
    </member>
    <member name="T:System.IO.MemoryMappedFiles.MemoryMappedFileAccess">
      <summary>Specifies access capabilities and restrictions for a memory-mapped file or view.<para>指定内存映射文件或视图的访问功能和限制.</para></summary>
    </member>
    <member name="F:System.IO.MemoryMappedFiles.MemoryMappedFileAccess.CopyOnWrite">
      <summary>Read and write access to the file, with the restriction that any write operations will not be seen by other processes.<para>对文件的读写访问权限,但限制是其他进程看不到任何写入操作.</para></summary>
    </member>
    <member name="F:System.IO.MemoryMappedFiles.MemoryMappedFileAccess.Read">
      <summary>Read-only access to the file.<para>对文件的只读访问权限.</para></summary>
    </member>
    <member name="F:System.IO.MemoryMappedFiles.MemoryMappedFileAccess.ReadExecute">
      <summary>Read access to the file that can store and run executable code.<para>对可以存储和运行可执行代码的文件的读取访问权限.</para></summary>
    </member>
    <member name="F:System.IO.MemoryMappedFiles.MemoryMappedFileAccess.ReadWrite">
      <summary>Read and write access to the file.<para>对文件的读写访问权限.</para></summary>
    </member>
    <member name="F:System.IO.MemoryMappedFiles.MemoryMappedFileAccess.ReadWriteExecute">
      <summary>Read and write access to the file that can store and run executable code.<para>对可以存储和运行可执行代码的文件的读写访问权限.</para></summary>
    </member>
    <member name="F:System.IO.MemoryMappedFiles.MemoryMappedFileAccess.Write">
      <summary>Write-only access to file.<para>对文件的只写访问.</para></summary>
    </member>
    <member name="T:System.IO.MemoryMappedFiles.MemoryMappedFileOptions">
      <summary>Provides memory allocation options for memory-mapped files.<para>为内存映射文件提供内存分配选项.</para></summary>
    </member>
    <member name="F:System.IO.MemoryMappedFiles.MemoryMappedFileOptions.DelayAllocatePages">
      <summary>Memory allocation is delayed until a view is created with either the <see cref="M:System.IO.MemoryMappedFiles.MemoryMappedFile.CreateViewAccessor" /> or <see cref="M:System.IO.MemoryMappedFiles.MemoryMappedFile.CreateViewStream" /> method.<para>内存分配将延迟,直到使用 <see cref="m:system.io.memorymappedfiles.memorymappedfile.createviewaccessor" /> 或 <see cref="M:System.IO.MemoryMappedFiles.MemoryMappedFile.CreateViewStream" /> 方法.</para></summary>
    </member>
    <member name="F:System.IO.MemoryMappedFiles.MemoryMappedFileOptions.None">
      <summary>No memory allocation options are applied.<para>不应用内存分配选项.</para></summary>
    </member>
    <member name="T:System.IO.MemoryMappedFiles.MemoryMappedFileRights">
      <summary>Specifies access rights to a memory-mapped file that is not associated with a file on disk.<para>指定对未与磁盘上的文件关联的内存映射文件的访问权限.</para></summary>
    </member>
    <member name="F:System.IO.MemoryMappedFiles.MemoryMappedFileRights.AccessSystemSecurity">
      <summary>The right to get or set permissions on a file.<para>获取或设置文件权限的权限.</para></summary>
    </member>
    <member name="F:System.IO.MemoryMappedFiles.MemoryMappedFileRights.ChangePermissions">
      <summary>The right to change the security and audit rules associated with a file.<para>更改与文件关联的安全和审核规则的权限.</para></summary>
    </member>
    <member name="F:System.IO.MemoryMappedFiles.MemoryMappedFileRights.CopyOnWrite">
      <summary>The right to read and write to a file with the restriction that write operations will not be seen by other processes.<para>读取和写入文件的权限,但限制是其他进程看不到写入操作.</para></summary>
    </member>
    <member name="F:System.IO.MemoryMappedFiles.MemoryMappedFileRights.Delete">
      <summary>The right to delete a file.<para>删除文件的权限.</para></summary>
    </member>
    <member name="F:System.IO.MemoryMappedFiles.MemoryMappedFileRights.Execute">
      <summary>The right to run an application file.<para>运行应用程序文件的权限.</para></summary>
    </member>
    <member name="F:System.IO.MemoryMappedFiles.MemoryMappedFileRights.FullControl">
      <summary>The right to exert full control over a file, and to modify access control and audit rules. This value represents the right to do anything with a file and is the combination of all rights in this enumeration.<para>对文件施加完全控制以及修改访问控制和审核规则的权限.此值表示对文件执行任何操作的权限,并且是此枚举中所有权限的组合.</para></summary>
    </member>
    <member name="F:System.IO.MemoryMappedFiles.MemoryMappedFileRights.Read">
      <summary>The right to open and copy a file as read-only.<para>以只读方式打开和复制文件的权限.</para></summary>
    </member>
    <member name="F:System.IO.MemoryMappedFiles.MemoryMappedFileRights.ReadExecute">
      <summary>The right to open and copy a folder or file as read-only, and to run application files. This right includes the <see cref="F:System.IO.MemoryMappedFiles.MemoryMappedFileRights.Read" /> right and the <see cref="F:System.IO.MemoryMappedFiles.MemoryMappedFileRights.Execute" /> right.<para>以只读方式打开和复制文件夹或文件以及运行应用程序文件的权限.此权限包括 <see cref="F:System.IO.MemoryMappedFiles.MemoryMappedFileRights.Read" /> 权限和 <see cref="F:System.IO.MemoryMappedFiles.MemoryMappedFileRights.Execute" /> 权限.</para></summary>
    </member>
    <member name="F:System.IO.MemoryMappedFiles.MemoryMappedFileRights.ReadPermissions">
      <summary>The right to open and copy access and audit rules from a file. This does not include the right to read data, file system attributes, or extended file system attributes.<para>从文件中打开和复制访问和审核规则的权限.这不包括读取数据、文件系统属性或扩展文件系统属性的权限.</para></summary>
    </member>
    <member name="F:System.IO.MemoryMappedFiles.MemoryMappedFileRights.ReadWrite">
      <summary>The right to open and copy a file, and the right to add data to a file or remove data from a file.<para>打开和复制文件的权限,以及向文件添加数据或从文件中删除数据的权限.</para></summary>
    </member>
    <member name="F:System.IO.MemoryMappedFiles.MemoryMappedFileRights.ReadWriteExecute">
      <summary>The right to open and copy a file, the right to add data to a file or remove data from a file, and the right to run an application file.<para>打开和复制文件的权限、向文件添加数据或从文件中删除数据的权限,以及运行应用程序文件的权限.</para></summary>
    </member>
    <member name="F:System.IO.MemoryMappedFiles.MemoryMappedFileRights.TakeOwnership">
      <summary>The right to change the owner of a file.<para>更改文件所有者的权限.</para></summary>
    </member>
    <member name="F:System.IO.MemoryMappedFiles.MemoryMappedFileRights.Write">
      <summary>The right to add data to a file or remove data from a file.<para>向文件添加数据或从文件中删除数据的权限.</para></summary>
    </member>
    <member name="T:System.IO.MemoryMappedFiles.MemoryMappedViewAccessor">
      <summary>Represents a randomly accessed view of a memory-mapped file.<para>表示内存映射文件的随机访问视图.</para></summary>
    </member>
    <member name="M:System.IO.MemoryMappedFiles.MemoryMappedViewAccessor.Flush">
      <summary>Clears all buffers for this view and causes any buffered data to be written to the underlying file.<para>清除此视图的所有缓冲区,并导致将任何缓冲数据写入基础文件.</para></summary>
      <exception cref="T:System.ObjectDisposedException">Methods were called after the accessor was closed.<para>在访问器关闭后调用方法.</para></exception>
    </member>
    <member name="P:System.IO.MemoryMappedFiles.MemoryMappedViewAccessor.PointerOffset">
      <summary>Gets the number of bytes by which the starting position of this view is offset from the beginning of the memory-mapped file.<para>获取此视图的起始位置从内存映射文件开头偏移的字节数.</para></summary>
      <exception cref="T:System.InvalidOperationException">The object from which this instance was created is <see langword="null" />.<para>从中创建此实例的对象是 <see langword="null" />.</para></exception>
      <returns>The number of bytes between the starting position of this view and the beginning of the memory-mapped file.<para>此视图的起始位置与内存映射文件的开头之间的字节数.</para></returns>
    </member>
    <member name="P:System.IO.MemoryMappedFiles.MemoryMappedViewAccessor.SafeMemoryMappedViewHandle">
      <summary>Gets a handle to the view of a memory-mapped file.<para>获取内存映射文件视图的句柄.</para></summary>
      <returns>A wrapper for the operating system's handle to the view of the file.<para>文件视图的操作系统句柄的包装器.</para></returns>
    </member>
    <member name="T:System.IO.MemoryMappedFiles.MemoryMappedViewStream">
      <summary>Represents a view of a memory-mapped file as a sequentially accessed stream.<para>将内存映射文件表示为按顺序访问的流的视图.</para></summary>
    </member>
    <member name="M:System.IO.MemoryMappedFiles.MemoryMappedViewStream.Flush">
      <summary>Clears all buffers for this stream and causes any buffered data to be written to the underlying file.<para>清除此流的所有缓冲区,并导致将任何缓冲数据写入基础文件.</para></summary>
    </member>
    <member name="M:System.IO.MemoryMappedFiles.MemoryMappedViewStream.SetLength(System.Int64)">
      <summary>Sets the length of the current stream.<para>设置当前流的长度.</para></summary>
      <param name="value">The desired length of the current stream in bytes.<para>当前流的所需长度（以字节为单位）.</para></param>
      <exception cref="T:System.NotSupportedException">This method is not supported.<para>不支持此方法.</para></exception>
    </member>
    <member name="P:System.IO.MemoryMappedFiles.MemoryMappedViewStream.PointerOffset">
      <summary>Gets the number of bytes by which the starting position of this view is offset from the beginning of the memory-mapped file.<para>获取此视图的起始位置从内存映射文件开头偏移的字节数.</para></summary>
      <exception cref="T:System.InvalidOperationException">The object from which this instance was created is <see langword="null" />.<para>从中创建此实例的对象是 <see langword="null" />.</para></exception>
      <returns>The number of bytes between the starting position of this view and the beginning of the memory-mapped file.<para>此视图的起始位置与内存映射文件的开头之间的字节数.</para></returns>
    </member>
    <member name="P:System.IO.MemoryMappedFiles.MemoryMappedViewStream.SafeMemoryMappedViewHandle">
      <summary>Gets a handle to the view of a memory-mapped file.<para>获取内存映射文件视图的句柄.</para></summary>
      <returns>A wrapper for the operating system's handle to the view of the file.<para>文件视图的操作系统句柄的包装器.</para></returns>
    </member>
  </members>
</doc>