﻿<?xml version="1.0" encoding="utf-8"?>
<doc>
  <assembly>
    <name>System.Net.WebSockets.Client</name>
  </assembly>
  <members>
    <member name="T:System.Net.WebSockets.ClientWebSocket">
      <summary>Provides a client for connecting to WebSocket services.<para>提供用于连接到 websocket 服务的客户端.</para></summary>
    </member>
    <member name="M:System.Net.WebSockets.ClientWebSocket.#ctor">
      <summary>Creates an instance of the <see cref="T:System.Net.WebSockets.ClientWebSocket" /> class.<para>创建 <see cref="T:System.Net.WebSockets.ClientWebSocket" /> 类的实例.</para></summary>
    </member>
    <member name="M:System.Net.WebSockets.ClientWebSocket.Abort">
      <summary>Aborts the connection and cancels any pending IO operations.<para>中止连接并取消任何挂起的 io 操作.</para></summary>
    </member>
    <member name="M:System.Net.WebSockets.ClientWebSocket.CloseAsync(System.Net.WebSockets.WebSocketCloseStatus,System.String,System.Threading.CancellationToken)">
      <summary>Close the <see cref="T:System.Net.WebSockets.ClientWebSocket" /> instance as an asynchronous operation.<para>关闭 <see cref="T:System.Net.WebSockets.ClientWebSocket" /> 实例作为异步操作.</para></summary>
      <param name="closeStatus">The WebSocket close status.<para>websocket 关闭状态.</para></param>
      <param name="statusDescription">A description of the close status.<para>关闭状态的说明.</para></param>
      <param name="cancellationToken">A cancellation token used to propagate notification that this  operation should be canceled.<para>用于传播应取消此操作的通知的取消令牌.</para></param>
      <returns>The task object representing the asynchronous operation.<para>表示异步操作的任务对象.</para></returns>
    </member>
    <member name="M:System.Net.WebSockets.ClientWebSocket.CloseOutputAsync(System.Net.WebSockets.WebSocketCloseStatus,System.String,System.Threading.CancellationToken)">
      <summary>Close the output for the <see cref="T:System.Net.WebSockets.ClientWebSocket" /> instance as an asynchronous operation.<para>关闭 <see cref="T:System.Net.WebSockets.ClientWebSocket" /> 实例的输出作为异步操作.</para></summary>
      <param name="closeStatus">The WebSocket close status.<para>websocket 关闭状态.</para></param>
      <param name="statusDescription">A description of the close status.<para>关闭状态的说明.</para></param>
      <param name="cancellationToken">A cancellation token used to propagate notification that this  operation should be canceled.<para>用于传播应取消此操作的通知的取消令牌.</para></param>
      <returns>The task object representing the asynchronous operation.<para>表示异步操作的任务对象.</para></returns>
    </member>
    <member name="M:System.Net.WebSockets.ClientWebSocket.ConnectAsync(System.Uri,System.Net.Http.HttpMessageInvoker,System.Threading.CancellationToken)">
      <summary>Connects to a WebSocket server as an asynchronous operation.<para>作为异步操作连接到 websocket 服务器.</para></summary>
      <param name="uri">The URI of the WebSocket server to connect to.<para>要连接到的 websocket 服务器的 uri.</para></param>
      <param name="invoker">The <see cref="T:System.Net.Http.HttpMessageInvoker" /> instance to use for connecting.<para>用于连接的 <see cref="T:System.Net.Http.HttpMessageInvoker" /> 实例.</para></param>
      <param name="cancellationToken">A cancellation token used to propagate notification that the operation should be canceled.<para>用于传播应取消操作的通知的取消令牌.</para></param>
      <returns>The task object representing the asynchronous operation.<para>表示异步操作的任务对象.</para></returns>
    </member>
    <member name="M:System.Net.WebSockets.ClientWebSocket.ConnectAsync(System.Uri,System.Threading.CancellationToken)">
      <summary>Connects to a WebSocket server as an asynchronous operation.<para>作为异步操作连接到 websocket 服务器.</para></summary>
      <param name="uri">The URI of the WebSocket server to connect to.<para>要连接到的 websocket 服务器的 uri.</para></param>
      <param name="cancellationToken">A cancellation token used to propagate notification that the operation should be canceled.<para>用于传播应取消操作的通知的取消令牌.</para></param>
      <returns>The task object representing the asynchronous operation.<para>表示异步操作的任务对象.</para></returns>
    </member>
    <member name="M:System.Net.WebSockets.ClientWebSocket.Dispose">
      <summary>Releases the unmanaged resources used by the <see cref="T:System.Net.WebSockets.ClientWebSocket" /> instance.<para>释放 <see cref="T:System.Net.WebSockets.ClientWebSocket" /> 实例使用的非托管资源.</para></summary>
    </member>
    <member name="M:System.Net.WebSockets.ClientWebSocket.ReceiveAsync(System.ArraySegment{System.Byte},System.Threading.CancellationToken)">
      <summary>Receives data on <see cref="T:System.Net.WebSockets.ClientWebSocket" /> as an asynchronous operation.<para>作为异步操作接收 <see cref="T:System.Net.WebSockets.ClientWebSocket" /> 上的数据.</para></summary>
      <param name="buffer">The buffer to receive the response.<para>用于接收响应的缓冲区.</para></param>
      <param name="cancellationToken">A cancellation token used to propagate notification that this operation should be canceled.<para>用于传播应取消此操作的通知的取消令牌.</para></param>
      <exception cref="T:System.InvalidOperationException">The <see cref="T:System.Net.WebSockets.ClientWebSocket" /> is not connected.<para><see cref="T:System.Net.WebSockets.ClientWebSocket" /> 未连接.</para></exception>
      <exception cref="T:System.ObjectDisposedException">The <see cref="T:System.Net.WebSockets.ClientWebSocket" /> has been closed.<para><see cref="T:System.Net.WebSockets.ClientWebSocket" /> 已关闭.</para></exception>
      <returns>The task object representing the asynchronous operation.<para>表示异步操作的任务对象.</para></returns>
    </member>
    <member name="M:System.Net.WebSockets.ClientWebSocket.ReceiveAsync(System.Memory{System.Byte},System.Threading.CancellationToken)">
      <summary>Receives data on <see cref="T:System.Net.WebSockets.ClientWebSocket" /> as an asynchronous operation.<para>作为异步操作接收 <see cref="T:System.Net.WebSockets.ClientWebSocket" /> 上的数据.</para></summary>
      <param name="buffer">The region of memory to receive the response.<para>要接收响应的内存区域.</para></param>
      <param name="cancellationToken">A cancellation token used to propagate notification that this operation should be canceled.<para>用于传播应取消此操作的通知的取消令牌.</para></param>
      <exception cref="T:System.InvalidOperationException">The <see cref="T:System.Net.WebSockets.ClientWebSocket" /> is not connected.<para><see cref="T:System.Net.WebSockets.ClientWebSocket" /> 未连接.</para></exception>
      <exception cref="T:System.ObjectDisposedException">The <see cref="T:System.Net.WebSockets.ClientWebSocket" /> has been closed.<para><see cref="T:System.Net.WebSockets.ClientWebSocket" /> 已关闭.</para></exception>
      <returns>The task object representing the asynchronous operation.<para>表示异步操作的任务对象.</para></returns>
    </member>
    <member name="M:System.Net.WebSockets.ClientWebSocket.SendAsync(System.ArraySegment{System.Byte},System.Net.WebSockets.WebSocketMessageType,System.Boolean,System.Threading.CancellationToken)">
      <summary>Sends data on <see cref="T:System.Net.WebSockets.ClientWebSocket" /> as an asynchronous operation.<para>在 <see cref="T:System.Net.WebSockets.ClientWebSocket" /> 上将数据作为异步操作发送.</para></summary>
      <param name="buffer">The buffer containing the message to be sent.<para>包含要发送的消息的缓冲区.</para></param>
      <param name="messageType">One of the enumeration values that specifies whether the buffer is clear text or in a binary format.<para>指定缓冲区是明文还是二进制格式的枚举值之一.</para></param>
      <param name="endOfMessage">
        <see langword="true" /> to indicate this is the final asynchronous send; otherwise, <see langword="false" />.<para><see langword="true" /> 指示这是最终的异步发送;否则,<see langword="false" />.</para></param>
      <param name="cancellationToken">A cancellation token used to propagate notification that this operation should be canceled.<para>用于传播应取消此操作的通知的取消令牌.</para></param>
      <exception cref="T:System.InvalidOperationException">The <see cref="T:System.Net.WebSockets.ClientWebSocket" /> is not connected.<para><see cref="T:System.Net.WebSockets.ClientWebSocket" /> 未连接.</para></exception>
      <exception cref="T:System.ObjectDisposedException">The <see cref="T:System.Net.WebSockets.ClientWebSocket" /> has been closed.<para><see cref="T:System.Net.WebSockets.ClientWebSocket" /> 已关闭.</para></exception>
      <returns>The task object representing the asynchronous operation.<para>表示异步操作的任务对象.</para></returns>
    </member>
    <member name="M:System.Net.WebSockets.ClientWebSocket.SendAsync(System.ReadOnlyMemory{System.Byte},System.Net.WebSockets.WebSocketMessageType,System.Boolean,System.Threading.CancellationToken)">
      <summary>Sends data on <see cref="T:System.Net.WebSockets.ClientWebSocket" /> from a read-only byte memory range as an asynchronous operation.<para>作为异步操作从只读字节内存范围发送 <see cref="T:System.Net.WebSockets.ClientWebSocket" /> 上的数据.</para></summary>
      <param name="buffer">The region of memory containing the message to be sent.<para>包含要发送的消息的内存区域.</para></param>
      <param name="messageType">One of the enumeration values that specifies whether the buffer is clear text or in a binary format.<para>指定缓冲区是明文还是二进制格式的枚举值之一.</para></param>
      <param name="endOfMessage">
        <see langword="true" /> to indicate this is the final asynchronous send; otherwise, <see langword="false" />.<para><see langword="true" /> 指示这是最终的异步发送;否则,<see langword="false" />.</para></param>
      <param name="cancellationToken">A cancellation token used to propagate notification that this operation should be canceled.<para>用于传播应取消此操作的通知的取消令牌.</para></param>
      <exception cref="T:System.InvalidOperationException">The <see cref="T:System.Net.WebSockets.ClientWebSocket" /> is not connected.<para><see cref="T:System.Net.WebSockets.ClientWebSocket" /> 未连接.</para></exception>
      <exception cref="T:System.ObjectDisposedException">The <see cref="T:System.Net.WebSockets.ClientWebSocket" /> has been closed.<para><see cref="T:System.Net.WebSockets.ClientWebSocket" /> 已关闭.</para></exception>
      <returns>The task object representing the asynchronous operation.<para>表示异步操作的任务对象.</para></returns>
    </member>
    <member name="P:System.Net.WebSockets.ClientWebSocket.CloseStatus">
      <summary>Gets the reason why the close handshake was initiated on <see cref="T:System.Net.WebSockets.ClientWebSocket" /> instance.<para>获取在 <see cref="T:System.Net.WebSockets.ClientWebSocket" /> 实例上启动关闭握手的原因.</para></summary>
      <returns>The reason why the close handshake was initiated.<para>发起近距离握手的原因.</para></returns>
    </member>
    <member name="P:System.Net.WebSockets.ClientWebSocket.CloseStatusDescription">
      <summary>Gets a description of the reason why the <see cref="T:System.Net.WebSockets.ClientWebSocket" /> instance was closed.<para>获取关闭 <see cref="T:System.Net.WebSockets.ClientWebSocket" /> 实例的原因的说明.</para></summary>
      <returns>The description of the reason why the <see cref="T:System.Net.WebSockets.ClientWebSocket" /> instance was closed.<para>关闭 <see cref="T:System.Net.WebSockets.ClientWebSocket" /> 实例的原因的说明.</para></returns>
    </member>
    <member name="P:System.Net.WebSockets.ClientWebSocket.HttpResponseHeaders">
      <summary>Gets (if <see cref="P:System.Net.WebSockets.ClientWebSocketOptions.CollectHttpResponseDetails" /> is set) or sets the upgrade response headers.<para>获取（如果设置了 <see cref="P:System.Net.WebSockets.ClientWebSocketOptions.CollectHttpResponseDetails" />）或设置升级响应标头.</para></summary>
    </member>
    <member name="P:System.Net.WebSockets.ClientWebSocket.HttpStatusCode">
      <summary>Gets the upgrade response status code if <see cref="P:System.Net.WebSockets.ClientWebSocketOptions.CollectHttpResponseDetails" /> is set.<para>获取升级响应状态代码（如果已设置 <see cref="P:System.Net.WebSockets.ClientWebSocketOptions.CollectHttpResponseDetails" />）.</para></summary>
    </member>
    <member name="P:System.Net.WebSockets.ClientWebSocket.Options">
      <summary>Gets the WebSocket options for the <see cref="T:System.Net.WebSockets.ClientWebSocket" /> instance.<para>获取 <see cref="T:System.Net.WebSockets.ClientWebSocket" /> 实例的 websocket 选项.</para></summary>
      <returns>The WebSocket options for the <see cref="T:System.Net.WebSockets.ClientWebSocket" /> instance.<para><see cref="T:System.Net.WebSockets.ClientWebSocket" /> 实例的 websocket 选项.</para></returns>
    </member>
    <member name="P:System.Net.WebSockets.ClientWebSocket.State">
      <summary>Gets the WebSocket state of the <see cref="T:System.Net.WebSockets.ClientWebSocket" /> instance.<para>获取 <see cref="T:System.Net.WebSockets.ClientWebSocket" /> 实例的 websocket 状态.</para></summary>
      <returns>The WebSocket state of the <see cref="T:System.Net.WebSockets.ClientWebSocket" /> instance.<para>实例的 websocket 状态.</para></returns>
    </member>
    <member name="P:System.Net.WebSockets.ClientWebSocket.SubProtocol">
      <summary>Gets the supported WebSocket sub-protocol for the <see cref="T:System.Net.WebSockets.ClientWebSocket" /> instance.<para>获取 <see cref="T:System.Net.WebSockets.ClientWebSocket" /> 实例支持的 websocket 子协议.</para></summary>
      <returns>The supported WebSocket sub-protocol.<para>支持的 websocket 子协议.</para></returns>
    </member>
    <member name="T:System.Net.WebSockets.ClientWebSocketOptions">
      <summary>Options to use with a  <see cref="T:System.Net.WebSockets.ClientWebSocket" /> object.<para>用于 <see cref="T:System.Net.WebSockets.ClientWebSocket" /> 对象的选项.</para></summary>
    </member>
    <member name="M:System.Net.WebSockets.ClientWebSocketOptions.AddSubProtocol(System.String)">
      <summary>Adds a sub-protocol to be negotiated during the WebSocket connection handshake.<para>添加要在 websocket 连接握手期间协商的子协议.</para></summary>
      <param name="subProtocol">The WebSocket sub-protocol to add.<para>要添加的 websocket 子协议.</para></param>
    </member>
    <member name="M:System.Net.WebSockets.ClientWebSocketOptions.SetBuffer(System.Int32,System.Int32)">
      <summary>Sets the client buffer parameters.<para>设置客户端缓冲区参数.</para></summary>
      <param name="receiveBufferSize">The size, in bytes, of the client receive buffer.<para>客户端接收缓冲区的大小（以字节为单位）.</para></param>
      <param name="sendBufferSize">The size, in bytes, of the client send buffer.<para>客户端发送缓冲区的大小（以字节为单位）.</para></param>
    </member>
    <member name="M:System.Net.WebSockets.ClientWebSocketOptions.SetBuffer(System.Int32,System.Int32,System.ArraySegment{System.Byte})">
      <summary>Sets client buffer parameters.<para>设置客户端缓冲区参数.</para></summary>
      <param name="receiveBufferSize">The size, in bytes, of the client receive buffer.<para>客户端接收缓冲区的大小（以字节为单位）.</para></param>
      <param name="sendBufferSize">The size, in bytes, of the client send buffer.<para>客户端发送缓冲区的大小（以字节为单位）.</para></param>
      <param name="buffer">The receive buffer to use.<para>要使用的接收缓冲区.</para></param>
    </member>
    <member name="M:System.Net.WebSockets.ClientWebSocketOptions.SetRequestHeader(System.String,System.String)">
      <summary>Creates a HTTP request header and its value.<para>创建 http 请求标头及其值.</para></summary>
      <param name="headerName">The name of the HTTP header.<para>http 标头的名称.</para></param>
      <param name="headerValue">The value of the HTTP header.<para>http 标头的值.</para></param>
    </member>
    <member name="P:System.Net.WebSockets.ClientWebSocketOptions.ClientCertificates">
      <summary>Gets or sets a collection of client side certificates.<para>获取或设置客户端证书的集合.</para></summary>
      <returns>A collection of client side certificates.<para>客户端证书的集合.</para></returns>
    </member>
    <member name="P:System.Net.WebSockets.ClientWebSocketOptions.CollectHttpResponseDetails">
      <summary>Gets or sets a value that indicates whether <see cref="P:System.Net.WebSockets.ClientWebSocket.HttpStatusCode" /> and <see cref="P:System.Net.WebSockets.ClientWebSocket.HttpResponseHeaders" /> should be set when establishing the connection.<para>获取或设置一个值,该值指示在建立连接时是否应设置 <see cref="P:System.Net.WebSockets.ClientWebSocket.HttpStatusCode" /> 和 <see cref="P:System.Net.WebSockets.ClientWebSocket.HttpResponseHeaders" />.</para></summary>
    </member>
    <member name="P:System.Net.WebSockets.ClientWebSocketOptions.Cookies">
      <summary>Gets or sets the cookies associated with the request.<para>获取或设置与请求关联的 cookie.</para></summary>
      <returns>The cookies associated with the request.<para>与请求关联的 cookie.</para></returns>
    </member>
    <member name="P:System.Net.WebSockets.ClientWebSocketOptions.Credentials">
      <summary>Gets or sets the credential information for the client.<para>获取或设置客户端的凭据信息.</para></summary>
      <returns>The credential information for the client.<para>客户端的凭据信息.</para></returns>
    </member>
    <member name="P:System.Net.WebSockets.ClientWebSocketOptions.DangerousDeflateOptions">
      <summary>Gets or sets the options for the per-message-deflate extension.
            When present, the options are sent to the server during the handshake phase. If the server supports per-message-deflate and the options are accepted, the <see cref="T:System.Net.WebSockets.WebSocket" /> instance will be created with compression enabled by default for all messages.<para /> Be aware that enabling compression makes the application subject to CRIME/BREACH type of attacks.
            It is strongly advised to turn off compression when sending data containing secrets by specifying <see cref="F:System.Net.WebSockets.WebSocketMessageFlags.DisableCompression" /> flag for such messages.<para>获取或设置每消息压缩扩展的选项. 如果存在,则选项将在握手阶段发送到服务器.如果服务器支持每条消息压缩并且接受这些选项,则将创建 <see cref="T:System.Net.WebSockets.WebSocket" /> 实例,默认情况下为所有消息启用压缩.<para /> 请注意,启用压缩会使应用程序受到 crime/breach 类型的攻击. 强烈建议在发送包含机密的数据时关闭压缩,方法是为此类消息指定 {*^*} 标志.</para></summary>
    </member>
    <member name="P:System.Net.WebSockets.ClientWebSocketOptions.HttpVersion">
      <summary>Gets or sets the HTTP version to use.<para>获取或设置要使用的 http 版本.</para></summary>
      <returns>The HTTP message version. The default value is <c>1.1</c>.<para>http 消息版本.默认值为 <c>1.1</c>.</para></returns>
    </member>
    <member name="P:System.Net.WebSockets.ClientWebSocketOptions.HttpVersionPolicy">
      <summary>Gets or sets the policy that determines how <see cref="P:System.Net.WebSockets.ClientWebSocketOptions.HttpVersion" /> is interpreted and how the final HTTP version is negotiated with the server.<para>获取或设置确定如何解释 <see cref="P:System.Net.WebSockets.ClientWebSocketOptions.HttpVersion" /> 以及如何与服务器协商最终 http 版本的策略.</para></summary>
      <returns>The version policy used when the HTTP connection is established.<para>建立 http 连接时使用的版本策略.</para></returns>
    </member>
    <member name="P:System.Net.WebSockets.ClientWebSocketOptions.KeepAliveInterval">
      <summary>Gets or sets the WebSocket protocol keep-alive interval.<para>获取或设置 websocket 协议保持活动状态间隔.</para></summary>
      <returns>The WebSocket protocol keep-alive interval.<para>websocket 协议保持活动状态间隔.</para></returns>
    </member>
    <member name="P:System.Net.WebSockets.ClientWebSocketOptions.Proxy">
      <summary>Gets or sets the proxy for WebSocket requests.<para>获取或设置 websocket 请求的代理.</para></summary>
      <returns>The proxy for WebSocket requests.<para>websocket 请求的代理.</para></returns>
    </member>
    <member name="P:System.Net.WebSockets.ClientWebSocketOptions.RemoteCertificateValidationCallback">
      <summary>Gets or sets the callback to validate a server certificate.<para>获取或设置用于验证服务器证书的回调.</para></summary>
      <returns>A callback function to validate the server certificate.<para>用于验证服务器证书的回调函数.</para></returns>
    </member>
    <member name="P:System.Net.WebSockets.ClientWebSocketOptions.UseDefaultCredentials">
      <summary>Gets or sets a <see cref="T:System.Boolean" /> value that indicates if default credentials should be used during WebSocket handshake.<para>获取或设置一个 <see cref="T:System.Boolean" /> 值,该值指示在 websocket 握手期间是否应使用默认凭据.</para></summary>
      <returns>
        <see langword="true" /> if default credentials should be used during WebSocket handshake; otherwise, <see langword="false" />. The default is <see langword="true" />.<para><see langword="true" /> 如果在 websocket 握手期间应使用默认凭据;否则,<see langword="false" />.默认值为 <see langword="true" />.</para></returns>
    </member>
  </members>
</doc>