﻿<?xml version="1.0" encoding="utf-8"?>
<doc>
  <assembly>
    <name>System.Diagnostics.StackTrace</name>
  </assembly>
  <members>
    <member name="T:System.Diagnostics.StackFrame">
      <summary>Provides information about a <see cref="T:System.Diagnostics.StackFrame" />, which represents a function call on the call stack for the current thread.<para>提供有关 <see cref="T:System.Diagnostics.StackFrame" /> 的信息,该 <see cref="T:System.Diagnostics.StackFrame" /> 表示对当前线程的调用堆栈的函数调用.</para></summary>
    </member>
    <member name="F:System.Diagnostics.StackFrame.OFFSET_UNKNOWN">
      <summary>Defines the value that is returned from the <see cref="M:System.Diagnostics.StackFrame.GetNativeOffset" /> or <see cref="M:System.Diagnostics.StackFrame.GetILOffset" /> method when the native or Microsoft intermediate language (MSIL) offset is unknown. This field is constant.<para>定义当本机或microsoft中间语言 （msil） 偏移量未知时从 <see cref="M:System.Diagnostics.StackFrame.GetNativeOffset" /> 或 <see cref="M:System.Diagnostics.StackFrame.GetILOffset" /> 方法返回的值.此字段是常量.</para></summary>
    </member>
    <member name="M:System.Diagnostics.StackFrame.#ctor">
      <summary>Initializes a new instance of the <see cref="T:System.Diagnostics.StackFrame" /> class.<para>初始化 <see cref="T:System.Diagnostics.StackFrame" /> 类的新实例.</para></summary>
    </member>
    <member name="M:System.Diagnostics.StackFrame.#ctor(System.Boolean)">
      <summary>Initializes a new instance of the <see cref="T:System.Diagnostics.StackFrame" /> class, optionally capturing source information.<para>初始化 <see cref="T:System.Diagnostics.StackFrame" /> 类的新实例,可以选择捕获源信息.</para></summary>
      <param name="needFileInfo">
        <para>
        </para>
      </param>
    </member>
    <member name="M:System.Diagnostics.StackFrame.#ctor(System.Int32)">
      <summary>Initializes a new instance of the <see cref="T:System.Diagnostics.StackFrame" /> class that corresponds to a frame above the current stack frame.<para>初始化 <see cref="T:System.Diagnostics.StackFrame" /> 类的新实例,该实例对应于当前堆栈帧上方的帧.</para></summary>
      <param name="skipFrames">The number of frames up the stack to skip.<para>要跳过的堆栈中的帧数.</para></param>
    </member>
    <member name="M:System.Diagnostics.StackFrame.#ctor(System.Int32,System.Boolean)">
      <summary>Initializes a new instance of the <see cref="T:System.Diagnostics.StackFrame" /> class that corresponds to a frame above the current stack frame, optionally capturing source information.<para>初始化 <see cref="T:System.Diagnostics.StackFrame" /> 类的新实例,该实例对应于当前堆栈帧上方的帧,可以选择捕获源信息.</para></summary>
      <param name="skipFrames">The number of frames up the stack to skip.<para>要跳过的堆栈中的帧数.</para></param>
      <param name="needFileInfo">
        <para>
        </para>
      </param>
    </member>
    <member name="M:System.Diagnostics.StackFrame.#ctor(System.String,System.Int32)">
      <summary>Initializes a new instance of the <see cref="T:System.Diagnostics.StackFrame" /> class that contains only the given file name and line number.<para>初始化仅包含给定文件名和行号的 <see cref="T:System.Diagnostics.StackFrame" /> 类的新实例.</para></summary>
      <param name="fileName">The file name.<para>文件名.</para></param>
      <param name="lineNumber">The line number in the specified file.<para>指定文件中的行号.</para></param>
    </member>
    <member name="M:System.Diagnostics.StackFrame.#ctor(System.String,System.Int32,System.Int32)">
      <summary>Initializes a new instance of the <see cref="T:System.Diagnostics.StackFrame" /> class that contains only the given file name, line number, and column number.<para>初始化仅包含给定文件名、行号和列号的 <see cref="T:System.Diagnostics.StackFrame" /> 类的新实例.</para></summary>
      <param name="fileName">The file name.<para>文件名.</para></param>
      <param name="lineNumber">The line number in the specified file.<para>指定文件中的行号.</para></param>
      <param name="colNumber">The column number in the specified file.<para>指定文件中的列号.</para></param>
    </member>
    <member name="M:System.Diagnostics.StackFrame.GetFileColumnNumber">
      <summary>Gets the column number in the file that contains the code that is executing. This information is typically extracted from the debugging symbols for the executable.<para>获取包含正在执行的代码的文件中的列号.此信息通常从可执行文件的调试符号中提取.</para></summary>
      <returns>The file column number, or 0 (zero) if the file column number cannot be determined.<para>文件列号,如果无法确定文件列号,则为 0（零）.</para></returns>
    </member>
    <member name="M:System.Diagnostics.StackFrame.GetFileLineNumber">
      <summary>Gets the line number in the file that contains the code that is executing. This information is typically extracted from the debugging symbols for the executable.<para>获取包含正在执行的代码的文件中的行号.此信息通常从可执行文件的调试符号中提取.</para></summary>
      <returns>The file line number, or 0 (zero) if the file line number cannot be determined.<para>文件行号,如果无法确定文件行号,则为 0（零）.</para></returns>
    </member>
    <member name="M:System.Diagnostics.StackFrame.GetFileName">
      <summary>Gets the file name that contains the code that is executing. This information is typically extracted from the debugging symbols for the executable.<para>获取包含正在执行的代码的文件名.此信息通常从可执行文件的调试符号中提取.</para></summary>
      <returns>The file name, or <see langword="null" /> if the file name cannot be determined.<para>文件名,如果无法确定文件名,则为 <see langword="null" />.</para></returns>
    </member>
    <member name="M:System.Diagnostics.StackFrame.GetILOffset">
      <summary>Gets the offset from the start of the Microsoft intermediate language (MSIL) code for the method that is executing. This offset might be an approximation depending on whether or not the just-in-time (JIT) compiler is generating debugging code. The generation of this debugging information is controlled by the <see cref="T:System.Diagnostics.DebuggableAttribute" />.<para>获取正在执行的方法的microsoft中间语言 （msil） 代码开头的偏移量.此偏移量可能是近似值,具体取决于实时 （jit） 编译器是否正在生成调试代码.此调试信息的生成由 <see cref="t:system.diagnostics.debuggableattribute" /> .</para></summary>
      <returns>The offset from the start of the MSIL code for the method that is executing.<para>从正在执行的方法的 msil 代码开头的偏移量.</para></returns>
    </member>
    <member name="M:System.Diagnostics.StackFrame.GetMethod">
      <summary>Gets the method in which the frame is executing.<para>获取正在执行帧的方法.</para></summary>
      <returns>The method in which the frame is executing.<para>执行帧的方法.</para></returns>
    </member>
    <member name="M:System.Diagnostics.StackFrame.GetNativeOffset">
      <summary>Gets the offset from the start of the native just-in-time (JIT)-compiled code for the method that is being executed. The generation of this debugging information is controlled by the <see cref="T:System.Diagnostics.DebuggableAttribute" /> class.<para>获取正在执行的方法的本机实时 （jit） 编译代码的开头的偏移量.此调试信息的生成由 <see cref="t:system.diagnostics.debuggableattribute" /> .class.</para></summary>
      <returns>The offset from the start of the JIT-compiled code for the method that is being executed.<para>与正在执行的方法的 jit 编译代码开头的偏移量.</para></returns>
    </member>
    <member name="M:System.Diagnostics.StackFrame.ToString">
      <summary>Builds a readable representation of the stack trace.<para>生成堆栈跟踪的可读表示形式.</para></summary>
      <returns>A readable representation of the stack trace.<para>堆栈跟踪的可读表示形式.</para></returns>
    </member>
    <member name="T:System.Diagnostics.StackFrameExtensions">
      <summary>Provides extension methods for the <see cref="T:System.Diagnostics.StackFrame" /> class, which represents a function call on the call stack for the current thread.<para>为 <see cref="T:System.Diagnostics.StackFrame" /> 类提供扩展方法,该类表示对当前线程的调用堆栈的函数调用.</para></summary>
    </member>
    <member name="M:System.Diagnostics.StackFrameExtensions.GetNativeImageBase(System.Diagnostics.StackFrame)">
      <summary>Returns a pointer to the base address of the native image that this stack frame is executing.<para>返回指向此堆栈帧正在执行的本机映像的基址的指针.</para></summary>
      <param name="stackFrame">A stack frame.<para>堆栈帧.</para></param>
      <returns>A pointer to the base address of the native image or <see cref="F:System.IntPtr.Zero" /> if you're targeting the .NET Framework.<para>指向本机映像的基址的指针,或者 <see cref="F:System.IntPtr.Zero" />（如果面向 .net 框架）.</para></returns>
    </member>
    <member name="M:System.Diagnostics.StackFrameExtensions.GetNativeIP(System.Diagnostics.StackFrame)">
      <summary>Gets an interface pointer to the start of the native code for the method that is being executed.<para>获取指向正在执行的方法的本机代码开头的接口指针.</para></summary>
      <param name="stackFrame">A stack frame.<para>堆栈帧.</para></param>
      <returns>An interface pointer to the start of the native code for the method that is being executed or <see cref="F:System.IntPtr.Zero" /> if you're targeting the .NET Framework.<para>指向正在执行的方法的本机代码开头的接口指针,如果面向 .net 框架,则为 <see cref="F:System.IntPtr.Zero" />.</para></returns>
    </member>
    <member name="M:System.Diagnostics.StackFrameExtensions.HasILOffset(System.Diagnostics.StackFrame)">
      <summary>Indicates whether an offset from the start of the IL code for the method that is executing is available.<para>指示正在执行的方法的 il 代码开头的偏移量是否可用.</para></summary>
      <param name="stackFrame">A stack frame.<para>堆栈帧.</para></param>
      <returns>
        <see langword="true" /> if the offset is available; otherwise, <see langword="false" />.<para><see langword="true" /> 如果偏移量可用;否则,<see langword="false" />.</para></returns>
    </member>
    <member name="M:System.Diagnostics.StackFrameExtensions.HasMethod(System.Diagnostics.StackFrame)">
      <summary>Indicates whether information about the method in which the specified frame is executing is available.<para>指示有关在其中执行指定帧的方法的信息是否可用.</para></summary>
      <param name="stackFrame">A stack frame.<para>堆栈帧.</para></param>
      <returns>
        <see langword="true" /> if information about the method in which the current frame is executing is available; otherwise, <see langword="false" />.<para><see langword="true" /> 如果有关当前帧正在执行的方法的信息可用;否则,<see langword="false" />.</para></returns>
    </member>
    <member name="M:System.Diagnostics.StackFrameExtensions.HasNativeImage(System.Diagnostics.StackFrame)">
      <summary>Indicates whether the native image is available for the specified stack frame.<para>指示本机映像是否可用于指定的堆栈帧.</para></summary>
      <param name="stackFrame">A stack frame.<para>堆栈帧.</para></param>
      <returns>
        <see langword="true" /> if a native image is available for this stack frame; otherwise, <see langword="false" />.<para><see langword="true" /> 如果本机映像可用于此堆栈帧;否则,<see langword="false" />.</para></returns>
    </member>
    <member name="M:System.Diagnostics.StackFrameExtensions.HasSource(System.Diagnostics.StackFrame)">
      <summary>Indicates whether the file that contains the code that the specified stack frame is executing is available.<para>指示包含指定堆栈帧正在执行的代码的文件是否可用.</para></summary>
      <param name="stackFrame">A stack frame.<para>堆栈帧.</para></param>
      <returns>
        <see langword="true" /> if the code that the specified stack frame is executing is available; otherwise, <see langword="false" />.<para><see langword="true" /> 如果指定的堆栈帧正在执行的代码可用;否则,<see langword="false" />.</para></returns>
    </member>
    <member name="T:System.Diagnostics.StackTrace">
      <summary>Represents a stack trace, which is an ordered collection of one or more stack frames.<para>表示堆栈跟踪,它是一个或多个堆栈帧的有序集合.</para></summary>
    </member>
    <member name="F:System.Diagnostics.StackTrace.METHODS_TO_SKIP">
      <summary>Defines the default for the number of methods to omit from the stack trace. This field is constant.<para>定义要从堆栈跟踪中省略的方法数的默认值.此字段是常量.</para></summary>
    </member>
    <member name="M:System.Diagnostics.StackTrace.#ctor">
      <summary>Initializes a new instance of the <see cref="T:System.Diagnostics.StackTrace" /> class from the caller's frame.<para>从调用方的帧初始化 <see cref="T:System.Diagnostics.StackTrace" /> 类的新实例.</para></summary>
    </member>
    <member name="M:System.Diagnostics.StackTrace.#ctor(System.Boolean)">
      <summary>Initializes a new instance of the <see cref="T:System.Diagnostics.StackTrace" /> class from the caller's frame, optionally capturing source information.<para>从调用方的帧初始化 <see cref="T:System.Diagnostics.StackTrace" /> 类的新实例,可以选择捕获源信息.</para></summary>
      <param name="fNeedFileInfo">
        <see langword="true" /> to capture the file name, line number, and column number; otherwise, <see langword="false" />.<para><see langword="true" /> 捕获文件名、行号和列号;否则,<see langword="false" />.</para></param>
    </member>
    <member name="M:System.Diagnostics.StackTrace.#ctor(System.Diagnostics.StackFrame)">
      <summary>Initializes a new instance of the <see cref="T:System.Diagnostics.StackTrace" /> class that contains a single frame.<para>初始化包含单个帧的 <see cref="T:System.Diagnostics.StackTrace" /> 类的新实例.</para></summary>
      <param name="frame">The frame that the <see cref="T:System.Diagnostics.StackTrace" /> object should contain.<para>对象应包含的帧.</para></param>
    </member>
    <member name="M:System.Diagnostics.StackTrace.#ctor(System.Exception)">
      <summary>Initializes a new instance of the <see cref="T:System.Diagnostics.StackTrace" /> class using the provided exception object.<para>使用提供的异常对象初始化 <see cref="T:System.Diagnostics.StackTrace" /> 类的新实例.</para></summary>
      <param name="e">The exception object from which to construct the stack trace.<para>要从中构造堆栈跟踪的异常对象.</para></param>
      <exception cref="T:System.ArgumentNullException">The parameter <paramref name="e" /> is <see langword="null" />.<para>参数 <paramref name="e" /> 是 <see langword="null" />.</para></exception>
    </member>
    <member name="M:System.Diagnostics.StackTrace.#ctor(System.Exception,System.Boolean)">
      <summary>Initializes a new instance of the <see cref="T:System.Diagnostics.StackTrace" /> class, using the provided exception object and optionally capturing source information.<para>使用提供的异常对象初始化 <see cref="T:System.Diagnostics.StackTrace" /> 类的新实例,并选择性地捕获源信息.</para></summary>
      <param name="e">The exception object from which to construct the stack trace.<para>要从中构造堆栈跟踪的异常对象.</para></param>
      <param name="fNeedFileInfo">
        <see langword="true" /> to capture the file name, line number, and column number; otherwise, <see langword="false" />.<para><see langword="true" /> 捕获文件名、行号和列号;否则,<see langword="false" />.</para></param>
      <exception cref="T:System.ArgumentNullException">The parameter <paramref name="e" /> is <see langword="null" />.<para>参数 <paramref name="e" /> 是 <see langword="null" />.</para></exception>
    </member>
    <member name="M:System.Diagnostics.StackTrace.#ctor(System.Exception,System.Int32)">
      <summary>Initializes a new instance of the <see cref="T:System.Diagnostics.StackTrace" /> class using the provided exception object and skipping the specified number of frames.<para>使用提供的异常对象初始化 <see cref="T:System.Diagnostics.StackTrace" /> 类的新实例,并跳过指定的帧数.</para></summary>
      <param name="e">The exception object from which to construct the stack trace.<para>要从中构造堆栈跟踪的异常对象.</para></param>
      <param name="skipFrames">The number of frames up the stack from which to start the trace.<para>从中开始跟踪的堆栈上的帧数.</para></param>
      <exception cref="T:System.ArgumentNullException">The parameter <paramref name="e" /> is <see langword="null" />.<para>参数 <paramref name="e" /> 是 <see langword="null" />.</para></exception>
      <exception cref="T:System.ArgumentOutOfRangeException">The <paramref name="skipFrames" /> parameter is negative.<para><paramref name="skipFrames" /> 参数为负数.</para></exception>
    </member>
    <member name="M:System.Diagnostics.StackTrace.#ctor(System.Exception,System.Int32,System.Boolean)">
      <summary>Initializes a new instance of the <see cref="T:System.Diagnostics.StackTrace" /> class using the provided exception object, skipping the specified number of frames and optionally capturing source information.<para>使用提供的异常对象初始化 <see cref="T:System.Diagnostics.StackTrace" /> 类的新实例,跳过指定的帧数并选择性地捕获源信息.</para></summary>
      <param name="e">The exception object from which to construct the stack trace.<para>要从中构造堆栈跟踪的异常对象.</para></param>
      <param name="skipFrames">The number of frames up the stack from which to start the trace.<para>从中开始跟踪的堆栈上的帧数.</para></param>
      <param name="fNeedFileInfo">
        <see langword="true" /> to capture the file name, line number, and column number; otherwise, <see langword="false" />.<para><see langword="true" /> 捕获文件名、行号和列号;否则,<see langword="false" />.</para></param>
      <exception cref="T:System.ArgumentNullException">The parameter <paramref name="e" /> is <see langword="null" />.<para>参数 <paramref name="e" /> 是 <see langword="null" />.</para></exception>
      <exception cref="T:System.ArgumentOutOfRangeException">The <paramref name="skipFrames" /> parameter is negative.<para><paramref name="skipFrames" /> 参数为负数.</para></exception>
    </member>
    <member name="M:System.Diagnostics.StackTrace.#ctor(System.Int32)">
      <summary>Initializes a new instance of the <see cref="T:System.Diagnostics.StackTrace" /> class from the caller's frame, skipping the specified number of frames.<para>从调用方的帧初始化 <see cref="T:System.Diagnostics.StackTrace" /> 类的新实例,跳过指定的帧数.</para></summary>
      <param name="skipFrames">The number of frames up the stack from which to start the trace.<para>从中开始跟踪的堆栈上的帧数.</para></param>
      <exception cref="T:System.ArgumentOutOfRangeException">The <paramref name="skipFrames" /> parameter is negative.<para><paramref name="skipFrames" /> 参数为负数.</para></exception>
    </member>
    <member name="M:System.Diagnostics.StackTrace.#ctor(System.Int32,System.Boolean)">
      <summary>Initializes a new instance of the <see cref="T:System.Diagnostics.StackTrace" /> class from the caller's frame, skipping the specified number of frames and optionally capturing source information.<para>从调用方的帧初始化 <see cref="T:System.Diagnostics.StackTrace" /> 类的新实例,跳过指定数量的帧并选择性地捕获源信息.</para></summary>
      <param name="skipFrames">The number of frames up the stack from which to start the trace.<para>从中开始跟踪的堆栈上的帧数.</para></param>
      <param name="fNeedFileInfo">
        <see langword="true" /> to capture the file name, line number, and column number; otherwise, <see langword="false" />.<para><see langword="true" /> 捕获文件名、行号和列号;否则,<see langword="false" />.</para></param>
      <exception cref="T:System.ArgumentOutOfRangeException">The <paramref name="skipFrames" /> parameter is negative.<para><paramref name="skipFrames" /> 参数为负数.</para></exception>
    </member>
    <member name="M:System.Diagnostics.StackTrace.GetFrame(System.Int32)">
      <summary>Gets the specified stack frame.<para>获取指定的堆栈帧.</para></summary>
      <param name="index">The index of the stack frame requested.<para>请求的堆栈帧的索引.</para></param>
      <returns>The specified stack frame.<para>指定的堆栈帧.</para></returns>
    </member>
    <member name="M:System.Diagnostics.StackTrace.GetFrames">
      <summary>Returns a copy of all stack frames in the current stack trace.<para>返回当前堆栈跟踪中所有堆栈帧的副本.</para></summary>
      <returns>An array of type <see cref="T:System.Diagnostics.StackFrame" /> representing the function calls in the stack trace.<para>类型 <see cref="T:System.Diagnostics.StackFrame" /> 的数组,表示堆栈跟踪中的函数调用.</para></returns>
    </member>
    <member name="M:System.Diagnostics.StackTrace.ToString">
      <summary>Builds a readable representation of the stack trace.<para>生成堆栈跟踪的可读表示形式.</para></summary>
      <returns>A readable representation of the stack trace.<para>堆栈跟踪的可读表示形式.</para></returns>
    </member>
    <member name="P:System.Diagnostics.StackTrace.FrameCount">
      <summary>Gets the number of frames in the stack trace.<para>获取堆栈跟踪中的帧数.</para></summary>
      <returns>The number of frames in the stack trace.<para>堆栈跟踪中的帧数.</para></returns>
    </member>
    <member name="T:System.Diagnostics.SymbolStore.ISymbolBinder">
      <summary>Represents a symbol binder for managed code.<para>表示托管代码的符号绑定程序.</para></summary>
    </member>
    <member name="M:System.Diagnostics.SymbolStore.ISymbolBinder.GetReader(System.Int32,System.String,System.String)">
      <summary>Gets the interface of the symbol reader for the current file.<para>获取当前文件的符号读取器的接口.</para></summary>
      <param name="importer">The metadata import interface.<para>元数据导入接口.</para></param>
      <param name="filename">The name of the file for which the reader interface is required.<para>需要读取器接口的文件的名称.</para></param>
      <param name="searchPath">The search path used to locate the symbol file.<para>用于查找符号文件的搜索路径.</para></param>
      <returns>The <see cref="T:System.Diagnostics.SymbolStore.ISymbolReader" /> interface that reads the debugging symbols.<para>读取调试符号的 <see cref="T:System.Diagnostics.SymbolStore.ISymbolReader" /> 接口.</para></returns>
    </member>
    <member name="T:System.Diagnostics.SymbolStore.ISymbolBinder1">
      <summary>Represents a symbol binder for managed code.<para>表示托管代码的符号绑定程序.</para></summary>
    </member>
    <member name="M:System.Diagnostics.SymbolStore.ISymbolBinder1.GetReader(System.IntPtr,System.String,System.String)">
      <summary>Gets the interface of the symbol reader for the current file.<para>获取当前文件的符号读取器的接口.</para></summary>
      <param name="importer">An <see cref="T:System.IntPtr" /> that refers to the metadata import interface.<para>引用元数据导入接口的 <see cref="T:System.IntPtr" />.</para></param>
      <param name="filename">The name of the file for which the reader interface is required.<para>需要读取器接口的文件的名称.</para></param>
      <param name="searchPath">The search path used to locate the symbol file.<para>用于查找符号文件的搜索路径.</para></param>
      <returns>The <see cref="T:System.Diagnostics.SymbolStore.ISymbolReader" /> interface that reads the debugging symbols.<para>读取调试符号的 <see cref="T:System.Diagnostics.SymbolStore.ISymbolReader" /> 接口.</para></returns>
    </member>
    <member name="T:System.Diagnostics.SymbolStore.ISymbolDocument">
      <summary>Represents a document referenced by a symbol store.<para>表示符号存储引用的文档.</para></summary>
    </member>
    <member name="M:System.Diagnostics.SymbolStore.ISymbolDocument.FindClosestLine(System.Int32)">
      <summary>Returns the closest line that is a sequence point, given a line in the current document that might or might not be a sequence point.<para>返回作为序列点的最近行,给定当前文档中的行可能是也可能不是序列点.</para></summary>
      <param name="line">The specified line in the document.<para>文档中的指定行.</para></param>
      <returns>The closest line that is a sequence point.<para>作为序列点的最近线.</para></returns>
    </member>
    <member name="M:System.Diagnostics.SymbolStore.ISymbolDocument.GetCheckSum">
      <summary>Gets the checksum.<para>获取校验和.</para></summary>
      <returns>The checksum.<para>校验和.</para></returns>
    </member>
    <member name="M:System.Diagnostics.SymbolStore.ISymbolDocument.GetSourceRange(System.Int32,System.Int32,System.Int32,System.Int32)">
      <summary>Gets the embedded document source for the specified range.<para>获取指定区域的嵌入文档源.</para></summary>
      <param name="startLine">The starting line in the current document.<para>当前文档中的起始行.</para></param>
      <param name="startColumn">The starting column in the current document.<para>当前文档中的起始列.</para></param>
      <param name="endLine">The ending line in the current document.<para>当前文档中的结束行.</para></param>
      <param name="endColumn">The ending column in the current document.<para>当前文档中的结束列.</para></param>
      <returns>The document source for the specified range.<para>指定区域的文档源.</para></returns>
    </member>
    <member name="P:System.Diagnostics.SymbolStore.ISymbolDocument.CheckSumAlgorithmId">
      <summary>Gets the checksum algorithm identifier.<para>获取校验和算法标识符.</para></summary>
      <returns>A GUID identifying the checksum algorithm. The value is all zeros, if there is no checksum.<para>标识校验和算法的 guid.如果没有校验和,则值全部为零.</para></returns>
    </member>
    <member name="P:System.Diagnostics.SymbolStore.ISymbolDocument.DocumentType">
      <summary>Gets the type of the current document.<para>获取当前文档的类型.</para></summary>
      <returns>The type of the current document.<para>当前文档的类型.</para></returns>
    </member>
    <member name="P:System.Diagnostics.SymbolStore.ISymbolDocument.HasEmbeddedSource">
      <summary>Checks whether the current document is stored in the symbol store.<para>检查当前文档是否存储在符号存储中.</para></summary>
      <returns>
        <see langword="true" /> if the current document is stored in the symbol store; otherwise, <see langword="false" />.<para><see langword="true" /> 如果当前文档存储在符号存储中;否则,<see langword="false" />.</para></returns>
    </member>
    <member name="P:System.Diagnostics.SymbolStore.ISymbolDocument.Language">
      <summary>Gets the language of the current document.<para>获取当前文档的语言.</para></summary>
      <returns>The language of the current document.<para>当前文档的语言.</para></returns>
    </member>
    <member name="P:System.Diagnostics.SymbolStore.ISymbolDocument.LanguageVendor">
      <summary>Gets the language vendor of the current document.<para>获取当前文档的语言供应商.</para></summary>
      <returns>The language vendor of the current document.<para>当前文档的语言供应商.</para></returns>
    </member>
    <member name="P:System.Diagnostics.SymbolStore.ISymbolDocument.SourceLength">
      <summary>Gets the length, in bytes, of the embedded source.<para>获取嵌入源的长度（以字节为单位）.</para></summary>
      <returns>The source length of the current document.<para>当前文档的源长度.</para></returns>
    </member>
    <member name="P:System.Diagnostics.SymbolStore.ISymbolDocument.URL">
      <summary>Gets the URL of the current document.<para>获取当前文档的 url.</para></summary>
      <returns>The URL of the current document.<para>当前文档的 url.</para></returns>
    </member>
    <member name="T:System.Diagnostics.SymbolStore.ISymbolDocumentWriter">
      <summary>Represents a document referenced by a symbol store.<para>表示符号存储引用的文档.</para></summary>
    </member>
    <member name="M:System.Diagnostics.SymbolStore.ISymbolDocumentWriter.SetCheckSum(System.Guid,System.Byte[])">
      <summary>Sets checksum information.<para>设置校验和信息.</para></summary>
      <param name="algorithmId">The GUID representing the algorithm ID.<para>表示算法 id 的 guid.</para></param>
      <param name="checkSum">The checksum.<para>校验和.</para></param>
    </member>
    <member name="M:System.Diagnostics.SymbolStore.ISymbolDocumentWriter.SetSource(System.Byte[])">
      <summary>Stores the raw source for a document in the symbol store.<para>将文档的原始源存储在符号存储中.</para></summary>
      <param name="source">The document source represented as unsigned bytes.<para>表示为无符号字节的文档源.</para></param>
    </member>
    <member name="T:System.Diagnostics.SymbolStore.ISymbolMethod">
      <summary>Represents a method within a symbol store.<para>表示符号存储区中的方法.</para></summary>
    </member>
    <member name="M:System.Diagnostics.SymbolStore.ISymbolMethod.GetNamespace">
      <summary>Gets the namespace that the current method is defined within.<para>获取在其中定义当前方法的命名空间.</para></summary>
      <returns>The namespace that the current method is defined within.<para>在其中定义当前方法的命名空间.</para></returns>
    </member>
    <member name="M:System.Diagnostics.SymbolStore.ISymbolMethod.GetOffset(System.Diagnostics.SymbolStore.ISymbolDocument,System.Int32,System.Int32)">
      <summary>Gets the Microsoft intermediate language (MSIL) offset within the method that corresponds to the specified position.<para>获取与指定位置对应的方法中的microsoft中间语言 （msil） 偏移量.</para></summary>
      <param name="document">The document for which the offset is requested.<para>请求偏移量的文档.</para></param>
      <param name="line">The document line corresponding to the offset.<para>与偏移量对应的文档行.</para></param>
      <param name="column">The document column corresponding to the offset.<para>对应于偏移量的文档列.</para></param>
      <returns>The offset within the specified document.<para>指定文档中的偏移量.</para></returns>
    </member>
    <member name="M:System.Diagnostics.SymbolStore.ISymbolMethod.GetParameters">
      <summary>Gets the parameters for the current method.<para>获取当前方法的参数.</para></summary>
      <returns>The array of parameters for the current method.<para>当前方法的参数数组.</para></returns>
    </member>
    <member name="M:System.Diagnostics.SymbolStore.ISymbolMethod.GetRanges(System.Diagnostics.SymbolStore.ISymbolDocument,System.Int32,System.Int32)">
      <summary>Gets an array of start and end offset pairs that correspond to the ranges of Microsoft intermediate language (MSIL) that a given position covers within this method.<para>获取与此方法中给定位置涵盖的microsoft中间语言 （msil） 的范围相对应的开始和结束偏移对的数组.</para></summary>
      <param name="document">The document for which the offset is requested.<para>请求偏移量的文档.</para></param>
      <param name="line">The document line corresponding to the ranges.<para>与区域对应的文档行.</para></param>
      <param name="column">The document column corresponding to the ranges.<para>与区域对应的文档列.</para></param>
      <returns>An array of start and end offset pairs.<para>开始和结束偏移对的数组.</para></returns>
    </member>
    <member name="M:System.Diagnostics.SymbolStore.ISymbolMethod.GetScope(System.Int32)">
      <summary>Returns the most enclosing lexical scope when given an offset within a method.<para>返回方法中给定偏移量时最封闭的词法范围.</para></summary>
      <param name="offset">The byte offset within the method of the lexical scope.<para>词法作用域方法内的字节偏移量.</para></param>
      <returns>The most enclosing lexical scope for the given byte offset within the method.<para>方法中给定字节偏移量的最封闭的词法范围.</para></returns>
    </member>
    <member name="M:System.Diagnostics.SymbolStore.ISymbolMethod.GetSequencePoints(System.Int32[],System.Diagnostics.SymbolStore.ISymbolDocument[],System.Int32[],System.Int32[],System.Int32[],System.Int32[])">
      <summary>Gets the sequence points for the current method.<para>获取当前方法的序列点.</para></summary>
      <param name="offsets">The array of byte offsets from the beginning of the method for the sequence points.<para>序列点的方法开头的字节偏移量数组.</para></param>
      <param name="documents">The array of documents in which the sequence points are located.<para>序列点所在的文档数组.</para></param>
      <param name="lines">The array of lines in the documents at which the sequence points are located.<para>文档中序列点所在的行数组.</para></param>
      <param name="columns">The array of columns in the documents at which the sequence points are located.<para>序列点所在的文档中的列数组.</para></param>
      <param name="endLines">The array of lines in the documents at which the sequence points end.<para>文档中序列点结束的行数组.</para></param>
      <param name="endColumns">The array of columns in the documents at which the sequence points end.<para>文档中序列点结束的列数组.</para></param>
    </member>
    <member name="M:System.Diagnostics.SymbolStore.ISymbolMethod.GetSourceStartEnd(System.Diagnostics.SymbolStore.ISymbolDocument[],System.Int32[],System.Int32[])">
      <summary>Gets the start and end positions for the source of the current method.<para>获取当前方法源的开始和结束位置.</para></summary>
      <param name="docs">The starting and ending source documents.<para>开始和结束源文档.</para></param>
      <param name="lines">The starting and ending lines in the corresponding source documents.<para>相应源文档中的开始行和结束行.</para></param>
      <param name="columns">The starting and ending columns in the corresponding source documents.<para>相应源文档中的起始列和结束列.</para></param>
      <returns>
        <see langword="true" /> if the positions were defined; otherwise, <see langword="false" />.<para><see langword="true" /> 如果位置已定义;否则,<see langword="false" />.</para></returns>
    </member>
    <member name="P:System.Diagnostics.SymbolStore.ISymbolMethod.RootScope">
      <summary>Gets the root lexical scope for the current method. This scope encloses the entire method.<para>获取当前方法的根词法范围.此作用域包含整个方法.</para></summary>
      <returns>The root lexical scope that encloses the entire method.<para>包含整个方法的根词法作用域.</para></returns>
    </member>
    <member name="P:System.Diagnostics.SymbolStore.ISymbolMethod.SequencePointCount">
      <summary>Gets a count of the sequence points in the method.<para>获取方法中序列点的计数.</para></summary>
      <returns>The count of the sequence points in the method.<para>方法中序列点的计数.</para></returns>
    </member>
    <member name="P:System.Diagnostics.SymbolStore.ISymbolMethod.Token">
      <summary>Gets the <see cref="T:System.Diagnostics.SymbolStore.SymbolToken" /> containing the metadata for the current method.<para>获取包含当前方法的元数据的 <see cref="T:System.Diagnostics.SymbolStore.SymbolToken" />.</para></summary>
      <returns>The metadata token for the current method.<para>当前方法的元数据令牌.</para></returns>
    </member>
    <member name="T:System.Diagnostics.SymbolStore.ISymbolNamespace">
      <summary>Represents a namespace within a symbol store.<para>表示符号存储中的命名空间.</para></summary>
    </member>
    <member name="M:System.Diagnostics.SymbolStore.ISymbolNamespace.GetNamespaces">
      <summary>Gets the child members of the current namespace.<para>获取当前命名空间的子成员.</para></summary>
      <returns>The child members of the current namespace.<para>当前命名空间的子成员.</para></returns>
    </member>
    <member name="M:System.Diagnostics.SymbolStore.ISymbolNamespace.GetVariables">
      <summary>Gets all the variables defined at global scope within the current namespace.<para>获取在当前命名空间内的全局范围内定义的所有变量.</para></summary>
      <returns>The variables defined at global scope within the current namespace.<para>在当前命名空间内的全局范围内定义的变量.</para></returns>
    </member>
    <member name="P:System.Diagnostics.SymbolStore.ISymbolNamespace.Name">
      <summary>Gets the current namespace.<para>获取当前命名空间.</para></summary>
      <returns>The current namespace.<para>当前命名空间.</para></returns>
    </member>
    <member name="T:System.Diagnostics.SymbolStore.ISymbolReader">
      <summary>Represents a symbol reader for managed code.<para>表示托管代码的符号读取器.</para></summary>
    </member>
    <member name="M:System.Diagnostics.SymbolStore.ISymbolReader.GetDocument(System.String,System.Guid,System.Guid,System.Guid)">
      <summary>Gets a document specified by the language, vendor, and type.<para>获取由语言、供应商和类型指定的文档.</para></summary>
      <param name="url">The URL that identifies the document.<para>标识文档的 url.</para></param>
      <param name="language">The document language. You can specify this parameter as <see cref="F:System.Guid.Empty" />.<para>文档语言.您可以将此参数指定为 <see cref="F:System.Guid.Empty" />.</para></param>
      <param name="languageVendor">The identity of the vendor for the document language. You can specify this parameter as <see cref="F:System.Guid.Empty" />.<para>文档语言的供应商标识.您可以将此参数指定为 <see cref="F:System.Guid.Empty" />.</para></param>
      <param name="documentType">The type of the document. You can specify this parameter as <see cref="F:System.Guid.Empty" />.<para>文档的类型.您可以将此参数指定为 <see cref="F:System.Guid.Empty" />.</para></param>
      <returns>The specified document.<para>指定的文档.</para></returns>
    </member>
    <member name="M:System.Diagnostics.SymbolStore.ISymbolReader.GetDocuments">
      <summary>Gets an array of all documents defined in the symbol store.<para>获取符号存储中定义的所有文档的数组.</para></summary>
      <returns>An array of all documents defined in the symbol store.<para>符号存储中定义的所有文档的数组.</para></returns>
    </member>
    <member name="M:System.Diagnostics.SymbolStore.ISymbolReader.GetGlobalVariables">
      <summary>Gets all global variables in the module.<para>获取模块中的所有全局变量.</para></summary>
      <returns>An array of all variables in the module.<para>模块中所有变量的数组.</para></returns>
    </member>
    <member name="M:System.Diagnostics.SymbolStore.ISymbolReader.GetMethod(System.Diagnostics.SymbolStore.SymbolToken)">
      <summary>Gets a symbol reader method object when given the identifier of a method.<para>获取符号读取器方法对象（如果给定方法的标识符）.</para></summary>
      <param name="method">The metadata token of the method.<para>方法的元数据标记.</para></param>
      <returns>The symbol reader method object for the specified method identifier.<para>指定方法标识符的符号读取器方法对象.</para></returns>
    </member>
    <member name="M:System.Diagnostics.SymbolStore.ISymbolReader.GetMethod(System.Diagnostics.SymbolStore.SymbolToken,System.Int32)">
      <summary>Gets a symbol reader method object when given the identifier of a method and its edit and continue version.<para>在给定方法的标识符及其编辑和继续版本时获取符号读取器方法对象.</para></summary>
      <param name="method">The metadata token of the method.<para>方法的元数据标记.</para></param>
      <param name="version">The edit and continue version of the method.<para>方法的编辑和继续版本.</para></param>
      <returns>The symbol reader method object for the specified method identifier.<para>指定方法标识符的符号读取器方法对象.</para></returns>
    </member>
    <member name="M:System.Diagnostics.SymbolStore.ISymbolReader.GetMethodFromDocumentPosition(System.Diagnostics.SymbolStore.ISymbolDocument,System.Int32,System.Int32)">
      <summary>Gets a symbol reader method object that contains a specified position in a document.<para>获取包含文档中指定位置的符号读取器方法对象.</para></summary>
      <param name="document">The document in which the method is located.<para>方法所在的文档.</para></param>
      <param name="line">The position of the line within the document. The lines are numbered, beginning with 1.<para>行在文档中的位置.这些行以 1 开头编号.</para></param>
      <param name="column">The position of column within the document. The columns are numbered, beginning with 1.<para>列在文档中的位置.列以 1 开头编号.</para></param>
      <returns>The reader method object for the specified position in the document.<para>文档中指定位置的读取器方法对象.</para></returns>
    </member>
    <member name="M:System.Diagnostics.SymbolStore.ISymbolReader.GetNamespaces">
      <summary>Gets the namespaces that are defined in the global scope within the current symbol store.<para>获取在当前符号存储区的全局范围内定义的命名空间.</para></summary>
      <returns>The namespaces defined in the global scope within the current symbol store.<para>在当前符号存储区的全局范围内定义的命名空间.</para></returns>
    </member>
    <member name="M:System.Diagnostics.SymbolStore.ISymbolReader.GetSymAttribute(System.Diagnostics.SymbolStore.SymbolToken,System.String)">
      <summary>Gets an attribute value when given the attribute name.<para>在给定属性名称时获取属性值.</para></summary>
      <param name="parent">The metadata token for the object for which the attribute is requested.<para>为其请求属性的对象的元数据令牌.</para></param>
      <param name="name">The attribute name.<para>属性名称.</para></param>
      <returns>The value of the attribute.<para>属性的值.</para></returns>
    </member>
    <member name="M:System.Diagnostics.SymbolStore.ISymbolReader.GetVariables(System.Diagnostics.SymbolStore.SymbolToken)">
      <summary>Gets the variables that are not local when given the parent.<para>获取给定父级时非局部变量.</para></summary>
      <param name="parent">The metadata token for the type for which the variables are requested.<para>为其请求变量的类型的元数据标记.</para></param>
      <returns>An array of variables for the parent.<para>父级的变量数组.</para></returns>
    </member>
    <member name="P:System.Diagnostics.SymbolStore.ISymbolReader.UserEntryPoint">
      <summary>Gets the metadata token for the method that was specified as the user entry point for the module, if any.<para>获取指定为模块的用户入口点的方法的元数据标记（如果有）.</para></summary>
      <returns>The metadata token for the method that is the user entry point for the module.<para>作为模块的用户入口点的方法的元数据标记.</para></returns>
    </member>
    <member name="T:System.Diagnostics.SymbolStore.ISymbolScope">
      <summary>Represents a lexical scope within <see cref="T:System.Diagnostics.SymbolStore.ISymbolMethod" />, providing access to the start and end offsets of the scope, as well as its child and parent scopes.<para>表示 <see cref="T:System.Diagnostics.SymbolStore.ISymbolMethod" /> 中的词法范围,提供对范围的开始和结束偏移量及其子和父范围的访问.</para></summary>
    </member>
    <member name="M:System.Diagnostics.SymbolStore.ISymbolScope.GetChildren">
      <summary>Gets the child lexical scopes of the current lexical scope.<para>获取当前词法作用域的子词法作用域.</para></summary>
      <returns>The child lexical scopes that of the current lexical scope.<para>子词法作用域是当前词法作用域的作用域.</para></returns>
    </member>
    <member name="M:System.Diagnostics.SymbolStore.ISymbolScope.GetLocals">
      <summary>Gets the local variables within the current lexical scope.<para>获取当前词法范围内的局部变量.</para></summary>
      <returns>The local variables within the current lexical scope.<para>当前词法范围内的局部变量.</para></returns>
    </member>
    <member name="M:System.Diagnostics.SymbolStore.ISymbolScope.GetNamespaces">
      <summary>Gets the namespaces that are used within the current scope.<para>获取在当前范围内使用的命名空间.</para></summary>
      <returns>The namespaces that are used within the current scope.<para>在当前范围内使用的命名空间.</para></returns>
    </member>
    <member name="P:System.Diagnostics.SymbolStore.ISymbolScope.EndOffset">
      <summary>Gets the end offset of the current lexical scope.<para>获取当前词法范围的结束偏移量.</para></summary>
      <returns>The end offset of the current lexical scope.<para>当前词法范围的结束偏移量.</para></returns>
    </member>
    <member name="P:System.Diagnostics.SymbolStore.ISymbolScope.Method">
      <summary>Gets the method that contains the current lexical scope.<para>获取包含当前词法范围的方法.</para></summary>
      <returns>The method that contains the current lexical scope.<para>包含当前词法范围的方法.</para></returns>
    </member>
    <member name="P:System.Diagnostics.SymbolStore.ISymbolScope.Parent">
      <summary>Gets the parent lexical scope of the current scope.<para>获取当前范围的父词法范围.</para></summary>
      <returns>The parent lexical scope of the current scope.<para>当前范围的父词法范围.</para></returns>
    </member>
    <member name="P:System.Diagnostics.SymbolStore.ISymbolScope.StartOffset">
      <summary>Gets the start offset of the current lexical scope.<para>获取当前词法范围的起始偏移量.</para></summary>
      <returns>The start offset of the current lexical scope.<para>当前词法范围的起始偏移量.</para></returns>
    </member>
    <member name="T:System.Diagnostics.SymbolStore.ISymbolVariable">
      <summary>Represents a variable within a symbol store.<para>表示符号存储中的变量.</para></summary>
    </member>
    <member name="M:System.Diagnostics.SymbolStore.ISymbolVariable.GetSignature">
      <summary>Gets the variable signature.<para>获取变量签名.</para></summary>
      <returns>The variable signature as an opaque blob.<para>作为不透明 blob 的变量签名.</para></returns>
    </member>
    <member name="P:System.Diagnostics.SymbolStore.ISymbolVariable.AddressField1">
      <summary>Gets the first address of a variable.<para>获取变量的第一个地址.</para></summary>
      <returns>The first address of the variable.<para>变量的第一个地址.</para></returns>
    </member>
    <member name="P:System.Diagnostics.SymbolStore.ISymbolVariable.AddressField2">
      <summary>Gets the second address of a variable.<para>获取变量的第二个地址.</para></summary>
      <returns>The second address of the variable.<para>变量的第二个地址.</para></returns>
    </member>
    <member name="P:System.Diagnostics.SymbolStore.ISymbolVariable.AddressField3">
      <summary>Gets the third address of a variable.<para>获取变量的第三个地址.</para></summary>
      <returns>The third address of the variable.<para>变量的第三个地址.</para></returns>
    </member>
    <member name="P:System.Diagnostics.SymbolStore.ISymbolVariable.AddressKind">
      <summary>Gets the <see cref="T:System.Diagnostics.SymbolStore.SymAddressKind" /> value describing the type of the address.<para>获取 <see cref="t:system.diagnostics.symbolstore.symaddresskind" /> 描述地址类型的值.</para></summary>
      <returns>The type of the address. One of the <see cref="T:System.Diagnostics.SymbolStore.SymAddressKind" /> values.<para>地址的类型.其中之一 <see cref="t:system.diagnostics.symbolstore.symaddresskind" /> 值.</para></returns>
    </member>
    <member name="P:System.Diagnostics.SymbolStore.ISymbolVariable.Attributes">
      <summary>Gets the attributes of the variable.<para>获取变量的属性.</para></summary>
      <returns>The variable attributes.<para>变量属性.</para></returns>
    </member>
    <member name="P:System.Diagnostics.SymbolStore.ISymbolVariable.EndOffset">
      <summary>Gets the end offset of a variable within the scope of the variable.<para>获取变量范围内变量的结束偏移量.</para></summary>
      <returns>The end offset of the variable.<para>变量的结束偏移量.</para></returns>
    </member>
    <member name="P:System.Diagnostics.SymbolStore.ISymbolVariable.Name">
      <summary>Gets the name of the variable.<para>获取变量的名称.</para></summary>
      <returns>The name of the variable.<para>变量的名称.</para></returns>
    </member>
    <member name="P:System.Diagnostics.SymbolStore.ISymbolVariable.StartOffset">
      <summary>Gets the start offset of the variable within the scope of the variable.<para>获取变量范围内变量的起始偏移量.</para></summary>
      <returns>The start offset of the variable.<para>变量的起始偏移量.</para></returns>
    </member>
    <member name="T:System.Diagnostics.SymbolStore.ISymbolWriter">
      <summary>Represents a symbol writer for managed code.<para>表示托管代码的符号编写器.</para></summary>
    </member>
    <member name="M:System.Diagnostics.SymbolStore.ISymbolWriter.Close">
      <summary>Closes <see cref="T:System.Diagnostics.SymbolStore.ISymbolWriter" /> and commits the symbols to the symbol store.<para>关闭 <see cref="T:System.Diagnostics.SymbolStore.ISymbolWriter" /> 并将符号提交到符号存储区.</para></summary>
    </member>
    <member name="M:System.Diagnostics.SymbolStore.ISymbolWriter.CloseMethod">
      <summary>Closes the current method.<para>关闭当前方法.</para></summary>
    </member>
    <member name="M:System.Diagnostics.SymbolStore.ISymbolWriter.CloseNamespace">
      <summary>Closes the most recent namespace.<para>关闭最新的命名空间.</para></summary>
    </member>
    <member name="M:System.Diagnostics.SymbolStore.ISymbolWriter.CloseScope(System.Int32)">
      <summary>Closes the current lexical scope.<para>关闭当前词法范围.</para></summary>
      <param name="endOffset">The points past the last instruction in the scope.<para>超过作用域中最后一条指令的点.</para></param>
    </member>
    <member name="M:System.Diagnostics.SymbolStore.ISymbolWriter.DefineDocument(System.String,System.Guid,System.Guid,System.Guid)">
      <summary>Defines a source document.<para>定义源文档.</para></summary>
      <param name="url">The URL that identifies the document.<para>标识文档的 url.</para></param>
      <param name="language">The document language. This parameter can be <see cref="F:System.Guid.Empty" />.<para>文档语言.此参数可以是 <see cref="F:System.Guid.Empty" />.</para></param>
      <param name="languageVendor">The identity of the vendor for the document language. This parameter can be <see cref="F:System.Guid.Empty" />.<para>文档语言的供应商标识.此参数可以是 <see cref="F:System.Guid.Empty" />.</para></param>
      <param name="documentType">The type of the document. This parameter can be <see cref="F:System.Guid.Empty" />.<para>文档的类型.此参数可以是 <see cref="F:System.Guid.Empty" />.</para></param>
      <returns>The object that represents the document.<para>表示文档的对象.</para></returns>
    </member>
    <member name="M:System.Diagnostics.SymbolStore.ISymbolWriter.DefineField(System.Diagnostics.SymbolStore.SymbolToken,System.String,System.Reflection.FieldAttributes,System.Byte[],System.Diagnostics.SymbolStore.SymAddressKind,System.Int32,System.Int32,System.Int32)">
      <summary>Defines a field in a type or a global field.<para>定义类型或全局字段中的字段.</para></summary>
      <param name="parent">The metadata type or method token.<para>元数据类型或方法标记.</para></param>
      <param name="name">The field name.<para>字段名称.</para></param>
      <param name="attributes">A bitwise combination of the field attributes.<para>字段属性的按位组合.</para></param>
      <param name="signature">The field signature.<para>字段签名.</para></param>
      <param name="addrKind">The address types for <paramref name="addr1" /> and <paramref name="addr2" />.<para><paramref name="addr1" /> 和 <paramref name="addr2" /> 的地址类型.</para></param>
      <param name="addr1">The first address for the field specification.<para>字段规范的第一个地址.</para></param>
      <param name="addr2">The second address for the field specification.<para>字段规范的第二个地址.</para></param>
      <param name="addr3">The third address for the field specification.<para>字段规范的第三个地址.</para></param>
    </member>
    <member name="M:System.Diagnostics.SymbolStore.ISymbolWriter.DefineGlobalVariable(System.String,System.Reflection.FieldAttributes,System.Byte[],System.Diagnostics.SymbolStore.SymAddressKind,System.Int32,System.Int32,System.Int32)">
      <summary>Defines a single global variable.<para>定义单个全局变量.</para></summary>
      <param name="name">The global variable name.<para>全局变量名称.</para></param>
      <param name="attributes">A bitwise combination of the global variable attributes.<para>全局变量属性的按位组合.</para></param>
      <param name="signature">The global variable signature.<para>全局变量签名.</para></param>
      <param name="addrKind">The address types for <paramref name="addr1" />, <paramref name="addr2" />, and <paramref name="addr3" />.<para><paramref name="addr1" />、<paramref name="addr2" /> 和 <paramref name="addr3" /> 的地址类型.</para></param>
      <param name="addr1">The first address for the global variable specification.<para>全局变量规范的第一个地址.</para></param>
      <param name="addr2">The second address for the global variable specification.<para>全局变量规范的第二个地址.</para></param>
      <param name="addr3">The third address for the global variable specification.<para>全局变量规范的第三个地址.</para></param>
    </member>
    <member name="M:System.Diagnostics.SymbolStore.ISymbolWriter.DefineLocalVariable(System.String,System.Reflection.FieldAttributes,System.Byte[],System.Diagnostics.SymbolStore.SymAddressKind,System.Int32,System.Int32,System.Int32,System.Int32,System.Int32)">
      <summary>Defines a single variable in the current lexical scope.<para>定义当前词法范围内的单个变量.</para></summary>
      <param name="name">The local variable name.<para>局部变量名称.</para></param>
      <param name="attributes">A bitwise combination of the local variable attributes.<para>局部变量属性的按位组合.</para></param>
      <param name="signature">The local variable signature.<para>局部变量签名.</para></param>
      <param name="addrKind">The address types for <paramref name="addr1" />, <paramref name="addr2" />, and <paramref name="addr3" />.<para><paramref name="addr1" />、<paramref name="addr2" /> 和 <paramref name="addr3" /> 的地址类型.</para></param>
      <param name="addr1">The first address for the local variable specification.<para>局部变量规范的第一个地址.</para></param>
      <param name="addr2">The second address for the local variable specification.<para>局部变量规范的第二个地址.</para></param>
      <param name="addr3">The third address for the local variable specification.<para>局部变量规范的第三个地址.</para></param>
      <param name="startOffset">The start offset for the variable. If this parameter is zero, it is ignored and the variable is defined throughout the entire scope. If the parameter is nonzero, the variable falls within the offsets of the current scope.<para>变量的起始偏移量.如果此参数为零,则忽略它,并在整个范围内定义变量.如果参数不为零,则变量落在当前范围的偏移量内.</para></param>
      <param name="endOffset">The end offset for the variable. If this parameter is zero, it is ignored and the variable is defined throughout the entire scope. If the parameter is nonzero, the variable falls within the offsets of the current scope.<para>变量的结束偏移量.如果此参数为零,则忽略它,并在整个范围内定义变量.如果参数不为零,则变量落在当前范围的偏移量内.</para></param>
    </member>
    <member name="M:System.Diagnostics.SymbolStore.ISymbolWriter.DefineParameter(System.String,System.Reflection.ParameterAttributes,System.Int32,System.Diagnostics.SymbolStore.SymAddressKind,System.Int32,System.Int32,System.Int32)">
      <summary>Defines a single parameter in the current method. The type of each parameter is taken from its position within the signature of the method.<para>在当前方法中定义单个参数.每个参数的类型取自其在方法签名中的位置.</para></summary>
      <param name="name">The parameter name.<para>参数名称.</para></param>
      <param name="attributes">A bitwise combination of the parameter attributes.<para>参数属性的按位组合.</para></param>
      <param name="sequence">The parameter signature.<para>参数签名.</para></param>
      <param name="addrKind">The address types for <paramref name="addr1" />, <paramref name="addr2" />, and <paramref name="addr3" />.<para><paramref name="addr1" />、<paramref name="addr2" /> 和 <paramref name="addr3" /> 的地址类型.</para></param>
      <param name="addr1">The first address for the parameter specification.<para>参数规范的第一个地址.</para></param>
      <param name="addr2">The second address for the parameter specification.<para>参数规范的第二个地址.</para></param>
      <param name="addr3">The third address for the parameter specification.<para>参数规范的第三个地址.</para></param>
    </member>
    <member name="M:System.Diagnostics.SymbolStore.ISymbolWriter.DefineSequencePoints(System.Diagnostics.SymbolStore.ISymbolDocumentWriter,System.Int32[],System.Int32[],System.Int32[],System.Int32[],System.Int32[])">
      <summary>Defines a group of sequence points within the current method.<para>定义当前方法中的一组序列点.</para></summary>
      <param name="document">The document object for which the sequence points are being defined.<para>为其定义序列点的文档对象.</para></param>
      <param name="offsets">The sequence point offsets measured from the beginning of methods.<para>从方法开始测量的序列点偏移量.</para></param>
      <param name="lines">The document lines for the sequence points.<para>序列点的文档行.</para></param>
      <param name="columns">The document positions for the sequence points.<para>序列点的文档位置.</para></param>
      <param name="endLines">The document end lines for the sequence points.<para>序列点的文档结束行.</para></param>
      <param name="endColumns">The document end positions for the sequence points.<para>序列点的文档结束位置.</para></param>
    </member>
    <member name="M:System.Diagnostics.SymbolStore.ISymbolWriter.Initialize(System.IntPtr,System.String,System.Boolean)">
      <summary>Sets the metadata emitter interface to associate with a writer.<para>设置要与编写器关联的元数据发射器接口.</para></summary>
      <param name="emitter">The metadata emitter interface.<para>元数据发射器接口.</para></param>
      <param name="filename">The file name for which the debugging symbols are written. Some writers require a file name, and others do not. If a file name is specified for a writer that does not use file names, this parameter is ignored.<para>为其写入调试符号的文件名.某些编写器需要文件名,而其他编写器则不需要.如果为不使用文件名的编写器指定了文件名,则忽略此参数.</para></param>
      <param name="fFullBuild">
        <see langword="true" /> indicates that this is a full rebuild; <see langword="false" /> indicates that this is an incremental compilation.<para><see langword="true" /> 表示这是完全重建;<see langword="false" /> 指示这是一个增量编译.</para></param>
    </member>
    <member name="M:System.Diagnostics.SymbolStore.ISymbolWriter.OpenMethod(System.Diagnostics.SymbolStore.SymbolToken)">
      <summary>Opens a method to place symbol information into.<para>打开要将符号信息放入其中的方法.</para></summary>
      <param name="method">The metadata token for the method to be opened.<para>要打开的方法的元数据令牌.</para></param>
    </member>
    <member name="M:System.Diagnostics.SymbolStore.ISymbolWriter.OpenNamespace(System.String)">
      <summary>Opens a new namespace.<para>打开一个新的命名空间.</para></summary>
      <param name="name">The name of the new namespace.<para>新命名空间的名称.</para></param>
    </member>
    <member name="M:System.Diagnostics.SymbolStore.ISymbolWriter.OpenScope(System.Int32)">
      <summary>Opens a new lexical scope in the current method.<para>在当前方法中打开新的词法范围.</para></summary>
      <param name="startOffset">The offset, in bytes, from the beginning of the method to the first instruction in the lexical scope.<para>从方法开头到词法范围内第一条指令的偏移量（以字节为单位）.</para></param>
      <returns>An opaque scope identifier that can be used with <see cref="M:System.Diagnostics.SymbolStore.ISymbolWriter.SetScopeRange(System.Int32,System.Int32,System.Int32)" /> to define the start and end offsets of a scope at a later time. In this case, the offsets passed to <see cref="M:System.Diagnostics.SymbolStore.ISymbolWriter.OpenScope(System.Int32)" /> and <see cref="M:System.Diagnostics.SymbolStore.ISymbolWriter.CloseScope(System.Int32)" /> are ignored. A scope identifier is valid only in the current method.<para>一个不透明的范围标识符,以后可以与 <see cref="M:System.Diagnostics.SymbolStore.ISymbolWriter.SetScopeRange(System.Int32,System.Int32,System.Int32)" /> 一起使用,以定义范围的开始和结束偏移量.在这种情况下,将忽略传递给 <see cref="M:System.Diagnostics.SymbolStore.ISymbolWriter.OpenScope(System.Int32)" /> 和 <see cref="M:System.Diagnostics.SymbolStore.ISymbolWriter.CloseScope(System.Int32)" /> 的偏移量.作用域标识符仅在当前方法中有效.</para></returns>
    </member>
    <member name="M:System.Diagnostics.SymbolStore.ISymbolWriter.SetMethodSourceRange(System.Diagnostics.SymbolStore.ISymbolDocumentWriter,System.Int32,System.Int32,System.Diagnostics.SymbolStore.ISymbolDocumentWriter,System.Int32,System.Int32)">
      <summary>Specifies the true start and end of a method within a source file. Use <see cref="M:System.Diagnostics.SymbolStore.ISymbolWriter.SetMethodSourceRange(System.Diagnostics.SymbolStore.ISymbolDocumentWriter,System.Int32,System.Int32,System.Diagnostics.SymbolStore.ISymbolDocumentWriter,System.Int32,System.Int32)" /> to specify the extent of a method, independent of the sequence points that exist within the method.<para>指定源文件中方法的真正开始和结束.使用 <see cref="M:System.Diagnostics.SymbolStore.ISymbolWriter.SetMethodSourceRange(System.Diagnostics.SymbolStore.ISymbolDocumentWriter,System.Int32,System.Int32,System.Diagnostics.SymbolStore.ISymbolDocumentWriter,System.Int32,System.Int32)" /> 指定方法的范围,与方法中存在的序列点无关.</para></summary>
      <param name="startDoc">The document that contains the starting position.<para>包含起始位置的文档.</para></param>
      <param name="startLine">The starting line number.<para>起始行号.</para></param>
      <param name="startColumn">The starting column.<para>起始列.</para></param>
      <param name="endDoc">The document that contains the ending position.<para>包含结束位置的文档.</para></param>
      <param name="endLine">The ending line number.<para>结束行号.</para></param>
      <param name="endColumn">The ending column number.<para>结束列号.</para></param>
    </member>
    <member name="M:System.Diagnostics.SymbolStore.ISymbolWriter.SetScopeRange(System.Int32,System.Int32,System.Int32)">
      <summary>Defines the offset range for the specified lexical scope.<para>定义指定词法范围的偏移量范围.</para></summary>
      <param name="scopeID">The identifier of the lexical scope.<para>词法范围的标识符.</para></param>
      <param name="startOffset">The byte offset of the beginning of the lexical scope.<para>词法范围开头的字节偏移量.</para></param>
      <param name="endOffset">The byte offset of the end of the lexical scope.<para>词法作用域末尾的字节偏移量.</para></param>
    </member>
    <member name="M:System.Diagnostics.SymbolStore.ISymbolWriter.SetSymAttribute(System.Diagnostics.SymbolStore.SymbolToken,System.String,System.Byte[])">
      <summary>Defines an attribute when given the attribute name and the attribute value.<para>在给定属性名称和属性值时定义属性.</para></summary>
      <param name="parent">The metadata token for which the attribute is being defined.<para>为其定义属性的元数据令牌.</para></param>
      <param name="name">The attribute name.<para>属性名称.</para></param>
      <param name="data">The attribute value.<para>属性值.</para></param>
    </member>
    <member name="M:System.Diagnostics.SymbolStore.ISymbolWriter.SetUnderlyingWriter(System.IntPtr)">
      <summary>Sets the underlying <see langword="ISymUnmanagedWriter" /> (the corresponding unmanaged interface) that a managed <see cref="T:System.Diagnostics.SymbolStore.ISymbolWriter" /> uses to emit symbols.<para>设置托管 <see cref="T:System.Diagnostics.SymbolStore.ISymbolWriter" /> 用于发出符号的基础 <see langword="ISymUnmanagedWriter" />（相应的非托管接口）.</para></summary>
      <param name="underlyingWriter">A pointer to code that represents the underlying writer.<para>指向表示基础编写器的代码的指针.</para></param>
    </member>
    <member name="M:System.Diagnostics.SymbolStore.ISymbolWriter.SetUserEntryPoint(System.Diagnostics.SymbolStore.SymbolToken)">
      <summary>Identifies the user-defined method as the entry point for the current module.<para>将用户定义的方法标识为当前模块的入口点.</para></summary>
      <param name="entryMethod">The metadata token for the method that is the user entry point.<para>作为用户入口点的方法的元数据标记.</para></param>
    </member>
    <member name="M:System.Diagnostics.SymbolStore.ISymbolWriter.UsingNamespace(System.String)">
      <summary>Specifies that the given, fully qualified namespace name is used within the open lexical scope.<para>指定在开放词法范围内使用给定的完全限定命名空间名称.</para></summary>
      <param name="fullName">The fully qualified name of the namespace.<para>命名空间的完全限定名.</para></param>
    </member>
    <member name="T:System.Diagnostics.SymbolStore.SymAddressKind">
      <summary>Specifies address types for local variables, parameters, and fields in the methods <see cref="M:System.Diagnostics.SymbolStore.ISymbolWriter.DefineLocalVariable(System.String,System.Reflection.FieldAttributes,System.Byte[],System.Diagnostics.SymbolStore.SymAddressKind,System.Int32,System.Int32,System.Int32,System.Int32,System.Int32)" />, <see cref="M:System.Diagnostics.SymbolStore.ISymbolWriter.DefineParameter(System.String,System.Reflection.ParameterAttributes,System.Int32,System.Diagnostics.SymbolStore.SymAddressKind,System.Int32,System.Int32,System.Int32)" />, and <see cref="M:System.Diagnostics.SymbolStore.ISymbolWriter.DefineField(System.Diagnostics.SymbolStore.SymbolToken,System.String,System.Reflection.FieldAttributes,System.Byte[],System.Diagnostics.SymbolStore.SymAddressKind,System.Int32,System.Int32,System.Int32)" /> of the <see cref="T:System.Diagnostics.SymbolStore.ISymbolWriter" /> interface.<para>指定方法中局部变量、参数和字段的地址类型 <see cref="m:system.diagnostics.symbolstore.isymbolwriter.definelocalvariable（system.string,system.reflection.fieldattributes,system.byte[],system.diagnostics.symbolstore.symaddresskind,system.int32,system.int32,system.int32,system.int32）" /> , <see cref="m:system.diagnostics.symbolstore.isymbolwriter.defineparameter（system.string,system.reflection.parameterattributes,system.int32,system.diagnostics.symbolstore.symaddresskind,system.int32,system.int32,system.int32）" /> 和 <see cref="m:system.diagnostics.symbolstore.isymbolwriter.definefield（system.diagnostics.symbolstore.symboltoken,system.string,system.reflection.fieldattributes,system.byte[],system.diagnostics.symbolstore.symaddresskind,system.int32,system.int32）" /> 的 <see cref="T:System.Diagnostics.SymbolStore.ISymbolWriter" /> 接口.</para></summary>
    </member>
    <member name="F:System.Diagnostics.SymbolStore.SymAddressKind.BitField">
      <summary>A bit field. The <paramref name="addr1" /> parameter is the position where the field starts, and the <paramref name="addr2" /> parameter is the field length.<para>位字段.<paramref name="addr1" /> 参数是字段开始的位置,<paramref name="addr2" /> 参数是字段长度.</para></summary>
    </member>
    <member name="F:System.Diagnostics.SymbolStore.SymAddressKind.ILOffset">
      <summary>A Microsoft intermediate language (MSIL) offset. The <paramref name="addr1" /> parameter is the MSIL local variable or parameter index.<para>microsoft中间语言 （msil） 偏移量.<paramref name="addr1" /> 参数是 msil 局部变量或参数索引.</para></summary>
    </member>
    <member name="F:System.Diagnostics.SymbolStore.SymAddressKind.NativeOffset">
      <summary>A native offset. The <paramref name="addr1" /> parameter is the offset from the start of the parent.<para>本机偏移量.<paramref name="addr1" /> 参数是父项开头的偏移量.</para></summary>
    </member>
    <member name="F:System.Diagnostics.SymbolStore.SymAddressKind.NativeRegister">
      <summary>A native register address. The <paramref name="addr1" /> parameter is the register in which the variable is stored.<para>本机寄存器地址.<paramref name="addr1" /> 参数是存储变量的寄存器.</para></summary>
    </member>
    <member name="F:System.Diagnostics.SymbolStore.SymAddressKind.NativeRegisterRegister">
      <summary>A register-relative address. The <paramref name="addr1" /> parameter is the low-order register, and the <paramref name="addr2" /> parameter is the high-order register.<para>寄存器相对地址.<paramref name="addr1" /> 参数是低阶寄存器,<paramref name="addr2" /> 参数是高阶寄存器.</para></summary>
    </member>
    <member name="F:System.Diagnostics.SymbolStore.SymAddressKind.NativeRegisterRelative">
      <summary>A register-relative address. The <paramref name="addr1" /> parameter is the register, and the <paramref name="addr2" /> parameter is the offset.<para>寄存器相对地址.<paramref name="addr1" /> 参数是寄存器,<paramref name="addr2" /> 参数是偏移量.</para></summary>
    </member>
    <member name="F:System.Diagnostics.SymbolStore.SymAddressKind.NativeRegisterStack">
      <summary>A register-relative address. The <paramref name="addr1" /> parameter is the low-order register, the <paramref name="addr2" /> parameter is the stack register, and the <paramref name="addr3" /> parameter is the offset from the stack pointer to the high-order part of the value.<para>寄存器相对地址.<paramref name="addr1" /> 参数是低阶寄存器,<paramref name="addr2" /> 参数是堆栈寄存器,<paramref name="addr3" /> 参数是从堆栈指针到值的高阶部分的偏移量.</para></summary>
    </member>
    <member name="F:System.Diagnostics.SymbolStore.SymAddressKind.NativeRVA">
      <summary>A native Relevant Virtual Address (RVA). The <paramref name="addr1" /> parameter is the RVA in the module.<para>本机相关虚拟地址 （rva）.<paramref name="addr1" /> 参数是模块中的 rva.</para></summary>
    </member>
    <member name="F:System.Diagnostics.SymbolStore.SymAddressKind.NativeSectionOffset">
      <summary>A native section offset. The <paramref name="addr1" /> parameter is the section, and the <paramref name="addr2" /> parameter is the offset.<para>本机节偏移量.<paramref name="addr1" /> 参数是节,<paramref name="addr2" /> 参数是偏移量.</para></summary>
    </member>
    <member name="F:System.Diagnostics.SymbolStore.SymAddressKind.NativeStackRegister">
      <summary>A register-relative address. The <paramref name="addr1" /> parameter is the stack register, the <paramref name="addr2" /> parameter is the offset from the stack pointer to the low-order part of the value, and the <paramref name="addr3" /> parameter is the high-order register.<para>寄存器相对地址.<paramref name="addr1" /> 参数是堆栈寄存器,<paramref name="addr2" /> 参数是从堆栈指针到值的低阶部分的偏移量,<paramref name="addr3" /> 参数是高阶寄存器.</para></summary>
    </member>
    <member name="T:System.Diagnostics.SymbolStore.SymbolToken">
      <summary>The <see cref="T:System.Diagnostics.SymbolStore.SymbolToken" /> structure is an object representation of a token that represents symbolic information.<para><see cref="T:System.Diagnostics.SymbolStore.SymbolToken" /> 结构是表示符号信息的令牌的对象表示形式.</para></summary>
    </member>
    <member name="M:System.Diagnostics.SymbolStore.SymbolToken.#ctor(System.Int32)">
      <summary>Initializes a new instance of the <see cref="T:System.Diagnostics.SymbolStore.SymbolToken" /> structure when given a value.<para>在给定值时初始化 <see cref="T:System.Diagnostics.SymbolStore.SymbolToken" /> 结构的新实例.</para></summary>
      <param name="val">The value to be used for the token.<para>要用于令牌的值.</para></param>
    </member>
    <member name="M:System.Diagnostics.SymbolStore.SymbolToken.Equals(System.Diagnostics.SymbolStore.SymbolToken)">
      <summary>Determines whether <paramref name="obj" /> is equal to this instance.<para>确定 <paramref name="obj" /> 是否等于此实例.</para></summary>
      <param name="obj">The <see cref="T:System.Diagnostics.SymbolStore.SymbolToken" /> to check.<para>要检查的 <see cref="T:System.Diagnostics.SymbolStore.SymbolToken" />.</para></param>
      <returns>
        <see langword="true" /> if <paramref name="obj" /> is equal to this instance; otherwise, <see langword="false" />.<para><see langword="true" /> 如果 <paramref name="obj" /> 等于此实例;否则,<see langword="false" />.</para></returns>
    </member>
    <member name="M:System.Diagnostics.SymbolStore.SymbolToken.Equals(System.Object)">
      <summary>Determines whether <paramref name="obj" /> is an instance of <see cref="T:System.Diagnostics.SymbolStore.SymbolToken" /> and is equal to this instance.<para>确定 <paramref name="obj" /> 是否为 <see cref="T:System.Diagnostics.SymbolStore.SymbolToken" /> 的实例并且是否等于此实例.</para></summary>
      <param name="obj">The object to check.<para>要检查的对象.</para></param>
      <returns>
        <see langword="true" /> if <paramref name="obj" /> is an instance of <see cref="T:System.Diagnostics.SymbolStore.SymbolToken" /> and is equal to this instance; otherwise, <see langword="false" />.<para><see langword="true" /> 如果 <paramref name="obj" /> 是 <see cref="T:System.Diagnostics.SymbolStore.SymbolToken" /> 的实例并且等于此实例;否则,<see langword="false" />.</para></returns>
    </member>
    <member name="M:System.Diagnostics.SymbolStore.SymbolToken.GetHashCode">
      <summary>Generates the hash code for the current token.<para>生成当前令牌的哈希代码.</para></summary>
      <returns>The hash code for the current token.<para>当前令牌的哈希代码.</para></returns>
    </member>
    <member name="M:System.Diagnostics.SymbolStore.SymbolToken.GetToken">
      <summary>Gets the value of the current token.<para>获取当前令牌的值.</para></summary>
      <returns>The value of the current token.<para>当前令牌的值.</para></returns>
    </member>
    <member name="M:System.Diagnostics.SymbolStore.SymbolToken.op_Equality(System.Diagnostics.SymbolStore.SymbolToken,System.Diagnostics.SymbolStore.SymbolToken)">
      <summary>Returns a value indicating whether two <see cref="T:System.Diagnostics.SymbolStore.SymbolToken" /> objects are equal.<para>返回一个值,该值指示两个 <see cref="T:System.Diagnostics.SymbolStore.SymbolToken" /> 对象是否相等.</para></summary>
      <param name="a">A <see cref="T:System.Diagnostics.SymbolStore.SymbolToken" /> structure.<para>一个 <see cref="T:System.Diagnostics.SymbolStore.SymbolToken" /> 结构.</para></param>
      <param name="b">A <see cref="T:System.Diagnostics.SymbolStore.SymbolToken" /> structure.<para>一个 <see cref="T:System.Diagnostics.SymbolStore.SymbolToken" /> 结构.</para></param>
      <returns>
        <see langword="true" /> if <paramref name="a" /> and <paramref name="b" /> are equal; otherwise, <see langword="false" />.<para><see langword="true" /> 如果 <paramref name="a" /> 和 <paramref name="b" /> 相等;否则,<see langword="false" />.</para></returns>
    </member>
    <member name="M:System.Diagnostics.SymbolStore.SymbolToken.op_Inequality(System.Diagnostics.SymbolStore.SymbolToken,System.Diagnostics.SymbolStore.SymbolToken)">
      <summary>Returns a value indicating whether two <see cref="T:System.Diagnostics.SymbolStore.SymbolToken" /> objects are not equal.<para>返回一个值,该值指示两个 <see cref="T:System.Diagnostics.SymbolStore.SymbolToken" /> 对象是否不相等.</para></summary>
      <param name="a">A <see cref="T:System.Diagnostics.SymbolStore.SymbolToken" /> structure.<para>一个 <see cref="T:System.Diagnostics.SymbolStore.SymbolToken" /> 结构.</para></param>
      <param name="b">A <see cref="T:System.Diagnostics.SymbolStore.SymbolToken" /> structure.<para>一个 <see cref="T:System.Diagnostics.SymbolStore.SymbolToken" /> 结构.</para></param>
      <returns>
        <see langword="true" /> if <paramref name="a" /> and <paramref name="b" /> are not equal; otherwise, <see langword="false" />.<para><see langword="true" /> 如果 <paramref name="a" /> 和 <paramref name="b" /> 不相等;否则,<see langword="false" />.</para></returns>
    </member>
    <member name="T:System.Diagnostics.SymbolStore.SymDocumentType">
      <summary>Holds the public GUIDs for document types to be used with the symbol store.<para>保存要与符号存储一起使用的文档类型的公共 guid.</para></summary>
    </member>
    <member name="F:System.Diagnostics.SymbolStore.SymDocumentType.Text">
      <summary>Specifies the GUID of the document type to be used with the symbol store.<para>指定要与符号存储一起使用的文档类型的 guid.</para></summary>
    </member>
    <member name="M:System.Diagnostics.SymbolStore.SymDocumentType.#ctor">
      <summary>Initializes a new instance of the <see cref="T:System.Diagnostics.SymbolStore.SymDocumentType" /> class.<para>初始化 <see cref="T:System.Diagnostics.SymbolStore.SymDocumentType" /> 类的新实例.</para></summary>
    </member>
    <member name="T:System.Diagnostics.SymbolStore.SymLanguageType">
      <summary>Holds the public GUIDs for language types to be used with the symbol store.<para>保存要与符号存储一起使用的语言类型的公共 guid.</para></summary>
    </member>
    <member name="F:System.Diagnostics.SymbolStore.SymLanguageType.Basic">
      <summary>Specifies the GUID of the Basic language type to be used with the symbol store.<para>指定要与符号存储一起使用的基本语言类型的 guid.</para></summary>
    </member>
    <member name="F:System.Diagnostics.SymbolStore.SymLanguageType.C">
      <summary>Specifies the GUID of the C language type to be used with the symbol store.<para>指定要与符号存储一起使用的 c 语言类型的 guid.</para></summary>
    </member>
    <member name="F:System.Diagnostics.SymbolStore.SymLanguageType.Cobol">
      <summary>Specifies the GUID of the Cobol language type to be used with the symbol store.<para>指定要与符号存储一起使用的 cobol 语言类型的 guid.</para></summary>
    </member>
    <member name="F:System.Diagnostics.SymbolStore.SymLanguageType.CPlusPlus">
      <summary>Specifies the GUID of the C++ language type to be used with the symbol store.<para>指定要与符号存储一起使用的c++语言类型的 guid.</para></summary>
    </member>
    <member name="F:System.Diagnostics.SymbolStore.SymLanguageType.CSharp">
      <summary>Specifies the GUID of the C# language type to be used with the symbol store.<para>指定要与符号存储一起使用的 c# 语言类型的 guid.</para></summary>
    </member>
    <member name="F:System.Diagnostics.SymbolStore.SymLanguageType.ILAssembly">
      <summary>Specifies the GUID of the ILAssembly language type to be used with the symbol store.<para>指定要与符号存储一起使用的 il汇编语言类型的 guid.</para></summary>
    </member>
    <member name="F:System.Diagnostics.SymbolStore.SymLanguageType.Java">
      <summary>Specifies the GUID of the Java language type to be used with the symbol store.<para>指定要与符号存储一起使用的 java 语言类型的 guid.</para></summary>
    </member>
    <member name="F:System.Diagnostics.SymbolStore.SymLanguageType.JScript">
      <summary>Specifies the GUID of the JScript language type to be used with the symbol store.<para>指定要与符号存储一起使用的 jscript 语言类型的 guid.</para></summary>
    </member>
    <member name="F:System.Diagnostics.SymbolStore.SymLanguageType.MCPlusPlus">
      <summary>Specifies the GUID of the C++ language type to be used with the symbol store.<para>指定要与符号存储一起使用的c++语言类型的 guid.</para></summary>
    </member>
    <member name="F:System.Diagnostics.SymbolStore.SymLanguageType.Pascal">
      <summary>Specifies the GUID of the Pascal language type to be used with the symbol store.<para>指定要与符号存储一起使用的 pascal 语言类型的 guid.</para></summary>
    </member>
    <member name="F:System.Diagnostics.SymbolStore.SymLanguageType.SMC">
      <summary>Specifies the GUID of the SMC language type to be used with the symbol store.<para>指定要与符号存储一起使用的 smc 语言类型的 guid.</para></summary>
    </member>
    <member name="M:System.Diagnostics.SymbolStore.SymLanguageType.#ctor">
      <summary>Initializes a new instance of the <see cref="T:System.Diagnostics.SymbolStore.SymLanguageType" /> class.<para>初始化 <see cref="T:System.Diagnostics.SymbolStore.SymLanguageType" /> 类的新实例.</para></summary>
    </member>
    <member name="T:System.Diagnostics.SymbolStore.SymLanguageVendor">
      <summary>Holds the public GUIDs for language vendors to be used with the symbol store.<para>保存要与符号存储一起使用的语言供应商的公共 guid.</para></summary>
    </member>
    <member name="F:System.Diagnostics.SymbolStore.SymLanguageVendor.Microsoft">
      <summary>Specifies the GUID of the Microsoft language vendor.<para>指定microsoft语言供应商的 guid.</para></summary>
    </member>
    <member name="M:System.Diagnostics.SymbolStore.SymLanguageVendor.#ctor">
      <summary>Initializes a new instance of the <see cref="T:System.Diagnostics.SymbolStore.SymLanguageVendor" /> class.<para>初始化 <see cref="T:System.Diagnostics.SymbolStore.SymLanguageVendor" /> 类的新实例.</para></summary>
    </member>
  </members>
</doc>