﻿<?xml version="1.0" encoding="utf-8"?>
<doc>
  <assembly>
    <name>System.Security.Claims</name>
  </assembly>
  <members>
    <member name="T:System.Security.Claims.Claim">
      <summary>Represents a claim.<para>表示声明.</para></summary>
    </member>
    <member name="M:System.Security.Claims.Claim.#ctor(System.IO.BinaryReader)">
      <summary>Initializes an instance of <see cref="T:System.Security.Claims.Claim" /> with the specified <see cref="T:System.IO.BinaryReader" />.<para>使用指定的 <see cref="T:System.IO.BinaryReader" /> 初始化 <see cref="T:System.Security.Claims.Claim" /> 的实例.</para></summary>
      <param name="reader">A <see cref="T:System.IO.BinaryReader" /> pointing to a <see cref="T:System.Security.Claims.Claim" />.<para>a <see cref="T:System.IO.BinaryReader" /> 指向 <see cref="T:System.Security.Claims.Claim" />.</para></param>
      <exception cref="T:System.ArgumentNullException">
        <paramref name="reader" /> is <see langword="null" />.<para><paramref name="reader" /> 是 <see langword="null" />.</para></exception>
    </member>
    <member name="M:System.Security.Claims.Claim.#ctor(System.IO.BinaryReader,System.Security.Claims.ClaimsIdentity)">
      <summary>Initializes a new instance of the <see cref="T:System.Security.Claims.Claim" /> class with the specified reader and subject.<para>使用指定的读取器和主题初始化 <see cref="T:System.Security.Claims.Claim" /> 类的新实例.</para></summary>
      <param name="reader">The binary reader.<para>二进制读取器.</para></param>
      <param name="subject">The subject that this claim describes.<para>此声明描述的主题.</para></param>
      <exception cref="T:System.ArgumentNullException">
        <paramref name="reader" /> is <see langword="null" />.<para><paramref name="reader" /> 是 <see langword="null" />.</para></exception>
    </member>
    <member name="M:System.Security.Claims.Claim.#ctor(System.Security.Claims.Claim)">
      <summary>Initializes a new instance of the <see cref="T:System.Security.Claims.Claim" /> class.<para>初始化 <see cref="T:System.Security.Claims.Claim" /> 类的新实例.</para></summary>
      <param name="other">The security claim.<para>安全声明.</para></param>
      <exception cref="T:System.ArgumentNullException">
        <paramref name="other" /> is <see langword="null" />.<para><paramref name="other" /> 是 <see langword="null" />.</para></exception>
    </member>
    <member name="M:System.Security.Claims.Claim.#ctor(System.Security.Claims.Claim,System.Security.Claims.ClaimsIdentity)">
      <summary>Initializes a new instance of the <see cref="T:System.Security.Claims.Claim" /> class with the specified security claim and subject.<para>使用指定的安全声明和主题初始化 <see cref="T:System.Security.Claims.Claim" /> 类的新实例.</para></summary>
      <param name="other">The security claim.<para>安全声明.</para></param>
      <param name="subject">The subject that this claim describes.<para>此声明描述的主题.</para></param>
      <exception cref="T:System.ArgumentNullException">
        <paramref name="other" /> is <see langword="null" />.<para><paramref name="other" /> 是 <see langword="null" />.</para></exception>
    </member>
    <member name="M:System.Security.Claims.Claim.#ctor(System.String,System.String)">
      <summary>Initializes a new instance of the <see cref="T:System.Security.Claims.Claim" /> class with the specified claim type, and value.<para>使用指定的声明类型和值初始化 <see cref="T:System.Security.Claims.Claim" /> 类的新实例.</para></summary>
      <param name="type">The claim type.<para>声明类型.</para></param>
      <param name="value">The claim value.<para>声明值.</para></param>
      <exception cref="T:System.ArgumentNullException">
        <paramref name="type" /> or <paramref name="value" /> is <see langword="null" />.<para><paramref name="type" /> 或 <paramref name="value" /> 是 <see langword="null" />.</para></exception>
    </member>
    <member name="M:System.Security.Claims.Claim.#ctor(System.String,System.String,System.String)">
      <summary>Initializes a new instance of the <see cref="T:System.Security.Claims.Claim" /> class with the specified claim type, value, and value type.<para>使用指定的声明类型、值和值类型初始化 <see cref="T:System.Security.Claims.Claim" /> 类的新实例.</para></summary>
      <param name="type">The claim type.<para>声明类型.</para></param>
      <param name="value">The claim value.<para>声明值.</para></param>
      <param name="valueType">The claim value type. If this parameter is <see langword="null" />, then <see cref="F:System.Security.Claims.ClaimValueTypes.String" /> is used.<para>声明值类型.如果此参数为 <see langword="null" />,则使用 <see cref="F:System.Security.Claims.ClaimValueTypes.String" />.</para></param>
      <exception cref="T:System.ArgumentNullException">
        <paramref name="type" /> or <paramref name="value" /> is <see langword="null" />.<para><paramref name="type" /> 或 <paramref name="value" /> 是 <see langword="null" />.</para></exception>
    </member>
    <member name="M:System.Security.Claims.Claim.#ctor(System.String,System.String,System.String,System.String)">
      <summary>Initializes a new instance of the <see cref="T:System.Security.Claims.Claim" /> class with the specified claim type, value, value type, and issuer.<para>使用指定的声明类型、值、值类型和颁发者初始化 <see cref="T:System.Security.Claims.Claim" /> 类的新实例.</para></summary>
      <param name="type">The claim type.<para>声明类型.</para></param>
      <param name="value">The claim value.<para>声明值.</para></param>
      <param name="valueType">The claim value type. If this parameter is <see langword="null" />, then <see cref="F:System.Security.Claims.ClaimValueTypes.String" /> is used.<para>声明值类型.如果此参数为 <see langword="null" />,则使用 <see cref="F:System.Security.Claims.ClaimValueTypes.String" />.</para></param>
      <param name="issuer">The claim issuer. If this parameter is empty or <see langword="null" />, then <see cref="F:System.Security.Claims.ClaimsIdentity.DefaultIssuer" /> is used.<para>声明颁发者.如果此参数为空或 <see langword="null" />,则使用 <see cref="F:System.Security.Claims.ClaimsIdentity.DefaultIssuer" />.</para></param>
      <exception cref="T:System.ArgumentNullException">
        <paramref name="type" /> or <paramref name="value" /> is <see langword="null" />.<para><paramref name="type" /> 或 <paramref name="value" /> 是 <see langword="null" />.</para></exception>
    </member>
    <member name="M:System.Security.Claims.Claim.#ctor(System.String,System.String,System.String,System.String,System.String)">
      <summary>Initializes a new instance of the <see cref="T:System.Security.Claims.Claim" /> class with the specified claim type, value, value type, issuer,  and original issuer.<para>使用指定的声明类型、值、值类型、颁发者和原始颁发者初始化 <see cref="T:System.Security.Claims.Claim" /> 类的新实例.</para></summary>
      <param name="type">The claim type.<para>声明类型.</para></param>
      <param name="value">The claim value.<para>声明值.</para></param>
      <param name="valueType">The claim value type. If this parameter is <see langword="null" />, then <see cref="F:System.Security.Claims.ClaimValueTypes.String" /> is used.<para>声明值类型.如果此参数为 <see langword="null" />,则使用 <see cref="F:System.Security.Claims.ClaimValueTypes.String" />.</para></param>
      <param name="issuer">The claim issuer. If this parameter is empty or <see langword="null" />, then <see cref="F:System.Security.Claims.ClaimsIdentity.DefaultIssuer" /> is used.<para>声明颁发者.如果此参数为空或 <see langword="null" />,则使用 <see cref="F:System.Security.Claims.ClaimsIdentity.DefaultIssuer" />.</para></param>
      <param name="originalIssuer">The original issuer of the claim. If this parameter is empty or <see langword="null" />, then the <see cref="P:System.Security.Claims.Claim.OriginalIssuer" /> property is set to the value of the <see cref="P:System.Security.Claims.Claim.Issuer" /> property.<para>索赔的原始发行人.如果此参数为空或 <see langword="null" />,则 <see cref="P:System.Security.Claims.Claim.OriginalIssuer" /> 属性设置为 <see cref="P:System.Security.Claims.Claim.Issuer" /> 属性的值.</para></param>
      <exception cref="T:System.ArgumentNullException">
        <paramref name="type" /> or <paramref name="value" /> is <see langword="null" />.<para><paramref name="type" /> 或 <paramref name="value" /> 是 <see langword="null" />.</para></exception>
    </member>
    <member name="M:System.Security.Claims.Claim.#ctor(System.String,System.String,System.String,System.String,System.String,System.Security.Claims.ClaimsIdentity)">
      <summary>Initializes a new instance of the <see cref="T:System.Security.Claims.Claim" /> class with the specified claim type, value, value type, issuer, original issuer and subject.<para>使用指定的声明类型、值、值类型、颁发者、原始颁发者和使用者初始化 <see cref="T:System.Security.Claims.Claim" /> 类的新实例.</para></summary>
      <param name="type">The claim type.<para>声明类型.</para></param>
      <param name="value">The claim value.<para>声明值.</para></param>
      <param name="valueType">The claim value type. If this parameter is <see langword="null" />, then <see cref="F:System.Security.Claims.ClaimValueTypes.String" /> is used.<para>声明值类型.如果此参数为 <see langword="null" />,则使用 <see cref="F:System.Security.Claims.ClaimValueTypes.String" />.</para></param>
      <param name="issuer">The claim issuer. If this parameter is empty or <see langword="null" />, then <see cref="F:System.Security.Claims.ClaimsIdentity.DefaultIssuer" /> is used.<para>声明颁发者.如果此参数为空或 <see langword="null" />,则使用 <see cref="F:System.Security.Claims.ClaimsIdentity.DefaultIssuer" />.</para></param>
      <param name="originalIssuer">The original issuer of the claim. If this parameter is empty or <see langword="null" />, then the <see cref="P:System.Security.Claims.Claim.OriginalIssuer" /> property is set to the value of the <see cref="P:System.Security.Claims.Claim.Issuer" /> property.<para>索赔的原始发行人.如果此参数为空或 <see langword="null" />,则 <see cref="P:System.Security.Claims.Claim.OriginalIssuer" /> 属性设置为 <see cref="P:System.Security.Claims.Claim.Issuer" /> 属性的值.</para></param>
      <param name="subject">The subject that this claim describes.<para>此声明描述的主题.</para></param>
      <exception cref="T:System.ArgumentNullException">
        <paramref name="type" /> or <paramref name="value" /> is <see langword="null" />.<para><paramref name="type" /> 或 <paramref name="value" /> 是 <see langword="null" />.</para></exception>
    </member>
    <member name="M:System.Security.Claims.Claim.Clone">
      <summary>Returns a new <see cref="T:System.Security.Claims.Claim" /> object copied from this object. The new claim does not have a subject.<para>返回从此对象复制的新 <see cref="T:System.Security.Claims.Claim" /> 对象.新权利要求没有主题.</para></summary>
      <returns>The new claim object.<para>新的声明对象.</para></returns>
    </member>
    <member name="M:System.Security.Claims.Claim.Clone(System.Security.Claims.ClaimsIdentity)">
      <summary>Returns a new <see cref="T:System.Security.Claims.Claim" /> object copied from this object. The subject of the new claim is set to the specified ClaimsIdentity.<para>返回从此对象复制的新 <see cref="T:System.Security.Claims.Claim" /> 对象.新声明的主题设置为指定的声明标识.</para></summary>
      <param name="identity">The intended subject of the new claim.<para>新索赔的预期标的.</para></param>
      <returns>The new claim object.<para>新的声明对象.</para></returns>
    </member>
    <member name="M:System.Security.Claims.Claim.ToString">
      <summary>Returns a string representation of this <see cref="T:System.Security.Claims.Claim" /> object.<para>返回此 <see cref="T:System.Security.Claims.Claim" /> 对象的字符串表示形式.</para></summary>
      <returns>The string representation of this <see cref="T:System.Security.Claims.Claim" /> object.<para>此 <see cref="T:System.Security.Claims.Claim" /> 对象的字符串表示形式.</para></returns>
    </member>
    <member name="M:System.Security.Claims.Claim.WriteTo(System.IO.BinaryWriter)">
      <summary>Writes this <see cref="T:System.Security.Claims.Claim" /> to the writer.<para>将此 <see cref="T:System.Security.Claims.Claim" /> 写入编写器.</para></summary>
      <param name="writer">The writer to use for data storage.<para>用于数据存储的编写器.</para></param>
      <exception cref="T:System.ArgumentNullException">
        <paramref name="writer" /> is <see langword="null" />.<para><paramref name="writer" /> 是 <see langword="null" />.</para></exception>
    </member>
    <member name="M:System.Security.Claims.Claim.WriteTo(System.IO.BinaryWriter,System.Byte[])">
      <summary>Writes this <see cref="T:System.Security.Claims.Claim" /> to the writer.<para>将此 <see cref="T:System.Security.Claims.Claim" /> 写入编写器.</para></summary>
      <param name="writer">The writer to write this claim.<para>作者写这个主张.</para></param>
      <param name="userData">The user data to claim.<para>要声明的用户数据.</para></param>
      <exception cref="T:System.ArgumentNullException">
        <paramref name="writer" /> is <see langword="null" />.<para><paramref name="writer" /> 是 <see langword="null" />.</para></exception>
    </member>
    <member name="P:System.Security.Claims.Claim.CustomSerializationData">
      <summary>Contains any additional data provided by a derived type.<para>包含派生类型提供的任何其他数据.</para></summary>
      <returns>A <see cref="T:System.Byte" /> array representing the additional serialized data.<para>一个 <see cref="T:System.Byte" /> 数组,表示其他序列化数据.</para></returns>
    </member>
    <member name="P:System.Security.Claims.Claim.Issuer">
      <summary>Gets the issuer of the claim.<para>获取声明的颁发者.</para></summary>
      <returns>A name that refers to the issuer of the claim.<para>引用声明颁发者的名称.</para></returns>
    </member>
    <member name="P:System.Security.Claims.Claim.OriginalIssuer">
      <summary>Gets the original issuer of the claim.<para>获取声明的原始颁发者.</para></summary>
      <returns>A name that refers to the original issuer of the claim.<para>引用声明的原始颁发者的名称.</para></returns>
    </member>
    <member name="P:System.Security.Claims.Claim.Properties">
      <summary>Gets a dictionary that contains additional properties associated with this claim.<para>获取包含与此声明关联的其他属性的字典.</para></summary>
      <returns>A dictionary that contains additional properties associated with the claim. The properties are represented as name-value pairs.<para>包含与声明关联的其他属性的字典.属性表示为名称/值对.</para></returns>
    </member>
    <member name="P:System.Security.Claims.Claim.Subject">
      <summary>Gets the subject of the claim.<para>获取声明的主题.</para></summary>
      <returns>The subject of the claim.<para>索赔的主题.</para></returns>
    </member>
    <member name="P:System.Security.Claims.Claim.Type">
      <summary>Gets the claim type of the claim.<para>获取声明的声明类型.</para></summary>
      <returns>The claim type.<para>声明类型.</para></returns>
    </member>
    <member name="P:System.Security.Claims.Claim.Value">
      <summary>Gets the value of the claim.<para>获取声明的值.</para></summary>
      <returns>The claim value.<para>声明值.</para></returns>
    </member>
    <member name="P:System.Security.Claims.Claim.ValueType">
      <summary>Gets the value type of the claim.<para>获取声明的值类型.</para></summary>
      <returns>The claim value type.<para>声明值类型.</para></returns>
    </member>
    <member name="T:System.Security.Claims.ClaimsIdentity">
      <summary>Represents a claims-based identity.<para>表示基于声明的标识.</para></summary>
    </member>
    <member name="F:System.Security.Claims.ClaimsIdentity.DefaultIssuer">
      <summary>The default issuer; "LOCAL AUTHORITY".<para>默认颁发者;"local authority".</para></summary>
    </member>
    <member name="F:System.Security.Claims.ClaimsIdentity.DefaultNameClaimType">
      <summary>The default name claim type; <see cref="F:System.Security.Claims.ClaimTypes.Name" />.<para>默认名称声明类型;<see cref="F:System.Security.Claims.ClaimTypes.Name" />.</para></summary>
    </member>
    <member name="F:System.Security.Claims.ClaimsIdentity.DefaultRoleClaimType">
      <summary>The default role claim type; <see cref="F:System.Security.Claims.ClaimTypes.Role" />.<para>默认角色声明类型;<see cref="F:System.Security.Claims.ClaimTypes.Role" />.</para></summary>
    </member>
    <member name="M:System.Security.Claims.ClaimsIdentity.#ctor">
      <summary>Initializes a new instance of the <see cref="T:System.Security.Claims.ClaimsIdentity" /> class with an empty claims collection.<para>使用空声明集合初始化 <see cref="T:System.Security.Claims.ClaimsIdentity" /> 类的新实例.</para></summary>
    </member>
    <member name="M:System.Security.Claims.ClaimsIdentity.#ctor(System.Collections.Generic.IEnumerable{System.Security.Claims.Claim})">
      <summary>Initializes a new instance of the <see cref="T:System.Security.Claims.ClaimsIdentity" /> class using an enumerated collection of <see cref="T:System.Security.Claims.Claim" /> objects.<para>使用 <see cref="T:System.Security.Claims.Claim" /> 对象的枚举集合初始化 <see cref="T:System.Security.Claims.ClaimsIdentity" /> 类的新实例.</para></summary>
      <param name="claims">The claims with which to populate the claims identity.<para>用于填充声明标识的声明.</para></param>
    </member>
    <member name="M:System.Security.Claims.ClaimsIdentity.#ctor(System.Collections.Generic.IEnumerable{System.Security.Claims.Claim},System.String)">
      <summary>Initializes a new instance of the <see cref="T:System.Security.Claims.ClaimsIdentity" /> class with the specified claims and authentication type.<para>使用指定的声明和身份验证类型初始化 <see cref="T:System.Security.Claims.ClaimsIdentity" /> 类的新实例.</para></summary>
      <param name="claims">The claims with which to populate the claims identity.<para>用于填充声明标识的声明.</para></param>
      <param name="authenticationType">The type of authentication used.<para>使用的身份验证类型.</para></param>
    </member>
    <member name="M:System.Security.Claims.ClaimsIdentity.#ctor(System.Collections.Generic.IEnumerable{System.Security.Claims.Claim},System.String,System.String,System.String)">
      <summary>Initializes a new instance of the <see cref="T:System.Security.Claims.ClaimsIdentity" /> class with the specified claims, authentication type, name claim type, and role claim type.<para>使用指定的声明、身份验证类型、名称声明类型和角色声明类型初始化 <see cref="T:System.Security.Claims.ClaimsIdentity" /> 类的新实例.</para></summary>
      <param name="claims">The claims with which to populate the claims identity.<para>用于填充声明标识的声明.</para></param>
      <param name="authenticationType">The type of authentication used.<para>使用的身份验证类型.</para></param>
      <param name="nameType">The claim type to use for name claims.<para>用于名称声明的声明类型.</para></param>
      <param name="roleType">The claim type to use for role claims.<para>用于角色声明的声明类型.</para></param>
    </member>
    <member name="M:System.Security.Claims.ClaimsIdentity.#ctor(System.IO.BinaryReader)">
      <summary>Initializes an instance of <see cref="T:System.Security.Claims.ClaimsIdentity" /> with the specified <see cref="T:System.IO.BinaryReader" />.<para>使用指定的 <see cref="T:System.IO.BinaryReader" /> 初始化 <see cref="T:System.Security.Claims.ClaimsIdentity" /> 的实例.</para></summary>
      <param name="reader">A <see cref="T:System.IO.BinaryReader" /> pointing to a <see cref="T:System.Security.Claims.ClaimsIdentity" />.<para>a <see cref="T:System.IO.BinaryReader" /> 指向 <see cref="T:System.Security.Claims.ClaimsIdentity" />.</para></param>
      <exception cref="T:System.ArgumentNullException">
        <paramref name="reader" /> is <see langword="null" />.<para><paramref name="reader" /> 是 <see langword="null" />.</para></exception>
    </member>
    <member name="M:System.Security.Claims.ClaimsIdentity.#ctor(System.Runtime.Serialization.SerializationInfo)">
      <summary>Initializes a new instance of the <see cref="T:System.Security.Claims.ClaimsIdentity" /> class from a serialized stream created by using <see cref="T:System.Runtime.Serialization.ISerializable" />.<para>从使用 <see cref="T:System.Runtime.Serialization.ISerializable" /> 创建的序列化流初始化 <see cref="T:System.Security.Claims.ClaimsIdentity" /> 类的新实例.</para></summary>
      <param name="info">The serialized data.<para>序列化的数据.</para></param>
      <exception cref="T:System.ArgumentNullException">
        <paramref name="info" /> is <see langword="null" />.<para><paramref name="info" /> 是 <see langword="null" />.</para></exception>
    </member>
    <member name="M:System.Security.Claims.ClaimsIdentity.#ctor(System.Runtime.Serialization.SerializationInfo,System.Runtime.Serialization.StreamingContext)">
      <summary>Initializes a new instance of the <see cref="T:System.Security.Claims.ClaimsIdentity" /> class from a serialized stream created by using <see cref="T:System.Runtime.Serialization.ISerializable" />.<para>从使用 <see cref="T:System.Runtime.Serialization.ISerializable" /> 创建的序列化流初始化 <see cref="T:System.Security.Claims.ClaimsIdentity" /> 类的新实例.</para></summary>
      <param name="info">The serialized data.<para>序列化的数据.</para></param>
      <param name="context">The context for serialization.<para>序列化的上下文.</para></param>
      <exception cref="T:System.ArgumentNullException">
        <paramref name="info" /> is <see langword="null" />.<para><paramref name="info" /> 是 <see langword="null" />.</para></exception>
    </member>
    <member name="M:System.Security.Claims.ClaimsIdentity.#ctor(System.Security.Claims.ClaimsIdentity)">
      <summary>Initializes a new instance of the <see cref="T:System.Security.Claims.ClaimsIdentity" /> class from an existing <see cref="T:System.Security.Claims.ClaimsIdentity" /> instance.<para>从现有 <see cref="T:System.Security.Claims.ClaimsIdentity" /> 实例初始化 <see cref="T:System.Security.Claims.ClaimsIdentity" /> 类的新实例.</para></summary>
      <param name="other">The <see cref="T:System.Security.Claims.ClaimsIdentity" /> to copy.<para>要复制的 <see cref="T:System.Security.Claims.ClaimsIdentity" />.</para></param>
      <exception cref="T:System.ArgumentNullException">
        <paramref name="other" /> is <see langword="null" />.<para><paramref name="other" /> 是 <see langword="null" />.</para></exception>
    </member>
    <member name="M:System.Security.Claims.ClaimsIdentity.#ctor(System.Security.Principal.IIdentity)">
      <summary>Initializes a new instance of the <see cref="T:System.Security.Claims.ClaimsIdentity" /> class using the name and authentication type from the specified <see cref="T:System.Security.Principal.IIdentity" />.<para>使用指定 <see cref="T:System.Security.Principal.IIdentity" /> 中的名称和身份验证类型初始化 <see cref="T:System.Security.Claims.ClaimsIdentity" /> 类的新实例.</para></summary>
      <param name="identity">The identity from which to base the new claims identity.<para>新声明标识所基于的标识.</para></param>
    </member>
    <member name="M:System.Security.Claims.ClaimsIdentity.#ctor(System.Security.Principal.IIdentity,System.Collections.Generic.IEnumerable{System.Security.Claims.Claim})">
      <summary>Initializes a new instance of the <see cref="T:System.Security.Claims.ClaimsIdentity" /> class using the specified claims and the specified <see cref="T:System.Security.Principal.IIdentity" />.<para>使用指定的声明和指定的 <see cref="T:System.Security.Principal.IIdentity" /> 初始化 <see cref="T:System.Security.Claims.ClaimsIdentity" /> 类的新实例.</para></summary>
      <param name="identity">The identity from which to base the new claims identity.<para>新声明标识所基于的标识.</para></param>
      <param name="claims">The claims with which to populate the claims identity.<para>用于填充声明标识的声明.</para></param>
    </member>
    <member name="M:System.Security.Claims.ClaimsIdentity.#ctor(System.Security.Principal.IIdentity,System.Collections.Generic.IEnumerable{System.Security.Claims.Claim},System.String,System.String,System.String)">
      <summary>Initializes a new instance of the <see cref="T:System.Security.Claims.ClaimsIdentity" /> class from the specified <see cref="T:System.Security.Principal.IIdentity" /> using the specified claims, authentication type, name claim type, and role claim type.<para>使用指定的声明、身份验证类型、名称声明类型和角色声明类型从指定的 <see cref="T:System.Security.Principal.IIdentity" /> 初始化 <see cref="T:System.Security.Claims.ClaimsIdentity" /> 类的新实例.</para></summary>
      <param name="identity">The identity from which to base the new claims identity.<para>新声明标识所基于的标识.</para></param>
      <param name="claims">The claims with which to populate the new claims identity.<para>用于填充新声明标识的声明.</para></param>
      <param name="authenticationType">The type of authentication used.<para>使用的身份验证类型.</para></param>
      <param name="nameType">The claim type to use for name claims.<para>用于名称声明的声明类型.</para></param>
      <param name="roleType">The claim type to use for role claims.<para>用于角色声明的声明类型.</para></param>
      <exception cref="T:System.InvalidOperationException">
        <paramref name="identity" /> is a <see cref="T:System.Security.Claims.ClaimsIdentity" /> and <see cref="P:System.Security.Claims.ClaimsIdentity.Actor" /> results in a circular reference back to <see langword="this" />.<para><paramref name="identity" /> 是一个 <see cref="T:System.Security.Claims.ClaimsIdentity" /> 和 <see cref="p:system.security.claims.claimsidentity.actor" /> 导致循环引用回 <see langword="this" />.</para></exception>
    </member>
    <member name="M:System.Security.Claims.ClaimsIdentity.#ctor(System.String)">
      <summary>Initializes a new instance of the <see cref="T:System.Security.Claims.ClaimsIdentity" /> class with an empty claims collection and the specified authentication type.<para>使用空声明集合和指定的身份验证类型初始化 <see cref="T:System.Security.Claims.ClaimsIdentity" /> 类的新实例.</para></summary>
      <param name="authenticationType">The type of authentication used.<para>使用的身份验证类型.</para></param>
    </member>
    <member name="M:System.Security.Claims.ClaimsIdentity.#ctor(System.String,System.String,System.String)">
      <summary>Initializes a new instance of the <see cref="T:System.Security.Claims.ClaimsIdentity" /> class with the specified authentication type, name claim type, and role claim type.<para>使用指定的身份验证类型、名称声明类型和角色声明类型初始化 <see cref="T:System.Security.Claims.ClaimsIdentity" /> 类的新实例.</para></summary>
      <param name="authenticationType">The type of authentication used.<para>使用的身份验证类型.</para></param>
      <param name="nameType">The claim type to use for name claims.<para>用于名称声明的声明类型.</para></param>
      <param name="roleType">The claim type to use for role claims.<para>用于角色声明的声明类型.</para></param>
    </member>
    <member name="M:System.Security.Claims.ClaimsIdentity.AddClaim(System.Security.Claims.Claim)">
      <summary>Adds a single claim to this claims identity.<para>将单个声明添加到此声明标识.</para></summary>
      <param name="claim">The claim to add.<para>要添加的声明.</para></param>
      <exception cref="T:System.ArgumentNullException">
        <paramref name="claim" /> is <see langword="null" />.<para><paramref name="claim" /> 是 <see langword="null" />.</para></exception>
    </member>
    <member name="M:System.Security.Claims.ClaimsIdentity.AddClaims(System.Collections.Generic.IEnumerable{System.Security.Claims.Claim})">
      <summary>Adds a list of claims to this claims identity.<para>将声明列表添加到此声明标识.</para></summary>
      <param name="claims">The claims to add.<para>要添加的声明.</para></param>
      <exception cref="T:System.ArgumentNullException">
        <paramref name="claims" /> is <see langword="null" />.<para><paramref name="claims" /> 是 <see langword="null" />.</para></exception>
    </member>
    <member name="M:System.Security.Claims.ClaimsIdentity.Clone">
      <summary>Returns a new <see cref="T:System.Security.Claims.ClaimsIdentity" /> copied from this claims identity.<para>返回从此声明标识复制的新 <see cref="T:System.Security.Claims.ClaimsIdentity" />.</para></summary>
      <returns>A copy of the current instance.<para>当前实例的副本.</para></returns>
    </member>
    <member name="M:System.Security.Claims.ClaimsIdentity.CreateClaim(System.IO.BinaryReader)">
      <summary>Provides an extensibility point for derived types to create a custom <see cref="T:System.Security.Claims.Claim" />.<para>为派生类型提供扩展点以创建自定义 <see cref="T:System.Security.Claims.Claim" />.</para></summary>
      <param name="reader">The <see cref="T:System.IO.BinaryReader" /> that points to the claim.<para>指向声明的 <see cref="T:System.IO.BinaryReader" />.</para></param>
      <exception cref="T:System.ArgumentNullException">
        <paramref name="reader" /> is <see langword="null" />.<para><paramref name="reader" /> 是 <see langword="null" />.</para></exception>
      <returns>A new <see cref="T:System.Security.Claims.Claim" />.<para>一个新的 <see cref="T:System.Security.Claims.Claim" />.</para></returns>
    </member>
    <member name="M:System.Security.Claims.ClaimsIdentity.FindAll(System.Predicate{System.Security.Claims.Claim})">
      <summary>Retrieves all of the claims that are matched by the specified predicate.<para>检索与指定谓词匹配的所有声明.</para></summary>
      <param name="match">The function that performs the matching logic.<para>执行匹配逻辑的函数.</para></param>
      <exception cref="T:System.ArgumentNullException">
        <paramref name="match" /> is <see langword="null" />.<para><paramref name="match" /> 是 <see langword="null" />.</para></exception>
      <returns>The matching claims. The list is read-only.<para>匹配的声明.该列表是只读的.</para></returns>
    </member>
    <member name="M:System.Security.Claims.ClaimsIdentity.FindAll(System.String)">
      <summary>Retrieves all of the claims that have the specified claim type.<para>检索具有指定声明类型的所有声明.</para></summary>
      <param name="type">The claim type against which to match claims.<para>要与之匹配声明的声明类型.</para></param>
      <exception cref="T:System.ArgumentNullException">
        <paramref name="type" /> is <see langword="null" />.<para><paramref name="type" /> 是 <see langword="null" />.</para></exception>
      <returns>The matching claims. The list is read-only.<para>匹配的声明.该列表是只读的.</para></returns>
    </member>
    <member name="M:System.Security.Claims.ClaimsIdentity.FindFirst(System.Predicate{System.Security.Claims.Claim})">
      <summary>Retrieves the first claim that is matched by the specified predicate.<para>检索与指定谓词匹配的第一个声明.</para></summary>
      <param name="match">The function that performs the matching logic.<para>执行匹配逻辑的函数.</para></param>
      <exception cref="T:System.ArgumentNullException">
        <paramref name="match" /> is <see langword="null" />.<para><paramref name="match" /> 是 <see langword="null" />.</para></exception>
      <returns>The first matching claim or <see langword="null" /> if no match is found.<para>第一个匹配声明或 <see langword="null" />（如果未找到匹配项）.</para></returns>
    </member>
    <member name="M:System.Security.Claims.ClaimsIdentity.FindFirst(System.String)">
      <summary>Retrieves the first claim with the specified claim type.<para>检索具有指定声明类型的第一个声明.</para></summary>
      <param name="type">The claim type to match.<para>要匹配的声明类型.</para></param>
      <exception cref="T:System.ArgumentNullException">
        <paramref name="type" /> is <see langword="null" />.<para><paramref name="type" /> 是 <see langword="null" />.</para></exception>
      <returns>The first matching claim or <see langword="null" /> if no match is found.<para>第一个匹配声明或 <see langword="null" />（如果未找到匹配项）.</para></returns>
    </member>
    <member name="M:System.Security.Claims.ClaimsIdentity.GetObjectData(System.Runtime.Serialization.SerializationInfo,System.Runtime.Serialization.StreamingContext)">
      <summary>Populates the <see cref="T:System.Runtime.Serialization.SerializationInfo" /> with data needed to serialize the current <see cref="T:System.Security.Claims.ClaimsIdentity" /> object.<para>使用序列化当前 <see cref="T:System.Security.Claims.ClaimsIdentity" /> 对象所需的数据填充 <see cref="T:System.Runtime.Serialization.SerializationInfo" />.</para></summary>
      <param name="info">The object to populate with data.<para>要用数据填充的对象.</para></param>
      <param name="context">The destination for this serialization. Can be <see langword="null" />.<para>此序列化的目标.可以是 <see langword="null" />.</para></param>
      <exception cref="T:System.ArgumentNullException">
        <paramref name="info" /> is <see langword="null" />.<para><paramref name="info" /> 是 <see langword="null" />.</para></exception>
    </member>
    <member name="M:System.Security.Claims.ClaimsIdentity.HasClaim(System.Predicate{System.Security.Claims.Claim})">
      <summary>Determines whether this claims identity has a claim that is matched by the specified predicate.<para>确定此声明标识是否具有与指定谓词匹配的声明.</para></summary>
      <param name="match">The function that performs the matching logic.<para>执行匹配逻辑的函数.</para></param>
      <exception cref="T:System.ArgumentNullException">
        <paramref name="match" /> is <see langword="null" />.<para><paramref name="match" /> 是 <see langword="null" />.</para></exception>
      <returns>
        <see langword="true" /> if a matching claim exists; otherwise, <see langword="false" />.<para><see langword="true" /> 如果存在匹配的声明;否则,<see langword="false" />.</para></returns>
    </member>
    <member name="M:System.Security.Claims.ClaimsIdentity.HasClaim(System.String,System.String)">
      <summary>Determines whether this claims identity has a claim with the specified claim type and value.<para>确定此声明标识是否具有具有指定声明类型和值的声明.</para></summary>
      <param name="type">The type of the claim to match.<para>要匹配的声明的类型.</para></param>
      <param name="value">The value of the claim to match.<para>要匹配的声明的值.</para></param>
      <exception cref="T:System.ArgumentNullException">
        <paramref name="type" /> or  <paramref name="value" /> is  <see langword="null" />.<para><paramref name="type" /> 或 <paramref name="value" /> 是 <see langword="null" />.</para></exception>
      <returns>
        <see langword="true" /> if a match is found; otherwise, <see langword="false" />.<para><see langword="true" /> 如果找到匹配项;否则,<see langword="false" />.</para></returns>
    </member>
    <member name="M:System.Security.Claims.ClaimsIdentity.RemoveClaim(System.Security.Claims.Claim)">
      <summary>Attempts to remove a claim from the claims identity.<para>尝试从声明标识中删除声明.</para></summary>
      <param name="claim">The claim to remove.<para>要删除的声明.</para></param>
      <exception cref="T:System.InvalidOperationException">The claim cannot be removed.<para>无法删除声明.</para></exception>
    </member>
    <member name="M:System.Security.Claims.ClaimsIdentity.TryRemoveClaim(System.Security.Claims.Claim)">
      <summary>Attempts to remove a claim from the claims identity.<para>尝试从声明标识中删除声明.</para></summary>
      <param name="claim">The claim to remove.<para>要删除的声明.</para></param>
      <returns>
        <see langword="true" /> if the claim was successfully removed; otherwise, <see langword="false" />.<para><see langword="true" /> 如果声明已成功删除;否则,<see langword="false" />.</para></returns>
    </member>
    <member name="M:System.Security.Claims.ClaimsIdentity.WriteTo(System.IO.BinaryWriter)">
      <summary>Serializes using a <see cref="T:System.IO.BinaryWriter" />.<para>使用 <see cref="T:System.IO.BinaryWriter" /> 进行序列化.</para></summary>
      <param name="writer">The writer to use for data storage.<para>用于数据存储的编写器.</para></param>
      <exception cref="T:System.ArgumentNullException">
        <paramref name="writer" /> is <see langword="null" />.<para><paramref name="writer" /> 是 <see langword="null" />.</para></exception>
    </member>
    <member name="M:System.Security.Claims.ClaimsIdentity.WriteTo(System.IO.BinaryWriter,System.Byte[])">
      <summary>Serializes using a <see cref="T:System.IO.BinaryWriter" />.<para>使用 <see cref="T:System.IO.BinaryWriter" /> 进行序列化.</para></summary>
      <param name="writer">The writer to use for data storage.<para>用于数据存储的编写器.派生类型提供的</para></param>
      <param name="userData">Additional data provided by the derived type.<para>其他数据.</para></param>
      <exception cref="T:System.ArgumentNullException">
        <paramref name="writer" /> is <see langword="null" />.<para><paramref name="writer" /> 是 <see langword="null" />.</para></exception>
    </member>
    <member name="P:System.Security.Claims.ClaimsIdentity.Actor">
      <summary>Gets or sets the identity of the calling party that was granted delegation rights.<para>获取或设置被授予委派权限的调用方的标识.</para></summary>
      <exception cref="T:System.InvalidOperationException">An attempt was made to set the property to the current instance.

-or-

<see langword="value" /> results in a circular reference back to <see langword="this" />.<para>尝试将属性设置为当前实例. -或- <see langword="value" /> 导致循环引用回 <see langword="this" />.</para></exception>
      <returns>The calling party that was granted delegation rights.<para>被授予委派权限的呼叫方.</para></returns>
    </member>
    <member name="P:System.Security.Claims.ClaimsIdentity.AuthenticationType">
      <summary>Gets the authentication type.<para>获取身份验证类型.</para></summary>
      <returns>The authentication type.<para>身份验证类型.</para></returns>
    </member>
    <member name="P:System.Security.Claims.ClaimsIdentity.BootstrapContext">
      <summary>Gets or sets the token that was used to create this claims identity.<para>获取或设置用于创建此声明标识的令牌.</para></summary>
      <returns>The bootstrap context.<para>引导上下文.</para></returns>
    </member>
    <member name="P:System.Security.Claims.ClaimsIdentity.Claims">
      <summary>Gets the claims associated with this claims identity.<para>获取与此声明标识关联的声明.</para></summary>
      <returns>The collection of claims associated with this claims identity.<para>与此声明标识关联的声明的集合.</para></returns>
    </member>
    <member name="P:System.Security.Claims.ClaimsIdentity.CustomSerializationData">
      <summary>Contains any additional data provided by a derived type. Typically set when calling <see cref="M:System.Security.Claims.ClaimsIdentity.WriteTo(System.IO.BinaryWriter,System.Byte[])" />.<para>包含派生类型提供的任何其他数据.通常在调用 <see cref="M:System.Security.Claims.ClaimsIdentity.WriteTo(System.IO.BinaryWriter,System.Byte[])" /> 时设置.</para></summary>
      <returns>A <see cref="T:System.Byte" /> array representing the additional serialized data.<para>一个 <see cref="T:System.Byte" /> 数组,表示其他序列化数据.</para></returns>
    </member>
    <member name="P:System.Security.Claims.ClaimsIdentity.IsAuthenticated">
      <summary>Gets a value that indicates whether the identity has been authenticated.<para>获取一个值,该值指示标识是否已通过身份验证.</para></summary>
      <returns>
        <see langword="true" /> if the identity has been authenticated; otherwise, <see langword="false" />.<para><see langword="true" /> 如果身份已经过身份验证;否则,<see langword="false" />.</para></returns>
    </member>
    <member name="P:System.Security.Claims.ClaimsIdentity.Label">
      <summary>Gets or sets the label for this claims identity.<para>获取或设置此声明标识的标签.</para></summary>
      <returns>The label.<para>标签.</para></returns>
    </member>
    <member name="P:System.Security.Claims.ClaimsIdentity.Name">
      <summary>Gets the name of this claims identity.<para>获取此声明标识的名称.</para></summary>
      <returns>The name or <see langword="null" />.<para>名称或 <see langword="null" />.</para></returns>
    </member>
    <member name="P:System.Security.Claims.ClaimsIdentity.NameClaimType">
      <summary>Gets the claim type that is used to determine which claims provide the value for the <see cref="P:System.Security.Claims.ClaimsIdentity.Name" /> property of this claims identity.<para>获取用于确定哪些声明提供此声明标识的 <see cref="P:System.Security.Claims.ClaimsIdentity.Name" /> 属性的值的声明类型.</para></summary>
      <returns>The name claim type.<para>名称声明类型.</para></returns>
    </member>
    <member name="P:System.Security.Claims.ClaimsIdentity.RoleClaimType">
      <summary>Gets the claim type that will be interpreted as a .NET role among the claims in this claims identity.<para>获取将解释为此声明标识中的声明中的 .net 角色的声明类型.</para></summary>
      <returns>The role claim type.<para>角色声明类型.</para></returns>
    </member>
    <member name="T:System.Security.Claims.ClaimsPrincipal">
      <summary>An <see cref="T:System.Security.Principal.IPrincipal" /> implementation that supports multiple claims-based identities.<para>支持多个基于声明的标识的 <see cref="T:System.Security.Principal.IPrincipal" /> 实现.</para></summary>
    </member>
    <member name="M:System.Security.Claims.ClaimsPrincipal.#ctor">
      <summary>Initializes a new instance of the <see cref="T:System.Security.Claims.ClaimsPrincipal" /> class.<para>初始化 <see cref="T:System.Security.Claims.ClaimsPrincipal" /> 类的新实例.</para></summary>
    </member>
    <member name="M:System.Security.Claims.ClaimsPrincipal.#ctor(System.Collections.Generic.IEnumerable{System.Security.Claims.ClaimsIdentity})">
      <summary>Initializes a new instance of the <see cref="T:System.Security.Claims.ClaimsPrincipal" /> class using the specified claims identities.<para>使用指定的声明标识初始化 <see cref="T:System.Security.Claims.ClaimsPrincipal" /> 类的新实例.</para></summary>
      <param name="identities">The identities from which to initialize the new claims principal.<para>要从中初始化新声明主体的标识.</para></param>
      <exception cref="T:System.ArgumentNullException">
        <paramref name="identities" /> is <see langword="null" />.<para><paramref name="identities" /> 是 <see langword="null" />.</para></exception>
    </member>
    <member name="M:System.Security.Claims.ClaimsPrincipal.#ctor(System.IO.BinaryReader)">
      <summary>Initializes an instance of <see cref="T:System.Security.Claims.ClaimsPrincipal" /> with the specified <see cref="T:System.IO.BinaryReader" />.<para>使用指定的 <see cref="T:System.IO.BinaryReader" /> 初始化 <see cref="T:System.Security.Claims.ClaimsPrincipal" /> 的实例.</para></summary>
      <param name="reader">A <see cref="T:System.IO.BinaryReader" /> pointing to a <see cref="T:System.Security.Claims.ClaimsPrincipal" />.<para>a <see cref="T:System.IO.BinaryReader" /> 指向 <see cref="T:System.Security.Claims.ClaimsPrincipal" />.</para></param>
      <exception cref="T:System.ArgumentNullException">
        <paramref name="reader" /> is <see langword="null" />.<para><paramref name="reader" /> 是 <see langword="null" />.</para></exception>
    </member>
    <member name="M:System.Security.Claims.ClaimsPrincipal.#ctor(System.Runtime.Serialization.SerializationInfo,System.Runtime.Serialization.StreamingContext)">
      <summary>Initializes a new instance of the <see cref="T:System.Security.Claims.ClaimsPrincipal" /> class from a serialized stream created by using <see cref="T:System.Runtime.Serialization.ISerializable" />.<para>从使用 <see cref="T:System.Runtime.Serialization.ISerializable" /> 创建的序列化流初始化 <see cref="T:System.Security.Claims.ClaimsPrincipal" /> 类的新实例.</para></summary>
      <param name="info">The serialized data.<para>序列化的数据.</para></param>
      <param name="context">The context for serialization.<para>序列化的上下文.</para></param>
      <exception cref="T:System.ArgumentNullException">
        <paramref name="info" /> is null.<para><paramref name="info" /> 为空.</para></exception>
    </member>
    <member name="M:System.Security.Claims.ClaimsPrincipal.#ctor(System.Security.Principal.IIdentity)">
      <summary>Initializes a new instance of the <see cref="T:System.Security.Claims.ClaimsPrincipal" /> class from the specified identity.<para>从指定的标识初始化 <see cref="T:System.Security.Claims.ClaimsPrincipal" /> 类的新实例.</para></summary>
      <param name="identity">The identity from which to initialize the new claims principal.<para>要从中初始化新声明主体的标识.</para></param>
      <exception cref="T:System.ArgumentNullException">
        <paramref name="identity" /> is <see langword="null" />.<para><paramref name="identity" /> 是 <see langword="null" />.</para></exception>
    </member>
    <member name="M:System.Security.Claims.ClaimsPrincipal.#ctor(System.Security.Principal.IPrincipal)">
      <summary>Initializes a new instance of the <see cref="T:System.Security.Claims.ClaimsPrincipal" /> class from the specified principal.<para>从指定的主体初始化 <see cref="T:System.Security.Claims.ClaimsPrincipal" /> 类的新实例.</para></summary>
      <param name="principal">The principal from which to initialize the new claims principal.<para>要从中初始化新声明主体的主体.</para></param>
      <exception cref="T:System.ArgumentNullException">
        <paramref name="principal" /> is <see langword="null" />.<para><paramref name="principal" /> 是 <see langword="null" />.</para></exception>
    </member>
    <member name="M:System.Security.Claims.ClaimsPrincipal.AddIdentities(System.Collections.Generic.IEnumerable{System.Security.Claims.ClaimsIdentity})">
      <summary>Adds the specified claims identities to this claims principal.<para>将指定的声明标识添加到此声明主体.</para></summary>
      <param name="identities">The claims identities to add.<para>要添加的声明标识.</para></param>
      <exception cref="T:System.ArgumentNullException">
        <paramref name="identities" /> is <see langword="null" />.<para><paramref name="identities" /> 是 <see langword="null" />.</para></exception>
    </member>
    <member name="M:System.Security.Claims.ClaimsPrincipal.AddIdentity(System.Security.Claims.ClaimsIdentity)">
      <summary>Adds the specified claims identity to this claims principal.<para>将指定的声明标识添加到此声明主体.</para></summary>
      <param name="identity">The claims identity to add.<para>要添加的声明标识.</para></param>
      <exception cref="T:System.ArgumentNullException">
        <paramref name="identity" /> is <see langword="null" />.<para><paramref name="identity" /> 是 <see langword="null" />.</para></exception>
    </member>
    <member name="M:System.Security.Claims.ClaimsPrincipal.Clone">
      <summary>Returns a copy of this instance.<para>返回此实例的副本.</para></summary>
      <returns>A new copy of the <see cref="T:System.Security.Claims.ClaimsPrincipal" /> object.<para><see cref="T:System.Security.Claims.ClaimsPrincipal" /> 对象的新副本.</para></returns>
    </member>
    <member name="M:System.Security.Claims.ClaimsPrincipal.CreateClaimsIdentity(System.IO.BinaryReader)">
      <summary>Creates a new claims identity.<para>创建新的声明标识.</para></summary>
      <param name="reader">The binary reader.<para>二进制读取器.</para></param>
      <exception cref="T:System.ArgumentNullException">
        <paramref name="reader" /> is <see langword="null" />.<para><paramref name="reader" /> 是 <see langword="null" />.</para></exception>
      <returns>The created claims identity.<para>创建的声明标识.</para></returns>
    </member>
    <member name="M:System.Security.Claims.ClaimsPrincipal.FindAll(System.Predicate{System.Security.Claims.Claim})">
      <summary>Retrieves all of the claims that are matched by the specified predicate.<para>检索与指定谓词匹配的所有声明.</para></summary>
      <param name="match">The function that performs the matching logic.<para>执行匹配逻辑的函数.</para></param>
      <exception cref="T:System.ArgumentNullException">
        <paramref name="match" /> is <see langword="null" />.<para><paramref name="match" /> 是 <see langword="null" />.</para></exception>
      <returns>The matching claims.<para>匹配的声明.</para></returns>
    </member>
    <member name="M:System.Security.Claims.ClaimsPrincipal.FindAll(System.String)">
      <summary>Retrieves all or the claims that have the specified claim type.<para>检索具有指定声明类型的所有声明或声明.</para></summary>
      <param name="type">The claim type against which to match claims.<para>要与之匹配声明的声明类型.</para></param>
      <exception cref="T:System.ArgumentNullException">
        <paramref name="type" /> is <see langword="null" />.<para><paramref name="type" /> 是 <see langword="null" />.</para></exception>
      <returns>The matching claims.<para>匹配的声明.</para></returns>
    </member>
    <member name="M:System.Security.Claims.ClaimsPrincipal.FindFirst(System.Predicate{System.Security.Claims.Claim})">
      <summary>Retrieves the first claim that is matched by the specified predicate.<para>检索与指定谓词匹配的第一个声明.</para></summary>
      <param name="match">The function that performs the matching logic.<para>执行匹配逻辑的函数.</para></param>
      <exception cref="T:System.ArgumentNullException">
        <paramref name="match" /> is <see langword="null" />.<para><paramref name="match" /> 是 <see langword="null" />.</para></exception>
      <returns>The first matching claim or <see langword="null" /> if no match is found.<para>第一个匹配声明或 <see langword="null" />（如果未找到匹配项）.</para></returns>
    </member>
    <member name="M:System.Security.Claims.ClaimsPrincipal.FindFirst(System.String)">
      <summary>Retrieves the first claim with the specified claim type.<para>检索具有指定声明类型的第一个声明.</para></summary>
      <param name="type">The claim type to match.<para>要匹配的声明类型.</para></param>
      <exception cref="T:System.ArgumentNullException">
        <paramref name="type" /> is <see langword="null" />.<para><paramref name="type" /> 是 <see langword="null" />.</para></exception>
      <returns>The first matching claim or <see langword="null" /> if no match is found.<para>第一个匹配声明或 <see langword="null" />（如果未找到匹配项）.</para></returns>
    </member>
    <member name="M:System.Security.Claims.ClaimsPrincipal.GetObjectData(System.Runtime.Serialization.SerializationInfo,System.Runtime.Serialization.StreamingContext)">
      <summary>Populates the <see cref="T:System.Runtime.Serialization.SerializationInfo" /> with data needed to serialize the current <see cref="T:System.Security.Claims.ClaimsPrincipal" /> object.<para>使用序列化当前 <see cref="T:System.Security.Claims.ClaimsPrincipal" /> 对象所需的数据填充 <see cref="T:System.Runtime.Serialization.SerializationInfo" />.</para></summary>
      <param name="info">The object to populate with data.<para>要用数据填充的对象.</para></param>
      <param name="context">The destination for this serialization. Can be <see langword="null" />.<para>此序列化的目标.可以是 <see langword="null" />.</para></param>
      <exception cref="T:System.ArgumentNullException">
        <paramref name="info" /> is <see langword="null" />.<para><paramref name="info" /> 是 <see langword="null" />.</para></exception>
    </member>
    <member name="M:System.Security.Claims.ClaimsPrincipal.HasClaim(System.Predicate{System.Security.Claims.Claim})">
      <summary>Determines whether any of the claims identities associated with this claims principal contains a claim that is matched by the specified predicate.<para>确定与此声明主体关联的任何声明标识是否包含与指定谓词匹配的声明.</para></summary>
      <param name="match">The function that performs the matching logic.<para>执行匹配逻辑的函数.</para></param>
      <exception cref="T:System.ArgumentNullException">
        <paramref name="match" /> is <see langword="null" />.<para><paramref name="match" /> 是 <see langword="null" />.</para></exception>
      <returns>
        <see langword="true" /> if a matching claim exists; otherwise, <see langword="false" />.<para><see langword="true" /> 如果存在匹配的声明;否则,<see langword="false" />.</para></returns>
    </member>
    <member name="M:System.Security.Claims.ClaimsPrincipal.HasClaim(System.String,System.String)">
      <summary>Determines whether any of the claims identities associated with this claims principal contains a claim with the specified claim type and value.<para>确定与此声明主体关联的任何声明标识是否包含具有指定声明类型和值的声明.</para></summary>
      <param name="type">The type of the claim to match.<para>要匹配的声明的类型.</para></param>
      <param name="value">The value of the claim to match.<para>要匹配的声明的值.</para></param>
      <exception cref="T:System.ArgumentNullException">
        <paramref name="type" /> or <paramref name="value" /> is <see langword="null" />.<para><paramref name="type" /> 或 <paramref name="value" /> 是 <see langword="null" />.</para></exception>
      <returns>
        <see langword="true" /> if a matching claim exists; otherwise, <see langword="false" />.<para><see langword="true" /> 如果存在匹配的声明;否则,<see langword="false" />.</para></returns>
    </member>
    <member name="M:System.Security.Claims.ClaimsPrincipal.IsInRole(System.String)">
      <summary>Returns a value that indicates whether the entity (user) represented by this claims principal is in the specified role.<para>返回一个值,该值指示此声明主体表示的实体（用户）是否属于指定角色.</para></summary>
      <param name="role">The role for which to check.<para>要检查的角色.</para></param>
      <returns>
        <see langword="true" /> if claims principal is in the specified role; otherwise, <see langword="false" />.<para><see langword="true" /> 如果声明主体位于指定角色中;否则,<see langword="false" />.</para></returns>
    </member>
    <member name="M:System.Security.Claims.ClaimsPrincipal.WriteTo(System.IO.BinaryWriter)">
      <summary>Serializes using a <see cref="T:System.IO.BinaryWriter" />.<para>使用 <see cref="T:System.IO.BinaryWriter" /> 进行序列化.</para></summary>
      <param name="writer">The writer to use for data storage.<para>用于数据存储的编写器.</para></param>
      <exception cref="T:System.ArgumentNullException">
        <paramref name="writer" /> is <see langword="null" />.<para><paramref name="writer" /> 是 <see langword="null" />.</para></exception>
    </member>
    <member name="M:System.Security.Claims.ClaimsPrincipal.WriteTo(System.IO.BinaryWriter,System.Byte[])">
      <summary>Serializes using a <see cref="T:System.IO.BinaryWriter" />.<para>使用 <see cref="T:System.IO.BinaryWriter" /> 进行序列化.</para></summary>
      <param name="writer">The writer to use for data storage.<para>用于数据存储的编写器.派生类型提供的</para></param>
      <param name="userData">Additional data provided by the derived type.<para>其他数据.</para></param>
      <exception cref="T:System.ArgumentNullException">
        <paramref name="writer" /> is <see langword="null" />.<para><paramref name="writer" /> 是 <see langword="null" />.</para></exception>
    </member>
    <member name="P:System.Security.Claims.ClaimsPrincipal.Claims">
      <summary>Gets a collection that contains all of the claims from all of the claims identities associated with this claims principal.<para>获取一个集合,该集合包含与此声明主体关联的所有声明标识中的所有声明.</para></summary>
      <returns>The claims associated with this principal.<para>与此主体关联的声明.</para></returns>
    </member>
    <member name="P:System.Security.Claims.ClaimsPrincipal.ClaimsPrincipalSelector">
      <summary>Gets or sets the delegate used to select the claims principal returned by the <see cref="P:System.Security.Claims.ClaimsPrincipal.Current" /> property.<para>获取或设置用于选择 <see cref="P:System.Security.Claims.ClaimsPrincipal.Current" /> 属性返回的声明主体的委托.</para></summary>
      <returns>The delegate. The default is <see langword="null" />.<para>代表.默认值为 <see langword="null" />.</para></returns>
    </member>
    <member name="P:System.Security.Claims.ClaimsPrincipal.Current">
      <summary>Gets the current claims principal.<para>获取当前声明主体.</para></summary>
      <returns>The current claims principal.<para>当前声明主体.</para></returns>
    </member>
    <member name="P:System.Security.Claims.ClaimsPrincipal.CustomSerializationData">
      <summary>Contains any additional data provided by a derived type. Typically set when calling <see cref="M:System.Security.Claims.ClaimsIdentity.WriteTo(System.IO.BinaryWriter,System.Byte[])" />.<para>包含派生类型提供的任何其他数据.通常在调用 <see cref="M:System.Security.Claims.ClaimsIdentity.WriteTo(System.IO.BinaryWriter,System.Byte[])" /> 时设置.</para></summary>
      <returns>A <see cref="T:System.Byte" /> array representing the additional serialized data.<para>一个 <see cref="T:System.Byte" /> 数组,表示其他序列化数据.</para></returns>
    </member>
    <member name="P:System.Security.Claims.ClaimsPrincipal.Identities">
      <summary>Gets a collection that contains all of the claims identities associated with this claims principal.<para>获取包含与此声明主体关联的所有声明标识的集合.</para></summary>
      <returns>The collection of claims identities.<para>声明标识的集合.</para></returns>
    </member>
    <member name="P:System.Security.Claims.ClaimsPrincipal.Identity">
      <summary>Gets the primary claims identity associated with this claims principal.<para>获取与此声明主体关联的主声明标识.</para></summary>
      <returns>The primary claims identity associated with this claims principal.<para>与此声明主体关联的主声明标识.</para></returns>
    </member>
    <member name="P:System.Security.Claims.ClaimsPrincipal.PrimaryIdentitySelector">
      <summary>Gets or sets the delegate used to select the claims identity returned by the <see cref="P:System.Security.Claims.ClaimsPrincipal.Identity" /> property.<para>获取或设置用于选择 <see cref="P:System.Security.Claims.ClaimsPrincipal.Identity" /> 属性返回的声明标识的委托.</para></summary>
      <returns>The delegate. The default is <see langword="null" />.<para>代表.默认值为 <see langword="null" />.</para></returns>
    </member>
    <member name="T:System.Security.Claims.ClaimTypes">
      <summary>Defines constants for the well-known claim types that can be assigned to a subject. This class cannot be inherited.<para>为可分配给主题的已知声明类型定义常量.此类不能继承.</para></summary>
    </member>
    <member name="F:System.Security.Claims.ClaimTypes.Actor">
      <summary>The URI for a claim that specifies the actor, <c>http://schemas.xmlsoap.org/ws/2009/09/identity/claims/actor</c>.<para>指定参与者 <c>http://schemas.xmlsoap.org/ws/2009/09/identity/claims/actor</c> 的声明的 uri.</para></summary>
    </member>
    <member name="F:System.Security.Claims.ClaimTypes.Anonymous">
      <summary>The URI for a claim that specifies the anonymous user; <c>http://schemas.xmlsoap.org/ws/2005/05/identity/claims/anonymous</c>.<para>指定匿名用户的声明的 uri;<c>http://schemas.xmlsoap.org/ws/2005/05/identity/claims/anonymous</c>.</para></summary>
    </member>
    <member name="F:System.Security.Claims.ClaimTypes.Authentication">
      <summary>The URI for a claim that specifies details about whether an identity is authenticated, <c>http://schemas.xmlsoap.org/ws/2005/05/identity/claims/authenticated</c>.<para>声明的 uri,用于指定有关标识是否经过身份验证的详细信息 <c>http://schemas.xmlsoap.org/ws/2005/05/identity/claims/authenticated</c>.</para></summary>
    </member>
    <member name="F:System.Security.Claims.ClaimTypes.AuthenticationInstant">
      <summary>The URI for a claim that specifies the instant at which an entity was authenticated; <c>http://schemas.microsoft.com/ws/2008/06/identity/claims/authenticationinstant</c>.<para>声明的 uri,用于指定实体进行身份验证的时刻;<c>http://schemas.microsoft.com/ws/2008/06/identity/claims/authenticationinstant</c>.</para></summary>
    </member>
    <member name="F:System.Security.Claims.ClaimTypes.AuthenticationMethod">
      <summary>The URI for a claim that specifies the method with which an entity was authenticated; <c>http://schemas.microsoft.com/ws/2008/06/identity/claims/authenticationmethod</c>.<para>声明的 uri,用于指定对实体进行身份验证的方法;<c>http://schemas.microsoft.com/ws/2008/06/identity/claims/authenticationmethod</c>.</para></summary>
    </member>
    <member name="F:System.Security.Claims.ClaimTypes.AuthorizationDecision">
      <summary>The URI for a claim that specifies an authorization decision on an entity; <c>http://schemas.xmlsoap.org/ws/2005/05/identity/claims/authorizationdecision</c>.<para>指定对实体的授权决策的声明的 uri;<c>http://schemas.xmlsoap.org/ws/2005/05/identity/claims/authorizationdecision</c>.</para></summary>
    </member>
    <member name="F:System.Security.Claims.ClaimTypes.CookiePath">
      <summary>The URI for a claim that specifies the cookie path; <c>http://schemas.microsoft.com/ws/2008/06/identity/claims/cookiepath</c>.<para>指定 cookie 路径的声明的 uri;<c>http://schemas.microsoft.com/ws/2008/06/identity/claims/cookiepath</c>.</para></summary>
    </member>
    <member name="F:System.Security.Claims.ClaimTypes.Country">
      <summary>The URI for a claim that specifies the country/region in which an entity resides, <c>http://schemas.xmlsoap.org/ws/2005/05/identity/claims/country</c>.<para>指定实体所在的国家/地区的声明的 uri,<c>http://schemas.xmlsoap.org/ws/2005/05/identity/claims/country</c>.</para></summary>
    </member>
    <member name="F:System.Security.Claims.ClaimTypes.DateOfBirth">
      <summary>The URI for a claim that specifies the date of birth of an entity, <c>http://schemas.xmlsoap.org/ws/2005/05/identity/claims/dateofbirth</c>.<para>指定实体 <c>http://schemas.xmlsoap.org/ws/2005/05/identity/claims/dateofbirth</c> 出生日期的声明的 uri.</para></summary>
    </member>
    <member name="F:System.Security.Claims.ClaimTypes.DenyOnlyPrimaryGroupSid">
      <summary>The URI for a claim that specifies the deny-only primary group SID on an entity; <c>http://schemas.microsoft.com/ws/2008/06/identity/claims/denyonlyprimarygroupsid</c>. A deny-only SID denies the specified entity to a securable object.<para>在实体上指定仅拒绝主组 sid 的声明的 uri;<c>http://schemas.microsoft.com/ws/2008/06/identity/claims/denyonlyprimarygroupsid</c>.仅拒绝 sid 拒绝安全对象的指定实体.</para></summary>
    </member>
    <member name="F:System.Security.Claims.ClaimTypes.DenyOnlyPrimarySid">
      <summary>The URI for a claim that specifies the deny-only primary SID on an entity; <c>http://schemas.microsoft.com/ws/2008/06/identity/claims/denyonlyprimarysid</c>. A deny-only SID denies the specified entity to a securable object.<para>声明的 uri,用于指定实体上的仅拒绝主 sid;<c>http://schemas.microsoft.com/ws/2008/06/identity/claims/denyonlyprimarysid</c>.仅拒绝 sid 拒绝安全对象的指定实体.</para></summary>
    </member>
    <member name="F:System.Security.Claims.ClaimTypes.DenyOnlySid">
      <summary>The URI for a claim that specifies a deny-only security identifier (SID) for an entity, <c>http://schemas.xmlsoap.org/ws/2005/05/identity/claims/denyonlysid</c>. A deny-only SID denies the specified entity to a securable object.<para>为实体 <c>http://schemas.xmlsoap.org/ws/2005/05/identity/claims/denyonlysid</c> 指定仅拒绝安全标识符 （sid） 的声明的 uri.仅拒绝 sid 拒绝安全对象的指定实体.</para></summary>
    </member>
    <member name="F:System.Security.Claims.ClaimTypes.DenyOnlyWindowsDeviceGroup">
      <summary>The URI for a claim that specifies the Windows deny-only group SID of the device, <c>http://schemas.microsoft.com/ws/2008/06/identity/claims/denyonlywindowsdevicegroup</c>.<para>指定设备的仅 windows 拒绝组 sid 的声明的 uri,<c>http://schemas.microsoft.com/ws/2008/06/identity/claims/denyonlywindowsdevicegroup</c>.</para></summary>
    </member>
    <member name="F:System.Security.Claims.ClaimTypes.Dns">
      <summary>The URI for a claim that specifies the DNS name associated with the computer name or with the alternative name of either the subject or issuer of an X.509 certificate, <c>http://schemas.xmlsoap.org/ws/2005/05/identity/claims/dns</c>.<para>声明的 uri,该声明指定与计算机名称关联的 dns 名称或与 x.509 证书的使用者或颁发者的备用名称 <c>http://schemas.xmlsoap.org/ws/2005/05/identity/claims/dns</c> 关联的 dns.</para></summary>
    </member>
    <member name="F:System.Security.Claims.ClaimTypes.Dsa">
      <summary>
        <c>http://schemas.microsoft.com/ws/2008/06/identity/claims/dsa</c>.<para><c>http://schemas.microsoft.com/ws/2008/06/identity/claims/dsa</c>.</para></summary>
    </member>
    <member name="F:System.Security.Claims.ClaimTypes.Email">
      <summary>The URI for a claim that specifies the email address of an entity, <c>http://schemas.xmlsoap.org/ws/2005/05/identity/claims/emailaddress</c>.<para>指定实体 <c>http://schemas.xmlsoap.org/ws/2005/05/identity/claims/emailaddress</c> 的电子邮件地址的声明的 uri.</para></summary>
    </member>
    <member name="F:System.Security.Claims.ClaimTypes.Expiration">
      <summary>
        <c>http://schemas.microsoft.com/ws/2008/06/identity/claims/expiration</c>.<para><c>http://schemas.microsoft.com/ws/2008/06/identity/claims/expiration</c>.</para></summary>
    </member>
    <member name="F:System.Security.Claims.ClaimTypes.Expired">
      <summary>
        <c>http://schemas.microsoft.com/ws/2008/06/identity/claims/expired</c>.<para><c>http://schemas.microsoft.com/ws/2008/06/identity/claims/expired</c>.</para></summary>
    </member>
    <member name="F:System.Security.Claims.ClaimTypes.Gender">
      <summary>The URI for a claim that specifies the gender of an entity, <c>http://schemas.xmlsoap.org/ws/2005/05/identity/claims/gender</c>.<para>指定实体性别的声明的 uri,<c>http://schemas.xmlsoap.org/ws/2005/05/identity/claims/gender</c>.</para></summary>
    </member>
    <member name="F:System.Security.Claims.ClaimTypes.GivenName">
      <summary>The URI for a claim that specifies the given name of an entity, <c>http://schemas.xmlsoap.org/ws/2005/05/identity/claims/givenname</c>.<para>指定实体给定名称 <c>http://schemas.xmlsoap.org/ws/2005/05/identity/claims/givenname</c> 的声明的 uri.</para></summary>
    </member>
    <member name="F:System.Security.Claims.ClaimTypes.GroupSid">
      <summary>The URI for a claim that specifies the SID for the group of an entity, <c>http://schemas.microsoft.com/ws/2008/06/identity/claims/groupsid</c>.<para>声明的 uri,该声明指定实体组 <c>http://schemas.microsoft.com/ws/2008/06/identity/claims/groupsid</c> 的 sid.</para></summary>
    </member>
    <member name="F:System.Security.Claims.ClaimTypes.Hash">
      <summary>The URI for a claim that specifies a hash value, <c>http://schemas.xmlsoap.org/ws/2005/05/identity/claims/hash</c>.<para>指定哈希值 <c>http://schemas.xmlsoap.org/ws/2005/05/identity/claims/hash</c> 的声明的 uri.</para></summary>
    </member>
    <member name="F:System.Security.Claims.ClaimTypes.HomePhone">
      <summary>The URI for a claim that specifies the home phone number of an entity, <c>http://schemas.xmlsoap.org/ws/2005/05/identity/claims/homephone</c>.<para>指定实体的家庭电话号码 <c>http://schemas.xmlsoap.org/ws/2005/05/identity/claims/homephone</c> 的声明的 uri.</para></summary>
    </member>
    <member name="F:System.Security.Claims.ClaimTypes.IsPersistent">
      <summary>
        <c>http://schemas.microsoft.com/ws/2008/06/identity/claims/ispersistent</c>.<para><c>http://schemas.microsoft.com/ws/2008/06/identity/claims/ispersistent</c>.</para></summary>
    </member>
    <member name="F:System.Security.Claims.ClaimTypes.Locality">
      <summary>The URI for a claim that specifies the locale in which an entity resides, <c>http://schemas.xmlsoap.org/ws/2005/05/identity/claims/locality</c>.<para>指定实体所在的区域设置 <c>http://schemas.xmlsoap.org/ws/2005/05/identity/claims/locality</c> 的声明的 uri.</para></summary>
    </member>
    <member name="F:System.Security.Claims.ClaimTypes.MobilePhone">
      <summary>The URI for a claim that specifies the mobile phone number of an entity, <c>http://schemas.xmlsoap.org/ws/2005/05/identity/claims/mobilephone</c>.<para>指定实体 <c>http://schemas.xmlsoap.org/ws/2005/05/identity/claims/mobilephone</c> 的移动电话号码的声明的 uri.</para></summary>
    </member>
    <member name="F:System.Security.Claims.ClaimTypes.Name">
      <summary>The URI for a claim that specifies the name of an entity, <c>http://schemas.xmlsoap.org/ws/2005/05/identity/claims/name</c>.<para>指定实体名称 <c>http://schemas.xmlsoap.org/ws/2005/05/identity/claims/name</c> 的声明的 uri.</para></summary>
    </member>
    <member name="F:System.Security.Claims.ClaimTypes.NameIdentifier">
      <summary>The URI for a claim that specifies the name of an entity, <c>http://schemas.xmlsoap.org/ws/2005/05/identity/claims/nameidentifier</c>.<para>指定实体名称 <c>http://schemas.xmlsoap.org/ws/2005/05/identity/claims/nameidentifier</c> 的声明的 uri.</para></summary>
    </member>
    <member name="F:System.Security.Claims.ClaimTypes.OtherPhone">
      <summary>The URI for a claim that specifies the alternative phone number of an entity, <c>http://schemas.xmlsoap.org/ws/2005/05/identity/claims/otherphone</c>.<para>指定实体的备用电话号码 <c>http://schemas.xmlsoap.org/ws/2005/05/identity/claims/otherphone</c> 的声明的 uri.</para></summary>
    </member>
    <member name="F:System.Security.Claims.ClaimTypes.PostalCode">
      <summary>The URI for a claim that specifies the postal code of an entity, <c>http://schemas.xmlsoap.org/ws/2005/05/identity/claims/postalcode</c>.<para>指定实体 <c>http://schemas.xmlsoap.org/ws/2005/05/identity/claims/postalcode</c> 邮政编码的声明的 uri.</para></summary>
    </member>
    <member name="F:System.Security.Claims.ClaimTypes.PrimaryGroupSid">
      <summary>The URI for a claim that specifies the primary group SID of an entity, <c>http://schemas.microsoft.com/ws/2008/06/identity/claims/primarygroupsid</c>.<para>指定实体的主组 sid <c>http://schemas.microsoft.com/ws/2008/06/identity/claims/primarygroupsid</c> 的声明的 uri.</para></summary>
    </member>
    <member name="F:System.Security.Claims.ClaimTypes.PrimarySid">
      <summary>The URI for a claim that specifies the primary SID of an entity, <c>http://schemas.microsoft.com/ws/2008/06/identity/claims/primarysid</c>.<para>指定实体的主 sid <c>http://schemas.microsoft.com/ws/2008/06/identity/claims/primarysid</c> 的声明的 uri.</para></summary>
    </member>
    <member name="F:System.Security.Claims.ClaimTypes.Role">
      <summary>The URI for a claim that specifies the role of an entity, <c>http://schemas.microsoft.com/ws/2008/06/identity/claims/role</c>.<para>指定实体角色 <c>http://schemas.microsoft.com/ws/2008/06/identity/claims/role</c> 的声明的 uri.</para></summary>
    </member>
    <member name="F:System.Security.Claims.ClaimTypes.Rsa">
      <summary>The URI for a claim that specifies an RSA key, <c>http://schemas.xmlsoap.org/ws/2005/05/identity/claims/rsa</c>.<para>指定 rsa 密钥 <c>http://schemas.xmlsoap.org/ws/2005/05/identity/claims/rsa</c> 的声明的 uri.</para></summary>
    </member>
    <member name="F:System.Security.Claims.ClaimTypes.SerialNumber">
      <summary>The URI for a claim that specifies a serial number, <c>http://schemas.microsoft.com/ws/2008/06/identity/claims/serialnumber</c>.<para>指定序列号 <c>http://schemas.microsoft.com/ws/2008/06/identity/claims/serialnumber</c> 的声明的 uri.</para></summary>
    </member>
    <member name="F:System.Security.Claims.ClaimTypes.Sid">
      <summary>The URI for a claim that specifies a security identifier (SID), <c>http://schemas.xmlsoap.org/ws/2005/05/identity/claims/sid</c>.<para>指定安全标识符 （sid） 的声明的 uri,<c>http://schemas.xmlsoap.org/ws/2005/05/identity/claims/sid</c>.</para></summary>
    </member>
    <member name="F:System.Security.Claims.ClaimTypes.Spn">
      <summary>The URI for a claim that specifies a service principal name (SPN) claim, <c>http://schemas.xmlsoap.org/ws/2005/05/identity/claims/spn</c>.<para>指定服务主体名称 （spn） 声明 <c>http://schemas.xmlsoap.org/ws/2005/05/identity/claims/spn</c> 的声明的 uri.</para></summary>
    </member>
    <member name="F:System.Security.Claims.ClaimTypes.StateOrProvince">
      <summary>The URI for a claim that specifies the state or province in which an entity resides, <c>http://schemas.xmlsoap.org/ws/2005/05/identity/claims/stateorprovince</c>.<para>指定实体所在的州或省的声明的 uri,<c>http://schemas.xmlsoap.org/ws/2005/05/identity/claims/stateorprovince</c>.</para></summary>
    </member>
    <member name="F:System.Security.Claims.ClaimTypes.StreetAddress">
      <summary>The URI for a claim that specifies the street address of an entity, <c>http://schemas.xmlsoap.org/ws/2005/05/identity/claims/streetaddress</c>.<para>指定实体 <c>http://schemas.xmlsoap.org/ws/2005/05/identity/claims/streetaddress</c> 的街道地址的声明的 uri.</para></summary>
    </member>
    <member name="F:System.Security.Claims.ClaimTypes.Surname">
      <summary>The URI for a claim that specifies the surname of an entity, <c>http://schemas.xmlsoap.org/ws/2005/05/identity/claims/surname</c>.<para>指定实体姓氏 <c>http://schemas.xmlsoap.org/ws/2005/05/identity/claims/surname</c> 的声明的 uri.</para></summary>
    </member>
    <member name="F:System.Security.Claims.ClaimTypes.System">
      <summary>The URI for a claim that identifies the system entity, <c>http://schemas.xmlsoap.org/ws/2005/05/identity/claims/system</c>.<para>标识系统实体 <c>http://schemas.xmlsoap.org/ws/2005/05/identity/claims/system</c> 的声明的 uri.</para></summary>
    </member>
    <member name="F:System.Security.Claims.ClaimTypes.Thumbprint">
      <summary>The URI for a claim that specifies a thumbprint, <c>http://schemas.xmlsoap.org/ws/2005/05/identity/claims/thumbprint</c>. A thumbprint is a globally unique SHA-1 hash of an X.509 certificate.<para>指定指纹的声明的 uri,<c>http://schemas.xmlsoap.org/ws/2005/05/identity/claims/thumbprint</c>.指纹是 x.1 证书的全局唯一 sha-509 哈希.</para></summary>
    </member>
    <member name="F:System.Security.Claims.ClaimTypes.Upn">
      <summary>The URI for a claim that specifies a user principal name (UPN), <c>http://schemas.xmlsoap.org/ws/2005/05/identity/claims/upn</c>.<para>指定用户主体名称 （upn） <c>http://schemas.xmlsoap.org/ws/2005/05/identity/claims/upn</c> 的声明的 uri.</para></summary>
    </member>
    <member name="F:System.Security.Claims.ClaimTypes.Uri">
      <summary>The URI for a claim that specifies a URI, <c>http://schemas.xmlsoap.org/ws/2005/05/identity/claims/uri</c>.<para>指定 uri 的声明的 uri,<c>http://schemas.xmlsoap.org/ws/2005/05/identity/claims/uri</c>.</para></summary>
    </member>
    <member name="F:System.Security.Claims.ClaimTypes.UserData">
      <summary>The URI for a claim that specifies the user data, <c>http://schemas.microsoft.com/ws/2008/06/identity/claims/userdata</c>.<para>指定用户数据的声明的 uri,<c>http://schemas.microsoft.com/ws/2008/06/identity/claims/userdata</c>.</para></summary>
    </member>
    <member name="F:System.Security.Claims.ClaimTypes.Version">
      <summary>The URI for a claim that specifies the version, <c>http://schemas.microsoft.com/ws/2008/06/identity/claims/version</c>.<para>指定版本 <c>http://schemas.microsoft.com/ws/2008/06/identity/claims/version</c> 的声明的 uri.</para></summary>
    </member>
    <member name="F:System.Security.Claims.ClaimTypes.Webpage">
      <summary>The URI for a claim that specifies the webpage of an entity, <c>http://schemas.xmlsoap.org/ws/2005/05/identity/claims/webpage</c>.<para>指定实体网页 <c>http://schemas.xmlsoap.org/ws/2005/05/identity/claims/webpage</c> 的声明的 uri.</para></summary>
    </member>
    <member name="F:System.Security.Claims.ClaimTypes.WindowsAccountName">
      <summary>The URI for a claim that specifies the Windows domain account name of an entity, <c>http://schemas.microsoft.com/ws/2008/06/identity/claims/windowsaccountname</c>.<para>指定实体的 windows 域帐户名称 <c>http://schemas.microsoft.com/ws/2008/06/identity/claims/windowsaccountname</c> 的声明的 uri.</para></summary>
    </member>
    <member name="F:System.Security.Claims.ClaimTypes.WindowsDeviceClaim">
      <summary>
        <c>http://schemas.microsoft.com/ws/2008/06/identity/claims/windowsdeviceclaim</c>.<para><c>http://schemas.microsoft.com/ws/2008/06/identity/claims/windowsdeviceclaim</c>.</para></summary>
    </member>
    <member name="F:System.Security.Claims.ClaimTypes.WindowsDeviceGroup">
      <summary>The URI for a claim that specifies the Windows group SID of the device, <c>http://schemas.microsoft.com/ws/2008/06/identity/claims/windowsdevicegroup</c>.<para>指定设备的 windows 组 sid <c>http://schemas.microsoft.com/ws/2008/06/identity/claims/windowsdevicegroup</c> 的声明的 uri.</para></summary>
    </member>
    <member name="F:System.Security.Claims.ClaimTypes.WindowsFqbnVersion">
      <summary>
        <c>http://schemas.microsoft.com/ws/2008/06/identity/claims/windowsfqbnversion</c>.<para><c>http://schemas.microsoft.com/ws/2008/06/identity/claims/windowsfqbnversion</c>.</para></summary>
    </member>
    <member name="F:System.Security.Claims.ClaimTypes.WindowsSubAuthority">
      <summary>
        <c>http://schemas.microsoft.com/ws/2008/06/identity/claims/windowssubauthority</c>.<para><c>http://schemas.microsoft.com/ws/2008/06/identity/claims/windowssubauthority</c>.</para></summary>
    </member>
    <member name="F:System.Security.Claims.ClaimTypes.WindowsUserClaim">
      <summary>
        <c>http://schemas.microsoft.com/ws/2008/06/identity/claims/windowsuserclaim</c>.<para><c>http://schemas.microsoft.com/ws/2008/06/identity/claims/windowsuserclaim</c>.</para></summary>
    </member>
    <member name="F:System.Security.Claims.ClaimTypes.X500DistinguishedName">
      <summary>The URI for an X.500 distinguished name claim, such as the subject of an X.509 Public Key Certificate or an entry identifier in a directory services Directory Information Tree; <c>http://schemas.xmlsoap.org/ws/2005/05/identity/claims/x500distinguishedname</c>.<para>x.500 可分辨名称声明的 uri,例如 x.509 公钥证书的主题或目录服务目录信息树中的条目标识符;<c>http://schemas.xmlsoap.org/ws/2005/05/identity/claims/x500distinguishedname</c>.</para></summary>
    </member>
    <member name="T:System.Security.Claims.ClaimValueTypes">
      <summary>Defines claim value types according to the type URIs defined by W3C and OASIS. This class cannot be inherited.<para>根据 w3c 和 oasis 定义的类型 uri 定义声明值类型.此类不能继承.</para></summary>
    </member>
    <member name="F:System.Security.Claims.ClaimValueTypes.Base64Binary">
      <summary>A URI that represents the <see langword="base64Binary" /> XML data type.<para>表示 <see langword="base64Binary" /> xml 数据类型的 uri.</para></summary>
    </member>
    <member name="F:System.Security.Claims.ClaimValueTypes.Base64Octet">
      <summary>A URI that represents the <see langword="base64Octet" /> XML data type.<para>表示 <see langword="base64Octet" /> xml 数据类型的 uri.</para></summary>
    </member>
    <member name="F:System.Security.Claims.ClaimValueTypes.Boolean">
      <summary>A URI that represents the <see langword="boolean" /> XML data type.<para>表示 <see langword="boolean" /> xml 数据类型的 uri.</para></summary>
    </member>
    <member name="F:System.Security.Claims.ClaimValueTypes.Date">
      <summary>A URI that represents the <see langword="date" /> XML data type.<para>表示 <see langword="date" /> xml 数据类型的 uri.</para></summary>
    </member>
    <member name="F:System.Security.Claims.ClaimValueTypes.DateTime">
      <summary>A URI that represents the <see langword="dateTime" /> XML data type.<para>表示 <see langword="dateTime" /> xml 数据类型的 uri.</para></summary>
    </member>
    <member name="F:System.Security.Claims.ClaimValueTypes.DaytimeDuration">
      <summary>A URI that represents the <see langword="daytimeDuration" /> XQuery data type.<para>表示 <see langword="daytimeDuration" /> xquery 数据类型的 uri.</para></summary>
    </member>
    <member name="F:System.Security.Claims.ClaimValueTypes.DnsName">
      <summary>A URI that represents the <see langword="dns" /> SOAP data type.<para>表示 <see langword="dns" /> soap 数据类型的 uri.</para></summary>
    </member>
    <member name="F:System.Security.Claims.ClaimValueTypes.Double">
      <summary>A URI that represents the <see langword="double" /> XML data type.<para>表示 <see langword="double" /> xml 数据类型的 uri.</para></summary>
    </member>
    <member name="F:System.Security.Claims.ClaimValueTypes.DsaKeyValue">
      <summary>A URI that represents the <see langword="DSAKeyValue" /> XML Signature data type.<para>表示 <see langword="dsakeyvalue" /> xml 签名数据类型.</para></summary>
    </member>
    <member name="F:System.Security.Claims.ClaimValueTypes.Email">
      <summary>A URI that represents the <see langword="emailaddress" /> SOAP data type.<para>表示 <see langword="emailaddress" /> soap 数据类型的 uri.</para></summary>
    </member>
    <member name="F:System.Security.Claims.ClaimValueTypes.Fqbn">
      <summary>A URI that represents the <see langword="fqbn" /> XML data type.<para>表示 <see langword="fqbn" /> xml 数据类型的 uri.</para></summary>
    </member>
    <member name="F:System.Security.Claims.ClaimValueTypes.HexBinary">
      <summary>A URI that represents the <see langword="hexBinary" /> XML data type.<para>表示 <see langword="hexBinary" /> xml 数据类型的 uri.</para></summary>
    </member>
    <member name="F:System.Security.Claims.ClaimValueTypes.Integer">
      <summary>A URI that represents the <see langword="integer" /> XML data type.<para>表示 <see langword="integer" /> xml 数据类型的 uri.</para></summary>
    </member>
    <member name="F:System.Security.Claims.ClaimValueTypes.Integer32">
      <summary>A URI that represents the <see langword="integer32" /> XML data type.<para>表示 <see langword="integer32" /> xml 数据类型的 uri.</para></summary>
    </member>
    <member name="F:System.Security.Claims.ClaimValueTypes.Integer64">
      <summary>A URI that represents the <see langword="integer64" /> XML data type.<para>表示 <see langword="integer64" /> xml 数据类型的 uri.</para></summary>
    </member>
    <member name="F:System.Security.Claims.ClaimValueTypes.KeyInfo">
      <summary>A URI that represents the <see langword="KeyInfo" /> XML Signature data type.<para>表示 <see langword="KeyInfo" /> xml 签名数据类型的 uri.</para></summary>
    </member>
    <member name="F:System.Security.Claims.ClaimValueTypes.Rfc822Name">
      <summary>A URI that represents the <see langword="rfc822Name" /> XACML 1.0 data type.<para>表示 <see langword="rfc822Name" /> xacml 1.0 数据类型的 uri.</para></summary>
    </member>
    <member name="F:System.Security.Claims.ClaimValueTypes.Rsa">
      <summary>A URI that represents the <see langword="rsa" /> SOAP data type.<para>表示 <see langword="rsa" /> soap 数据类型的 uri.</para></summary>
    </member>
    <member name="F:System.Security.Claims.ClaimValueTypes.RsaKeyValue">
      <summary>A URI that represents the <see langword="RSAKeyValue" /> XML Signature data type.<para>表示 <see langword="rsakeyvalue" /> xml 签名数据类型.</para></summary>
    </member>
    <member name="F:System.Security.Claims.ClaimValueTypes.Sid">
      <summary>A URI that represents the <see langword="sid" /> XML data type.<para>表示 <see langword="sid" /> xml 数据类型的 uri.</para></summary>
    </member>
    <member name="F:System.Security.Claims.ClaimValueTypes.String">
      <summary>A URI that represents the <see langword="string" /> XML data type.<para>表示 <see langword="string" /> xml 数据类型的 uri.</para></summary>
    </member>
    <member name="F:System.Security.Claims.ClaimValueTypes.Time">
      <summary>A URI that represents the <see langword="time" /> XML data type.<para>表示 <see langword="time" /> xml 数据类型的 uri.</para></summary>
    </member>
    <member name="F:System.Security.Claims.ClaimValueTypes.UInteger32">
      <summary>A URI that represents the <see langword="uinteger32" /> XML data type.<para>表示 <see langword="uinteger32" /> xml 数据类型的 uri.</para></summary>
    </member>
    <member name="F:System.Security.Claims.ClaimValueTypes.UInteger64">
      <summary>A URI that represents the <see langword="uinteger64" /> XML data type.<para>表示 <see langword="uinteger64" /> xml 数据类型的 uri.</para></summary>
    </member>
    <member name="F:System.Security.Claims.ClaimValueTypes.UpnName">
      <summary>A URI that represents the <see langword="UPN" /> SOAP data type.<para>表示 <see langword="UPN" /> soap 数据类型的 uri.</para></summary>
    </member>
    <member name="F:System.Security.Claims.ClaimValueTypes.X500Name">
      <summary>A URI that represents the <see langword="x500Name" /> XACML 1.0 data type.<para>表示 <see langword="x500Name" /> xacml 1.0 数据类型的 uri.</para></summary>
    </member>
    <member name="F:System.Security.Claims.ClaimValueTypes.YearMonthDuration">
      <summary>A URI that represents the <see langword="yearMonthDuration" /> XQuery data type.<para>表示 <see langword="yearMonthDuration" /> xquery 数据类型的 uri.</para></summary>
    </member>
    <member name="T:System.Security.Principal.GenericIdentity">
      <summary>Represents a generic user.<para>表示泛型用户.</para></summary>
    </member>
    <member name="M:System.Security.Principal.GenericIdentity.#ctor(System.Security.Principal.GenericIdentity)">
      <summary>Initializes a new instance of the <see cref="T:System.Security.Principal.GenericIdentity" /> class by using the specified <see cref="T:System.Security.Principal.GenericIdentity" /> object.<para>使用指定的 <see cref="T:System.Security.Principal.GenericIdentity" /> 对象初始化 <see cref="T:System.Security.Principal.GenericIdentity" /> 类的新实例.</para></summary>
      <param name="identity">The object from which to construct the new instance of <see cref="T:System.Security.Principal.GenericIdentity" />.<para>要从中构造 <see cref="T:System.Security.Principal.GenericIdentity" /> 的新实例的对象.</para></param>
    </member>
    <member name="M:System.Security.Principal.GenericIdentity.#ctor(System.String)">
      <summary>Initializes a new instance of the <see cref="T:System.Security.Principal.GenericIdentity" /> class representing the user with the specified name.<para>初始化表示具有指定名称的用户的 <see cref="T:System.Security.Principal.GenericIdentity" /> 类的新实例.</para></summary>
      <param name="name">The name of the user on whose behalf the code is running.<para>代表其运行代码的用户的名称.</para></param>
      <exception cref="T:System.ArgumentNullException">The <paramref name="name" /> parameter is <see langword="null" />.<para><paramref name="name" /> 参数是 <see langword="null" />.</para></exception>
    </member>
    <member name="M:System.Security.Principal.GenericIdentity.#ctor(System.String,System.String)">
      <summary>Initializes a new instance of the <see cref="T:System.Security.Principal.GenericIdentity" /> class representing the user with the specified name and authentication type.<para>初始化表示具有指定名称和身份验证类型的用户的 <see cref="T:System.Security.Principal.GenericIdentity" /> 类的新实例.</para></summary>
      <param name="name">The name of the user on whose behalf the code is running.<para>代表其运行代码的用户的名称.</para></param>
      <param name="type">The type of authentication used to identify the user.<para>用于标识用户的身份验证类型.</para></param>
      <exception cref="T:System.ArgumentNullException">The <paramref name="name" /> parameter is <see langword="null" />.  
  
 -or-  
  
 The <paramref name="type" /> parameter is <see langword="null" />.<para><paramref name="name" /> 参数是 <see langword="null" />. -或- <paramref name="type" /> 参数是 <see langword="null" />.</para></exception>
    </member>
    <member name="M:System.Security.Principal.GenericIdentity.Clone">
      <summary>Creates a new object that is a copy of the current instance.<para>创建一个新对象,该对象是当前实例的副本.</para></summary>
      <returns>A copy of the current instance.<para>当前实例的副本.</para></returns>
    </member>
    <member name="P:System.Security.Principal.GenericIdentity.AuthenticationType">
      <summary>Gets the type of authentication used to identify the user.<para>获取用于标识用户的身份验证类型.</para></summary>
      <returns>The type of authentication used to identify the user.<para>用于标识用户的身份验证类型.</para></returns>
    </member>
    <member name="P:System.Security.Principal.GenericIdentity.Claims">
      <summary>Gets all claims for the user represented by this generic identity.<para>获取此泛型标识所表示的用户的所有声明.</para></summary>
      <returns>A collection of claims for this <see cref="T:System.Security.Principal.GenericIdentity" /> object.<para>此 <see cref="T:System.Security.Principal.GenericIdentity" /> 对象的声明集合.</para></returns>
    </member>
    <member name="P:System.Security.Principal.GenericIdentity.IsAuthenticated">
      <summary>Gets a value indicating whether the user has been authenticated.<para>获取一个值,该值指示用户是否已通过身份验证.</para></summary>
      <returns>
        <see langword="true" /> if the user has been authenticated; otherwise, <see langword="false" />.<para><see langword="true" /> 如果用户已通过身份验证;否则,<see langword="false" />.</para></returns>
    </member>
    <member name="P:System.Security.Principal.GenericIdentity.Name">
      <summary>Gets the user's name.<para>获取用户名.</para></summary>
      <returns>The name of the user on whose behalf the code is being run.<para>代表其运行代码的用户的名称.</para></returns>
    </member>
    <member name="T:System.Security.Principal.GenericPrincipal">
      <summary>Represents a generic principal.<para>表示泛型主体.</para></summary>
    </member>
    <member name="M:System.Security.Principal.GenericPrincipal.#ctor(System.Security.Principal.IIdentity,System.String[])">
      <summary>Initializes a new instance of the <see cref="T:System.Security.Principal.GenericPrincipal" /> class from a user identity and an array of role names to which the user represented by that identity belongs.<para>从用户标识和该标识所表示的用户所属的角色名称数组初始化 <see cref="T:System.Security.Principal.GenericPrincipal" /> 类的新实例.</para></summary>
      <param name="identity">A basic implementation of <see cref="T:System.Security.Principal.IIdentity" /> that represents any user.<para>表示任何用户的 <see cref="T:System.Security.Principal.IIdentity" /> 的基本实现.</para></param>
      <param name="roles">An array of role names to which the user represented by the <paramref name="identity" /> parameter belongs.<para>由 <paramref name="identity" /> 参数表示的用户所属的角色名称数组.</para></param>
      <exception cref="T:System.ArgumentNullException">The <paramref name="identity" /> parameter is <see langword="null" />.<para><paramref name="identity" /> 参数是 <see langword="null" />.</para></exception>
    </member>
    <member name="M:System.Security.Principal.GenericPrincipal.IsInRole(System.String)">
      <summary>Determines whether the current <see cref="T:System.Security.Principal.GenericPrincipal" /> belongs to the specified role.<para>确定当前 <see cref="T:System.Security.Principal.GenericPrincipal" /> 是否属于指定角色.</para></summary>
      <param name="role">The name of the role for which to check membership.<para>要检查其成员身份的角色的名称.</para></param>
      <returns>
        <see langword="true" /> if the current <see cref="T:System.Security.Principal.GenericPrincipal" /> is a member of the specified role; otherwise, <see langword="false" />.<para><see langword="true" /> 如果当前 <see cref="T:System.Security.Principal.GenericPrincipal" /> 是指定角色的成员;否则,<see langword="false" />.</para></returns>
    </member>
    <member name="P:System.Security.Principal.GenericPrincipal.Identity">
      <summary>Gets the <see cref="T:System.Security.Principal.GenericIdentity" /> of the user represented by the current <see cref="T:System.Security.Principal.GenericPrincipal" />.<para>获取由当前 <see cref="T:System.Security.Principal.GenericPrincipal" /> 表示的用户的 <see cref="T:System.Security.Principal.GenericIdentity" />.</para></summary>
      <returns>The <see cref="T:System.Security.Principal.GenericIdentity" /> of the user represented by the <see cref="T:System.Security.Principal.GenericPrincipal" />.<para>由 <see cref="T:System.Security.Principal.GenericPrincipal" /> 表示的用户的 <see cref="T:System.Security.Principal.GenericIdentity" />.</para></returns>
    </member>
  </members>
</doc>