﻿<?xml version="1.0" encoding="utf-8"?>
<doc>
  <assembly>
    <name>System.IO.FileSystem.DriveInfo</name>
  </assembly>
  <members>
    <member name="T:System.IO.DriveInfo">
      <summary>Provides access to information on a drive.<para>提供对驱动器上信息的访问.</para></summary>
    </member>
    <member name="M:System.IO.DriveInfo.#ctor(System.String)">
      <summary>Provides access to information on the specified drive.<para>提供对指定驱动器上信息的访问.</para></summary>
      <param name="driveName">A valid drive path or drive letter. This can be either uppercase or lowercase, 'a' to 'z'. A null value is not valid.<para>有效的驱动器路径或驱动器号.这可以是大写或小写,"a"到"z".空值无效.</para></param>
      <exception cref="T:System.ArgumentNullException">The drive letter cannot be <see langword="null" />.<para>驱动器号不能为 <see langword="null" />.</para></exception>
      <exception cref="T:System.ArgumentException">The first letter of <paramref name="driveName" /> is not an uppercase or lowercase letter from 'a' to 'z'.  
  
 -or-  
  
 <paramref name="driveName" /> does not refer to a valid drive.<para><paramref name="driveName" /> 的第一个字母不是从"a"到"z"的大写或小写字母. -或- <paramref name="driveName" /> 不引用有效的驱动器.</para></exception>
    </member>
    <member name="M:System.IO.DriveInfo.GetDrives">
      <summary>Retrieves the drive names of all logical drives on a computer.<para>检索计算机上所有逻辑驱动器的驱动器名称.</para></summary>
      <exception cref="T:System.IO.IOException">An I/O error occurred (for example, a disk error or a drive was not ready).<para>发生 i/o 错误（例如,磁盘错误或驱动器未就绪）.</para></exception>
      <exception cref="T:System.UnauthorizedAccessException">The caller does not have the required permission.<para>调用方没有所需的权限.</para></exception>
      <returns>An array of type <see cref="T:System.IO.DriveInfo" /> that represents the logical drives on a computer.<para>表示计算机上的逻辑驱动器的类型为 <see cref="T:System.IO.DriveInfo" /> 的数组.</para></returns>
    </member>
    <member name="M:System.IO.DriveInfo.System#Runtime#Serialization#ISerializable#GetObjectData(System.Runtime.Serialization.SerializationInfo,System.Runtime.Serialization.StreamingContext)">
      <summary>Populates a <see cref="T:System.Runtime.Serialization.SerializationInfo" /> object with the data needed to serialize the target object.<para>使用序列化目标对象所需的数据填充 <see cref="T:System.Runtime.Serialization.SerializationInfo" /> 对象.</para></summary>
      <param name="info">The object to populate with data.<para>要用数据填充的对象.</para></param>
      <param name="context">The destination (see <see cref="T:System.Runtime.Serialization.StreamingContext" />) for this serialization.<para>此序列化的目标（请参阅 <see cref="T:System.Runtime.Serialization.StreamingContext" />）.</para></param>
    </member>
    <member name="M:System.IO.DriveInfo.ToString">
      <summary>Returns a drive name as a string.<para>以字符串形式返回驱动器名称.</para></summary>
      <returns>The name of the drive.<para>驱动器的名称.</para></returns>
    </member>
    <member name="P:System.IO.DriveInfo.AvailableFreeSpace">
      <summary>Indicates the amount of available free space on a drive, in bytes.<para>指示驱动器上的可用空间量（以字节为单位）.</para></summary>
      <exception cref="T:System.UnauthorizedAccessException">Access to the drive information is denied.<para>无法访问驱动器信息.</para></exception>
      <exception cref="T:System.IO.IOException">An I/O error occurred (for example, a disk error or a drive was not ready).<para>发生 i/o 错误（例如,磁盘错误或驱动器未就绪）.</para></exception>
      <returns>The amount of free space available on the drive, in bytes.<para>驱动器上可用的可用空间量（以字节为单位）.</para></returns>
    </member>
    <member name="P:System.IO.DriveInfo.DriveFormat">
      <summary>Gets the name of the file system, such as NTFS or FAT32.<para>获取文件系统的名称,如 ntfs 或 fat32.</para></summary>
      <exception cref="T:System.UnauthorizedAccessException">Access to the drive information is denied.<para>无法访问驱动器信息.</para></exception>
      <exception cref="T:System.IO.DriveNotFoundException">The drive does not exist or is not mapped.<para>驱动器不存在或未映射.</para></exception>
      <exception cref="T:System.IO.IOException">An I/O error occurred (for example, a disk error or a drive was not ready).<para>发生 i/o 错误（例如,磁盘错误或驱动器未就绪）.</para></exception>
      <returns>The name of the file system on the specified drive.<para>指定驱动器上的文件系统的名称.</para></returns>
    </member>
    <member name="P:System.IO.DriveInfo.DriveType">
      <summary>Gets the drive type, such as CD-ROM, removable, network, or fixed.<para>获取驱动器类型,如 cd-rom、可移动、网络或固定.</para></summary>
      <returns>One of the enumeration values that specifies a drive type.<para>指定驱动器类型的枚举值之一.</para></returns>
    </member>
    <member name="P:System.IO.DriveInfo.IsReady">
      <summary>Gets a value that indicates whether a drive is ready.<para>获取一个值,该值指示驱动器是否已准备就绪.</para></summary>
      <returns>
        <see langword="true" /> if the drive is ready; <see langword="false" /> if the drive is not ready.<para><see langword="true" /> 如果驱动器已准备就绪;<see langword="false" />,如果驱动器未就绪.</para></returns>
    </member>
    <member name="P:System.IO.DriveInfo.Name">
      <summary>Gets the name of a drive, such as C:\.<para>获取驱动器的名称,如 c:\.</para></summary>
      <returns>The name of the drive.<para>驱动器的名称.</para></returns>
    </member>
    <member name="P:System.IO.DriveInfo.RootDirectory">
      <summary>Gets the root directory of a drive.<para>获取驱动器的根目录.</para></summary>
      <returns>An object that contains the root directory of the drive.<para>包含驱动器根目录的对象.</para></returns>
    </member>
    <member name="P:System.IO.DriveInfo.TotalFreeSpace">
      <summary>Gets the total amount of free space available on a drive, in bytes.<para>获取驱动器上可用的可用空间总量（以字节为单位）.</para></summary>
      <exception cref="T:System.UnauthorizedAccessException">Access to the drive information is denied.<para>无法访问驱动器信息.</para></exception>
      <exception cref="T:System.IO.DriveNotFoundException">The drive is not mapped or does not exist.<para>驱动器未映射或不存在.</para></exception>
      <exception cref="T:System.IO.IOException">An I/O error occurred (for example, a disk error or a drive was not ready).<para>发生 i/o 错误（例如,磁盘错误或驱动器未就绪）.</para></exception>
      <returns>The total free space available on a drive, in bytes.<para>驱动器上可用的总可用空间（以字节为单位）.</para></returns>
    </member>
    <member name="P:System.IO.DriveInfo.TotalSize">
      <summary>Gets the total size of storage space on a drive, in bytes.<para>获取驱动器上存储空间的总大小（以字节为单位）.</para></summary>
      <exception cref="T:System.UnauthorizedAccessException">Access to the drive information is denied.<para>无法访问驱动器信息.</para></exception>
      <exception cref="T:System.IO.DriveNotFoundException">The drive is not mapped or does not exist.<para>驱动器未映射或不存在.</para></exception>
      <exception cref="T:System.IO.IOException">An I/O error occurred (for example, a disk error or a drive was not ready).<para>发生 i/o 错误（例如,磁盘错误或驱动器未就绪）.</para></exception>
      <returns>The total size of the drive, in bytes.<para>驱动器的总大小（以字节为单位）.</para></returns>
    </member>
    <member name="P:System.IO.DriveInfo.VolumeLabel">
      <summary>Gets or sets the volume label of a drive.<para>获取或设置驱动器的卷标.</para></summary>
      <exception cref="T:System.IO.IOException">An I/O error occurred (for example, a disk error or a drive was not ready).<para>发生 i/o 错误（例如,磁盘错误或驱动器未就绪）.</para></exception>
      <exception cref="T:System.IO.DriveNotFoundException">The drive is not mapped or does not exist.<para>驱动器未映射或不存在.</para></exception>
      <exception cref="T:System.Security.SecurityException">The caller does not have the required permission.<para>调用方没有所需的权限.正在网络或 cd-rom 驱动器上设置卷标的</para></exception>
      <exception cref="T:System.UnauthorizedAccessException">The volume label is being set on a network or CD-ROM drive.  
  
 -or-  
  
 Access to the drive information is denied.<para>. -或- 无法访问驱动器信息.</para></exception>
      <returns>The volume label.<para>卷标.</para></returns>
    </member>
    <member name="T:System.IO.DriveNotFoundException">
      <summary>The exception that is thrown when trying to access a drive or share that is not available.<para>尝试访问不可用的驱动器或共享时引发的异常.</para></summary>
    </member>
    <member name="M:System.IO.DriveNotFoundException.#ctor">
      <summary>Initializes a new instance of the <see cref="T:System.IO.DriveNotFoundException" /> class with its message string set to a system-supplied message and its HRESULT set to COR_E_DIRECTORYNOTFOUND.<para>初始化 <see cref="T:System.IO.DriveNotFoundException" /> 类的新实例,其消息字符串设置为系统提供的消息,其 hresult 设置为 cor_e_directorynotfound.</para></summary>
    </member>
    <member name="M:System.IO.DriveNotFoundException.#ctor(System.Runtime.Serialization.SerializationInfo,System.Runtime.Serialization.StreamingContext)">
      <summary>Initializes a new instance of the <see cref="T:System.IO.DriveNotFoundException" /> class with the specified serialization and context information.<para>使用指定的序列化和上下文信息初始化 <see cref="T:System.IO.DriveNotFoundException" /> 类的新实例.</para></summary>
      <param name="info">A <see cref="T:System.Runtime.Serialization.SerializationInfo" /> object that contains the serialized object data about the exception being thrown.<para>一个 <see cref="T:System.Runtime.Serialization.SerializationInfo" /> 对象,其中包含有关引发的异常的序列化对象数据.</para></param>
      <param name="context">A <see cref="T:System.Runtime.Serialization.StreamingContext" /> object that contains contextual information about the source or destination of the exception being thrown.<para>一个 <see cref="T:System.Runtime.Serialization.StreamingContext" /> 对象,包含有关所引发异常的源或目标的上下文信息.</para></param>
    </member>
    <member name="M:System.IO.DriveNotFoundException.#ctor(System.String)">
      <summary>Initializes a new instance of the <see cref="T:System.IO.DriveNotFoundException" /> class with the specified message string and the HRESULT set to COR_E_DIRECTORYNOTFOUND.<para>初始化 <see cref="T:System.IO.DriveNotFoundException" /> 类的新实例,其中指定的消息字符串和 hresult 设置为 cor_e_directorynotfound.</para></summary>
      <param name="message">A <see cref="T:System.String" /> object that describes the error. The caller of this constructor is required to ensure that this string has been localized for the current system culture.<para>描述错误的 <see cref="T:System.String" /> 对象.需要此构造函数的调用方确保此字符串已针对当前系统区域性进行了本地化.</para></param>
    </member>
    <member name="M:System.IO.DriveNotFoundException.#ctor(System.String,System.Exception)">
      <summary>Initializes a new instance of the <see cref="T:System.IO.DriveNotFoundException" /> class with the specified error message and a reference to the inner exception that is the cause of this exception.<para>使用指定的错误消息和对导致此异常的内部异常的引用初始化 <see cref="T:System.IO.DriveNotFoundException" /> 类的新实例.</para></summary>
      <param name="message">The error message that explains the reason for the exception.<para>解释异常原因的错误消息.</para></param>
      <param name="innerException">The exception that is the cause of the current exception. If the <paramref name="innerException" /> parameter is not <see langword="null" />, the current exception is raised in a <see langword="catch" /> block that handles the inner exception.<para>导致当前异常的异常.如果 <paramref name="innerException" /> 参数不是 <see langword="null" />,则会在处理内部异常的 <see langword="catch" /> 块中引发当前异常.</para></param>
    </member>
    <member name="T:System.IO.DriveType">
      <summary>Defines constants for drive types, including CDRom, Fixed, Network, NoRootDirectory, Ram, Removable, and Unknown.<para>定义驱动器类型的常量,包括 cdrom、固定、网络、norootdirectory、ram、可移动和未知.</para></summary>
    </member>
    <member name="F:System.IO.DriveType.CDRom">
      <summary>The drive is an optical disc device, such as a CD or DVD-ROM.<para>驱动器是光盘设备,例如 cd 或 dvd-rom.</para></summary>
    </member>
    <member name="F:System.IO.DriveType.Fixed">
      <summary>The drive is a fixed disk.<para>驱动器是固定磁盘.</para></summary>
    </member>
    <member name="F:System.IO.DriveType.Network">
      <summary>The drive is a network drive.<para>驱动器是网络驱动器.</para></summary>
    </member>
    <member name="F:System.IO.DriveType.NoRootDirectory">
      <summary>The drive does not have a root directory.<para>驱动器没有根目录.</para></summary>
    </member>
    <member name="F:System.IO.DriveType.Ram">
      <summary>The drive is a RAM disk.<para>驱动器是 ram 磁盘.</para></summary>
    </member>
    <member name="F:System.IO.DriveType.Removable">
      <summary>The drive is a removable storage device, such as a USB flash drive.<para>驱动器是可移动存储设备,例如 usb 闪存驱动器.</para></summary>
    </member>
    <member name="F:System.IO.DriveType.Unknown">
      <summary>The type of drive is unknown.<para>驱动器类型未知.</para></summary>
    </member>
  </members>
</doc>