﻿<?xml version="1.0" encoding="utf-8"?>
<doc>
  <assembly>
    <name>System.Net.Http.Json</name>
  </assembly>
  <members>
    <member name="T:System.Net.Http.Json.HttpClientJsonExtensions">
      <summary>Contains extension methods to send and receive HTTP content as JSON.<para>包含以 json 形式发送和接收 http 内容的扩展方法.</para></summary>
    </member>
    <member name="M:System.Net.Http.Json.HttpClientJsonExtensions.DeleteFromJsonAsync(System.Net.Http.HttpClient,System.String,System.Type,System.Text.Json.JsonSerializerOptions,System.Threading.CancellationToken)">
      <summary>Sends a DELETE request to the specified Uri and returns the value that results from deserializing the response body as JSON in an asynchronous operation.<para>将 delete 请求发送到指定的 uri,并返回在异步操作中将响应正文反序列化为 json 所产生的值.</para></summary>
      <param name="client">The client used to send the request.<para>用于发送请求的客户端.</para></param>
      <param name="requestUri">The Uri the request is sent to.<para>请求发送到的 uri.</para></param>
      <param name="type">The type of the object to deserialize to and return.<para>要反序列化和返回的对象的类型.用于控制序列化期间行为的</para></param>
      <param name="options">Options to control the behavior during serialization. The default options are those specified by <see cref="F:System.Text.Json.JsonSerializerDefaults.Web" />.<para>选项.默认选项是 <see cref="F:System.Text.Json.JsonSerializerDefaults.Web" /> 指定的选项.</para></param>
      <param name="cancellationToken">A cancellation token that can be used by other objects or threads to receive notice of cancellation.<para>可由其他对象或线程用来接收取消通知的取消令牌.</para></param>
      <exception cref="T:System.ArgumentNullException">The <paramref name="client" /> is <see langword="null" />.<para><paramref name="client" /> 是 <see langword="null" />.</para></exception>
      <returns>The task object representing the asynchronous operation.<para>表示异步操作的任务对象.</para></returns>
    </member>
    <member name="M:System.Net.Http.Json.HttpClientJsonExtensions.DeleteFromJsonAsync(System.Net.Http.HttpClient,System.String,System.Type,System.Text.Json.Serialization.JsonSerializerContext,System.Threading.CancellationToken)">
      <summary>Sends a DELETE request to the specified Uri and returns the value that results from deserializing the response body as JSON in an asynchronous operation.<para>将 delete 请求发送到指定的 uri,并返回在异步操作中将响应正文反序列化为 json 所产生的值.</para></summary>
      <param name="client">The client used to send the request.<para>用于发送请求的客户端.</para></param>
      <param name="requestUri">The Uri the request is sent to.<para>请求发送到的 uri.</para></param>
      <param name="type">The type of the object to deserialize to and return.<para>要反序列化和返回的对象的类型.</para></param>
      <param name="context">Source generated JsonSerializerContext used to control the deserialization behavior.<para>源生成的 jsonserializercontext 用于控制反序列化行为.</para></param>
      <param name="cancellationToken">A cancellation token that can be used by other objects or threads to receive notice of cancellation.<para>可由其他对象或线程用来接收取消通知的取消令牌.</para></param>
      <exception cref="T:System.ArgumentNullException">The <paramref name="client" /> is <see langword="null" />.<para><paramref name="client" /> 是 <see langword="null" />.</para></exception>
      <returns>The task object representing the asynchronous operation.<para>表示异步操作的任务对象.</para></returns>
    </member>
    <member name="M:System.Net.Http.Json.HttpClientJsonExtensions.DeleteFromJsonAsync(System.Net.Http.HttpClient,System.String,System.Type,System.Threading.CancellationToken)">
      <summary>Sends a DELETE request to the specified Uri and returns the value that results from deserializing the response body as JSON in an asynchronous operation.<para>将 delete 请求发送到指定的 uri,并返回在异步操作中将响应正文反序列化为 json 所产生的值.</para></summary>
      <param name="client">The client used to send the request.<para>用于发送请求的客户端.</para></param>
      <param name="requestUri">The Uri the request is sent to.<para>请求发送到的 uri.</para></param>
      <param name="type">The type of the object to deserialize to and return.<para>要反序列化和返回的对象的类型.</para></param>
      <param name="cancellationToken">A cancellation token that can be used by other objects or threads to receive notice of cancellation.<para>可由其他对象或线程用来接收取消通知的取消令牌.</para></param>
      <exception cref="T:System.ArgumentNullException">The <paramref name="client" /> is <see langword="null" />.<para><paramref name="client" /> 是 <see langword="null" />.</para></exception>
      <returns>The task object representing the asynchronous operation.<para>表示异步操作的任务对象.</para></returns>
    </member>
    <member name="M:System.Net.Http.Json.HttpClientJsonExtensions.DeleteFromJsonAsync(System.Net.Http.HttpClient,System.Uri,System.Type,System.Text.Json.JsonSerializerOptions,System.Threading.CancellationToken)">
      <summary>Sends a DELETE request to the specified Uri and returns the value that results from deserializing the response body as JSON in an asynchronous operation.<para>将 delete 请求发送到指定的 uri,并返回在异步操作中将响应正文反序列化为 json 所产生的值.</para></summary>
      <param name="client">The client used to send the request.<para>用于发送请求的客户端.</para></param>
      <param name="requestUri">The Uri the request is sent to.<para>请求发送到的 uri.</para></param>
      <param name="type">The type of the object to deserialize to and return.<para>要反序列化和返回的对象的类型.用于控制序列化期间行为的</para></param>
      <param name="options">Options to control the behavior during serialization. The default options are those specified by <see cref="F:System.Text.Json.JsonSerializerDefaults.Web" />.<para>选项.默认选项是 <see cref="F:System.Text.Json.JsonSerializerDefaults.Web" /> 指定的选项.</para></param>
      <param name="cancellationToken">A cancellation token that can be used by other objects or threads to receive notice of cancellation.<para>可由其他对象或线程用来接收取消通知的取消令牌.</para></param>
      <exception cref="T:System.ArgumentNullException">The <paramref name="client" /> is <see langword="null" />.<para><paramref name="client" /> 是 <see langword="null" />.</para></exception>
      <returns>The task object representing the asynchronous operation.<para>表示异步操作的任务对象.</para></returns>
    </member>
    <member name="M:System.Net.Http.Json.HttpClientJsonExtensions.DeleteFromJsonAsync(System.Net.Http.HttpClient,System.Uri,System.Type,System.Text.Json.Serialization.JsonSerializerContext,System.Threading.CancellationToken)">
      <summary>Sends a DELETE request to the specified Uri and returns the value that results from deserializing the response body as JSON in an asynchronous operation.<para>将 delete 请求发送到指定的 uri,并返回在异步操作中将响应正文反序列化为 json 所产生的值.</para></summary>
      <param name="client">The client used to send the request.<para>用于发送请求的客户端.</para></param>
      <param name="requestUri">The Uri the request is sent to.<para>请求发送到的 uri.</para></param>
      <param name="type">The type of the object to deserialize to and return.<para>要反序列化和返回的对象的类型.</para></param>
      <param name="context">Source generated JsonSerializerContext used to control the deserialization behavior.<para>源生成的 jsonserializercontext 用于控制反序列化行为.</para></param>
      <param name="cancellationToken">A cancellation token that can be used by other objects or threads to receive notice of cancellation.<para>可由其他对象或线程用来接收取消通知的取消令牌.</para></param>
      <exception cref="T:System.ArgumentNullException">The <paramref name="client" /> is <see langword="null" />.<para><paramref name="client" /> 是 <see langword="null" />.</para></exception>
      <returns>The task object representing the asynchronous operation.<para>表示异步操作的任务对象.</para></returns>
    </member>
    <member name="M:System.Net.Http.Json.HttpClientJsonExtensions.DeleteFromJsonAsync(System.Net.Http.HttpClient,System.Uri,System.Type,System.Threading.CancellationToken)">
      <summary>Sends a DELETE request to the specified Uri and returns the value that results from deserializing the response body as JSON in an asynchronous operation.<para>将 delete 请求发送到指定的 uri,并返回在异步操作中将响应正文反序列化为 json 所产生的值.</para></summary>
      <param name="client">The client used to send the request.<para>用于发送请求的客户端.</para></param>
      <param name="requestUri">The Uri the request is sent to.<para>请求发送到的 uri.</para></param>
      <param name="type">The type of the object to deserialize to and return.<para>要反序列化和返回的对象的类型.</para></param>
      <param name="cancellationToken">A cancellation token that can be used by other objects or threads to receive notice of cancellation.<para>可由其他对象或线程用来接收取消通知的取消令牌.</para></param>
      <exception cref="T:System.ArgumentNullException">The <paramref name="client" /> is <see langword="null" />.<para><paramref name="client" /> 是 <see langword="null" />.</para></exception>
      <returns>The task object representing the asynchronous operation.<para>表示异步操作的任务对象.</para></returns>
    </member>
    <member name="M:System.Net.Http.Json.HttpClientJsonExtensions.DeleteFromJsonAsync``1(System.Net.Http.HttpClient,System.String,System.Text.Json.JsonSerializerOptions,System.Threading.CancellationToken)">
      <summary>Sends a DELETE request to the specified Uri and returns the value that results from deserializing the response body as JSON in an asynchronous operation.<para>将 delete 请求发送到指定的 uri,并返回在异步操作中将响应正文反序列化为 json 所产生的值.</para></summary>
      <param name="client">The client used to send the request.<para>用于发送请求的客户端.</para></param>
      <param name="requestUri">The Uri the request is sent to.<para>请求发送到的 uri.用于控制序列化期间行为的</para></param>
      <param name="options">Options to control the behavior during serialization. The default options are those specified by <see cref="F:System.Text.Json.JsonSerializerDefaults.Web" />.<para>选项.默认选项是 <see cref="F:System.Text.Json.JsonSerializerDefaults.Web" /> 指定的选项.</para></param>
      <param name="cancellationToken">A cancellation token that can be used by other objects or threads to receive notice of cancellation.<para>可由其他对象或线程用来接收取消通知的取消令牌.</para></param>
      <typeparam name="TValue">The target type to deserialize to.<para>要反序列化到的目标类型.</para></typeparam>
      <exception cref="T:System.ArgumentNullException">The <paramref name="client" /> is <see langword="null" />.<para><paramref name="client" /> 是 <see langword="null" />.</para></exception>
      <returns>The task object representing the asynchronous operation.<para>表示异步操作的任务对象.</para></returns>
    </member>
    <member name="M:System.Net.Http.Json.HttpClientJsonExtensions.DeleteFromJsonAsync``1(System.Net.Http.HttpClient,System.String,System.Text.Json.Serialization.Metadata.JsonTypeInfo{``0},System.Threading.CancellationToken)">
      <summary>Sends a DELETE request to the specified Uri and returns the value that results from deserializing the response body as JSON in an asynchronous operation.<para>将 delete 请求发送到指定的 uri,并返回在异步操作中将响应正文反序列化为 json 所产生的值.</para></summary>
      <param name="client">The client used to send the request.<para>用于发送请求的客户端.</para></param>
      <param name="requestUri">The Uri the request is sent to.<para>请求发送到的 uri.</para></param>
      <param name="jsonTypeInfo">Source generated JsonTypeInfo to control the behavior during deserialization.<para>源生成了 jsontypeinfo 来控制反序列化期间的行为.</para></param>
      <param name="cancellationToken">A cancellation token that can be used by other objects or threads to receive notice of cancellation.<para>可由其他对象或线程用来接收取消通知的取消令牌.</para></param>
      <typeparam name="TValue">The target type to deserialize to.<para>要反序列化到的目标类型.</para></typeparam>
      <exception cref="T:System.ArgumentNullException">The <paramref name="client" /> is <see langword="null" />.<para><paramref name="client" /> 是 <see langword="null" />.</para></exception>
      <returns>The task object representing the asynchronous operation.<para>表示异步操作的任务对象.</para></returns>
    </member>
    <member name="M:System.Net.Http.Json.HttpClientJsonExtensions.DeleteFromJsonAsync``1(System.Net.Http.HttpClient,System.String,System.Threading.CancellationToken)">
      <summary>Sends a DELETE request to the specified Uri and returns the value that results from deserializing the response body as JSON in an asynchronous operation.<para>将 delete 请求发送到指定的 uri,并返回在异步操作中将响应正文反序列化为 json 所产生的值.</para></summary>
      <param name="client">The client used to send the request.<para>用于发送请求的客户端.</para></param>
      <param name="requestUri">The Uri the request is sent to.<para>请求发送到的 uri.</para></param>
      <param name="cancellationToken">A cancellation token that can be used by other objects or threads to receive notice of cancellation.<para>可由其他对象或线程用来接收取消通知的取消令牌.</para></param>
      <typeparam name="TValue">The target type to deserialize to.<para>要反序列化到的目标类型.</para></typeparam>
      <exception cref="T:System.ArgumentNullException">The <paramref name="client" /> is <see langword="null" />.<para><paramref name="client" /> 是 <see langword="null" />.</para></exception>
      <returns>The task object representing the asynchronous operation.<para>表示异步操作的任务对象.</para></returns>
    </member>
    <member name="M:System.Net.Http.Json.HttpClientJsonExtensions.DeleteFromJsonAsync``1(System.Net.Http.HttpClient,System.Uri,System.Text.Json.JsonSerializerOptions,System.Threading.CancellationToken)">
      <summary>Sends a DELETE request to the specified Uri and returns the value that results from deserializing the response body as JSON in an asynchronous operation.<para>将 delete 请求发送到指定的 uri,并返回在异步操作中将响应正文反序列化为 json 所产生的值.</para></summary>
      <param name="client">The client used to send the request.<para>用于发送请求的客户端.</para></param>
      <param name="requestUri">The Uri the request is sent to.<para>请求发送到的 uri.用于控制序列化期间行为的</para></param>
      <param name="options">Options to control the behavior during serialization. The default options are those specified by <see cref="F:System.Text.Json.JsonSerializerDefaults.Web" />.<para>选项.默认选项是 <see cref="F:System.Text.Json.JsonSerializerDefaults.Web" /> 指定的选项.</para></param>
      <param name="cancellationToken">A cancellation token that can be used by other objects or threads to receive notice of cancellation.<para>可由其他对象或线程用来接收取消通知的取消令牌.</para></param>
      <typeparam name="TValue">The target type to deserialize to.<para>要反序列化到的目标类型.</para></typeparam>
      <exception cref="T:System.ArgumentNullException">The <paramref name="client" /> is <see langword="null" />.<para><paramref name="client" /> 是 <see langword="null" />.</para></exception>
      <returns>The task object representing the asynchronous operation.<para>表示异步操作的任务对象.</para></returns>
    </member>
    <member name="M:System.Net.Http.Json.HttpClientJsonExtensions.DeleteFromJsonAsync``1(System.Net.Http.HttpClient,System.Uri,System.Text.Json.Serialization.Metadata.JsonTypeInfo{``0},System.Threading.CancellationToken)">
      <summary>Sends a DELETE request to the specified Uri and returns the value that results from deserializing the response body as JSON in an asynchronous operation.<para>将 delete 请求发送到指定的 uri,并返回在异步操作中将响应正文反序列化为 json 所产生的值.</para></summary>
      <param name="client">The client used to send the request.<para>用于发送请求的客户端.</para></param>
      <param name="requestUri">The Uri the request is sent to.<para>请求发送到的 uri.</para></param>
      <param name="jsonTypeInfo">Source generated JsonTypeInfo to control the behavior during deserialization.<para>源生成了 jsontypeinfo 来控制反序列化期间的行为.</para></param>
      <param name="cancellationToken">A cancellation token that can be used by other objects or threads to receive notice of cancellation.<para>可由其他对象或线程用来接收取消通知的取消令牌.</para></param>
      <typeparam name="TValue">The target type to deserialize to.<para>要反序列化到的目标类型.</para></typeparam>
      <exception cref="T:System.ArgumentNullException">The <paramref name="client" /> is <see langword="null" />.<para><paramref name="client" /> 是 <see langword="null" />.</para></exception>
      <returns>The task object representing the asynchronous operation.<para>表示异步操作的任务对象.</para></returns>
    </member>
    <member name="M:System.Net.Http.Json.HttpClientJsonExtensions.DeleteFromJsonAsync``1(System.Net.Http.HttpClient,System.Uri,System.Threading.CancellationToken)">
      <summary>Sends a DELETE request to the specified Uri and returns the value that results from deserializing the response body as JSON in an asynchronous operation.<para>将 delete 请求发送到指定的 uri,并返回在异步操作中将响应正文反序列化为 json 所产生的值.</para></summary>
      <param name="client">The client used to send the request.<para>用于发送请求的客户端.</para></param>
      <param name="requestUri">The Uri the request is sent to.<para>请求发送到的 uri.</para></param>
      <param name="cancellationToken">A cancellation token that can be used by other objects or threads to receive notice of cancellation.<para>可由其他对象或线程用来接收取消通知的取消令牌.</para></param>
      <typeparam name="TValue">The target type to deserialize to.<para>要反序列化到的目标类型.</para></typeparam>
      <exception cref="T:System.ArgumentNullException">The <paramref name="client" /> is <see langword="null" />.<para><paramref name="client" /> 是 <see langword="null" />.</para></exception>
      <returns>The task object representing the asynchronous operation.<para>表示异步操作的任务对象.</para></returns>
    </member>
    <member name="M:System.Net.Http.Json.HttpClientJsonExtensions.GetFromJsonAsync(System.Net.Http.HttpClient,System.String,System.Type,System.Text.Json.JsonSerializerOptions,System.Threading.CancellationToken)">
      <summary>Sends a GET request to the specified Uri and returns the value that results from deserializing the response body as JSON in an asynchronous operation.<para>将 get 请求发送到指定的 uri,并返回在异步操作中将响应正文反序列化为 json 所产生的值.</para></summary>
      <param name="client">The client used to send the request.<para>用于发送请求的客户端.</para></param>
      <param name="requestUri">The Uri the request is sent to.<para>请求发送到的 uri.</para></param>
      <param name="type">The type of the object to deserialize to and return.<para>要反序列化和返回的对象的类型.</para></param>
      <param name="options">Options to control the behavior during deserialization. The default options are those specified by <see cref="F:System.Text.Json.JsonSerializerDefaults.Web" />.<para>用于控制反序列化期间行为的选项.默认选项是 <see cref="F:System.Text.Json.JsonSerializerDefaults.Web" /> 指定的选项.</para></param>
      <param name="cancellationToken">A cancellation token that can be used by other objects or threads to receive notice of cancellation.<para>可由其他对象或线程用来接收取消通知的取消令牌.</para></param>
      <returns>The task object representing the asynchronous operation.<para>表示异步操作的任务对象.</para></returns>
    </member>
    <member name="M:System.Net.Http.Json.HttpClientJsonExtensions.GetFromJsonAsync(System.Net.Http.HttpClient,System.String,System.Type,System.Text.Json.Serialization.JsonSerializerContext,System.Threading.CancellationToken)">
      <summary>Sends a GET request to the specified Uri and returns the value that results from deserializing the response body as JSON in an asynchronous operation.<para>将 get 请求发送到指定的 uri,并返回在异步操作中将响应正文反序列化为 json 所产生的值.</para></summary>
      <param name="client">The client used to send the request.<para>用于发送请求的客户端.</para></param>
      <param name="requestUri">The Uri the request is sent to.<para>请求发送到的 uri.</para></param>
      <param name="type">The type of the object to deserialize to and return.<para>要反序列化和返回的对象的类型.</para></param>
      <param name="context">Source generated JsonSerializerContext used to control the deserialization behavior.<para>源生成的 jsonserializercontext 用于控制反序列化行为.</para></param>
      <param name="cancellationToken">A cancellation token that can be used by other objects or threads to receive notice of cancellation.<para>可由其他对象或线程用来接收取消通知的取消令牌.</para></param>
      <returns>The task object representing the asynchronous operation.<para>表示异步操作的任务对象.</para></returns>
    </member>
    <member name="M:System.Net.Http.Json.HttpClientJsonExtensions.GetFromJsonAsync(System.Net.Http.HttpClient,System.String,System.Type,System.Threading.CancellationToken)">
      <summary>Sends a GET request to the specified Uri and returns the value that results from deserializing the response body as JSON in an asynchronous operation.<para>将 get 请求发送到指定的 uri,并返回在异步操作中将响应正文反序列化为 json 所产生的值.</para></summary>
      <param name="client">The client used to send the request.<para>用于发送请求的客户端.</para></param>
      <param name="requestUri">The Uri the request is sent to.<para>请求发送到的 uri.</para></param>
      <param name="type">The type of the object to deserialize to and return.<para>要反序列化和返回的对象的类型.</para></param>
      <param name="cancellationToken">A cancellation token that can be used by other objects or threads to receive notice of cancellation.<para>可由其他对象或线程用来接收取消通知的取消令牌.</para></param>
      <returns>The task object representing the asynchronous operation.<para>表示异步操作的任务对象.</para></returns>
    </member>
    <member name="M:System.Net.Http.Json.HttpClientJsonExtensions.GetFromJsonAsync(System.Net.Http.HttpClient,System.Uri,System.Type,System.Text.Json.JsonSerializerOptions,System.Threading.CancellationToken)">
      <summary>Sends a GET request to the specified Uri and returns the value that results from deserializing the response body as JSON in an asynchronous operation.<para>将 get 请求发送到指定的 uri,并返回在异步操作中将响应正文反序列化为 json 所产生的值.</para></summary>
      <param name="client">The client used to send the request.<para>用于发送请求的客户端.</para></param>
      <param name="requestUri">The Uri the request is sent to.<para>请求发送到的 uri.</para></param>
      <param name="type">The type of the object to deserialize to and return.<para>要反序列化和返回的对象的类型.</para></param>
      <param name="options">Options to control the behavior during deserialization. The default options are those specified by <see cref="F:System.Text.Json.JsonSerializerDefaults.Web" />.<para>用于控制反序列化期间行为的选项.默认选项是 <see cref="F:System.Text.Json.JsonSerializerDefaults.Web" /> 指定的选项.</para></param>
      <param name="cancellationToken">A cancellation token that can be used by other objects or threads to receive notice of cancellation.<para>可由其他对象或线程用来接收取消通知的取消令牌.</para></param>
      <returns>The task object representing the asynchronous operation.<para>表示异步操作的任务对象.</para></returns>
    </member>
    <member name="M:System.Net.Http.Json.HttpClientJsonExtensions.GetFromJsonAsync(System.Net.Http.HttpClient,System.Uri,System.Type,System.Text.Json.Serialization.JsonSerializerContext,System.Threading.CancellationToken)">
      <summary>Sends a GET request to the specified Uri and returns the value that results from deserializing the response body as JSON in an asynchronous operation.<para>将 get 请求发送到指定的 uri,并返回在异步操作中将响应正文反序列化为 json 所产生的值.</para></summary>
      <param name="client">The client used to send the request.<para>用于发送请求的客户端.</para></param>
      <param name="requestUri">The Uri the request is sent to.<para>请求发送到的 uri.</para></param>
      <param name="type">The type of the object to deserialize to and return.<para>要反序列化和返回的对象的类型.</para></param>
      <param name="context">Source generated JsonSerializerContext used to control the deserialization behavior.<para>源生成的 jsonserializercontext 用于控制反序列化行为.</para></param>
      <param name="cancellationToken">A cancellation token that can be used by other objects or threads to receive notice of cancellation.<para>可由其他对象或线程用来接收取消通知的取消令牌.</para></param>
      <returns>The task object representing the asynchronous operation.<para>表示异步操作的任务对象.</para></returns>
    </member>
    <member name="M:System.Net.Http.Json.HttpClientJsonExtensions.GetFromJsonAsync(System.Net.Http.HttpClient,System.Uri,System.Type,System.Threading.CancellationToken)">
      <summary>Sends a GET request to the specified Uri and returns the value that results from deserializing the response body as JSON in an asynchronous operation.<para>将 get 请求发送到指定的 uri,并返回在异步操作中将响应正文反序列化为 json 所产生的值.</para></summary>
      <param name="client">The client used to send the request.<para>用于发送请求的客户端.</para></param>
      <param name="requestUri">The Uri the request is sent to.<para>请求发送到的 uri.</para></param>
      <param name="type">The type of the object to deserialize to and return.<para>要反序列化和返回的对象的类型.</para></param>
      <param name="cancellationToken">A cancellation token that can be used by other objects or threads to receive notice of cancellation.<para>可由其他对象或线程用来接收取消通知的取消令牌.</para></param>
      <returns>The task object representing the asynchronous operation.<para>表示异步操作的任务对象.</para></returns>
    </member>
    <member name="M:System.Net.Http.Json.HttpClientJsonExtensions.GetFromJsonAsync``1(System.Net.Http.HttpClient,System.String,System.Text.Json.JsonSerializerOptions,System.Threading.CancellationToken)">
      <summary>Sends a GET request to the specified Uri and returns the value that results from deserializing the response body as JSON in an asynchronous operation.<para>将 get 请求发送到指定的 uri,并返回在异步操作中将响应正文反序列化为 json 所产生的值.</para></summary>
      <param name="client">The client used to send the request.<para>用于发送请求的客户端.</para></param>
      <param name="requestUri">The Uri the request is sent to.<para>请求发送到的 uri.</para></param>
      <param name="options">Options to control the behavior during deserialization. The default options are those specified by <see cref="F:System.Text.Json.JsonSerializerDefaults.Web" />.<para>用于控制反序列化期间行为的选项.默认选项是 <see cref="F:System.Text.Json.JsonSerializerDefaults.Web" /> 指定的选项.</para></param>
      <param name="cancellationToken">A cancellation token that can be used by other objects or threads to receive notice of cancellation.<para>可由其他对象或线程用来接收取消通知的取消令牌.</para></param>
      <typeparam name="TValue">The target type to deserialize to.<para>要反序列化到的目标类型.</para></typeparam>
      <returns>The task object representing the asynchronous operation.<para>表示异步操作的任务对象.</para></returns>
    </member>
    <member name="M:System.Net.Http.Json.HttpClientJsonExtensions.GetFromJsonAsync``1(System.Net.Http.HttpClient,System.String,System.Text.Json.Serialization.Metadata.JsonTypeInfo{``0},System.Threading.CancellationToken)">
      <summary>Sends a GET request to the specified Uri and returns the value that results from deserializing the response body as JSON in an asynchronous operation.<para>将 get 请求发送到指定的 uri,并返回在异步操作中将响应正文反序列化为 json 所产生的值.</para></summary>
      <param name="client">The client used to send the request.<para>用于发送请求的客户端.</para></param>
      <param name="requestUri">The Uri the request is sent to.<para>请求发送到的 uri.</para></param>
      <param name="jsonTypeInfo">Source generated JsonTypeInfo to control the behavior during deserialization.<para>源生成了 jsontypeinfo 来控制反序列化期间的行为.</para></param>
      <param name="cancellationToken">A cancellation token that can be used by other objects or threads to receive notice of cancellation.<para>可由其他对象或线程用来接收取消通知的取消令牌.</para></param>
      <typeparam name="TValue">The target type to deserialize to.<para>要反序列化到的目标类型.</para></typeparam>
      <returns>The task object representing the asynchronous operation.<para>表示异步操作的任务对象.</para></returns>
    </member>
    <member name="M:System.Net.Http.Json.HttpClientJsonExtensions.GetFromJsonAsync``1(System.Net.Http.HttpClient,System.String,System.Threading.CancellationToken)">
      <summary>Sends a GET request to the specified Uri and returns the value that results from deserializing the response body as JSON in an asynchronous operation.<para>将 get 请求发送到指定的 uri,并返回在异步操作中将响应正文反序列化为 json 所产生的值.</para></summary>
      <param name="client">The client used to send the request.<para>用于发送请求的客户端.</para></param>
      <param name="requestUri">The Uri the request is sent to.<para>请求发送到的 uri.</para></param>
      <param name="cancellationToken">A cancellation token that can be used by other objects or threads to receive notice of cancellation.<para>可由其他对象或线程用来接收取消通知的取消令牌.</para></param>
      <typeparam name="TValue">The target type to deserialize to.<para>要反序列化到的目标类型.</para></typeparam>
      <returns>The task object representing the asynchronous operation.<para>表示异步操作的任务对象.</para></returns>
    </member>
    <member name="M:System.Net.Http.Json.HttpClientJsonExtensions.GetFromJsonAsync``1(System.Net.Http.HttpClient,System.Uri,System.Text.Json.JsonSerializerOptions,System.Threading.CancellationToken)">
      <summary>Sends a GET request to the specified Uri and returns the value that results from deserializing the response body as JSON in an asynchronous operation.<para>将 get 请求发送到指定的 uri,并返回在异步操作中将响应正文反序列化为 json 所产生的值.</para></summary>
      <param name="client">The client used to send the request.<para>用于发送请求的客户端.</para></param>
      <param name="requestUri">The Uri the request is sent to.<para>请求发送到的 uri.</para></param>
      <param name="options">Options to control the behavior during deserialization. The default options are those specified by <see cref="F:System.Text.Json.JsonSerializerDefaults.Web" />.<para>用于控制反序列化期间行为的选项.默认选项是 <see cref="F:System.Text.Json.JsonSerializerDefaults.Web" /> 指定的选项.</para></param>
      <param name="cancellationToken">A cancellation token that can be used by other objects or threads to receive notice of cancellation.<para>可由其他对象或线程用来接收取消通知的取消令牌.</para></param>
      <typeparam name="TValue">The target type to deserialize to.<para>要反序列化到的目标类型.</para></typeparam>
      <returns>The task object representing the asynchronous operation.<para>表示异步操作的任务对象.</para></returns>
    </member>
    <member name="M:System.Net.Http.Json.HttpClientJsonExtensions.GetFromJsonAsync``1(System.Net.Http.HttpClient,System.Uri,System.Text.Json.Serialization.Metadata.JsonTypeInfo{``0},System.Threading.CancellationToken)">
      <summary>Sends a GET request to the specified Uri and returns the value that results from deserializing the response body as JSON in an asynchronous operation.<para>将 get 请求发送到指定的 uri,并返回在异步操作中将响应正文反序列化为 json 所产生的值.</para></summary>
      <param name="client">The client used to send the request.<para>用于发送请求的客户端.</para></param>
      <param name="requestUri">The Uri the request is sent to.<para>请求发送到的 uri.</para></param>
      <param name="jsonTypeInfo">Source generated JsonTypeInfo to control the behavior during deserialization.<para>源生成了 jsontypeinfo 来控制反序列化期间的行为.</para></param>
      <param name="cancellationToken">A cancellation token that can be used by other objects or threads to receive notice of cancellation.<para>可由其他对象或线程用来接收取消通知的取消令牌.</para></param>
      <typeparam name="TValue">The target type to deserialize to.<para>要反序列化到的目标类型.</para></typeparam>
      <returns>The task object representing the asynchronous operation.<para>表示异步操作的任务对象.</para></returns>
    </member>
    <member name="M:System.Net.Http.Json.HttpClientJsonExtensions.GetFromJsonAsync``1(System.Net.Http.HttpClient,System.Uri,System.Threading.CancellationToken)">
      <summary>Sends a GET request to the specified Uri and returns the value that results from deserializing the response body as JSON in an asynchronous operation.<para>将 get 请求发送到指定的 uri,并返回在异步操作中将响应正文反序列化为 json 所产生的值.</para></summary>
      <param name="client">The client used to send the request.<para>用于发送请求的客户端.</para></param>
      <param name="requestUri">The Uri the request is sent to.<para>请求发送到的 uri.</para></param>
      <param name="cancellationToken">A cancellation token that can be used by other objects or threads to receive notice of cancellation.<para>可由其他对象或线程用来接收取消通知的取消令牌.</para></param>
      <typeparam name="TValue">The target type to deserialize to.<para>要反序列化到的目标类型.</para></typeparam>
      <returns>The task object representing the asynchronous operation.<para>表示异步操作的任务对象.</para></returns>
    </member>
    <member name="M:System.Net.Http.Json.HttpClientJsonExtensions.PatchAsJsonAsync``1(System.Net.Http.HttpClient,System.String,``0,System.Text.Json.JsonSerializerOptions,System.Threading.CancellationToken)">
      <summary>Sends a PATCH request to the specified Uri containing the <paramref name="value" /> serialized as JSON in the request body.<para>将 patch 请求发送到指定的 uri,其中包含在请求正文中序列化为 json 的 <paramref name="value" />.</para></summary>
      <param name="client">The client used to send the request.<para>用于发送请求的客户端.</para></param>
      <param name="requestUri">The Uri the request is sent to.<para>请求发送到的 uri.</para></param>
      <param name="value">The value to serialize.<para>要序列化的值.用于控制序列化期间行为的</para></param>
      <param name="options">Options to control the behavior during serialization. The default options are those specified by <see cref="F:System.Text.Json.JsonSerializerDefaults.Web" />.<para>选项.默认选项是 <see cref="F:System.Text.Json.JsonSerializerDefaults.Web" /> 指定的选项.</para></param>
      <param name="cancellationToken">A cancellation token that can be used by other objects or threads to receive notice of cancellation.<para>可由其他对象或线程用来接收取消通知的取消令牌.</para></param>
      <typeparam name="TValue">The type of the value to serialize.<para>要序列化的值的类型.</para></typeparam>
      <exception cref="T:System.ArgumentNullException">The <paramref name="client" /> is <see langword="null" />.<para><paramref name="client" /> 是 <see langword="null" />.</para></exception>
      <returns>The task object representing the asynchronous operation.<para>表示异步操作的任务对象.</para></returns>
    </member>
    <member name="M:System.Net.Http.Json.HttpClientJsonExtensions.PatchAsJsonAsync``1(System.Net.Http.HttpClient,System.String,``0,System.Text.Json.Serialization.Metadata.JsonTypeInfo{``0},System.Threading.CancellationToken)">
      <summary>Sends a PATCH request to the specified Uri containing the <paramref name="value" /> serialized as JSON in the request body.<para>将 patch 请求发送到指定的 uri,其中包含在请求正文中序列化为 json 的 <paramref name="value" />.</para></summary>
      <param name="client">The client used to send the request.<para>用于发送请求的客户端.</para></param>
      <param name="requestUri">The Uri the request is sent to.<para>请求发送到的 uri.</para></param>
      <param name="value">The value to serialize.<para>要序列化的值.</para></param>
      <param name="jsonTypeInfo">Metadata about the type to convert.<para>有关要转换的类型的元数据.</para></param>
      <param name="cancellationToken">A cancellation token that can be used by other objects or threads to receive notice of cancellation.<para>可由其他对象或线程用来接收取消通知的取消令牌.</para></param>
      <typeparam name="TValue">The type of the value to serialize.<para>要序列化的值的类型.</para></typeparam>
      <exception cref="T:System.ArgumentNullException">The <paramref name="client" /> is <see langword="null" />.<para><paramref name="client" /> 是 <see langword="null" />.</para></exception>
      <returns>The task object representing the asynchronous operation.<para>表示异步操作的任务对象.</para></returns>
    </member>
    <member name="M:System.Net.Http.Json.HttpClientJsonExtensions.PatchAsJsonAsync``1(System.Net.Http.HttpClient,System.String,``0,System.Threading.CancellationToken)">
      <summary>Sends a PATCH request to the specified Uri containing the <paramref name="value" /> serialized as JSON in the request body.<para>将 patch 请求发送到指定的 uri,其中包含在请求正文中序列化为 json 的 <paramref name="value" />.</para></summary>
      <param name="client">The client used to send the request.<para>用于发送请求的客户端.</para></param>
      <param name="requestUri">The Uri the request is sent to.<para>请求发送到的 uri.</para></param>
      <param name="value">The value to serialize.<para>要序列化的值.</para></param>
      <param name="cancellationToken">A cancellation token that can be used by other objects or threads to receive notice of cancellation.<para>可由其他对象或线程用来接收取消通知的取消令牌.</para></param>
      <typeparam name="TValue">The type of the value to serialize.<para>要序列化的值的类型.</para></typeparam>
      <exception cref="T:System.ArgumentNullException">The <paramref name="client" /> is <see langword="null" />.<para><paramref name="client" /> 是 <see langword="null" />.</para></exception>
      <returns>The task object representing the asynchronous operation.<para>表示异步操作的任务对象.</para></returns>
    </member>
    <member name="M:System.Net.Http.Json.HttpClientJsonExtensions.PatchAsJsonAsync``1(System.Net.Http.HttpClient,System.Uri,``0,System.Text.Json.JsonSerializerOptions,System.Threading.CancellationToken)">
      <summary>Sends a PATCH request to the specified Uri containing the <paramref name="value" /> serialized as JSON in the request body.<para>将 patch 请求发送到指定的 uri,其中包含在请求正文中序列化为 json 的 <paramref name="value" />.</para></summary>
      <param name="client">The client used to send the request.<para>用于发送请求的客户端.</para></param>
      <param name="requestUri">The Uri the request is sent to.<para>请求发送到的 uri.</para></param>
      <param name="value">The value to serialize.<para>要序列化的值.用于控制序列化期间行为的</para></param>
      <param name="options">Options to control the behavior during serialization. The default options are those specified by <see cref="F:System.Text.Json.JsonSerializerDefaults.Web" />.<para>选项.默认选项是 <see cref="F:System.Text.Json.JsonSerializerDefaults.Web" /> 指定的选项.</para></param>
      <param name="cancellationToken">A cancellation token that can be used by other objects or threads to receive notice of cancellation.<para>可由其他对象或线程用来接收取消通知的取消令牌.</para></param>
      <typeparam name="TValue">The type of the value to serialize.<para>要序列化的值的类型.</para></typeparam>
      <exception cref="T:System.ArgumentNullException">The <paramref name="client" /> is <see langword="null" />.<para><paramref name="client" /> 是 <see langword="null" />.</para></exception>
      <returns>The task object representing the asynchronous operation.<para>表示异步操作的任务对象.</para></returns>
    </member>
    <member name="M:System.Net.Http.Json.HttpClientJsonExtensions.PatchAsJsonAsync``1(System.Net.Http.HttpClient,System.Uri,``0,System.Text.Json.Serialization.Metadata.JsonTypeInfo{``0},System.Threading.CancellationToken)">
      <summary>Sends a PATCH request to the specified Uri containing the <paramref name="value" /> serialized as JSON in the request body.<para>将 patch 请求发送到指定的 uri,其中包含在请求正文中序列化为 json 的 <paramref name="value" />.</para></summary>
      <param name="client">The client used to send the request.<para>用于发送请求的客户端.</para></param>
      <param name="requestUri">The Uri the request is sent to.<para>请求发送到的 uri.</para></param>
      <param name="value">The value to serialize.<para>要序列化的值.</para></param>
      <param name="jsonTypeInfo">Metadata about the type to convert.<para>有关要转换的类型的元数据.</para></param>
      <param name="cancellationToken">A cancellation token that can be used by other objects or threads to receive notice of cancellation.<para>可由其他对象或线程用来接收取消通知的取消令牌.</para></param>
      <typeparam name="TValue">The type of the value to serialize.<para>要序列化的值的类型.</para></typeparam>
      <exception cref="T:System.ArgumentNullException">The <paramref name="client" /> is <see langword="null" />.<para><paramref name="client" /> 是 <see langword="null" />.</para></exception>
      <returns>The task object representing the asynchronous operation.<para>表示异步操作的任务对象.</para></returns>
    </member>
    <member name="M:System.Net.Http.Json.HttpClientJsonExtensions.PatchAsJsonAsync``1(System.Net.Http.HttpClient,System.Uri,``0,System.Threading.CancellationToken)">
      <summary>Sends a PATCH request to the specified Uri containing the <paramref name="value" /> serialized as JSON in the request body.<para>将 patch 请求发送到指定的 uri,其中包含在请求正文中序列化为 json 的 <paramref name="value" />.</para></summary>
      <param name="client">The client used to send the request.<para>用于发送请求的客户端.</para></param>
      <param name="requestUri">The Uri the request is sent to.<para>请求发送到的 uri.</para></param>
      <param name="value">The value to serialize.<para>要序列化的值.</para></param>
      <param name="cancellationToken">A cancellation token that can be used by other objects or threads to receive notice of cancellation.<para>可由其他对象或线程用来接收取消通知的取消令牌.</para></param>
      <typeparam name="TValue">The type of the value to serialize.<para>要序列化的值的类型.</para></typeparam>
      <exception cref="T:System.ArgumentNullException">The <paramref name="client" /> is <see langword="null" />.<para><paramref name="client" /> 是 <see langword="null" />.</para></exception>
      <returns>The task object representing the asynchronous operation.<para>表示异步操作的任务对象.</para></returns>
    </member>
    <member name="M:System.Net.Http.Json.HttpClientJsonExtensions.PostAsJsonAsync``1(System.Net.Http.HttpClient,System.String,``0,System.Text.Json.JsonSerializerOptions,System.Threading.CancellationToken)">
      <summary>Sends a POST request to the specified Uri containing the <paramref name="value" /> serialized as JSON in the request body.<para>向指定的 uri 发送 post 请求,其中包含在请求正文中序列化为 json 的 <paramref name="value" />.</para></summary>
      <param name="client">The client used to send the request.<para>用于发送请求的客户端.</para></param>
      <param name="requestUri">The Uri the request is sent to.<para>请求发送到的 uri.</para></param>
      <param name="value">The value to serialize.<para>要序列化的值.用于控制序列化期间行为的</para></param>
      <param name="options">Options to control the behavior during serialization. The default options are those specified by <see cref="F:System.Text.Json.JsonSerializerDefaults.Web" />.<para>选项.默认选项是 <see cref="F:System.Text.Json.JsonSerializerDefaults.Web" /> 指定的选项.</para></param>
      <param name="cancellationToken">A cancellation token that can be used by other objects or threads to receive notice of cancellation.<para>可由其他对象或线程用来接收取消通知的取消令牌.</para></param>
      <typeparam name="TValue">The type of the value to serialize.<para>要序列化的值的类型.</para></typeparam>
      <returns>The task object representing the asynchronous operation.<para>表示异步操作的任务对象.</para></returns>
    </member>
    <member name="M:System.Net.Http.Json.HttpClientJsonExtensions.PostAsJsonAsync``1(System.Net.Http.HttpClient,System.String,``0,System.Text.Json.Serialization.Metadata.JsonTypeInfo{``0},System.Threading.CancellationToken)">
      <summary>Sends a POST request to the specified Uri containing the <paramref name="value" /> serialized as JSON in the request body.<para>向指定的 uri 发送 post 请求,其中包含在请求正文中序列化为 json 的 <paramref name="value" />.</para></summary>
      <param name="client">The client used to send the request.<para>用于发送请求的客户端.</para></param>
      <param name="requestUri">The Uri the request is sent to.<para>请求发送到的 uri.</para></param>
      <param name="value">The value to serialize.<para>要序列化的值.</para></param>
      <param name="jsonTypeInfo">Source generated JsonTypeInfo to control the behavior during serialization.<para>源生成 jsontypeinfo 来控制序列化期间的行为.</para></param>
      <param name="cancellationToken">A cancellation token that can be used by other objects or threads to receive notice of cancellation.<para>可由其他对象或线程用来接收取消通知的取消令牌.</para></param>
      <typeparam name="TValue">The type of the value to serialize.<para>要序列化的值的类型.</para></typeparam>
      <returns>The task object representing the asynchronous operation.<para>表示异步操作的任务对象.</para></returns>
    </member>
    <member name="M:System.Net.Http.Json.HttpClientJsonExtensions.PostAsJsonAsync``1(System.Net.Http.HttpClient,System.String,``0,System.Threading.CancellationToken)">
      <summary>Sends a POST request to the specified Uri containing the <paramref name="value" /> serialized as JSON in the request body.<para>向指定的 uri 发送 post 请求,其中包含在请求正文中序列化为 json 的 <paramref name="value" />.</para></summary>
      <param name="client">The client used to send the request.<para>用于发送请求的客户端.</para></param>
      <param name="requestUri">The Uri the request is sent to.<para>请求发送到的 uri.</para></param>
      <param name="value">The value to serialize.<para>要序列化的值.</para></param>
      <param name="cancellationToken">A cancellation token that can be used by other objects or threads to receive notice of cancellation.<para>可由其他对象或线程用来接收取消通知的取消令牌.</para></param>
      <typeparam name="TValue">The type of the value to serialize.<para>要序列化的值的类型.</para></typeparam>
      <returns>The task object representing the asynchronous operation.<para>表示异步操作的任务对象.</para></returns>
    </member>
    <member name="M:System.Net.Http.Json.HttpClientJsonExtensions.PostAsJsonAsync``1(System.Net.Http.HttpClient,System.Uri,``0,System.Text.Json.JsonSerializerOptions,System.Threading.CancellationToken)">
      <summary>Sends a POST request to the specified Uri containing the <paramref name="value" /> serialized as JSON in the request body.<para>向指定的 uri 发送 post 请求,其中包含在请求正文中序列化为 json 的 <paramref name="value" />.</para></summary>
      <param name="client">The client used to send the request.<para>用于发送请求的客户端.</para></param>
      <param name="requestUri">The Uri the request is sent to.<para>请求发送到的 uri.</para></param>
      <param name="value">The value to serialize.<para>要序列化的值.用于控制序列化期间行为的</para></param>
      <param name="options">Options to control the behavior during serialization. The default options are those specified by <see cref="F:System.Text.Json.JsonSerializerDefaults.Web" />.<para>选项.默认选项是 <see cref="F:System.Text.Json.JsonSerializerDefaults.Web" /> 指定的选项.</para></param>
      <param name="cancellationToken">A cancellation token that can be used by other objects or threads to receive notice of cancellation.<para>可由其他对象或线程用来接收取消通知的取消令牌.</para></param>
      <typeparam name="TValue">The type of the value to serialize.<para>要序列化的值的类型.</para></typeparam>
      <returns>The task object representing the asynchronous operation.<para>表示异步操作的任务对象.</para></returns>
    </member>
    <member name="M:System.Net.Http.Json.HttpClientJsonExtensions.PostAsJsonAsync``1(System.Net.Http.HttpClient,System.Uri,``0,System.Text.Json.Serialization.Metadata.JsonTypeInfo{``0},System.Threading.CancellationToken)">
      <summary>Sends a POST request to the specified Uri containing the <paramref name="value" /> serialized as JSON in the request body.<para>向指定的 uri 发送 post 请求,其中包含在请求正文中序列化为 json 的 <paramref name="value" />.</para></summary>
      <param name="client">The client used to send the request.<para>用于发送请求的客户端.</para></param>
      <param name="requestUri">The Uri the request is sent to.<para>请求发送到的 uri.</para></param>
      <param name="value">The value to serialize.<para>要序列化的值.</para></param>
      <param name="jsonTypeInfo">Source generated JsonTypeInfo to control the behavior during serialization.<para>源生成 jsontypeinfo 来控制序列化期间的行为.</para></param>
      <param name="cancellationToken">A cancellation token that can be used by other objects or threads to receive notice of cancellation.<para>可由其他对象或线程用来接收取消通知的取消令牌.</para></param>
      <typeparam name="TValue">The type of the value to serialize.<para>要序列化的值的类型.</para></typeparam>
      <returns>The task object representing the asynchronous operation.<para>表示异步操作的任务对象.</para></returns>
    </member>
    <member name="M:System.Net.Http.Json.HttpClientJsonExtensions.PostAsJsonAsync``1(System.Net.Http.HttpClient,System.Uri,``0,System.Threading.CancellationToken)">
      <summary>Sends a POST request to the specified Uri containing the <paramref name="value" /> serialized as JSON in the request body.<para>向指定的 uri 发送 post 请求,其中包含在请求正文中序列化为 json 的 <paramref name="value" />.</para></summary>
      <param name="client">The client used to send the request.<para>用于发送请求的客户端.</para></param>
      <param name="requestUri">The Uri the request is sent to.<para>请求发送到的 uri.</para></param>
      <param name="value">The value to serialize.<para>要序列化的值.</para></param>
      <param name="cancellationToken">A cancellation token that can be used by other objects or threads to receive notice of cancellation.<para>可由其他对象或线程用来接收取消通知的取消令牌.</para></param>
      <typeparam name="TValue">The type of the value to serialize.<para>要序列化的值的类型.</para></typeparam>
      <returns>The task object representing the asynchronous operation.<para>表示异步操作的任务对象.</para></returns>
    </member>
    <member name="M:System.Net.Http.Json.HttpClientJsonExtensions.PutAsJsonAsync``1(System.Net.Http.HttpClient,System.String,``0,System.Text.Json.JsonSerializerOptions,System.Threading.CancellationToken)">
      <summary>Send a PUT request to the specified Uri containing the <paramref name="value" /> serialized as JSON in the request body.<para>将 put 请求发送到指定的 uri,其中包含在请求正文中序列化为 json 的 <paramref name="value" />.</para></summary>
      <param name="client">The client used to send the request.<para>用于发送请求的客户端.</para></param>
      <param name="requestUri">The Uri the request is sent to.<para>请求发送到的 uri.</para></param>
      <param name="value">The value to serialize.<para>要序列化的值.用于控制序列化期间行为的</para></param>
      <param name="options">Options to control the behavior during serialization. The default options are those specified by <see cref="F:System.Text.Json.JsonSerializerDefaults.Web" />.<para>选项.默认选项是 <see cref="F:System.Text.Json.JsonSerializerDefaults.Web" /> 指定的选项.</para></param>
      <param name="cancellationToken">A cancellation token that can be used by other objects or threads to receive notice of cancellation.<para>可由其他对象或线程用来接收取消通知的取消令牌.</para></param>
      <typeparam name="TValue">The type of the value to serialize.<para>要序列化的值的类型.</para></typeparam>
      <returns>The task object representing the asynchronous operation.<para>表示异步操作的任务对象.</para></returns>
    </member>
    <member name="M:System.Net.Http.Json.HttpClientJsonExtensions.PutAsJsonAsync``1(System.Net.Http.HttpClient,System.String,``0,System.Text.Json.Serialization.Metadata.JsonTypeInfo{``0},System.Threading.CancellationToken)">
      <summary>Send a PUT request to the specified Uri containing the <paramref name="value" /> serialized as JSON in the request body.<para>将 put 请求发送到指定的 uri,其中包含在请求正文中序列化为 json 的 <paramref name="value" />.</para></summary>
      <param name="client">The client used to send the request.<para>用于发送请求的客户端.</para></param>
      <param name="requestUri">The Uri the request is sent to.<para>请求发送到的 uri.</para></param>
      <param name="value">The value to serialize.<para>要序列化的值.</para></param>
      <param name="jsonTypeInfo">Source generated JsonTypeInfo to control the behavior during serialization.<para>源生成 jsontypeinfo 来控制序列化期间的行为.</para></param>
      <param name="cancellationToken">A cancellation token that can be used by other objects or threads to receive notice of cancellation.<para>可由其他对象或线程用来接收取消通知的取消令牌.</para></param>
      <typeparam name="TValue">The type of the value to serialize.<para>要序列化的值的类型.</para></typeparam>
      <returns>The task object representing the asynchronous operation.<para>表示异步操作的任务对象.</para></returns>
    </member>
    <member name="M:System.Net.Http.Json.HttpClientJsonExtensions.PutAsJsonAsync``1(System.Net.Http.HttpClient,System.String,``0,System.Threading.CancellationToken)">
      <summary>Send a PUT request to the specified Uri containing the <paramref name="value" /> serialized as JSON in the request body.<para>将 put 请求发送到指定的 uri,其中包含在请求正文中序列化为 json 的 <paramref name="value" />.</para></summary>
      <param name="client">The client used to send the request.<para>用于发送请求的客户端.</para></param>
      <param name="requestUri">The Uri the request is sent to.<para>请求发送到的 uri.</para></param>
      <param name="value">The value to serialize.<para>要序列化的值.</para></param>
      <param name="cancellationToken">A cancellation token that can be used by other objects or threads to receive notice of cancellation.<para>可由其他对象或线程用来接收取消通知的取消令牌.</para></param>
      <typeparam name="TValue">The type of the value to serialize.<para>要序列化的值的类型.</para></typeparam>
      <returns>The task object representing the asynchronous operation.<para>表示异步操作的任务对象.</para></returns>
    </member>
    <member name="M:System.Net.Http.Json.HttpClientJsonExtensions.PutAsJsonAsync``1(System.Net.Http.HttpClient,System.Uri,``0,System.Text.Json.JsonSerializerOptions,System.Threading.CancellationToken)">
      <summary>Send a PUT request to the specified Uri containing the <paramref name="value" /> serialized as JSON in the request body.<para>将 put 请求发送到指定的 uri,其中包含在请求正文中序列化为 json 的 <paramref name="value" />.</para></summary>
      <param name="client">The client used to send the request.<para>用于发送请求的客户端.</para></param>
      <param name="requestUri">The Uri the request is sent to.<para>请求发送到的 uri.</para></param>
      <param name="value">The value to serialize.<para>要序列化的值.用于控制序列化期间行为的</para></param>
      <param name="options">Options to control the behavior during serialization. The default options are those specified by <see cref="F:System.Text.Json.JsonSerializerDefaults.Web" />.<para>选项.默认选项是 <see cref="F:System.Text.Json.JsonSerializerDefaults.Web" /> 指定的选项.</para></param>
      <param name="cancellationToken">A cancellation token that can be used by other objects or threads to receive notice of cancellation.<para>可由其他对象或线程用来接收取消通知的取消令牌.</para></param>
      <typeparam name="TValue">The type of the value to serialize.<para>要序列化的值的类型.</para></typeparam>
      <returns>The task object representing the asynchronous operation.<para>表示异步操作的任务对象.</para></returns>
    </member>
    <member name="M:System.Net.Http.Json.HttpClientJsonExtensions.PutAsJsonAsync``1(System.Net.Http.HttpClient,System.Uri,``0,System.Text.Json.Serialization.Metadata.JsonTypeInfo{``0},System.Threading.CancellationToken)">
      <summary>Send a PUT request to the specified Uri containing the <paramref name="value" /> serialized as JSON in the request body.<para>将 put 请求发送到指定的 uri,其中包含在请求正文中序列化为 json 的 <paramref name="value" />.</para></summary>
      <param name="client">The client used to send the request.<para>用于发送请求的客户端.</para></param>
      <param name="requestUri">The Uri the request is sent to.<para>请求发送到的 uri.</para></param>
      <param name="value">The value to serialize.<para>要序列化的值.</para></param>
      <param name="jsonTypeInfo">Source generated JsonTypeInfo to control the behavior during serialization.<para>源生成 jsontypeinfo 来控制序列化期间的行为.</para></param>
      <param name="cancellationToken">A cancellation token that can be used by other objects or threads to receive notice of cancellation.<para>可由其他对象或线程用来接收取消通知的取消令牌.</para></param>
      <typeparam name="TValue">The type of the value to serialize.<para>要序列化的值的类型.</para></typeparam>
      <returns>The task object representing the asynchronous operation.<para>表示异步操作的任务对象.</para></returns>
    </member>
    <member name="M:System.Net.Http.Json.HttpClientJsonExtensions.PutAsJsonAsync``1(System.Net.Http.HttpClient,System.Uri,``0,System.Threading.CancellationToken)">
      <summary>Send a PUT request to the specified Uri containing the <paramref name="value" /> serialized as JSON in the request body.<para>将 put 请求发送到指定的 uri,其中包含在请求正文中序列化为 json 的 <paramref name="value" />.</para></summary>
      <param name="client">The client used to send the request.<para>用于发送请求的客户端.</para></param>
      <param name="requestUri">The Uri the request is sent to.<para>请求发送到的 uri.</para></param>
      <param name="value">The value to serialize.<para>要序列化的值.</para></param>
      <param name="cancellationToken">A cancellation token that can be used by other objects or threads to receive notice of cancellation.<para>可由其他对象或线程用来接收取消通知的取消令牌.</para></param>
      <typeparam name="TValue">The type of the value to serialize.<para>要序列化的值的类型.</para></typeparam>
      <returns>The task object representing the asynchronous operation.<para>表示异步操作的任务对象.</para></returns>
    </member>
    <member name="T:System.Net.Http.Json.HttpContentJsonExtensions">
      <summary>Contains extension methods to read and then parse the <see cref="T:System.Net.Http.HttpContent" /> from JSON.<para>包含用于读取然后从 json 解析 <see cref="T:System.Net.Http.HttpContent" /> 的扩展方法.</para></summary>
    </member>
    <member name="M:System.Net.Http.Json.HttpContentJsonExtensions.ReadFromJsonAsync(System.Net.Http.HttpContent,System.Type,System.Text.Json.JsonSerializerOptions,System.Threading.CancellationToken)">
      <summary>Reads the HTTP content and returns the value that results from deserializing the content as JSON in an asynchronous operation.<para>读取 http 内容并返回在异步操作中将内容反序列化为 json 所产生的值.</para></summary>
      <param name="content">The content to read from.<para>要从中读取的内容.</para></param>
      <param name="type">The type of the object to deserialize to and return.<para>要反序列化和返回的对象的类型.</para></param>
      <param name="options">Options to control the behavior during deserialization. The default options are those specified by <see cref="F:System.Text.Json.JsonSerializerDefaults.Web" />.<para>用于控制反序列化期间行为的选项.默认选项是 <see cref="F:System.Text.Json.JsonSerializerDefaults.Web" /> 指定的选项.</para></param>
      <param name="cancellationToken">A cancellation token that can be used by other objects or threads to receive notice of cancellation.<para>可由其他对象或线程用来接收取消通知的取消令牌.</para></param>
      <returns>The task object representing the asynchronous operation.<para>表示异步操作的任务对象.</para></returns>
    </member>
    <member name="M:System.Net.Http.Json.HttpContentJsonExtensions.ReadFromJsonAsync(System.Net.Http.HttpContent,System.Type,System.Text.Json.Serialization.JsonSerializerContext,System.Threading.CancellationToken)">
      <summary>Reads the HTTP content and returns the value that results from deserializing the content as JSON in an asynchronous operation.<para>读取 http 内容并返回在异步操作中将内容反序列化为 json 所产生的值.</para></summary>
      <param name="content">The content to read from.<para>要从中读取的内容.</para></param>
      <param name="type">The type of the object to deserialize to and return.<para>要反序列化和返回的对象的类型.</para></param>
      <param name="context">Source generated JsonSerializerContext used to control the behavior during deserialization.<para>源生成的 jsonserializercontext 用于控制反序列化期间的行为.</para></param>
      <param name="cancellationToken">A cancellation token that can be used by other objects or threads to receive notice of cancellation.<para>可由其他对象或线程用来接收取消通知的取消令牌.</para></param>
      <returns>The task object representing the asynchronous operation.<para>表示异步操作的任务对象.</para></returns>
    </member>
    <member name="M:System.Net.Http.Json.HttpContentJsonExtensions.ReadFromJsonAsync``1(System.Net.Http.HttpContent,System.Text.Json.JsonSerializerOptions,System.Threading.CancellationToken)">
      <summary>Reads the HTTP content and returns the value that results from deserializing the content as JSON in an asynchronous operation.<para>读取 http 内容并返回在异步操作中将内容反序列化为 json 所产生的值.</para></summary>
      <param name="content">The content to read from.<para>要从中读取的内容.</para></param>
      <param name="options">Options to control the behavior during deserialization. The default options are those specified by <see cref="F:System.Text.Json.JsonSerializerDefaults.Web" />.<para>用于控制反序列化期间行为的选项.默认选项是 <see cref="F:System.Text.Json.JsonSerializerDefaults.Web" /> 指定的选项.</para></param>
      <param name="cancellationToken">A cancellation token that can be used by other objects or threads to receive notice of cancellation.<para>可由其他对象或线程用来接收取消通知的取消令牌.</para></param>
      <typeparam name="T">The target type to deserialize to.<para>要反序列化到的目标类型.</para></typeparam>
      <returns>The task object representing the asynchronous operation.<para>表示异步操作的任务对象.</para></returns>
    </member>
    <member name="M:System.Net.Http.Json.HttpContentJsonExtensions.ReadFromJsonAsync``1(System.Net.Http.HttpContent,System.Text.Json.Serialization.Metadata.JsonTypeInfo{``0},System.Threading.CancellationToken)">
      <summary>Reads the HTTP content and returns the value that results from deserializing the content as JSON in an asynchronous operation.<para>读取 http 内容并返回在异步操作中将内容反序列化为 json 所产生的值.</para></summary>
      <param name="content">The content to read from.<para>要从中读取的内容.</para></param>
      <param name="jsonTypeInfo">Source generated JsonTypeInfo to control the behavior during deserialization.<para>源生成了 jsontypeinfo 来控制反序列化期间的行为.</para></param>
      <param name="cancellationToken">A cancellation token that can be used by other objects or threads to receive notice of cancellation.<para>可由其他对象或线程用来接收取消通知的取消令牌.</para></param>
      <typeparam name="T">The target type to deserialize to.<para>要反序列化到的目标类型.</para></typeparam>
      <returns>The task object representing the asynchronous operation.<para>表示异步操作的任务对象.</para></returns>
    </member>
    <member name="T:System.Net.Http.Json.JsonContent">
      <summary>Provides HTTP content based on JSON.<para>提供基于 json 的 http 内容.</para></summary>
    </member>
    <member name="M:System.Net.Http.Json.JsonContent.Create(System.Object,System.Type,System.Net.Http.Headers.MediaTypeHeaderValue,System.Text.Json.JsonSerializerOptions)">
      <summary>Creates a new instance of the <see cref="T:System.Net.Http.Json.JsonContent" /> class that will contain the <paramref name="inputValue" /> serialized as JSON.<para>创建 <see cref="T:System.Net.Http.Json.JsonContent" /> 类的新实例,该实例将包含序列化为 json 的 <paramref name="inputValue" />.</para></summary>
      <param name="inputValue">The value to serialize.<para>要序列化的值.</para></param>
      <param name="inputType">The type of the value to serialize.<para>要序列化的值的类型.</para></param>
      <param name="mediaType">The media type to use for the content.<para>要用于内容的媒体类型.</para></param>
      <param name="options">Options to control the behavior during serialization, the default options are <see cref="F:System.Text.Json.JsonSerializerDefaults.Web" />.<para>用于控制序列化期间行为的选项,默认选项为 <see cref="F:System.Text.Json.JsonSerializerDefaults.Web" />.</para></param>
      <returns>A <see cref="T:System.Net.Http.Json.JsonContent" /> instance.<para>一个 <see cref="T:System.Net.Http.Json.JsonContent" /> 实例.</para></returns>
    </member>
    <member name="M:System.Net.Http.Json.JsonContent.Create``1(``0,System.Net.Http.Headers.MediaTypeHeaderValue,System.Text.Json.JsonSerializerOptions)">
      <summary>Creates a new instance of the <see cref="T:System.Net.Http.Json.JsonContent" /> class that will contain the <paramref name="inputValue" /> serialized as JSON.<para>创建 <see cref="T:System.Net.Http.Json.JsonContent" /> 类的新实例,该实例将包含序列化为 json 的 <paramref name="inputValue" />.</para></summary>
      <param name="inputValue">The value to serialize.<para>要序列化的值.</para></param>
      <param name="mediaType">The media type to use for the content.<para>要用于内容的媒体类型.</para></param>
      <param name="options">Options to control the behavior during serialization, the default options are <see cref="F:System.Text.Json.JsonSerializerDefaults.Web" />.<para>用于控制序列化期间行为的选项,默认选项为 <see cref="F:System.Text.Json.JsonSerializerDefaults.Web" />.</para></param>
      <typeparam name="T">The type of the value to serialize.<para>要序列化的值的类型.</para></typeparam>
      <returns>A <see cref="T:System.Net.Http.Json.JsonContent" /> instance.<para>一个 <see cref="T:System.Net.Http.Json.JsonContent" /> 实例.</para></returns>
    </member>
    <member name="P:System.Net.Http.Json.JsonContent.ObjectType">
      <summary>Gets the type of the <see cref="P:System.Net.Http.Json.JsonContent.Value" /> to be serialized by this instance.<para>获取要由此实例序列化的 <see cref="P:System.Net.Http.Json.JsonContent.Value" /> 的类型.</para></summary>
      <returns>The type of the <see cref="P:System.Net.Http.Json.JsonContent.Value" /> to be serialized by this instance.<para>此实例要序列化的 <see cref="P:System.Net.Http.Json.JsonContent.Value" /> 的类型.</para></returns>
    </member>
    <member name="P:System.Net.Http.Json.JsonContent.Value">
      <summary>Gets the value to be serialized and used as the body of the <see cref="T:System.Net.Http.HttpRequestMessage" /> that sends this instance.<para>获取要序列化并用作发送此实例的 <see cref="T:System.Net.Http.HttpRequestMessage" /> 的正文的值.</para></summary>
      <returns>The value to be serialized and used as the body of the <see cref="T:System.Net.Http.HttpRequestMessage" /> that sends this instance.<para>要序列化并用作发送此实例的 <see cref="T:System.Net.Http.HttpRequestMessage" /> 的正文的值.</para></returns>
    </member>
  </members>
</doc>