﻿<?xml version="1.0" encoding="utf-8"?>
<doc>
  <assembly>
    <name>System.Xml.XPath</name>
  </assembly>
  <members>
    <member name="T:System.Xml.XPath.XPathDocument">
      <summary>Provides a fast, read-only, in-memory representation of an XML document by using the XPath data model.<para>通过使用 xpath 数据模型提供 xml 文档的快速、只读、内存中表示形式.</para></summary>
    </member>
    <member name="M:System.Xml.XPath.XPathDocument.#ctor(System.IO.Stream)">
      <summary>Initializes a new instance of the <see cref="T:System.Xml.XPath.XPathDocument" /> class from the XML data in the specified <see cref="T:System.IO.Stream" /> object.<para>从指定的 <see cref="T:System.IO.Stream" /> 对象中的 xml 数据初始化 <see cref="T:System.Xml.XPath.XPathDocument" /> 类的新实例.</para></summary>
      <param name="stream">The <see cref="T:System.IO.Stream" /> object that contains the XML data.<para>包含 xml 数据的 <see cref="T:System.IO.Stream" /> 对象.</para></param>
      <exception cref="T:System.Xml.XmlException">An error was encountered in the XML data. The <see cref="T:System.Xml.XPath.XPathDocument" /> remains empty.<para>xml 数据中遇到错误.<see cref="T:System.Xml.XPath.XPathDocument" /> 仍为空.</para></exception>
      <exception cref="T:System.ArgumentNullException">The <see cref="T:System.IO.Stream" /> object passed as a parameter is <see langword="null" />.<para>作为参数传递的 <see cref="T:System.IO.Stream" /> 对象是 <see langword="null" />.</para></exception>
    </member>
    <member name="M:System.Xml.XPath.XPathDocument.#ctor(System.IO.TextReader)">
      <summary>Initializes a new instance of the <see cref="T:System.Xml.XPath.XPathDocument" /> class from the XML data that is contained in the specified <see cref="T:System.IO.TextReader" /> object.<para>从指定的 <see cref="T:System.IO.TextReader" /> 对象中包含的 xml 数据初始化 <see cref="T:System.Xml.XPath.XPathDocument" /> 类的新实例.</para></summary>
      <param name="textReader">The <see cref="T:System.IO.TextReader" /> object that contains the XML data.<para>包含 xml 数据的 <see cref="T:System.IO.TextReader" /> 对象.</para></param>
      <exception cref="T:System.Xml.XmlException">An error was encountered in the XML data. The <see cref="T:System.Xml.XPath.XPathDocument" /> remains empty.<para>xml 数据中遇到错误.<see cref="T:System.Xml.XPath.XPathDocument" /> 仍为空.</para></exception>
      <exception cref="T:System.ArgumentNullException">The <see cref="T:System.IO.TextReader" /> object passed as a parameter is <see langword="null" />.<para>作为参数传递的 <see cref="T:System.IO.TextReader" /> 对象是 <see langword="null" />.</para></exception>
    </member>
    <member name="M:System.Xml.XPath.XPathDocument.#ctor(System.String)">
      <summary>Initializes a new instance of the <see cref="T:System.Xml.XPath.XPathDocument" /> class from the XML data in the specified file.<para>从指定文件中的 xml 数据初始化 <see cref="T:System.Xml.XPath.XPathDocument" /> 类的新实例.</para></summary>
      <param name="uri">The path of the file that contains the XML data.<para>包含 xml 数据的文件的路径.</para></param>
      <exception cref="T:System.Xml.XmlException">An error was encountered in the XML data. The <see cref="T:System.Xml.XPath.XPathDocument" /> remains empty.<para>xml 数据中遇到错误.<see cref="T:System.Xml.XPath.XPathDocument" /> 仍为空.</para></exception>
      <exception cref="T:System.ArgumentNullException">The file path parameter is <see langword="null" />.<para>文件路径参数为 <see langword="null" />.</para></exception>
    </member>
    <member name="M:System.Xml.XPath.XPathDocument.#ctor(System.String,System.Xml.XmlSpace)">
      <summary>Initializes a new instance of the <see cref="T:System.Xml.XPath.XPathDocument" /> class from the XML data in the file specified with the white space handling specified.<para>从使用指定的空格处理指定的文件中的 xml 数据初始化 <see cref="T:System.Xml.XPath.XPathDocument" /> 类的新实例.</para></summary>
      <param name="uri">The path of the file that contains the XML data.<para>包含 xml 数据的文件的路径.</para></param>
      <param name="space">An <see cref="T:System.Xml.XmlSpace" /> object.<para>一个 <see cref="T:System.Xml.XmlSpace" /> 对象.</para></param>
      <exception cref="T:System.Xml.XmlException">An error was encountered in the XML data. The <see cref="T:System.Xml.XPath.XPathDocument" /> remains empty.<para>xml 数据中遇到错误.<see cref="T:System.Xml.XPath.XPathDocument" /> 仍为空.</para></exception>
      <exception cref="T:System.ArgumentNullException">The file path parameter or <see cref="T:System.Xml.XmlSpace" /> object parameter is <see langword="null" />.<para>文件路径参数或 <see cref="T:System.Xml.XmlSpace" /> 对象参数为 <see langword="null" />.</para></exception>
    </member>
    <member name="M:System.Xml.XPath.XPathDocument.#ctor(System.Xml.XmlReader)">
      <summary>Initializes a new instance of the <see cref="T:System.Xml.XPath.XPathDocument" /> class from the XML data that is contained in the specified <see cref="T:System.Xml.XmlReader" /> object.<para>从指定的 <see cref="T:System.Xml.XmlReader" /> 对象中包含的 xml 数据初始化 <see cref="T:System.Xml.XPath.XPathDocument" /> 类的新实例.</para></summary>
      <param name="reader">The <see cref="T:System.Xml.XmlReader" /> object that contains the XML data.<para>包含 xml 数据的 <see cref="T:System.Xml.XmlReader" /> 对象.</para></param>
      <exception cref="T:System.Xml.XmlException">An error was encountered in the XML data. The <see cref="T:System.Xml.XPath.XPathDocument" /> remains empty.<para>xml 数据中遇到错误.<see cref="T:System.Xml.XPath.XPathDocument" /> 仍为空.</para></exception>
      <exception cref="T:System.ArgumentNullException">The <see cref="T:System.Xml.XmlReader" /> object passed as a parameter is <see langword="null" />.<para>作为参数传递的 <see cref="T:System.Xml.XmlReader" /> 对象是 <see langword="null" />.</para></exception>
    </member>
    <member name="M:System.Xml.XPath.XPathDocument.#ctor(System.Xml.XmlReader,System.Xml.XmlSpace)">
      <summary>Initializes a new instance of the <see cref="T:System.Xml.XPath.XPathDocument" /> class from the XML data that is contained in the specified <see cref="T:System.Xml.XmlReader" /> object with the specified white space handling.<para>从具有指定空格处理的指定 <see cref="T:System.Xml.XmlReader" /> 对象中包含的 xml 数据初始化 <see cref="T:System.Xml.XPath.XPathDocument" /> 类的新实例.</para></summary>
      <param name="reader">The <see cref="T:System.Xml.XmlReader" /> object that contains the XML data.<para>包含 xml 数据的 <see cref="T:System.Xml.XmlReader" /> 对象.</para></param>
      <param name="space">An <see cref="T:System.Xml.XmlSpace" /> object.<para>一个 <see cref="T:System.Xml.XmlSpace" /> 对象.</para></param>
      <exception cref="T:System.Xml.XmlException">An error was encountered in the XML data. The <see cref="T:System.Xml.XPath.XPathDocument" /> remains empty.<para>xml 数据中遇到错误.<see cref="T:System.Xml.XPath.XPathDocument" /> 仍为空.</para></exception>
      <exception cref="T:System.ArgumentNullException">The <see cref="T:System.Xml.XmlReader" /> object parameter or <see cref="T:System.Xml.XmlSpace" /> object parameter is <see langword="null" />.<para><see cref="T:System.Xml.XmlReader" /> 对象参数或 <see cref="T:System.Xml.XmlSpace" /> 对象参数为 <see langword="null" />.</para></exception>
    </member>
    <member name="M:System.Xml.XPath.XPathDocument.CreateNavigator">
      <summary>Initializes a read-only <see cref="T:System.Xml.XPath.XPathNavigator" /> object for navigating through nodes in this <see cref="T:System.Xml.XPath.XPathDocument" />.<para>初始化只读 <see cref="T:System.Xml.XPath.XPathNavigator" /> 对象,以便在此 <see cref="T:System.Xml.XPath.XPathDocument" /> 中的节点之间导航.</para></summary>
      <returns>A read-only <see cref="T:System.Xml.XPath.XPathNavigator" /> object.<para>只读 <see cref="T:System.Xml.XPath.XPathNavigator" /> 对象.</para></returns>
    </member>
    <member name="T:System.Xml.XPath.XPathException">
      <summary>Provides the exception thrown when an error occurs while processing an XPath expression.<para>提供在处理 xpath 表达式时发生错误时引发的异常.</para></summary>
    </member>
    <member name="M:System.Xml.XPath.XPathException.#ctor">
      <summary>Initializes a new instance of the <see cref="T:System.Xml.XPath.XPathException" /> class.<para>初始化 <see cref="T:System.Xml.XPath.XPathException" /> 类的新实例.</para></summary>
    </member>
    <member name="M:System.Xml.XPath.XPathException.#ctor(System.Runtime.Serialization.SerializationInfo,System.Runtime.Serialization.StreamingContext)">
      <summary>Uses the information in the <see cref="T:System.Runtime.Serialization.SerializationInfo" /> and <see cref="T:System.Runtime.Serialization.StreamingContext" /> objects to initialize a new instance of the <see cref="T:System.Xml.XPath.XPathException" /> class.<para>使用 <see cref="T:System.Runtime.Serialization.SerializationInfo" /> 和 <see cref="T:System.Runtime.Serialization.StreamingContext" /> 对象中的信息初始化 <see cref="T:System.Xml.XPath.XPathException" /> 类的新实例.</para></summary>
      <param name="info">The <see cref="T:System.Runtime.Serialization.SerializationInfo" /> object that contains all the properties of an <see cref="T:System.Xml.XPath.XPathException" />.<para>包含 <see cref="T:System.Xml.XPath.XPathException" /> 的所有属性的 <see cref="T:System.Runtime.Serialization.SerializationInfo" /> 对象.</para></param>
      <param name="context">The <see cref="T:System.Runtime.Serialization.StreamingContext" /> object.<para><see cref="T:System.Runtime.Serialization.StreamingContext" /> 对象.</para></param>
    </member>
    <member name="M:System.Xml.XPath.XPathException.#ctor(System.String)">
      <summary>Initializes a new instance of the <see cref="T:System.Xml.XPath.XPathException" /> class with the specified exception message.<para>使用指定的异常消息初始化 <see cref="T:System.Xml.XPath.XPathException" /> 类的新实例.</para></summary>
      <param name="message">The description of the error condition.<para>错误条件的说明.</para></param>
    </member>
    <member name="M:System.Xml.XPath.XPathException.#ctor(System.String,System.Exception)">
      <summary>Initializes a new instance of the <see cref="T:System.Xml.XPath.XPathException" /> class using the specified exception message and <see cref="T:System.Exception" /> object.<para>使用指定的异常消息和 <see cref="T:System.Exception" /> 对象初始化 <see cref="T:System.Xml.XPath.XPathException" /> 类的新实例.</para></summary>
      <param name="message">The description of the error condition.<para>错误条件的说明.</para></param>
      <param name="innerException">The <see cref="T:System.Exception" /> that threw the <see cref="T:System.Xml.XPath.XPathException" />, if any. This value can be <see langword="null" />.<para>抛出 <see cref="T:System.Xml.XPath.XPathException" /> 的 <see cref="T:System.Exception" />,如果有的话.此值可以是 <see langword="null" />.</para></param>
    </member>
    <member name="M:System.Xml.XPath.XPathException.GetObjectData(System.Runtime.Serialization.SerializationInfo,System.Runtime.Serialization.StreamingContext)">
      <summary>Streams all the <see cref="T:System.Xml.XPath.XPathException" /> properties into the <see cref="T:System.Runtime.Serialization.SerializationInfo" /> class for the specified <see cref="T:System.Runtime.Serialization.StreamingContext" />.<para>将所有 <see cref="T:System.Xml.XPath.XPathException" /> 属性流式传输到指定 <see cref="T:System.Runtime.Serialization.StreamingContext" /> 的 <see cref="T:System.Runtime.Serialization.SerializationInfo" /> 类中.</para></summary>
      <param name="info">The <see cref="T:System.Runtime.Serialization.SerializationInfo" /> object.<para>对象 <see cref="T:System.Runtime.Serialization.SerializationInfo" />.</para></param>
      <param name="context">The <see cref="T:System.Runtime.Serialization.StreamingContext" /> object.<para><see cref="T:System.Runtime.Serialization.StreamingContext" /> 对象.</para></param>
    </member>
    <member name="P:System.Xml.XPath.XPathException.Message">
      <summary>Gets the description of the error condition for this exception.<para>获取此异常的错误条件的说明.</para></summary>
      <returns>The <see langword="string" /> description of the error condition for this exception.<para>此异常的错误条件的 <see langword="string" /> 说明.</para></returns>
    </member>
  </members>
</doc>