﻿<?xml version="1.0" encoding="utf-8"?>
<doc>
  <assembly>
    <name>System.Runtime.Serialization.Json</name>
  </assembly>
  <members>
    <member name="T:System.Runtime.Serialization.DateTimeFormat">
      <summary>Specifies date-time format options.<para>指定日期时间格式选项.</para></summary>
    </member>
    <member name="M:System.Runtime.Serialization.DateTimeFormat.#ctor(System.String)">
      <summary>Initializes a new instance of the <see cref="T:System.Runtime.Serialization.DateTimeFormat" /> class using the format string.<para>使用格式字符串初始化 <see cref="T:System.Runtime.Serialization.DateTimeFormat" /> 类的新实例.</para></summary>
      <param name="formatString">The format string.<para>格式字符串.</para></param>
    </member>
    <member name="M:System.Runtime.Serialization.DateTimeFormat.#ctor(System.String,System.IFormatProvider)">
      <summary>Initializes a new instance of the <see cref="T:System.Runtime.Serialization.DateTimeFormat" /> class using the format string and format provider.<para>使用格式字符串和格式提供程序初始化 <see cref="T:System.Runtime.Serialization.DateTimeFormat" /> 类的新实例.</para></summary>
      <param name="formatString">The format sting.<para>格式刺痛.</para></param>
      <param name="formatProvider">The format provider.<para>格式提供程序.</para></param>
    </member>
    <member name="P:System.Runtime.Serialization.DateTimeFormat.DateTimeStyles">
      <summary>Gets or sets the formatting options that customize string parsing for some date and time parsing methods.<para>获取或设置为某些日期和时间分析方法自定义字符串分析的格式设置选项.</para></summary>
      <returns>The formatting options that customize string parsing for some date and time parsing methods.<para>为某些日期和时间分析方法自定义字符串分析的格式设置选项.</para></returns>
    </member>
    <member name="P:System.Runtime.Serialization.DateTimeFormat.FormatProvider">
      <summary>Gets an object that controls formatting.<para>获取控制格式设置的对象.</para></summary>
    </member>
    <member name="P:System.Runtime.Serialization.DateTimeFormat.FormatString">
      <summary>Gets the format strings to control the formatting produced when a date or time is represented as a string.<para>获取格式字符串,以控制将日期或时间表示为字符串时生成的格式.</para></summary>
      <returns>The format strings to control the formatting produced when a date or time is represented as a string.<para>格式字符串,用于控制将日期或时间表示为字符串时生成的格式.</para></returns>
    </member>
    <member name="T:System.Runtime.Serialization.EmitTypeInformation">
      <summary>Specifies how often to emit type information.<para>指定发出类型信息的频率.</para></summary>
    </member>
    <member name="F:System.Runtime.Serialization.EmitTypeInformation.Always">
      <summary>Always to emit type information.<para>始终发出类型信息.</para></summary>
    </member>
    <member name="F:System.Runtime.Serialization.EmitTypeInformation.AsNeeded">
      <summary>As needed emit type information.<para>根据需要发出类型信息.</para></summary>
    </member>
    <member name="F:System.Runtime.Serialization.EmitTypeInformation.Never">
      <summary>Never to emit type information.<para>从不发出类型信息.</para></summary>
    </member>
    <member name="T:System.Runtime.Serialization.Json.DataContractJsonSerializer">
      <summary>Serializes objects to the JavaScript Object Notation (JSON) and deserializes JSON data to objects. This class cannot be inherited.<para>将对象序列化为 javascript 对象表示法 （json）,并将 json 数据反序列化为对象.此类不能继承.</para></summary>
    </member>
    <member name="M:System.Runtime.Serialization.Json.DataContractJsonSerializer.#ctor(System.Type)">
      <summary>Initializes a new instance of the <see cref="T:System.Runtime.Serialization.Json.DataContractJsonSerializer" /> class to serialize or deserialize an object of the specified type.<para>初始化 <see cref="T:System.Runtime.Serialization.Json.DataContractJsonSerializer" /> 类的新实例,以序列化或反序列化指定类型的对象.</para></summary>
      <param name="type">The type of the instances that is serialized or deserialized.<para>序列化或反序列化的实例的类型.</para></param>
    </member>
    <member name="M:System.Runtime.Serialization.Json.DataContractJsonSerializer.#ctor(System.Type,System.Collections.Generic.IEnumerable{System.Type})">
      <summary>Initializes a new instance of the <see cref="T:System.Runtime.Serialization.Json.DataContractJsonSerializer" /> class to serialize or deserialize an object of the specified type, with a collection of known types that may be present in the object graph.<para>初始化 <see cref="T:System.Runtime.Serialization.Json.DataContractJsonSerializer" /> 类的新实例,以序列化或反序列化指定类型的对象,以及对象图中可能存在的已知类型的集合.</para></summary>
      <param name="type">The type of the instances that are serialized or deserialized.<para>序列化或反序列化实例的类型.</para></param>
      <param name="knownTypes">An <see cref="T:System.Collections.Generic.IEnumerable`1" /> of <see cref="T:System.Type" /> that contains the types that may be present in the object graph.<para><see cref="T:System.Type" /> 的 <see cref="T:System.Collections.Generic.IEnumerable`1" />,包含对象图中可能存在的类型.</para></param>
    </member>
    <member name="M:System.Runtime.Serialization.Json.DataContractJsonSerializer.#ctor(System.Type,System.Runtime.Serialization.Json.DataContractJsonSerializerSettings)">
      <summary>Initializes a new instance of the <see cref="T:System.Runtime.Serialization.Json.DataContractJsonSerializer" /> class to serialize or deserialize an object of the specified type and serializer settings.<para>初始化 <see cref="T:System.Runtime.Serialization.Json.DataContractJsonSerializer" /> 类的新实例,以序列化或反序列化指定类型和序列化程序设置的对象.</para></summary>
      <param name="type">The type of the instances that is serialized or deserialized.<para>序列化或反序列化的实例的类型.</para></param>
      <param name="settings">The serializer settings for the JSON serializer.<para>json 序列化程序的序列化程序设置.</para></param>
    </member>
    <member name="M:System.Runtime.Serialization.Json.DataContractJsonSerializer.#ctor(System.Type,System.String)">
      <summary>Initializes a new instance of the <see cref="T:System.Runtime.Serialization.Json.DataContractJsonSerializer" /> class to serialize or deserialize an object of a specified type using the XML root element specified by a parameter.<para>初始化 <see cref="T:System.Runtime.Serialization.Json.DataContractJsonSerializer" /> 类的新实例,以使用参数指定的 xml 根元素序列化或反序列化指定类型的对象.</para></summary>
      <param name="type">The type of the instances that is serialized or deserialized.<para>序列化或反序列化的实例的类型.</para></param>
      <param name="rootName">The name of the XML element that encloses the content to serialize or deserialize.<para>包含要序列化或反序列化的内容的 xml 元素的名称.</para></param>
    </member>
    <member name="M:System.Runtime.Serialization.Json.DataContractJsonSerializer.#ctor(System.Type,System.String,System.Collections.Generic.IEnumerable{System.Type})">
      <summary>Initializes a new instance of the <see cref="T:System.Runtime.Serialization.Json.DataContractJsonSerializer" /> class to serialize or deserialize an object of a specified type using the XML root element specified by a parameter, with a collection of known types that may be present in the object graph.<para>初始化 <see cref="T:System.Runtime.Serialization.Json.DataContractJsonSerializer" /> 类的新实例,以使用参数指定的 xml 根元素序列化或反序列化指定类型的对象,以及对象图中可能存在的已知类型的集合.</para></summary>
      <param name="type">The type of the instances that is serialized or deserialized.<para>序列化或反序列化的实例的类型.</para></param>
      <param name="rootName">The name of the XML element that encloses the content to serialize or deserialize. The default is "root".<para>包含要序列化或反序列化的内容的 xml 元素的名称.默认值为"根".</para></param>
      <param name="knownTypes">An <see cref="T:System.Collections.Generic.IEnumerable`1" /> of <see cref="T:System.Type" /> that contains the types that may be present in the object graph.<para><see cref="T:System.Type" /> 的 <see cref="T:System.Collections.Generic.IEnumerable`1" />,包含对象图中可能存在的类型.</para></param>
    </member>
    <member name="M:System.Runtime.Serialization.Json.DataContractJsonSerializer.#ctor(System.Type,System.Xml.XmlDictionaryString)">
      <summary>Initializes a new instance of the <see cref="T:System.Runtime.Serialization.Json.DataContractJsonSerializer" /> class to serialize or deserialize an object of a specified type using the XML root element specified by a parameter of type <see cref="T:System.Xml.XmlDictionaryString" />.<para>初始化 <see cref="T:System.Runtime.Serialization.Json.DataContractJsonSerializer" /> 类的新实例,以使用由 <see cref="T:System.Xml.XmlDictionaryString" /> 类型的参数指定的 xml 根元素序列化或反序列化指定类型的对象.</para></summary>
      <param name="type">The type of the instances that is serialized or deserialized.<para>序列化或反序列化的实例的类型.</para></param>
      <param name="rootName">An <see cref="T:System.Xml.XmlDictionaryString" /> that contains the root element name of the content.<para>一个 <see cref="T:System.Xml.XmlDictionaryString" />,包含内容的根元素名称.</para></param>
    </member>
    <member name="M:System.Runtime.Serialization.Json.DataContractJsonSerializer.#ctor(System.Type,System.Xml.XmlDictionaryString,System.Collections.Generic.IEnumerable{System.Type})">
      <summary>Initializes a new instance of the <see cref="T:System.Runtime.Serialization.Json.DataContractJsonSerializer" /> class to serialize or deserialize an object of a specified type using the XML root element specified by a parameter of type <see cref="T:System.Xml.XmlDictionaryString" />, with a collection of known types that may be present in the object graph.<para>初始化 <see cref="T:System.Runtime.Serialization.Json.DataContractJsonSerializer" /> 类的新实例,以使用类型 <see cref="T:System.Xml.XmlDictionaryString" /> 的参数指定的 xml 根元素序列化或反序列化指定类型的对象,以及对象图中可能存在的已知类型的集合.</para></summary>
      <param name="type">The type of the instances that is serialized or deserialized.<para>序列化或反序列化的实例的类型.</para></param>
      <param name="rootName">An <see cref="T:System.Xml.XmlDictionaryString" /> that contains the root element name of the content.<para>一个 <see cref="T:System.Xml.XmlDictionaryString" />,包含内容的根元素名称.</para></param>
      <param name="knownTypes">An <see cref="T:System.Collections.Generic.IEnumerable`1" /> of <see cref="T:System.Type" /> that contains the types that may be present in the object graph.<para><see cref="T:System.Type" /> 的 <see cref="T:System.Collections.Generic.IEnumerable`1" />,包含对象图中可能存在的类型.</para></param>
    </member>
    <member name="M:System.Runtime.Serialization.Json.DataContractJsonSerializer.GetSerializationSurrogateProvider" />
    <member name="M:System.Runtime.Serialization.Json.DataContractJsonSerializer.IsStartObject(System.Xml.XmlDictionaryReader)">
      <summary>Gets a value that specifies whether the <see cref="T:System.Xml.XmlDictionaryReader" /> is positioned over an XML element that represents an object the serializer can deserialize from.<para>获取一个值,该值指定 <see cref="T:System.Xml.XmlDictionaryReader" /> 是否位于表示序列化程序可以从中反序列化的对象的 xml 元素上.</para></summary>
      <param name="reader">The <see cref="T:System.Xml.XmlDictionaryReader" /> used to read the XML stream mapped from JSON.<para>用于读取从 json 映射的 xml 流的 <see cref="T:System.Xml.XmlDictionaryReader" />.</para></param>
      <returns>
        <see langword="true" /> if the reader is positioned correctly; otherwise, <see langword="false" />.<para><see langword="true" /> 如果读取器位置正确;否则,<see langword="false" />.</para></returns>
    </member>
    <member name="M:System.Runtime.Serialization.Json.DataContractJsonSerializer.IsStartObject(System.Xml.XmlReader)">
      <summary>Determines whether the <see cref="T:System.Xml.XmlReader" /> is positioned on an object that can be deserialized.<para>确定 <see cref="T:System.Xml.XmlReader" /> 是否定位在可反序列化的对象上.</para></summary>
      <param name="reader">The <see cref="T:System.Xml.XmlReader" /> used to read the XML stream.<para>用于读取 xml 流的 <see cref="T:System.Xml.XmlReader" />.</para></param>
      <returns>
        <see langword="true" /> if the reader is positioned correctly; otherwise, <see langword="false" />.<para><see langword="true" /> 如果读取器位置正确;否则,<see langword="false" />.</para></returns>
    </member>
    <member name="M:System.Runtime.Serialization.Json.DataContractJsonSerializer.ReadObject(System.IO.Stream)">
      <summary>Reads a document stream in the JSON (JavaScript Object Notation) format and returns the deserialized object.<para>读取 json（javascript 对象表示法）格式的文档流,并返回反序列化的对象.</para></summary>
      <param name="stream">The <see cref="T:System.IO.Stream" /> to be read.<para>要读取的 <see cref="T:System.IO.Stream" />.</para></param>
      <returns>The deserialized object.<para>反序列化的对象.</para></returns>
    </member>
    <member name="M:System.Runtime.Serialization.Json.DataContractJsonSerializer.ReadObject(System.Xml.XmlDictionaryReader)">
      <summary>Reads the XML document mapped from JSON (JavaScript Object Notation) with an <see cref="T:System.Xml.XmlDictionaryReader" /> and returns the deserialized object.<para>使用 <see cref="T:System.Xml.XmlDictionaryReader" /> 读取从 json（javascript 对象表示法）映射的 xml 文档,并返回反序列化的对象.</para></summary>
      <param name="reader">An <see cref="T:System.Xml.XmlDictionaryReader" /> used to read the XML document mapped from JSON.<para>一个 <see cref="T:System.Xml.XmlDictionaryReader" />,用于读取从 json 映射的 xml 文档.</para></param>
      <returns>The deserialized object.<para>反序列化的对象.</para></returns>
    </member>
    <member name="M:System.Runtime.Serialization.Json.DataContractJsonSerializer.ReadObject(System.Xml.XmlDictionaryReader,System.Boolean)">
      <summary>Reads the XML document mapped from JSON with an <see cref="T:System.Xml.XmlDictionaryReader" /> and returns the deserialized object; it also enables you to specify whether the serializer should verify that it is positioned on an appropriate element before attempting to deserialize.<para>使用 <see cref="T:System.Xml.XmlDictionaryReader" /> 读取从 json 映射的 xml 文档,并返回反序列化的对象;它还使您能够指定序列化程序是否应在尝试反序列化之前验证它是否位于适当的元素上.</para></summary>
      <param name="reader">An <see cref="T:System.Xml.XmlDictionaryReader" /> used to read the XML document mapped from JSON.<para>一个 <see cref="T:System.Xml.XmlDictionaryReader" />,用于读取从 json 映射的 xml 文档.</para></param>
      <param name="verifyObjectName">
        <see langword="true" /> to check whether the enclosing XML element name and namespace correspond to the expected name and namespace; otherwise, <see langword="false" /> to skip the verification. The default is <see langword="true" />.<para><see langword="true" /> 检查封闭的 xml 元素名称和命名空间是否与预期的名称和命名空间相对应;否则,<see langword="false" /> 跳过验证.默认值为 <see langword="true" />.</para></param>
      <returns>The deserialized object.<para>反序列化的对象.</para></returns>
    </member>
    <member name="M:System.Runtime.Serialization.Json.DataContractJsonSerializer.ReadObject(System.Xml.XmlReader)">
      <summary>Reads the XML document mapped from JSON (JavaScript Object Notation) with an <see cref="T:System.Xml.XmlReader" /> and returns the deserialized object.<para>使用 <see cref="T:System.Xml.XmlReader" /> 读取从 json（javascript 对象表示法）映射的 xml 文档,并返回反序列化的对象.</para></summary>
      <param name="reader">An <see cref="T:System.Xml.XmlReader" /> used to read the XML document mapped from JSON.<para>一个 <see cref="T:System.Xml.XmlReader" />,用于读取从 json 映射的 xml 文档.</para></param>
      <returns>The deserialized object.<para>反序列化的对象.</para></returns>
    </member>
    <member name="M:System.Runtime.Serialization.Json.DataContractJsonSerializer.ReadObject(System.Xml.XmlReader,System.Boolean)">
      <summary>Reads an XML document mapped from JSON with an <see cref="T:System.Xml.XmlReader" /> and returns the deserialized object; it also enables you to specify whether the serializer should verify that it is positioned on an appropriate element before attempting to deserialize.<para>使用 <see cref="T:System.Xml.XmlReader" /> 读取从 json 映射的 xml 文档,并返回反序列化的对象;它还使您能够指定序列化程序是否应在尝试反序列化之前验证它是否位于适当的元素上.</para></summary>
      <param name="reader">An <see cref="T:System.Xml.XmlReader" /> used to read the XML document mapped from JSON.<para>一个 <see cref="T:System.Xml.XmlReader" />,用于读取从 json 映射的 xml 文档.</para></param>
      <param name="verifyObjectName">
        <see langword="true" /> to check whether the enclosing XML element name and namespace correspond to the expected name and namespace; otherwise, <see langword="false" />, which skips the verification. The default is <see langword="true" />.<para><see langword="true" /> 检查封闭的 xml 元素名称和命名空间是否与预期的名称和命名空间相对应;否则,<see langword="false" />,这将跳过验证.默认值为 <see langword="true" />.</para></param>
      <returns>The deserialized object.<para>反序列化的对象.</para></returns>
    </member>
    <member name="M:System.Runtime.Serialization.Json.DataContractJsonSerializer.SetSerializationSurrogateProvider(System.Runtime.Serialization.ISerializationSurrogateProvider)">
      <param name="provider" />
    </member>
    <member name="M:System.Runtime.Serialization.Json.DataContractJsonSerializer.WriteEndObject(System.Xml.XmlDictionaryWriter)">
      <summary>Writes the closing XML element to an XML document, using an <see cref="T:System.Xml.XmlDictionaryWriter" />, which can be mapped to JavaScript Object Notation (JSON).<para>使用 <see cref="T:System.Xml.XmlDictionaryWriter" /> 将结束 xml 元素写入 xml 文档,该元素可以映射到 javascript 对象表示法 （json）.</para></summary>
      <param name="writer">An <see cref="T:System.Xml.XmlDictionaryWriter" /> used to write the XML document to map to JSON.<para>一个 <see cref="T:System.Xml.XmlDictionaryWriter" />,用于编写要映射到 json 的 xml 文档.</para></param>
    </member>
    <member name="M:System.Runtime.Serialization.Json.DataContractJsonSerializer.WriteEndObject(System.Xml.XmlWriter)">
      <summary>Writes the closing XML element to an XML document, using an <see cref="T:System.Xml.XmlWriter" />, which can be mapped to JavaScript Object Notation (JSON).<para>使用 <see cref="T:System.Xml.XmlWriter" /> 将结束 xml 元素写入 xml 文档,该元素可以映射到 javascript 对象表示法 （json）.</para></summary>
      <param name="writer">An <see cref="T:System.Xml.XmlWriter" /> used to write the XML document mapped to JSON.<para>一个 <see cref="T:System.Xml.XmlWriter" />,用于写入映射到 json 的 xml 文档.</para></param>
    </member>
    <member name="M:System.Runtime.Serialization.Json.DataContractJsonSerializer.WriteObject(System.IO.Stream,System.Object)">
      <summary>Serializes a specified object to JavaScript Object Notation (JSON) data and writes the resulting JSON to a stream.<para>将指定的对象序列化为 javascript 对象表示法 （json） 数据,并将生成的 json 写入流.</para></summary>
      <param name="stream">The <see cref="T:System.IO.Stream" /> that is written to.<para>写入的 <see cref="T:System.IO.Stream" />.</para></param>
      <param name="graph">The object that contains the data to write to the stream.<para>包含要写入流的数据的对象.</para></param>
      <exception cref="T:System.Runtime.Serialization.InvalidDataContractException">The type being serialized does not conform to data contract rules. For example, the <see cref="T:System.Runtime.Serialization.DataContractAttribute" /> attribute has not been applied to the type.<para>要序列化的类型不符合数据协定规则.例如, <see cref="t:system.runtime.serialization.datacontractattribute" /> 属性尚未应用于类型.</para></exception>
      <exception cref="T:System.Runtime.Serialization.SerializationException">There is a problem with the instance being written.<para>正在写入的实例有问题.</para></exception>
      <exception cref="T:System.ServiceModel.QuotaExceededException">The maximum number of objects to serialize has been exceeded. Check the <see cref="P:System.Runtime.Serialization.DataContractSerializer.MaxItemsInObjectGraph" /> property.<para>已超过要序列化的最大对象数.检查 <see cref="P:System.Runtime.Serialization.DataContractSerializer.MaxItemsInObjectGraph" /> 属性.</para></exception>
    </member>
    <member name="M:System.Runtime.Serialization.Json.DataContractJsonSerializer.WriteObject(System.Xml.XmlDictionaryWriter,System.Object)">
      <summary>Serializes an object to XML that may be mapped to JavaScript Object Notation (JSON). Writes all the object data, including the starting XML element, content, and closing element, with an <see cref="T:System.Xml.XmlDictionaryWriter" />.<para>将对象序列化为可映射到 javascript 对象表示法 （json） 的 xml.使用 <see cref="T:System.Xml.XmlDictionaryWriter" /> 写入所有对象数据,包括起始 xml 元素、内容和结束元素.</para></summary>
      <param name="writer">The <see cref="T:System.Xml.XmlDictionaryWriter" /> used to write the XML document or stream to map to JSON.<para>用于写入 xml 文档或流以映射到 json 的 <see cref="T:System.Xml.XmlDictionaryWriter" />.</para></param>
      <param name="graph">The object that contains the data to write.<para>包含要写入的数据的对象.</para></param>
      <exception cref="T:System.Runtime.Serialization.InvalidDataContractException">The type being serialized does not conform to data contract rules. For example, the <see cref="T:System.Runtime.Serialization.DataContractAttribute" /> attribute has not been applied to the type.<para>要序列化的类型不符合数据协定规则.例如, <see cref="t:system.runtime.serialization.datacontractattribute" /> 属性尚未应用于类型.</para></exception>
      <exception cref="T:System.Runtime.Serialization.SerializationException">There is a problem with the instance being written.<para>正在写入的实例有问题.</para></exception>
      <exception cref="T:System.ServiceModel.QuotaExceededException">The maximum number of objects to serialize has been exceeded. Check the <see cref="P:System.Runtime.Serialization.DataContractSerializer.MaxItemsInObjectGraph" /> property.<para>已超过要序列化的最大对象数.检查 <see cref="P:System.Runtime.Serialization.DataContractSerializer.MaxItemsInObjectGraph" /> 属性.</para></exception>
    </member>
    <member name="M:System.Runtime.Serialization.Json.DataContractJsonSerializer.WriteObject(System.Xml.XmlWriter,System.Object)">
      <summary>Serializes an object to XML that may be mapped to JavaScript Object Notation (JSON). Writes all the object data, including the starting XML element, content, and closing element, with an <see cref="T:System.Xml.XmlWriter" />.<para>将对象序列化为可映射到 javascript 对象表示法 （json） 的 xml.使用 <see cref="T:System.Xml.XmlWriter" /> 写入所有对象数据,包括起始 xml 元素、内容和结束元素.</para></summary>
      <param name="writer">The <see cref="T:System.Xml.XmlWriter" /> used to write the XML document to map to JSON.<para>用于写入要映射到 json 的 xml 文档的 <see cref="T:System.Xml.XmlWriter" />.</para></param>
      <param name="graph">The object that contains the data to write.<para>包含要写入的数据的对象.</para></param>
      <exception cref="T:System.Runtime.Serialization.InvalidDataContractException">The type being serialized does not conform to data contract rules. For example, the <see cref="T:System.Runtime.Serialization.DataContractAttribute" /> attribute has not been applied to the type.<para>要序列化的类型不符合数据协定规则.例如, <see cref="t:system.runtime.serialization.datacontractattribute" /> 属性尚未应用于类型.</para></exception>
      <exception cref="T:System.Runtime.Serialization.SerializationException">There is a problem with the instance being written.<para>正在写入的实例有问题.</para></exception>
      <exception cref="T:System.ServiceModel.QuotaExceededException">The maximum number of objects to serialize has been exceeded. Check the <see cref="P:System.Runtime.Serialization.DataContractSerializer.MaxItemsInObjectGraph" /> property.<para>已超过要序列化的最大对象数.检查 <see cref="P:System.Runtime.Serialization.DataContractSerializer.MaxItemsInObjectGraph" /> 属性.</para></exception>
    </member>
    <member name="M:System.Runtime.Serialization.Json.DataContractJsonSerializer.WriteObjectContent(System.Xml.XmlDictionaryWriter,System.Object)">
      <summary>Writes the XML content that can be mapped to JavaScript Object Notation (JSON) using an <see cref="T:System.Xml.XmlDictionaryWriter" />.<para>使用 <see cref="T:System.Xml.XmlDictionaryWriter" /> 写入可映射到 javascript 对象表示法 （json） 的 xml 内容.</para></summary>
      <param name="writer">The <see cref="T:System.Xml.XmlDictionaryWriter" /> to write to.<para>要写入的 <see cref="T:System.Xml.XmlDictionaryWriter" />.</para></param>
      <param name="graph">The object to write.<para>要写入的对象.</para></param>
      <exception cref="T:System.Runtime.Serialization.InvalidDataContractException">The type being serialized does not conform to data contract rules. For example, the <see cref="T:System.Runtime.Serialization.DataContractAttribute" /> attribute has not been applied to the type.<para>要序列化的类型不符合数据协定规则.例如, <see cref="t:system.runtime.serialization.datacontractattribute" /> 属性尚未应用于类型.</para></exception>
      <exception cref="T:System.Runtime.Serialization.SerializationException">There is a problem with the instance being written.<para>正在写入的实例有问题.</para></exception>
      <exception cref="T:System.ServiceModel.QuotaExceededException">The maximum number of objects to serialize has been exceeded. Check the <see cref="P:System.Runtime.Serialization.DataContractSerializer.MaxItemsInObjectGraph" /> property.<para>已超过要序列化的最大对象数.检查 <see cref="P:System.Runtime.Serialization.DataContractSerializer.MaxItemsInObjectGraph" /> 属性.</para></exception>
    </member>
    <member name="M:System.Runtime.Serialization.Json.DataContractJsonSerializer.WriteObjectContent(System.Xml.XmlWriter,System.Object)">
      <summary>Writes the XML content that can be mapped to JavaScript Object Notation (JSON) using an <see cref="T:System.Xml.XmlWriter" />.<para>使用 <see cref="T:System.Xml.XmlWriter" /> 写入可映射到 javascript 对象表示法 （json） 的 xml 内容.</para></summary>
      <param name="writer">The <see cref="T:System.Xml.XmlWriter" /> used to write to.<para>用于写入的 <see cref="T:System.Xml.XmlWriter" />.</para></param>
      <param name="graph">The object to write.<para>要写入的对象.</para></param>
      <exception cref="T:System.Runtime.Serialization.InvalidDataContractException">The type being serialized does not conform to data contract rules. For example, the <see cref="T:System.Runtime.Serialization.DataContractAttribute" /> attribute has not been applied to the type.<para>要序列化的类型不符合数据协定规则.例如, <see cref="t:system.runtime.serialization.datacontractattribute" /> 属性尚未应用于类型.</para></exception>
      <exception cref="T:System.Runtime.Serialization.SerializationException">There is a problem with the instance being written.<para>正在写入的实例有问题.</para></exception>
      <exception cref="T:System.ServiceModel.QuotaExceededException">The maximum number of objects to serialize has been exceeded. Check the <see cref="P:System.Runtime.Serialization.DataContractSerializer.MaxItemsInObjectGraph" /> property.<para>已超过要序列化的最大对象数.检查 <see cref="P:System.Runtime.Serialization.DataContractSerializer.MaxItemsInObjectGraph" /> 属性.</para></exception>
    </member>
    <member name="M:System.Runtime.Serialization.Json.DataContractJsonSerializer.WriteStartObject(System.Xml.XmlDictionaryWriter,System.Object)">
      <summary>Writes the opening XML element for serializing an object to XML that can be mapped to JavaScript Object Notation (JSON) using an <see cref="T:System.Xml.XmlDictionaryWriter" />.<para>编写用于将对象序列化为 xml 的起始 xml 元素,该元素可以使用 <see cref="T:System.Xml.XmlDictionaryWriter" /> 映射到 javascript 对象表示法 （json）.</para></summary>
      <param name="writer">The <see cref="T:System.Xml.XmlDictionaryWriter" /> used to write the XML start element.<para>用于编写 xml 起始元素的 <see cref="T:System.Xml.XmlDictionaryWriter" />.</para></param>
      <param name="graph">The object to write.<para>要写入的对象.</para></param>
    </member>
    <member name="M:System.Runtime.Serialization.Json.DataContractJsonSerializer.WriteStartObject(System.Xml.XmlWriter,System.Object)">
      <summary>Writes the opening XML element for serializing an object to XML that can be mapped to JavaScript Object Notation (JSON) using an <see cref="T:System.Xml.XmlWriter" />.<para>编写用于将对象序列化为 xml 的起始 xml 元素,该元素可以使用 <see cref="T:System.Xml.XmlWriter" /> 映射到 javascript 对象表示法 （json）.</para></summary>
      <param name="writer">The <see cref="T:System.Xml.XmlWriter" /> used to write the XML start element.<para>用于编写 xml 起始元素的 <see cref="T:System.Xml.XmlWriter" />.</para></param>
      <param name="graph">The object to write.<para>要写入的对象.</para></param>
    </member>
    <member name="P:System.Runtime.Serialization.Json.DataContractJsonSerializer.DateTimeFormat">
      <summary>Gets the format of the date and time type items in object graph.<para>获取对象图中日期和时间类型项的格式.</para></summary>
      <returns>The format of the date and time type items in object graph.<para>对象图中日期和时间类型项的格式.</para></returns>
    </member>
    <member name="P:System.Runtime.Serialization.Json.DataContractJsonSerializer.EmitTypeInformation">
      <summary>Gets or sets the data contract JSON serializer settings to emit type information.<para>获取或设置数据协定 json 序列化程序设置以发出类型信息.</para></summary>
      <returns>The data contract JSON serializer settings to emit type information.<para>用于发出类型信息的数据协定 json 序列化程序设置.</para></returns>
    </member>
    <member name="P:System.Runtime.Serialization.Json.DataContractJsonSerializer.IgnoreExtensionDataObject">
      <summary>Gets a value that specifies whether unknown data is ignored on deserialization and whether the <see cref="T:System.Runtime.Serialization.IExtensibleDataObject" /> interface is ignored on serialization.<para>获取一个值,该值指定在反序列化时是否忽略未知数据,以及在序列化时是否忽略 <see cref="T:System.Runtime.Serialization.IExtensibleDataObject" /> 接口.</para></summary>
      <returns>
        <see langword="true" /> to ignore unknown data and <see cref="T:System.Runtime.Serialization.IExtensibleDataObject" />; otherwise, <see langword="false" />.<para><see langword="true" /> 忽略未知数据和 <see cref="T:System.Runtime.Serialization.IExtensibleDataObject" />;否则,<see langword="false" />.</para></returns>
    </member>
    <member name="P:System.Runtime.Serialization.Json.DataContractJsonSerializer.KnownTypes">
      <summary>Gets a collection of types that may be present in the object graph serialized using this instance of the <see cref="T:System.Runtime.Serialization.Json.DataContractJsonSerializer" />.<para>获取可能存在于使用此实例序列化的对象图中的类型集合 <see cref="T:System.Runtime.Serialization.Json.DataContractJsonSerializer" />.</para></summary>
      <returns>A <see cref="T:System.Collections.ObjectModel.ReadOnlyCollection`1" /> that contains the expected types passed in as known types to the <see cref="T:System.Runtime.Serialization.Json.DataContractJsonSerializer" /> constructor.<para>一个 <see cref="T:System.Collections.ObjectModel.ReadOnlyCollection`1" />,它包含作为已知类型传递给 <see cref="T:System.Runtime.Serialization.Json.DataContractJsonSerializer" /> 构造函数的预期类型.</para></returns>
    </member>
    <member name="P:System.Runtime.Serialization.Json.DataContractJsonSerializer.MaxItemsInObjectGraph">
      <summary>Gets the maximum number of items in an object graph that the serializer serializes or deserializes in one read or write call.<para>获取序列化程序在一次读取或写入调用中序列化或反序列化的对象图中的最大项数.</para></summary>
      <exception cref="T:System.ArgumentOutOfRangeException">The number of items exceeds the maximum value.<para>项目数超过最大值.</para></exception>
      <returns>The maximum number of items to serialize or deserialize.<para>要序列化或反序列化的最大项数.</para></returns>
    </member>
    <member name="P:System.Runtime.Serialization.Json.DataContractJsonSerializer.SerializeReadOnlyTypes">
      <summary>Gets or sets a value that specifies whether to serialize read only types.<para>获取或设置一个值,该值指定是否序列化只读类型.</para></summary>
      <returns>
        <see langword="true" /> to serialize read only types; otherwise <see langword="false" />.<para><see langword="true" /> 序列化只读类型;否则 <see langword="false" />.</para></returns>
    </member>
    <member name="P:System.Runtime.Serialization.Json.DataContractJsonSerializer.UseSimpleDictionaryFormat">
      <summary>Gets a value that specifies whether to use a simple dictionary format.<para>获取一个值,该值指定是否使用简单字典格式.</para></summary>
      <returns>
        <see langword="true" /> to use a simple dictionary format; otherwise, <see langword="false" />.<para><see langword="true" /> 使用简单的字典格式;否则,<see langword="false" />.</para></returns>
    </member>
    <member name="T:System.Runtime.Serialization.Json.DataContractJsonSerializerSettings">
      <summary>Specifies <see cref="T:System.Runtime.Serialization.Json.DataContractJsonSerializer" /> settings.<para>指定 <see cref="T:System.Runtime.Serialization.Json.DataContractJsonSerializer" /> 设置.</para></summary>
    </member>
    <member name="M:System.Runtime.Serialization.Json.DataContractJsonSerializerSettings.#ctor">
      <summary>Initializes a new instance of the <see cref="T:System.Runtime.Serialization.Json.DataContractJsonSerializerSettings" /> class.<para>初始化 <see cref="T:System.Runtime.Serialization.Json.DataContractJsonSerializerSettings" /> 类的新实例.</para></summary>
    </member>
    <member name="P:System.Runtime.Serialization.Json.DataContractJsonSerializerSettings.DateTimeFormat">
      <summary>Gets or sets a DateTimeFormat that defines the culturally appropriate format of displaying dates and times.<para>获取或设置一个 datetimeformat,该格式定义显示日期和时间的文化上适当的格式.</para></summary>
      <returns>The DateTimeFormat that defines the culturally appropriate format of displaying dates and times.<para>日期时间格式,用于定义显示日期和时间的文化适当格式.</para></returns>
    </member>
    <member name="P:System.Runtime.Serialization.Json.DataContractJsonSerializerSettings.EmitTypeInformation">
      <summary>Gets or sets the data contract JSON serializer settings to emit type information.<para>获取或设置数据协定 json 序列化程序设置以发出类型信息.</para></summary>
      <returns>The data contract JSON serializer settings to emit type information.<para>用于发出类型信息的数据协定 json 序列化程序设置.</para></returns>
    </member>
    <member name="P:System.Runtime.Serialization.Json.DataContractJsonSerializerSettings.IgnoreExtensionDataObject">
      <summary>Gets or sets a value that specifies whether to ignore data supplied by an extension of the class when the class is being serialized or deserialized.<para>获取或设置一个值,该值指定在序列化或反序列化类时是否忽略类的扩展提供的数据.</para></summary>
      <returns>
        <see langword="true" /> to ignore data supplied by an extension of the class when the class is being serialized or deserialized; otherwise, <see langword="false" />.<para><see langword="true" /> 在序列化或反序列化类时忽略类的扩展提供的数据;否则,<see langword="false" />.</para></returns>
    </member>
    <member name="P:System.Runtime.Serialization.Json.DataContractJsonSerializerSettings.KnownTypes">
      <summary>Gets or sets a collection of types that may be present in the object graph serialized using this instance the DataContractJsonSerializerSettings.<para>获取或设置可能存在于使用此实例 datacontractjsonserializersettings 序列化的对象图中的类型集合.</para></summary>
      <returns>A collection of types that may be present in the object graph serialized using this instance the DataContractJsonSerializerSettings.<para>对象图中可能存在的类型集合,使用此实例 datacontractjsonserializersettings 进行序列化.</para></returns>
    </member>
    <member name="P:System.Runtime.Serialization.Json.DataContractJsonSerializerSettings.MaxItemsInObjectGraph">
      <summary>Gets or sets the maximum number of items in an object graph to serialize or deserialize.<para>获取或设置对象图中要序列化或反序列化的最大项数.</para></summary>
      <returns>The maximum number of items in an object graph to serialize or deserialize.<para>对象图中要序列化或反序列化的最大项数.</para></returns>
    </member>
    <member name="P:System.Runtime.Serialization.Json.DataContractJsonSerializerSettings.RootName">
      <summary>Gets or sets the root name of the selected object.<para>获取或设置所选对象的根名称.</para></summary>
      <returns>The root name of the selected object.<para>所选对象的根名称.</para></returns>
    </member>
    <member name="P:System.Runtime.Serialization.Json.DataContractJsonSerializerSettings.SerializeReadOnlyTypes">
      <summary>Gets or sets a value that specifies whether to serialize read only types.<para>获取或设置一个值,该值指定是否序列化只读类型.</para></summary>
      <returns>
        <see langword="true" /> to serialize read only types; otherwise <see langword="false" />.<para><see langword="true" /> 序列化只读类型;否则 <see langword="false" />.</para></returns>
    </member>
    <member name="P:System.Runtime.Serialization.Json.DataContractJsonSerializerSettings.UseSimpleDictionaryFormat">
      <summary>Gets or sets a value that specifies whether to use a simple dictionary format.<para>获取或设置一个值,该值指定是否使用简单字典格式.</para></summary>
      <returns>
        <see langword="true" /> to use a simple dictionary format; otherwise, <see langword="false" />.<para><see langword="true" /> 使用简单的字典格式;否则,<see langword="false" />.</para></returns>
    </member>
    <member name="T:System.Runtime.Serialization.Json.IXmlJsonReaderInitializer">
      <summary>Specifies the interface for initializing a JavaScript Object Notation (JSON) reader when reusing them to read from a particular stream or buffer.<para>指定用于在重用 javascript 对象表示法 （json） 读取器从特定流或缓冲区读取时初始化它们的接口.</para></summary>
    </member>
    <member name="M:System.Runtime.Serialization.Json.IXmlJsonReaderInitializer.SetInput(System.Byte[],System.Int32,System.Int32,System.Text.Encoding,System.Xml.XmlDictionaryReaderQuotas,System.Xml.OnXmlDictionaryReaderClose)">
      <summary>Reinitializes a JavaScript Object Notation (JSON) enabled reader to a specified buffer that contains JSON-encoded data.<para>将启用 javascript 对象表示法 （json） 的读取器重新初始化到包含 json 编码数据的指定缓冲区.</para></summary>
      <param name="buffer">The input <see cref="T:System.Byte" /> buffer array from which to read.<para>要从中读取的输入 <see cref="T:System.Byte" /> 缓冲区数组.</para></param>
      <param name="offset">The starting position from which to read in <paramref name="buffer" />.<para>在 <paramref name="buffer" /> 中读取的起始位置.</para></param>
      <param name="count">The number of bytes that can be read from <paramref name="buffer" />.<para>可以从 <paramref name="buffer" /> 读取的字节数.</para></param>
      <param name="encoding">The <see cref="T:System.Text.Encoding" /> used by the reader.<para>读取器使用的 <see cref="T:System.Text.Encoding" />.</para></param>
      <param name="quotas">The <see cref="T:System.Xml.XmlDictionaryReaderQuotas" /> to apply.<para>要应用的 <see cref="T:System.Xml.XmlDictionaryReaderQuotas" />.</para></param>
      <param name="onClose">The <see cref="T:System.Xml.OnXmlDictionaryReaderClose" /> delegate to call when the reader is closed.<para>读取器关闭时要调用的 <see cref="T:System.Xml.OnXmlDictionaryReaderClose" /> 委托.</para></param>
    </member>
    <member name="M:System.Runtime.Serialization.Json.IXmlJsonReaderInitializer.SetInput(System.IO.Stream,System.Text.Encoding,System.Xml.XmlDictionaryReaderQuotas,System.Xml.OnXmlDictionaryReaderClose)">
      <summary>Reinitializes a JavaScript Object Notation (JSON) enabled reader to a specified stream that contains JSON-encoded data.<para>将启用 javascript 对象表示法 （json） 的读取器重新初始化为包含 json 编码数据的指定流.</para></summary>
      <param name="stream">The input <see cref="T:System.IO.Stream" /> from which to read.<para>要从中读取的输入 <see cref="T:System.IO.Stream" />.</para></param>
      <param name="encoding">The <see cref="T:System.Text.Encoding" /> used by the reader.<para>读取器使用的 <see cref="T:System.Text.Encoding" />.</para></param>
      <param name="quotas">
        <see cref="T:System.Xml.XmlDictionaryReaderQuotas" /> to apply.<para><see cref="T:System.Xml.XmlDictionaryReaderQuotas" /> 申请.</para></param>
      <param name="onClose">Delegate to call when the reader is closed.<para>委托在读取器关闭时调用.</para></param>
    </member>
    <member name="T:System.Runtime.Serialization.Json.IXmlJsonWriterInitializer">
      <summary>Specifies the interface for initializing a JavaScript Object Notation (JSON) writer when reusing them to write to a particular output stream.<para>指定用于在重用 javascript 对象表示法 （json） 编写器写入特定输出流时初始化它们的接口.</para></summary>
    </member>
    <member name="M:System.Runtime.Serialization.Json.IXmlJsonWriterInitializer.SetOutput(System.IO.Stream,System.Text.Encoding,System.Boolean)">
      <summary>Initializes (or reinitializes) a JavaScript Object Notation (JSON) writer to a specified output stream with specified character encoding.<para>将 javascript 对象表示法 （json） 编写器初始化（或重新初始化）为具有指定字符编码的指定输出流.</para></summary>
      <param name="stream">The output <see cref="T:System.IO.Stream" /> to which the writer writes.<para>编写器写入的输出 <see cref="T:System.IO.Stream" />.</para></param>
      <param name="encoding">The <see cref="T:System.Text.Encoding" /> that specifies the character encoding of the output stream.<para>指定输出流的字符编码的 <see cref="T:System.Text.Encoding" />.</para></param>
      <param name="ownsStream">If <see langword="true" />, the output stream is closed by the writer when done; otherwise <see langword="false" />.<para>如果为 <see langword="true" />,则输出流在完成后由编写器关闭;否则 <see langword="false" />.</para></param>
    </member>
    <member name="T:System.Runtime.Serialization.Json.JsonReaderWriterFactory">
      <summary>Produces instances of <see cref="T:System.Xml.XmlDictionaryReader" /> that can read data encoded with JavaScript Object Notation (JSON) from a stream or buffer and map it to an XML Infoset and instances of <see cref="T:System.Xml.XmlDictionaryWriter" /> that can map an XML Infoset to JSON and write JSON-encoded data to a stream.<para>生成 <see cref="T:System.Xml.XmlDictionaryReader" /> 实例,该实例可以从流或缓冲区读取使用 javascript 对象表示法 （json） 编码的数据并将其映射到 xml 信息集,并生成 <see cref="T:System.Xml.XmlDictionaryWriter" /> 实例,该实例可以将 xml 信息集映射到 json 并将 json 编码的数据写入流.</para></summary>
    </member>
    <member name="M:System.Runtime.Serialization.Json.JsonReaderWriterFactory.CreateJsonReader(System.Byte[],System.Int32,System.Int32,System.Text.Encoding,System.Xml.XmlDictionaryReaderQuotas,System.Xml.OnXmlDictionaryReaderClose)">
      <summary>Creates an <see cref="T:System.Xml.XmlDictionaryReader" /> that can map buffers encoded with JavaScript Object Notation (JSON), with a specified size and offset and character encoding, to an XML Infoset.<para>创建一个 <see cref="T:System.Xml.XmlDictionaryReader" />,该 <see cref="T:System.Xml.XmlDictionaryReader" /> 可以将使用 javascript 对象表示法 （json） 编码的缓冲区（具有指定的大小、偏移量和字符编码）映射到 xml 信息集.</para></summary>
      <param name="buffer">The input <see cref="T:System.Byte" /> buffer array from which to read.<para>要从中读取的输入 <see cref="T:System.Byte" /> 缓冲区数组.</para></param>
      <param name="offset">Starting position from which to read in <paramref name="buffer" />.<para>在 <paramref name="buffer" /> 中读取的起始位置.</para></param>
      <param name="count">Number of bytes that can be read from <paramref name="buffer" />.<para>可以从 <paramref name="buffer" /> 读取的字节数.</para></param>
      <param name="encoding">The <see cref="T:System.Text.Encoding" /> that specifies the character encoding used by the reader. If <see langword="null" /> is specified as the value, the reader attempts to auto-detect the encoding.<para>指定读取器使用的字符编码的 <see cref="T:System.Text.Encoding" />.如果将 <see langword="null" /> 指定为值,则读取器将尝试自动检测编码.</para></param>
      <param name="quotas">The <see cref="T:System.Xml.XmlDictionaryReaderQuotas" /> used to prevent Denial of Service attacks when reading untrusted data.<para>用于在读取不受信任的数据时防止拒绝服务攻击的 <see cref="T:System.Xml.XmlDictionaryReaderQuotas" />.</para></param>
      <param name="onClose">The <see cref="T:System.Xml.OnXmlDictionaryReaderClose" /> delegate to call when the reader is closed. The default value is <see langword="null" />.<para>读取器关闭时要调用的 <see cref="T:System.Xml.OnXmlDictionaryReaderClose" /> 委托.默认值为 <see langword="null" />.</para></param>
      <returns>An <see cref="T:System.Xml.XmlDictionaryReader" /> that can read JavaScript Object Notation (JSON).<para>一个可以读取 javascript object notation （json） 的 <see cref="T:System.Xml.XmlDictionaryReader" />.</para></returns>
    </member>
    <member name="M:System.Runtime.Serialization.Json.JsonReaderWriterFactory.CreateJsonReader(System.Byte[],System.Int32,System.Int32,System.Xml.XmlDictionaryReaderQuotas)">
      <summary>Creates an <see cref="T:System.Xml.XmlDictionaryReader" /> that can map buffers encoded with JavaScript Object Notation (JSON), of a specified size and offset, to an XML Infoset.<para>创建一个 <see cref="T:System.Xml.XmlDictionaryReader" />,该 <see cref="T:System.Xml.XmlDictionaryReader" /> 可以将使用 javascript 对象表示法 （json） 编码的指定大小和偏移量的缓冲区映射到 xml 信息集.</para></summary>
      <param name="buffer">The input <see cref="T:System.Byte" /> buffer array from which to read.<para>要从中读取的输入 <see cref="T:System.Byte" /> 缓冲区数组.</para></param>
      <param name="offset">Starting position from which to read in <paramref name="buffer" />.<para>在 <paramref name="buffer" /> 中读取的起始位置.</para></param>
      <param name="count">Number of bytes that can be read from <paramref name="buffer" />.<para>可以从 <paramref name="buffer" /> 读取的字节数.</para></param>
      <param name="quotas">The <see cref="T:System.Xml.XmlDictionaryReaderQuotas" /> used to prevent Denial of Service attacks when reading untrusted data.<para>用于在读取不受信任的数据时防止拒绝服务攻击的 <see cref="T:System.Xml.XmlDictionaryReaderQuotas" />.</para></param>
      <returns>An <see cref="T:System.Xml.XmlDictionaryReader" /> that can read JavaScript Object Notation (JSON).<para>一个可以读取 javascript object notation （json） 的 <see cref="T:System.Xml.XmlDictionaryReader" />.</para></returns>
    </member>
    <member name="M:System.Runtime.Serialization.Json.JsonReaderWriterFactory.CreateJsonReader(System.Byte[],System.Xml.XmlDictionaryReaderQuotas)">
      <summary>Creates an <see cref="T:System.Xml.XmlDictionaryReader" /> that can map buffers encoded with JavaScript Object Notation (JSON) to an XML Infoset.<para>创建一个 <see cref="T:System.Xml.XmlDictionaryReader" />,该 <see cref="T:System.Xml.XmlDictionaryReader" /> 可以将使用 javascript 对象表示法 （json） 编码的缓冲区映射到 xml 信息集.</para></summary>
      <param name="buffer">The input <see cref="T:System.Byte" /> buffer array from which to read.<para>要从中读取的输入 <see cref="T:System.Byte" /> 缓冲区数组.</para></param>
      <param name="quotas">The <see cref="T:System.Xml.XmlDictionaryReaderQuotas" /> used to prevent Denial of Service attacks when reading untrusted data.<para>用于在读取不受信任的数据时防止拒绝服务攻击的 <see cref="T:System.Xml.XmlDictionaryReaderQuotas" />.</para></param>
      <returns>An <see cref="T:System.Xml.XmlDictionaryReader" /> that can process JavaScript Object Notation (JSON) data.<para>一个可以处理 javascript 对象表示法 （json） 数据的 <see cref="T:System.Xml.XmlDictionaryReader" />.</para></returns>
    </member>
    <member name="M:System.Runtime.Serialization.Json.JsonReaderWriterFactory.CreateJsonReader(System.IO.Stream,System.Text.Encoding,System.Xml.XmlDictionaryReaderQuotas,System.Xml.OnXmlDictionaryReaderClose)">
      <summary>Creates an <see cref="T:System.Xml.XmlDictionaryReader" /> that can map streams encoded with JavaScript Object Notation (JSON), of a specified size and offset, to an XML Infoset.<para>创建一个 <see cref="T:System.Xml.XmlDictionaryReader" />,该 可以将使用 javascript 对象表示法 （json） 编码的具有指定大小和偏移量的流映射到 xml 信息集.</para></summary>
      <param name="stream">The input <see cref="T:System.IO.Stream" /> from which to read.<para>要从中读取的输入 <see cref="T:System.IO.Stream" />.</para></param>
      <param name="encoding">The <see cref="T:System.Text.Encoding" /> that specifies the character encoding used by the reader. If <see langword="null" /> is specified as the value, the reader attempts to auto-detect the encoding.<para>指定读取器使用的字符编码的 <see cref="T:System.Text.Encoding" />.如果将 <see langword="null" /> 指定为值,则读取器将尝试自动检测编码.</para></param>
      <param name="quotas">The <see cref="T:System.Xml.XmlDictionaryReaderQuotas" /> used to prevent Denial of Service attacks when reading untrusted data.<para>用于在读取不受信任的数据时防止拒绝服务攻击的 <see cref="T:System.Xml.XmlDictionaryReaderQuotas" />.</para></param>
      <param name="onClose">The <see cref="T:System.Xml.OnXmlDictionaryReaderClose" /> delegate to call when the reader is closed.<para>读取器关闭时要调用的 <see cref="T:System.Xml.OnXmlDictionaryReaderClose" /> 委托.</para></param>
      <returns>An <see cref="T:System.Xml.XmlDictionaryReader" /> that can read JavaScript Object Notation (JSON).<para>一个可以读取 javascript object notation （json） 的 <see cref="T:System.Xml.XmlDictionaryReader" />.</para></returns>
    </member>
    <member name="M:System.Runtime.Serialization.Json.JsonReaderWriterFactory.CreateJsonReader(System.IO.Stream,System.Xml.XmlDictionaryReaderQuotas)">
      <summary>Creates an <see cref="T:System.Xml.XmlDictionaryReader" /> that can map streams encoded with JavaScript Object Notation (JSON) to an XML Infoset.<para>创建一个 <see cref="T:System.Xml.XmlDictionaryReader" />,该 <see cref="T:System.Xml.XmlDictionaryReader" /> 可以将使用 javascript 对象表示法 （json） 编码的流映射到 xml 信息集.</para></summary>
      <param name="stream">The input <see cref="T:System.IO.Stream" /> from which to read.<para>要从中读取的输入 <see cref="T:System.IO.Stream" />.</para></param>
      <param name="quotas">The <see cref="T:System.Xml.XmlDictionaryReaderQuotas" /> used to prevent Denial of Service attacks when reading untrusted data.<para>用于在读取不受信任的数据时防止拒绝服务攻击的 <see cref="T:System.Xml.XmlDictionaryReaderQuotas" />.</para></param>
      <returns>An <see cref="T:System.Xml.XmlDictionaryReader" /> that can read JavaScript Object Notation (JSON).<para>一个可以读取 javascript object notation （json） 的 <see cref="T:System.Xml.XmlDictionaryReader" />.</para></returns>
    </member>
    <member name="M:System.Runtime.Serialization.Json.JsonReaderWriterFactory.CreateJsonWriter(System.IO.Stream)">
      <summary>Creates an <see cref="T:System.Xml.XmlDictionaryWriter" /> that writes data encoded with JSON to a stream.<para>创建一个 <see cref="T:System.Xml.XmlDictionaryWriter" />,用于将使用 json 编码的数据写入流.</para></summary>
      <param name="stream">The output <see cref="T:System.IO.Stream" /> for the JSON writer.<para>json 编写器的输出 <see cref="T:System.IO.Stream" />.</para></param>
      <returns>An <see cref="T:System.Xml.XmlDictionaryWriter" /> that writes data encoded with JSON to the stream based on an XML Infoset.<para>一个 <see cref="T:System.Xml.XmlDictionaryWriter" />,它使用 json 编码的数据写入基于 xml 信息集的流.</para></returns>
    </member>
    <member name="M:System.Runtime.Serialization.Json.JsonReaderWriterFactory.CreateJsonWriter(System.IO.Stream,System.Text.Encoding)">
      <summary>Creates an <see cref="T:System.Xml.XmlDictionaryWriter" /> that writes data encoded with JSON to a stream with a specified character encoding.<para>创建一个 <see cref="T:System.Xml.XmlDictionaryWriter" />,该 将使用 json 编码的数据写入具有指定字符编码的流.</para></summary>
      <param name="stream">The output <see cref="T:System.IO.Stream" /> for the JSON writer.<para>json 编写器的输出 <see cref="T:System.IO.Stream" />.</para></param>
      <param name="encoding">The <see cref="T:System.Text.Encoding" /> that specifies the character encoding used by the writer. The default encoding is UTF-8.<para>指定编写器使用的字符编码的 <see cref="T:System.Text.Encoding" />.默认编码为 utf-8.</para></param>
      <returns>An <see cref="T:System.Xml.XmlDictionaryWriter" /> that writes data encoded with JSON to the stream based on an XML Infoset.<para>一个 <see cref="T:System.Xml.XmlDictionaryWriter" />,它使用 json 编码的数据写入基于 xml 信息集的流.</para></returns>
    </member>
    <member name="M:System.Runtime.Serialization.Json.JsonReaderWriterFactory.CreateJsonWriter(System.IO.Stream,System.Text.Encoding,System.Boolean)">
      <summary>Creates an <see cref="T:System.Xml.XmlDictionaryWriter" /> that writes data encoded with JSON to a stream with a specified character encoding.<para>创建一个 <see cref="T:System.Xml.XmlDictionaryWriter" />,该 将使用 json 编码的数据写入具有指定字符编码的流.</para></summary>
      <param name="stream">The output <see cref="T:System.IO.Stream" /> for the JSON writer.<para>json 编写器的输出 <see cref="T:System.IO.Stream" />.</para></param>
      <param name="encoding">The <see cref="T:System.Text.Encoding" /> that specifies the character encoding used by the writer. The default encoding is UTF-8.<para>指定编写器使用的字符编码的 <see cref="T:System.Text.Encoding" />.默认编码为 utf-8.</para></param>
      <param name="ownsStream">If <see langword="true" />, the output stream is closed by the writer when done; otherwise <see langword="false" />. The default value is <see langword="true" />.<para>如果为 <see langword="true" />,则输出流在完成后由编写器关闭;否则 <see langword="false" />.默认值为 <see langword="true" />.</para></param>
      <returns>An <see cref="T:System.Xml.XmlDictionaryWriter" /> that writes data encoded with JSON to the stream based on an XML Infoset.<para>一个 <see cref="T:System.Xml.XmlDictionaryWriter" />,它使用 json 编码的数据写入基于 xml 信息集的流.</para></returns>
    </member>
    <member name="M:System.Runtime.Serialization.Json.JsonReaderWriterFactory.CreateJsonWriter(System.IO.Stream,System.Text.Encoding,System.Boolean,System.Boolean)">
      <summary>Creates an <see cref="T:System.Xml.XmlDictionaryWriter" /> that writes data encoded with JSON to a stream with a specified character.<para>创建一个 <see cref="T:System.Xml.XmlDictionaryWriter" />,该 将使用 json 编码的数据写入具有指定字符的流.</para></summary>
      <param name="stream">The output <see cref="T:System.IO.Stream" /> for the JSON writer.<para>json 编写器的输出 <see cref="T:System.IO.Stream" />.</para></param>
      <param name="encoding">The <see cref="T:System.Text.Encoding" /> that specifies the character encoding used by the writer. The default encoding is UTF-8.<para>指定编写器使用的字符编码的 <see cref="T:System.Text.Encoding" />.默认编码为 utf-8.</para></param>
      <param name="ownsStream">If <see langword="true" />, the output stream is closed by the writer when done; otherwise <see langword="false" />. The default value is <see langword="true" />.<para>如果为 <see langword="true" />,则输出流在完成后由编写器关闭;否则 <see langword="false" />.默认值为 <see langword="true" />.</para></param>
      <param name="indent">If <see langword="true" />, the output uses multiline format, indenting each level properly; otherwise, <see langword="false" />.<para>如果为 <see langword="true" />,则输出使用多行格式,正确缩进每个级别;否则,<see langword="false" />.</para></param>
      <returns>An <see cref="T:System.Xml.XmlDictionaryWriter" /> that writes data encoded with JSON to the stream based on an XML Infoset.<para>一个 <see cref="T:System.Xml.XmlDictionaryWriter" />,它使用 json 编码的数据写入基于 xml 信息集的流.</para></returns>
    </member>
    <member name="M:System.Runtime.Serialization.Json.JsonReaderWriterFactory.CreateJsonWriter(System.IO.Stream,System.Text.Encoding,System.Boolean,System.Boolean,System.String)">
      <summary>Creates an <see cref="T:System.Xml.XmlDictionaryWriter" /> that writes data encoded with JSON to a stream with a specified character.<para>创建一个 <see cref="T:System.Xml.XmlDictionaryWriter" />,该 将使用 json 编码的数据写入具有指定字符的流.</para></summary>
      <param name="stream">The output <see cref="T:System.IO.Stream" /> for the JSON writer.<para>json 编写器的输出 <see cref="T:System.IO.Stream" />.</para></param>
      <param name="encoding">The <see cref="T:System.Text.Encoding" /> that specifies the character encoding used by the writer. The default encoding is UTF-8.<para>指定编写器使用的字符编码的 <see cref="T:System.Text.Encoding" />.默认编码为 utf-8.</para></param>
      <param name="ownsStream">If <see langword="true" />, the output stream is closed by the writer when done; otherwise <see langword="false" />. The default value is <see langword="true" />.<para>如果为 <see langword="true" />,则输出流在完成后由编写器关闭;否则 <see langword="false" />.默认值为 <see langword="true" />.</para></param>
      <param name="indent">If <see langword="true" />, the output uses multiline format, indenting each level properly; otherwise, <see langword="false" />.<para>如果为 <see langword="true" />,则输出使用多行格式,正确缩进每个级别;否则,<see langword="false" />.</para></param>
      <param name="indentChars">The string used to indent each level.<para>用于缩进每个级别的字符串.</para></param>
      <returns>An <see cref="T:System.Xml.XmlDictionaryWriter" /> that writes data encoded with JSON to the stream based on an XML Infoset.<para>一个 <see cref="T:System.Xml.XmlDictionaryWriter" />,它使用 json 编码的数据写入基于 xml 信息集的流.</para></returns>
    </member>
  </members>
</doc>