﻿<?xml version="1.0" encoding="utf-8"?>
<doc>
  <assembly>
    <name>System.Threading.Channels</name>
  </assembly>
  <members>
    <member name="T:System.Threading.Channels.BoundedChannelFullMode">
      <summary>Specifies the behavior to use when writing to a bounded channel that is already full.<para>指定写入已满的有界通道时要使用的行为.</para></summary>
    </member>
    <member name="F:System.Threading.Channels.BoundedChannelFullMode.DropNewest">
      <summary>Removes and ignores the newest item in the channel in order to make room for the item being written.<para>删除并忽略通道中的最新项目,以便为正在写入的项目腾出空间.</para></summary>
    </member>
    <member name="F:System.Threading.Channels.BoundedChannelFullMode.DropOldest">
      <summary>Removes and ignores the oldest item in the channel in order to make room for the item being written.<para>删除并忽略通道中最早的项目,以便为正在写入的项目腾出空间.</para></summary>
    </member>
    <member name="F:System.Threading.Channels.BoundedChannelFullMode.DropWrite">
      <summary>Drops the item being written.<para>删除正在写入的项目.</para></summary>
    </member>
    <member name="F:System.Threading.Channels.BoundedChannelFullMode.Wait">
      <summary>Waits for space to be available in order to complete the write operation.<para>等待空间可用以完成写入操作.</para></summary>
    </member>
    <member name="T:System.Threading.Channels.BoundedChannelOptions">
      <summary>Provides options that control the behavior of bounded <see cref="T:System.Threading.Channels.Channel`1" /> instances.<para>提供用于控制有界 <see cref="T:System.Threading.Channels.Channel`1" /> 实例行为的选项.</para></summary>
    </member>
    <member name="M:System.Threading.Channels.BoundedChannelOptions.#ctor(System.Int32)">
      <summary>Initializes the options.<para>初始化选项.</para></summary>
      <param name="capacity">The maximum number of items the bounded channel may store.<para>有界通道可以存储的最大项数.</para></param>
    </member>
    <member name="P:System.Threading.Channels.BoundedChannelOptions.Capacity">
      <summary>Gets or sets the maximum number of items the bounded channel may store.<para>获取或设置有界通道可以存储的最大项数.</para></summary>
    </member>
    <member name="P:System.Threading.Channels.BoundedChannelOptions.FullMode">
      <summary>Gets or sets the behavior incurred by write operations when the channel is full.<para>获取或设置通道已满时写入操作发生的行为.</para></summary>
    </member>
    <member name="T:System.Threading.Channels.Channel">
      <summary>Provides static methods for creating channels.<para>提供用于创建通道的静态方法.</para></summary>
    </member>
    <member name="M:System.Threading.Channels.Channel.CreateBounded``1(System.Int32)">
      <summary>Creates a channel with the specified maximum capacity.<para>创建具有指定最大容量的通道.</para></summary>
      <param name="capacity">The maximum number of items the channel may store.<para>通道可以存储的最大项目数.</para></param>
      <typeparam name="T">Specifies the type of data in the channel.<para>指定通道中的数据类型.</para></typeparam>
      <returns>The created channel.<para>创建的频道.</para></returns>
    </member>
    <member name="M:System.Threading.Channels.Channel.CreateBounded``1(System.Threading.Channels.BoundedChannelOptions)">
      <summary>Creates a channel with the specified maximum capacity.<para>创建具有指定最大容量的通道.</para></summary>
      <param name="options">Options that guide the behavior of the channel.<para>指导通道行为的选项.</para></param>
      <typeparam name="T">Specifies the type of data in the channel.<para>指定通道中的数据类型.</para></typeparam>
      <returns>The created channel.<para>创建的频道.</para></returns>
    </member>
    <member name="M:System.Threading.Channels.Channel.CreateBounded``1(System.Threading.Channels.BoundedChannelOptions,System.Action{``0})">
      <summary>Creates a channel subject to the provided options.<para>创建受所提供选项约束的通道.</para></summary>
      <param name="options">Options that guide the behavior of the channel.<para>指导通道行为的选项.</para></param>
      <param name="itemDropped">Delegate that will be called when item is being dropped from channel. See <see cref="T:System.Threading.Channels.BoundedChannelFullMode" />.<para>从频道中删除项目时将调用的委托.请参阅 <see cref="T:System.Threading.Channels.BoundedChannelFullMode" />.</para></param>
      <typeparam name="T">Specifies the type of data in the channel.<para>指定通道中的数据类型.</para></typeparam>
      <returns>The created channel.<para>创建的频道.</para></returns>
    </member>
    <member name="M:System.Threading.Channels.Channel.CreateUnbounded``1">
      <summary>Creates an unbounded channel usable by any number of readers and writers concurrently.<para>创建可同时供任意数量的读取器和写入器使用的无限通道.</para></summary>
      <typeparam name="T">The type of data in the channel.<para>通道中的数据类型.</para></typeparam>
      <returns>The created channel.<para>创建的频道.</para></returns>
    </member>
    <member name="M:System.Threading.Channels.Channel.CreateUnbounded``1(System.Threading.Channels.UnboundedChannelOptions)">
      <summary>Creates an unbounded channel subject to the provided options.<para>创建受所提供选项约束的无界通道.</para></summary>
      <param name="options">Options that guide the behavior of the channel.<para>指导通道行为的选项.</para></param>
      <typeparam name="T">Specifies the type of data in the channel.<para>指定通道中的数据类型.</para></typeparam>
      <returns>The created channel.<para>创建的频道.</para></returns>
    </member>
    <member name="T:System.Threading.Channels.Channel`1">
      <summary>Provides a base class for channels that support reading and writing elements of type <typeparamref name="T" />.<para>为支持读取和写入类型为 <typeparamref name="T" /> 的元素的通道提供基类.</para></summary>
      <typeparam name="T">Specifies the type of data readable and writable in the channel.<para>指定通道中可读和可写的数据类型.</para></typeparam>
    </member>
    <member name="M:System.Threading.Channels.Channel`1.#ctor">
      <summary>Initializes an instance of the <see cref="T:System.Threading.Channels.Channel`1" /> class.<para>初始化 <see cref="T:System.Threading.Channels.Channel`1" /> 类的实例.</para></summary>
    </member>
    <member name="T:System.Threading.Channels.Channel`2">
      <summary>Provides a base class for channels that support reading elements of type <typeparamref name="TRead" /> and writing elements of type <typeparamref name="TWrite" />.<para>为支持读取 <typeparamref name="TRead" /> 类型的元素和写入类型为 <typeparamref name="TWrite" /> 的元素的通道提供基类.</para></summary>
      <typeparam name="TWrite">Specifies the type of data that may be written to the channel.<para>指定可以写入通道的数据类型.</para></typeparam>
      <typeparam name="TRead">Specifies the type of data that may be read from the channel.<para>指定可从通道读取的数据类型.</para></typeparam>
    </member>
    <member name="M:System.Threading.Channels.Channel`2.#ctor">
      <summary>Initializes an instance of the <see cref="T:System.Threading.Channels.Channel`2" /> class.<para>初始化 <see cref="T:System.Threading.Channels.Channel`2" /> 类的实例.</para></summary>
    </member>
    <member name="M:System.Threading.Channels.Channel`2.op_Implicit(System.Threading.Channels.Channel{`0,`1})~System.Threading.Channels.ChannelReader{`1}">
      <summary>Implicit cast from a <see cref="T:System.Threading.Channels.Channel`2" /> to its readable half.<para>从 <see cref="T:System.Threading.Channels.Channel`2" /> 到其可读部分的隐式强制转换.</para></summary>
      <param name="channel">The <see cref="T:System.Threading.Channels.Channel`2" /> being cast.<para>正在强制转换的 <see cref="T:System.Threading.Channels.Channel`2" />.</para></param>
      <returns>The readable half.<para>可读的一半.</para></returns>
    </member>
    <member name="M:System.Threading.Channels.Channel`2.op_Implicit(System.Threading.Channels.Channel{`0,`1})~System.Threading.Channels.ChannelWriter{`0}">
      <summary>Implicit cast from a <see cref="T:System.Threading.Channels.Channel`2" /> to its writable half.<para>从 <see cref="T:System.Threading.Channels.Channel`2" /> 到其可写部分的隐式强制转换.</para></summary>
      <param name="channel">The <see cref="T:System.Threading.Channels.Channel`2" /> being cast.<para>正在强制转换的 <see cref="T:System.Threading.Channels.Channel`2" />.</para></param>
      <returns>The writable half.<para>可写的一半.</para></returns>
    </member>
    <member name="P:System.Threading.Channels.Channel`2.Reader">
      <summary>Gets the readable half of this channel.<para>获取此通道的可读部分.</para></summary>
    </member>
    <member name="P:System.Threading.Channels.Channel`2.Writer">
      <summary>Gets the writable half of this channel.<para>获取此通道的可写部分.</para></summary>
    </member>
    <member name="T:System.Threading.Channels.ChannelClosedException">
      <summary>Exception thrown when a channel is used after it's been closed.<para>关闭通道后使用通道时引发的异常.</para></summary>
    </member>
    <member name="M:System.Threading.Channels.ChannelClosedException.#ctor">
      <summary>Initializes a new instance of the <see cref="T:System.Threading.Channels.ChannelClosedException" /> class.<para>初始化 <see cref="T:System.Threading.Channels.ChannelClosedException" /> 类的新实例.</para></summary>
    </member>
    <member name="M:System.Threading.Channels.ChannelClosedException.#ctor(System.Exception)">
      <summary>Initializes a new instance of the <see cref="T:System.Threading.Channels.ChannelClosedException" /> class.<para>初始化 <see cref="T:System.Threading.Channels.ChannelClosedException" /> 类的新实例.</para></summary>
      <param name="innerException">The exception that is the cause of this exception.<para>导致此异常的异常.</para></param>
    </member>
    <member name="M:System.Threading.Channels.ChannelClosedException.#ctor(System.Runtime.Serialization.SerializationInfo,System.Runtime.Serialization.StreamingContext)">
      <summary>Initializes a new instance of the <see cref="T:System.Threading.Channels.ChannelClosedException" /> class with serialized data.<para>使用序列化数据初始化 <see cref="T:System.Threading.Channels.ChannelClosedException" /> 类的新实例.</para></summary>
      <param name="info">The object that holds the serialized object data.<para>保存序列化对象数据的对象.</para></param>
      <param name="context">The contextual information about the source or destination.<para>有关源或目标的上下文信息.</para></param>
    </member>
    <member name="M:System.Threading.Channels.ChannelClosedException.#ctor(System.String)">
      <summary>Initializes a new instance of the <see cref="T:System.Threading.Channels.ChannelClosedException" /> class.<para>初始化 <see cref="T:System.Threading.Channels.ChannelClosedException" /> 类的新实例.</para></summary>
      <param name="message">The message that describes the error.<para>描述错误的消息.</para></param>
    </member>
    <member name="M:System.Threading.Channels.ChannelClosedException.#ctor(System.String,System.Exception)">
      <summary>Initializes a new instance of the <see cref="T:System.Threading.Channels.ChannelClosedException" /> class.<para>初始化 <see cref="T:System.Threading.Channels.ChannelClosedException" /> 类的新实例.</para></summary>
      <param name="message">The message that describes the error.<para>描述错误的消息.</para></param>
      <param name="innerException">The exception that is the cause of this exception.<para>导致此异常的异常.</para></param>
    </member>
    <member name="T:System.Threading.Channels.ChannelOptions">
      <summary>Provides options that control the behavior of channel instances.<para>提供控制通道实例行为的选项.</para></summary>
    </member>
    <member name="M:System.Threading.Channels.ChannelOptions.#ctor">
      <summary>Initializes an instance of the <see cref="T:System.Threading.Channels.ChannelOptions" /> class.<para>初始化 <see cref="T:System.Threading.Channels.ChannelOptions" /> 类的实例.</para></summary>
    </member>
    <member name="P:System.Threading.Channels.ChannelOptions.AllowSynchronousContinuations">
      <summary>
        <see langword="true" /> if operations performed on a channel may synchronously invoke continuations subscribed to
            notifications of pending async operations; <see langword="false" /> if all continuations should be invoked asynchronously.<para><see langword="true" /> 如果在通道上执行的操作可能会同步调用订阅的延续 挂起的异步操作的通知;<see langword="false" />,如果所有延续都应异步调用.</para></summary>
    </member>
    <member name="P:System.Threading.Channels.ChannelOptions.SingleReader">
      <summary>
        <see langword="true" /> readers from the channel guarantee that there will only ever be at most one read operation at a time;
            <see langword="false" /> if no such constraint is guaranteed.<para>来自通道的 <see langword="true" /> 读取器保证一次最多只有一个读取操作; <see langword="false" /> 如果不能保证此类约束.</para></summary>
    </member>
    <member name="P:System.Threading.Channels.ChannelOptions.SingleWriter">
      <summary>
        <see langword="true" /> if writers to the channel guarantee that there will only ever be at most one write operation
            at a time; <see langword="false" /> if no such constraint is guaranteed.<para><see langword="true" /> 如果通道的写入器保证最多只有一个写入操作 一次;<see langword="false" /> 如果不能保证此类约束.</para></summary>
    </member>
    <member name="T:System.Threading.Channels.ChannelReader`1">
      <summary>Provides a base class for reading from a channel.<para>提供用于从通道读取的基类.</para></summary>
      <typeparam name="T">Specifies the type of data that may be read from the channel.<para>指定可从通道读取的数据类型.</para></typeparam>
    </member>
    <member name="M:System.Threading.Channels.ChannelReader`1.#ctor">
      <summary>Initializes an instance of the <see cref="T:System.Threading.Channels.ChannelReader`1" /> class.<para>初始化 <see cref="T:System.Threading.Channels.ChannelReader`1" /> 类的实例.</para></summary>
    </member>
    <member name="M:System.Threading.Channels.ChannelReader`1.ReadAllAsync(System.Threading.CancellationToken)">
      <summary>Creates an <see cref="T:System.Collections.Generic.IAsyncEnumerable`1" /> that enables reading all of the data from the channel.<para>创建一个 <see cref="t:system.collections.generic.iasyncenumerable`1" /> 这样可以从通道读取所有数据.</para></summary>
      <param name="cancellationToken">The cancellation token to use to cancel the enumeration. If data is immediately ready for reading, then that data may be yielded even after cancellation has been requested.<para>用于取消枚举的取消令牌.如果数据立即准备好读取,则即使在请求取消后也可能生成该数据.</para></param>
      <returns>The created async enumerable.<para>创建的异步可枚举.</para></returns>
    </member>
    <member name="M:System.Threading.Channels.ChannelReader`1.ReadAsync(System.Threading.CancellationToken)">
      <summary>Asynchronously reads an item from the channel.<para>从通道异步读取项目.</para></summary>
      <param name="cancellationToken">A <see cref="T:System.Threading.CancellationToken" /> used to cancel the read operation.<para>用于取消读取操作的 <see cref="T:System.Threading.CancellationToken" />.</para></param>
      <returns>A <see cref="T:System.Threading.Tasks.ValueTask`1" /> that represents the asynchronous read operation.<para>表示异步读取操作的 <see cref="T:System.Threading.Tasks.ValueTask`1" />.</para></returns>
    </member>
    <member name="M:System.Threading.Channels.ChannelReader`1.TryPeek(`0@)">
      <summary>Attempts to peek at an item from the channel.<para>尝试从频道中查看项目.</para></summary>
      <param name="item">The peeked item, or a default value if no item could be peeked.<para>速览项,如果没有项可以扫视,则为默认值.</para></param>
      <returns>
        <see langword="true" /> if an item was read; otherwise, <see langword="false" />.<para><see langword="true" /> 如果读取了项目;否则,<see langword="false" />.</para></returns>
    </member>
    <member name="M:System.Threading.Channels.ChannelReader`1.TryRead(`0@)">
      <summary>Attempts to read an item from the channel.<para>尝试从频道读取项目.</para></summary>
      <param name="item">The read item, or a default value if no item could be read.<para>读取项,如果没有项可以读取,则为默认值.</para></param>
      <returns>
        <see langword="true" /> if an item was read; otherwise, <see langword="false" />.<para><see langword="true" /> 如果读取了项目;否则,<see langword="false" />.</para></returns>
    </member>
    <member name="M:System.Threading.Channels.ChannelReader`1.WaitToReadAsync(System.Threading.CancellationToken)">
      <summary>Returns a <see cref="T:System.Threading.Tasks.ValueTask`1" /> that will complete when data is available to read.<para>返回一个 <see cref="T:System.Threading.Tasks.ValueTask`1" />,当数据可供读取时,该 <see cref="T:System.Threading.Tasks.ValueTask`1" /> 将完成.</para></summary>
      <param name="cancellationToken">A <see cref="T:System.Threading.CancellationToken" /> used to cancel the wait operation.<para>用于取消等待操作的 <see cref="T:System.Threading.CancellationToken" />.</para></param>
      <returns>
        <para>A <see cref="T:System.Threading.Tasks.ValueTask`1" /> that will complete with a <see langword="true" /> result when data is available to read
            or with a <see langword="false" /> result when no further data will ever be available to be read due to the channel completing successfully.</para>
        <para>If the channel completes with an exception, the task will also complete with an exception.</para>
        <para>
          <para>a <see cref="t:system.threading.tasks.valuetask`1" /> 这将以 <see langword="true" /> 数据可供读取时的结果 或带有 <see langword="false" /> 由于通道成功完成,无法读取更多数据的结果.</para>
          <para>如果通道完成但出现异常,则任务也将完成并出现异常.</para>
        </para>
      </returns>
    </member>
    <member name="P:System.Threading.Channels.ChannelReader`1.CanCount">
      <summary>Gets a value that indicates whether <see cref="P:System.Threading.Channels.ChannelReader`1.Count" /> is available for use on this <see cref="T:System.Threading.Channels.ChannelReader`1" /> instance.<para>获取一个值,该值指示 <see cref="P:System.Threading.Channels.ChannelReader`1.Count" /> 是否可用于此 <see cref="T:System.Threading.Channels.ChannelReader`1" /> 实例.</para></summary>
    </member>
    <member name="P:System.Threading.Channels.ChannelReader`1.CanPeek">
      <summary>Gets a value that indicates whether <see cref="M:System.Threading.Channels.ChannelReader`1.TryPeek(`0@)" /> is available for use on this <see cref="T:System.Threading.Channels.ChannelReader`1" /> instance.<para>获取一个值,该值指示 <see cref="M:System.Threading.Channels.ChannelReader`1.TryPeek(`0@)" /> 是否可用于此 <see cref="T:System.Threading.Channels.ChannelReader`1" /> 实例.</para></summary>
      <returns>
        <see langword="true" /> if peeking is supported by this channel instance; <see langword="false" /> otherwise.<para><see langword="true" /> 如果此通道实例支持扫视;<see langword="false" /> 否则.</para></returns>
    </member>
    <member name="P:System.Threading.Channels.ChannelReader`1.Completion">
      <summary>Gets a <see cref="T:System.Threading.Tasks.Task" /> that completes when no more data will ever
            be available to be read from this channel.<para>获取一个 <see cref="T:System.Threading.Tasks.Task" />,当不再有数据时完成 可从此频道读取.</para></summary>
    </member>
    <member name="P:System.Threading.Channels.ChannelReader`1.Count">
      <summary>Gets the current number of items available from this channel reader.<para>获取此通道读取器提供的当前项数.</para></summary>
      <exception cref="T:System.NotSupportedException">Counting is not supported on this instance.<para>此实例不支持计数.</para></exception>
    </member>
    <member name="T:System.Threading.Channels.ChannelWriter`1">
      <summary>Provides a base class for writing to a channel.<para>提供用于写入通道的基类.</para></summary>
      <typeparam name="T">Specifies the type of data that may be written to the channel.<para>指定可以写入通道的数据类型.</para></typeparam>
    </member>
    <member name="M:System.Threading.Channels.ChannelWriter`1.#ctor">
      <summary>Initializes an instance of the <see cref="T:System.Threading.Channels.ChannelWriter`1" /> class.<para>初始化 <see cref="T:System.Threading.Channels.ChannelWriter`1" /> 类的实例.</para></summary>
    </member>
    <member name="M:System.Threading.Channels.ChannelWriter`1.Complete(System.Exception)">
      <summary>Mark the channel as being complete, meaning no more items will be written to it.<para>将通道标记为完整,这意味着不会再向其写入任何项目.</para></summary>
      <param name="error">Optional Exception indicating a failure that's causing the channel to complete.<para>指示导致通道完成的故障的可选异常.</para></param>
      <exception cref="T:System.InvalidOperationException">The channel has already been marked as complete.<para>通道已标记为完成.</para></exception>
    </member>
    <member name="M:System.Threading.Channels.ChannelWriter`1.TryComplete(System.Exception)">
      <summary>Attempts to mark the channel as being completed, meaning no more data will be written to it.<para>尝试将通道标记为已完成,这意味着不会再向其写入数据.</para></summary>
      <param name="error">An <see cref="T:System.Exception" /> indicating the failure causing no more data to be written, or null for success.<para>一个 <see cref="T:System.Exception" />,指示失败导致不再写入更多数据,或 null 表示成功.</para></param>
      <returns>
        <see langword="true" /> if this operation successfully completes the channel; otherwise, <see langword="false" /> if the channel could not be marked for completion,
            for example due to having already been marked as such, or due to not supporting completion.
          .<para><see langword="true" /> 如果此操作成功完成通道;否则,如果无法将通道标记为完成,则为 <see langword="false" />, 例如,由于已被标记为这样,或者由于不支持完成. .</para></returns>
    </member>
    <member name="M:System.Threading.Channels.ChannelWriter`1.TryWrite(`0)">
      <summary>Attempts to write the specified item to the channel.<para>尝试将指定的项写入通道.</para></summary>
      <param name="item">The item to write.<para>要写入的项目.</para></param>
      <returns>
        <see langword="true" /> if the item was written; otherwise, <see langword="false" />.<para><see langword="true" /> 如果项目已写入;否则,<see langword="false" />.</para></returns>
    </member>
    <member name="M:System.Threading.Channels.ChannelWriter`1.WaitToWriteAsync(System.Threading.CancellationToken)">
      <summary>Returns a <see cref="T:System.Threading.Tasks.ValueTask`1" /> that will complete when space is available to write an item.<para>返回一个 <see cref="T:System.Threading.Tasks.ValueTask`1" />,当有空间可用于写入项目时,该值将完成.</para></summary>
      <param name="cancellationToken">A <see cref="T:System.Threading.CancellationToken" /> used to cancel the wait operation.<para>用于取消等待操作的 <see cref="T:System.Threading.CancellationToken" />.</para></param>
      <returns>A <see cref="T:System.Threading.Tasks.ValueTask`1" /> that will complete with a <see langword="true" /> result when space is available to write an item
            or with a <see langword="false" /> result when no further writing will be permitted.<para>一个 <see cref="T:System.Threading.Tasks.ValueTask`1" />,当空间可用于写入项目时,它将以 <see langword="true" /> 结果完成 或当不允许进一步写入时,带有 <see langword="false" /> 结果.</para></returns>
    </member>
    <member name="M:System.Threading.Channels.ChannelWriter`1.WriteAsync(`0,System.Threading.CancellationToken)">
      <summary>Asynchronously writes an item to the channel.<para>将项目异步写入通道.</para></summary>
      <param name="item">The value to write to the channel.<para>要写入通道的值.</para></param>
      <param name="cancellationToken">A <see cref="T:System.Threading.CancellationToken" /> used to cancel the write operation.<para>用于取消写入操作的 <see cref="T:System.Threading.CancellationToken" />.</para></param>
      <returns>A <see cref="T:System.Threading.Tasks.ValueTask" /> that represents the asynchronous write operation.<para>一个 <see cref="T:System.Threading.Tasks.ValueTask" />,表示异步写入操作.</para></returns>
    </member>
    <member name="T:System.Threading.Channels.UnboundedChannelOptions">
      <summary>Provides options that control the behavior of unbounded <see cref="T:System.Threading.Channels.Channel`1" /> instances.<para>提供控制无限 <see cref="T:System.Threading.Channels.Channel`1" /> 实例行为的选项.</para></summary>
    </member>
    <member name="M:System.Threading.Channels.UnboundedChannelOptions.#ctor">
      <summary>Initializes a new instance of the <see cref="T:System.Threading.Channels.UnboundedChannelOptions" /> class.<para>初始化 <see cref="T:System.Threading.Channels.UnboundedChannelOptions" /> 类的新实例.</para></summary>
    </member>
  </members>
</doc>