﻿<?xml version="1.0" encoding="utf-8"?>
<doc>
  <assembly>
    <name>System.Diagnostics.FileVersionInfo</name>
  </assembly>
  <members>
    <member name="T:System.Diagnostics.FileVersionInfo">
      <summary>Provides version information for a physical file on disk.<para>提供磁盘上物理文件的版本信息.</para></summary>
    </member>
    <member name="M:System.Diagnostics.FileVersionInfo.GetVersionInfo(System.String)">
      <summary>Returns a <see cref="T:System.Diagnostics.FileVersionInfo" /> representing the version information associated with the specified file.<para>返回一个 <see cref="T:System.Diagnostics.FileVersionInfo" />,表示与指定文件关联的版本信息.</para></summary>
      <param name="fileName">The fully qualified path and name of the file to retrieve the version information for.<para>要检索其版本信息的文件的完全限定路径和名称.</para></param>
      <exception cref="T:System.IO.FileNotFoundException">The file specified cannot be found.<para>找不到指定的文件.</para></exception>
      <returns>A <see cref="T:System.Diagnostics.FileVersionInfo" /> containing information about the file. If the file did not contain version information, the <see cref="T:System.Diagnostics.FileVersionInfo" /> contains only the name of the file requested.<para>一个 <see cref="T:System.Diagnostics.FileVersionInfo" />,包含有关文件的信息.如果文件不包含版本信息,则 <see cref="T:System.Diagnostics.FileVersionInfo" /> 仅包含所请求文件的名称.</para></returns>
    </member>
    <member name="M:System.Diagnostics.FileVersionInfo.ToString">
      <summary>Returns a partial list of properties in the <see cref="T:System.Diagnostics.FileVersionInfo" /> and their values.<para>返回 <see cref="T:System.Diagnostics.FileVersionInfo" /> 中的属性及其值的部分列表.</para></summary>
      <returns>A list of the following properties in this class and their values:  
  
 <see cref="P:System.Diagnostics.FileVersionInfo.FileName" />, <see cref="P:System.Diagnostics.FileVersionInfo.InternalName" />, <see cref="P:System.Diagnostics.FileVersionInfo.OriginalFilename" />, <see cref="P:System.Diagnostics.FileVersionInfo.FileVersion" />, <see cref="P:System.Diagnostics.FileVersionInfo.FileDescription" />, <see cref="P:System.Diagnostics.FileVersionInfo.ProductName" />, <see cref="P:System.Diagnostics.FileVersionInfo.ProductVersion" />, <see cref="P:System.Diagnostics.FileVersionInfo.IsDebug" />, <see cref="P:System.Diagnostics.FileVersionInfo.IsPatched" />, <see cref="P:System.Diagnostics.FileVersionInfo.IsPreRelease" />, <see cref="P:System.Diagnostics.FileVersionInfo.IsPrivateBuild" />, <see cref="P:System.Diagnostics.FileVersionInfo.IsSpecialBuild" />,  
  
 <see cref="P:System.Diagnostics.FileVersionInfo.Language" />.  
  
 If the file did not contain version information, this list will contain only the name of the requested file. Boolean values will be <see langword="false" />, and all other entries will be <see langword="null" />.<para>此类中的以下属性及其值的列表: <see cref="P:System.Diagnostics.FileVersionInfo.FileName" />, <see cref="P:System.Diagnostics.FileVersionInfo.InternalName" />, <see cref="P:System.Diagnostics.FileVersionInfo.OriginalFilename" />, <see cref="P:System.Diagnostics.FileVersionInfo.FileVersion" />, <see cref="P:System.Diagnostics.FileVersionInfo.FileDescription" />, <see cref="P:System.Diagnostics.FileVersionInfo.ProductName" />, <see cref="P:System.Diagnostics.FileVersionInfo.ProductVersion" />, <see cref="P:System.Diagnostics.FileVersionInfo.IsDebug" />, <see cref="P:System.Diagnostics.FileVersionInfo.IsPatched" />, <see cref="P:System.Diagnostics.FileVersionInfo.IsPreRelease" />, <see cref="P:System.Diagnostics.FileVersionInfo.IsPrivateBuild" />, <see cref="P:System.Diagnostics.FileVersionInfo.IsSpecialBuild" />, <see cref="P:System.Diagnostics.FileVersionInfo.Language" />. 如果文件不包含版本信息,则此列表将仅包含所请求文件的名称.布尔值将为 <see langword="false" />,所有其他条目将为 <see langword="null" />.</para></returns>
    </member>
    <member name="P:System.Diagnostics.FileVersionInfo.Comments">
      <summary>Gets the comments associated with the file.<para>获取与文件关联的注释.</para></summary>
      <returns>The comments associated with the file or <see langword="null" /> if the file did not contain version information.<para>与文件关联的注释,如果文件不包含版本信息,则为 <see langword="null" />.</para></returns>
    </member>
    <member name="P:System.Diagnostics.FileVersionInfo.CompanyName">
      <summary>Gets the name of the company that produced the file.<para>获取生成该文件的公司的名称.</para></summary>
      <returns>The name of the company that produced the file or <see langword="null" /> if the file did not contain version information.<para>生成文件的公司的名称,如果文件不包含版本信息,则为 <see langword="null" />.</para></returns>
    </member>
    <member name="P:System.Diagnostics.FileVersionInfo.FileBuildPart">
      <summary>Gets the build number of the file.<para>获取文件的内部版本号.</para></summary>
      <returns>A value representing the build number of the file or <see langword="null" /> if the file did not contain version information.<para>表示文件内部版本号的值,如果文件不包含版本信息,则为 <see langword="null" />.</para></returns>
    </member>
    <member name="P:System.Diagnostics.FileVersionInfo.FileDescription">
      <summary>Gets the description of the file.<para>获取文件的说明.</para></summary>
      <returns>The description of the file or <see langword="null" /> if the file did not contain version information.<para>文件的说明或 <see langword="null" />（如果文件不包含版本信息）.</para></returns>
    </member>
    <member name="P:System.Diagnostics.FileVersionInfo.FileMajorPart">
      <summary>Gets the major part of the version number.<para>获取版本号的主要部分.</para></summary>
      <returns>A value representing the major part of the version number or 0 (zero) if the file did not contain version information.<para>表示版本号主要部分的值,如果文件不包含版本信息,则为 0（零）.</para></returns>
    </member>
    <member name="P:System.Diagnostics.FileVersionInfo.FileMinorPart">
      <summary>Gets the minor part of the version number of the file.<para>获取文件版本号的次要部分.</para></summary>
      <returns>A value representing the minor part of the version number of the file or 0 (zero) if the file did not contain version information.<para>一个值,表示文件版本号的次要部分,如果文件不包含版本信息,则为 0（零）.</para></returns>
    </member>
    <member name="P:System.Diagnostics.FileVersionInfo.FileName">
      <summary>Gets the name of the file that this instance of <see cref="T:System.Diagnostics.FileVersionInfo" /> describes.<para>获取此 <see cref="T:System.Diagnostics.FileVersionInfo" /> 实例描述的文件的名称.</para></summary>
      <returns>The name of the file described by this instance of <see cref="T:System.Diagnostics.FileVersionInfo" />.<para>此 <see cref="T:System.Diagnostics.FileVersionInfo" /> 实例描述的文件的名称.</para></returns>
    </member>
    <member name="P:System.Diagnostics.FileVersionInfo.FilePrivatePart">
      <summary>Gets the file private part number.<para>获取文件专用部件号.</para></summary>
      <returns>A value representing the file private part number or <see langword="null" /> if the file did not contain version information.<para>表示文件专用部件号的值,如果文件不包含版本信息,则为 <see langword="null" />.</para></returns>
    </member>
    <member name="P:System.Diagnostics.FileVersionInfo.FileVersion">
      <summary>Gets the file version number.<para>获取文件版本号.</para></summary>
      <returns>The version number of the file or <see langword="null" /> if the file did not contain version information.<para>文件的版本号或 <see langword="null" />（如果文件不包含版本信息）.</para></returns>
    </member>
    <member name="P:System.Diagnostics.FileVersionInfo.InternalName">
      <summary>Gets the internal name of the file, if one exists.<para>获取文件的内部名称（如果存在）.</para></summary>
      <returns>The internal name of the file. If none exists, this property will contain the original name of the file without the extension.<para>文件的内部名称.如果不存在,此属性将包含不带扩展名的文件的原始名称.</para></returns>
    </member>
    <member name="P:System.Diagnostics.FileVersionInfo.IsDebug">
      <summary>Gets a value that specifies whether the file contains debugging information or is compiled with debugging features enabled.<para>获取一个值,该值指定文件是包含调试信息还是在启用调试功能的情况下进行编译.</para></summary>
      <returns>
        <see langword="true" /> if the file contains debugging information or is compiled with debugging features enabled; otherwise, <see langword="false" />.<para><see langword="true" /> 如果文件包含调试信息或在启用调试功能的情况下编译;否则,<see langword="false" />.</para></returns>
    </member>
    <member name="P:System.Diagnostics.FileVersionInfo.IsPatched">
      <summary>Gets a value that specifies whether the file has been modified and is not identical to the original shipping file of the same version number.<para>获取一个值,该值指定文件是否已修改,并且是否与具有相同版本号的原始传送文件不同.</para></summary>
      <returns>
        <see langword="true" /> if the file is patched; otherwise, <see langword="false" />.<para><see langword="true" /> 如果文件已修补;否则,<see langword="false" />.</para></returns>
    </member>
    <member name="P:System.Diagnostics.FileVersionInfo.IsPreRelease">
      <summary>Gets a value that specifies whether the file is a development version, rather than a commercially released product.<para>获取一个值,该值指定文件是开发版本,还是商业发布的产品.</para></summary>
      <returns>
        <see langword="true" /> if the file is prerelease; otherwise, <see langword="false" />.<para><see langword="true" /> 如果文件是预发行版;否则,<see langword="false" />.</para></returns>
    </member>
    <member name="P:System.Diagnostics.FileVersionInfo.IsPrivateBuild">
      <summary>Gets a value that specifies whether the file was built using standard release procedures.<para>获取一个值,该值指定文件是否是使用标准发布过程生成的.</para></summary>
      <returns>
        <see langword="true" /> if the file is a private build; <see langword="false" /> if the file was built using standard release procedures or if the file did not contain version information.<para><see langword="true" /> 如果文件是私有版本;<see langword="false" /> 如果文件是使用标准发布过程生成的,或者文件不包含版本信息.</para></returns>
    </member>
    <member name="P:System.Diagnostics.FileVersionInfo.IsSpecialBuild">
      <summary>Gets a value that specifies whether the file is a special build.<para>获取一个值,该值指定文件是否为特殊生成.</para></summary>
      <returns>
        <see langword="true" /> if the file is a special build; otherwise, <see langword="false" />.<para><see langword="true" /> 如果文件是特殊版本;否则,<see langword="false" />.</para></returns>
    </member>
    <member name="P:System.Diagnostics.FileVersionInfo.Language">
      <summary>Gets the default language string for the version info block.<para>获取版本信息块的默认语言字符串.</para></summary>
      <returns>The description string for the Microsoft Language Identifier in the version resource or <see langword="null" /> if the file did not contain version information.<para>版本资源中microsoft语言标识符的说明字符串,如果文件不包含版本信息,则为 <see langword="null" />.</para></returns>
    </member>
    <member name="P:System.Diagnostics.FileVersionInfo.LegalCopyright">
      <summary>Gets all copyright notices that apply to the specified file.<para>获取适用于指定文件的所有版权声明.</para></summary>
      <returns>The copyright notices that apply to the specified file.<para>适用于指定文件的版权声明.</para></returns>
    </member>
    <member name="P:System.Diagnostics.FileVersionInfo.LegalTrademarks">
      <summary>Gets the trademarks and registered trademarks that apply to the file.<para>获取适用于文件的商标和注册商标.</para></summary>
      <returns>The trademarks and registered trademarks that apply to the file or <see langword="null" /> if the file did not contain version information.<para>适用于文件的商标和注册商标,如果文件不包含版本信息,则适用于 <see langword="null" />.</para></returns>
    </member>
    <member name="P:System.Diagnostics.FileVersionInfo.OriginalFilename">
      <summary>Gets the name the file was created with.<para>获取创建文件时使用的名称.</para></summary>
      <returns>The name the file was created with or <see langword="null" /> if the file did not contain version information.<para>创建文件时使用的名称,如果文件不包含版本信息,则为 <see langword="null" />.</para></returns>
    </member>
    <member name="P:System.Diagnostics.FileVersionInfo.PrivateBuild">
      <summary>Gets information about a private version of the file.<para>获取有关文件的私有版本的信息.</para></summary>
      <returns>Information about a private version of the file or <see langword="null" /> if the file did not contain version information.<para>有关文件的私有版本的信息,如果文件不包含版本信息,则为 <see langword="null" />.</para></returns>
    </member>
    <member name="P:System.Diagnostics.FileVersionInfo.ProductBuildPart">
      <summary>Gets the build number of the product this file is associated with.<para>获取与此文件关联的产品的内部版本号.</para></summary>
      <returns>A value representing the build number of the product this file is associated with or <see langword="null" /> if the file did not contain version information.<para>表示与此文件关联的产品的内部版本号的值,如果该文件不包含版本信息,则为 <see langword="null" />.</para></returns>
    </member>
    <member name="P:System.Diagnostics.FileVersionInfo.ProductMajorPart">
      <summary>Gets the major part of the version number for the product this file is associated with.<para>获取与此文件关联的产品的版本号的主要部分.</para></summary>
      <returns>A value representing the major part of the product version number or <see langword="null" /> if the file did not contain version information.<para>表示产品版本号主要部分的值,如果文件不包含版本信息,则为 <see langword="null" />.</para></returns>
    </member>
    <member name="P:System.Diagnostics.FileVersionInfo.ProductMinorPart">
      <summary>Gets the minor part of the version number for the product the file is associated with.<para>获取与文件关联的产品的版本号的次要部分.</para></summary>
      <returns>A value representing the minor part of the product version number or <see langword="null" /> if the file did not contain version information.<para>表示产品版本号的次要部分的值,如果文件不包含版本信息,则为 <see langword="null" />.</para></returns>
    </member>
    <member name="P:System.Diagnostics.FileVersionInfo.ProductName">
      <summary>Gets the name of the product this file is distributed with.<para>获取随之分发此文件的产品的名称.</para></summary>
      <returns>The name of the product this file is distributed with or <see langword="null" /> if the file did not contain version information.<para>分发此文件时随之分发的产品的名称,如果文件不包含版本信息,则为 <see langword="null" />.</para></returns>
    </member>
    <member name="P:System.Diagnostics.FileVersionInfo.ProductPrivatePart">
      <summary>Gets the private part number of the product this file is associated with.<para>获取与此文件关联的产品的私有部件号.</para></summary>
      <returns>A value representing the private part number of the product this file is associated with or <see langword="null" /> if the file did not contain version information.<para>表示与此文件关联的产品的私有部件号的值,如果文件不包含版本信息,则为 <see langword="null" />.</para></returns>
    </member>
    <member name="P:System.Diagnostics.FileVersionInfo.ProductVersion">
      <summary>Gets the version of the product this file is distributed with.<para>获取随此文件一起分发的产品的版本.</para></summary>
      <returns>The version of the product this file is distributed with or <see langword="null" /> if the file did not contain version information.<para>此文件分发的产品的版本,如果文件不包含版本信息,则为 <see langword="null" />.</para></returns>
    </member>
    <member name="P:System.Diagnostics.FileVersionInfo.SpecialBuild">
      <summary>Gets the special build information for the file.<para>获取文件的特殊生成信息.</para></summary>
      <returns>The special build information for the file or <see langword="null" /> if the file did not contain version information.<para>文件的特殊生成信息,如果文件不包含版本信息,则为 <see langword="null" />.</para></returns>
    </member>
  </members>
</doc>