﻿<?xml version="1.0" encoding="utf-8"?>
<doc>
  <assembly>
    <name>System.Runtime.CompilerServices.VisualC</name>
  </assembly>
  <members>
    <member name="T:System.Runtime.CompilerServices.CompilerMarshalOverride">
      <summary>Indicates that the modified instance of a variable differs from its true type when marshaling. This class cannot be inherited.<para>指示封送处理时变量的修改实例与其真实类型不同.此类不能继承.</para></summary>
    </member>
    <member name="T:System.Runtime.CompilerServices.CppInlineNamespaceAttribute">
      <summary>Defines the inline namespace in C++/CLI.<para>定义 c++/cli 中的内联命名空间.</para></summary>
    </member>
    <member name="M:System.Runtime.CompilerServices.CppInlineNamespaceAttribute.#ctor(System.String)">
      <summary>Initializes a new instance of the <see cref="T:System.Runtime.CompilerServices.CppInlineNamespaceAttribute" /> class with the specified dotted namespace name.<para>初始化 <see cref="t:system.runtime.compilerservices.cppinlinenamespaceattribute" /> 具有指定虚线命名空间名称的类.</para></summary>
      <param name="dottedName">The dotted name of the defined namespace.<para>已定义命名空间的虚线名称.</para></param>
    </member>
    <member name="T:System.Runtime.CompilerServices.HasCopySemanticsAttribute">
      <summary>This class is obsolete. This class cannot be inherited.<para>此类已过时.此类不能继承.</para></summary>
    </member>
    <member name="M:System.Runtime.CompilerServices.HasCopySemanticsAttribute.#ctor">
      <summary>Initializes a new instance of the <see cref="T:System.Runtime.CompilerServices.HasCopySemanticsAttribute" /> class.<para>初始化 <see cref="t:system.runtime.compilerservices.hascopysemanticsattribute" /> .class.</para></summary>
    </member>
    <member name="T:System.Runtime.CompilerServices.IsBoxed">
      <summary>Indicates that the modified reference type is a boxed value type. This class cannot be inherited.<para>指示修改后的引用类型是装箱值类型.此类不能继承.</para></summary>
    </member>
    <member name="T:System.Runtime.CompilerServices.IsByValue">
      <summary>Indicates that a modified method argument should be interpreted as having object passed-by-value semantics. This modifier is applied to reference types.  This class cannot be inherited.<para>指示应将修改后的方法参数解释为具有按值传递的对象语义.此修饰符应用于引用类型.此类不能继承.</para></summary>
    </member>
    <member name="T:System.Runtime.CompilerServices.IsCopyConstructed">
      <summary>Indicates that any copying of values of this type must use the copy constructor provided by the type.  This class cannot be inherited.<para>指示此类型的值的任何复制都必须使用该类型提供的复制构造函数.此类不能继承.</para></summary>
    </member>
    <member name="T:System.Runtime.CompilerServices.IsExplicitlyDereferenced">
      <summary>Indicates that a managed pointer represents a pointer parameter within a method signature. This class cannot be inherited.<para>指示托管指针表示方法签名中的指针参数.此类不能继承.</para></summary>
    </member>
    <member name="T:System.Runtime.CompilerServices.IsImplicitlyDereferenced">
      <summary>Indicates that the modified garbage collection reference represents a reference parameter within a method signature. This class cannot be inherited.<para>指示修改后的垃圾回收引用表示方法签名中的引用参数.此类不能继承.</para></summary>
    </member>
    <member name="T:System.Runtime.CompilerServices.IsJitIntrinsic">
      <summary>Indicates that a modified method is an intrinsic value for which the just-in-time (JIT) compiler  can perform special code generation. This class cannot be inherited.<para>指示修改后的方法是一个内部值,实时 （jit） 编译器可以对其执行特殊代码生成.此类不能继承.</para></summary>
    </member>
    <member name="T:System.Runtime.CompilerServices.IsLong">
      <summary>Indicates that a modified integer is a standard C++ <see langword="long" /> value. This class cannot be inherited.<para>指示修改后的整数是 <see langword="long" /> 的标准c++值.此类不能继承.</para></summary>
    </member>
    <member name="T:System.Runtime.CompilerServices.IsPinned">
      <summary>Indicates that a modified instance is pinned in memory. This class cannot be inherited.<para>指示修改后的实例固定在内存中.此类不能继承.</para></summary>
    </member>
    <member name="T:System.Runtime.CompilerServices.IsSignUnspecifiedByte">
      <summary>Indicates that a modifier is neither signed nor unsigned. This class cannot be inherited.<para>指示修饰符既没有签名也没有无符号.此类不能继承.</para></summary>
    </member>
    <member name="T:System.Runtime.CompilerServices.IsUdtReturn">
      <summary>Indicates that a return type is a user-defined type. This class cannot be inherited.<para>指示返回类型是用户定义类型.此类不能继承.</para></summary>
    </member>
    <member name="T:System.Runtime.CompilerServices.NativeCppClassAttribute">
      <summary>Applies metadata to an assembly that indicates that a type is an unmanaged type.  This class cannot be inherited.<para>将元数据应用于指示类型为非托管类型的程序集.此类不能继承.</para></summary>
    </member>
    <member name="M:System.Runtime.CompilerServices.NativeCppClassAttribute.#ctor">
      <summary>Initializes a new instance of the <see cref="T:System.Runtime.CompilerServices.NativeCppClassAttribute" /> class.<para>初始化 <see cref="t:system.runtime.compilerservices.nativecppclassattribute" /> .class.</para></summary>
    </member>
    <member name="T:System.Runtime.CompilerServices.RequiredAttributeAttribute">
      <summary>Specifies that an importing compiler must fully understand the semantics of a type definition, or refuse to use it.  This class cannot be inherited.<para>指定导入编译器必须完全理解类型定义的语义,或拒绝使用它.此类不能继承.</para></summary>
    </member>
    <member name="M:System.Runtime.CompilerServices.RequiredAttributeAttribute.#ctor(System.Type)">
      <summary>Initializes a new instance of the <see cref="T:System.Runtime.CompilerServices.RequiredAttributeAttribute" /> class.<para>初始化 <see cref="t:system.runtime.compilerservices.requiredattributeattribute" /> .class.</para></summary>
      <param name="requiredContract">A type that an importing compiler must fully understand.  
  
 This parameter is not supported in the .NET Framework version 2.0 and later.<para>导入编译器必须完全理解的类型. 此参数在 .net framework 版本 2.0 及更高版本中不受支持.</para></param>
    </member>
    <member name="P:System.Runtime.CompilerServices.RequiredAttributeAttribute.RequiredContract">
      <summary>Gets a type that an importing compiler must fully understand.<para>获取导入编译器必须完全理解的类型.</para></summary>
      <returns>A type that an importing compiler must fully understand.<para>导入编译器必须完全理解的类型.</para></returns>
    </member>
    <member name="T:System.Runtime.CompilerServices.ScopelessEnumAttribute">
      <summary>Indicates that a native enumeration is not qualified by the enumeration type name. This class cannot be inherited.<para>指示本机枚举不受枚举类型名称的限制.此类不能继承.</para></summary>
    </member>
    <member name="M:System.Runtime.CompilerServices.ScopelessEnumAttribute.#ctor">
      <summary>Initializes a new instance of the <see cref="T:System.Runtime.CompilerServices.ScopelessEnumAttribute" /> class.<para>初始化 <see cref="t:system.runtime.compilerservices.scopelessenumattribute" /> .class.</para></summary>
    </member>
  </members>
</doc>