﻿<?xml version="1.0" encoding="utf-8"?>
<doc>
  <assembly>
    <name>System.Net.Quic</name>
  </assembly>
  <members>
    <member name="T:System.Net.Quic.QuicAbortDirection">
      <summary>Specifies the direction of the <see cref="T:System.Net.Quic.QuicStream" /> which is to be <see cref="M:System.Net.Quic.QuicStream.Abort(System.Net.Quic.QuicAbortDirection,System.Int64)">aborted</see>.<para>指定 <see cref="T:System.Net.Quic.QuicStream" /> 的方向,该方向为 <see cref="m:system.net.quic.quicstream.abort（system.net.quic.quicabortdirection,system.int64）">aborted</see>.</para></summary>
    </member>
    <member name="F:System.Net.Quic.QuicAbortDirection.Both">
      <summary>Abort both sides of the stream, that is, <see cref="F:System.Net.Quic.QuicAbortDirection.Read" /> and <see cref="F:System.Net.Quic.QuicAbortDirection.Write" />, at the same time.<para>中止流的两侧,即 <see cref="f:system.net.quic.quicabortdirection.read" /> 和 <see cref="f:system.net.quic.quicabortdirection.write" /> ,同时.</para></summary>
    </member>
    <member name="F:System.Net.Quic.QuicAbortDirection.Read">
      <summary>Abort the read side of the stream.<para>中止流的读取端.</para></summary>
    </member>
    <member name="F:System.Net.Quic.QuicAbortDirection.Write">
      <summary>Abort the write side of the stream.<para>中止流的写入端.</para></summary>
    </member>
    <member name="T:System.Net.Quic.QuicClientConnectionOptions">
      <summary>Options for client (outbound) <see cref="T:System.Net.Quic.QuicConnection">Quic connections</see>.<para>客户端（出站）的选项 <see cref="T:System.Net.Quic.QuicConnection">Quic connections</see>.</para></summary>
    </member>
    <member name="M:System.Net.Quic.QuicClientConnectionOptions.#ctor">
      <summary>Initializes a new instance of the <see cref="T:System.Net.Quic.QuicClientConnectionOptions" /> class.<para>初始化 <see cref="T:System.Net.Quic.QuicClientConnectionOptions" /> 类的新实例.</para></summary>
    </member>
    <member name="P:System.Net.Quic.QuicClientConnectionOptions.ClientAuthenticationOptions">
      <summary>Gets or sets the client authentication options to use when establishing a new connection.<para>获取或设置建立新连接时要使用的客户端身份验证选项.</para></summary>
    </member>
    <member name="P:System.Net.Quic.QuicClientConnectionOptions.LocalEndPoint">
      <summary>Gets or sets the optional local endpoint that will be bound to.<para>获取或设置将绑定到的可选本地终结点.</para></summary>
    </member>
    <member name="P:System.Net.Quic.QuicClientConnectionOptions.RemoteEndPoint">
      <summary>Gets or sets the remote endpoint to connect to. May be a <see cref="T:System.Net.DnsEndPoint" />, which will get resolved to an IP before connecting, or an <see cref="T:System.Net.IPEndPoint" />.<para>获取或设置要连接到的远程终结点.可能是 <see cref="T:System.Net.DnsEndPoint" />,它将在连接之前解析为 ip,也可能是 <see cref="T:System.Net.IPEndPoint" />.</para></summary>
    </member>
    <member name="T:System.Net.Quic.QuicConnection">
      <summary>Represents a QUIC connection, which doesn't send or receive data itself but rather allows opening or accepting multiple <see cref="T:System.Net.Quic.QuicStream">streams</see>.<para>表示 quic 连接,它本身不发送或接收数据,而是允许打开或接受多个 <see cref="T:System.Net.Quic.QuicStream">streams</see>.</para></summary>
    </member>
    <member name="M:System.Net.Quic.QuicConnection.AcceptInboundStreamAsync(System.Threading.CancellationToken)">
      <summary>Accepts an inbound <see cref="T:System.Net.Quic.QuicStream" />.<para>接受入站 <see cref="T:System.Net.Quic.QuicStream" />.</para></summary>
      <param name="cancellationToken">A cancellation token that can be used to cancel the asynchronous operation.<para>可用于取消异步操作的取消令牌.</para></param>
      <returns>An asynchronous task that completes with the accepted <see cref="T:System.Net.Quic.QuicStream" />.<para>使用接受的 <see cref="T:System.Net.Quic.QuicStream" /> 完成的异步任务.</para></returns>
    </member>
    <member name="M:System.Net.Quic.QuicConnection.CloseAsync(System.Int64,System.Threading.CancellationToken)">
      <summary>Closes the connection with the application provided-code.<para>关闭与应用程序提供的代码的连接.</para></summary>
      <param name="errorCode">An application-provided code with the reason for closure.<para>应用程序提供的代码,其中包含关闭原因.</para></param>
      <param name="cancellationToken">A cancellation token that can be used to cancel the asynchronous operation.<para>可用于取消异步操作的取消令牌.</para></param>
      <returns>An asynchronous task that completes when the connection is closed.<para>连接关闭时完成的异步任务.</para></returns>
    </member>
    <member name="M:System.Net.Quic.QuicConnection.ConnectAsync(System.Net.Quic.QuicClientConnectionOptions,System.Threading.CancellationToken)">
      <summary>Creates a new <see cref="T:System.Net.Quic.QuicConnection" /> and connects it to the peer.<para>创建新的 <see cref="T:System.Net.Quic.QuicConnection" /> 并将其连接到对等方.</para></summary>
      <param name="options">Options for the connection.<para>连接选项.</para></param>
      <param name="cancellationToken">A cancellation token that can be used to cancel the asynchronous operation.<para>可用于取消异步操作的取消令牌.</para></param>
      <returns>An asynchronous task that completes with the connected connection.<para>使用连接完成的异步任务.</para></returns>
    </member>
    <member name="M:System.Net.Quic.QuicConnection.DisposeAsync">
      <summary>If not closed explicitly by <see cref="M:System.Net.Quic.QuicConnection.CloseAsync(System.Int64,System.Threading.CancellationToken)" />, closes the connection silently (leading to idle timeout on the peer side) and releases all resources associated with the connection.<para>如果未显式关闭 <see cref="m:system.net.quic.quicconnection.closeasync（system.int64,system.threading.canceltoken）" /> ,以静默方式关闭连接（导致对等端空闲超时）并释放与连接关联的所有资源.</para></summary>
      <returns>A task that represents the asynchronous dispose operation.<para>表示异步释放操作的任务.</para></returns>
    </member>
    <member name="M:System.Net.Quic.QuicConnection.OpenOutboundStreamAsync(System.Net.Quic.QuicStreamType,System.Threading.CancellationToken)">
      <summary>Creates an outbound unidirectional or bidirectional <see cref="T:System.Net.Quic.QuicStream" />.<para>创建出站单向或双向 <see cref="T:System.Net.Quic.QuicStream" />.</para></summary>
      <param name="type">The type of the stream, either unidirectional or bidirectional.<para>流的类型,单向或双向.</para></param>
      <param name="cancellationToken">A cancellation token that can be used to cancel the asynchronous operation.<para>可用于取消异步操作的取消令牌.</para></param>
      <returns>An asynchronous task that completes with the opened <see cref="T:System.Net.Quic.QuicStream" />.<para>使用打开的 <see cref="T:System.Net.Quic.QuicStream" /> 完成的异步任务.</para></returns>
    </member>
    <member name="M:System.Net.Quic.QuicConnection.ToString">
      <summary>Returns a string that represents the current object.<para>返回表示当前对象的字符串.</para></summary>
      <returns>A string that represents the current object.<para>表示当前对象的字符串.</para></returns>
    </member>
    <member name="P:System.Net.Quic.QuicConnection.IsSupported">
      <summary>Gets a value that indicates whether QUIC is supported on the current machine.<para>获取一个值,该值指示当前计算机上是否支持 quic.</para></summary>
      <returns>
        <see langword="true" /> if QUIC is supported on the current machine and can be used; otherwise, <see langword="false" />.<para><see langword="true" /> 如果当前机器支持 quic 并且可以使用;否则,<see langword="false" />.</para></returns>
    </member>
    <member name="P:System.Net.Quic.QuicConnection.LocalEndPoint">
      <summary>Gets the local endpoint used for this connection.<para>获取用于此连接的本地终结点.</para></summary>
    </member>
    <member name="P:System.Net.Quic.QuicConnection.NegotiatedApplicationProtocol">
      <summary>Gets the final, negotiated application protocol.<para>获取最终协商的应用程序协议.</para></summary>
    </member>
    <member name="P:System.Net.Quic.QuicConnection.RemoteCertificate">
      <summary>Gets the certificate provided by the peer.<para>获取对等方提供的证书.</para></summary>
    </member>
    <member name="P:System.Net.Quic.QuicConnection.RemoteEndPoint">
      <summary>Gets the remote endpoint used for this connection.<para>获取用于此连接的远程终结点.</para></summary>
    </member>
    <member name="T:System.Net.Quic.QuicConnectionOptions">
      <summary>Shared options for both client (outbound) and server (inbound) <see cref="T:System.Net.Quic.QuicConnection">Quic connections</see>.<para>客户端（出站）和服务器（入站）<see cref="T:System.Net.Quic.QuicConnection">Quic connections</see> 的共享选项.</para></summary>
    </member>
    <member name="P:System.Net.Quic.QuicConnectionOptions.DefaultCloseErrorCode">
      <summary>Gets or sets the error code used for <see cref="M:System.Net.Quic.QuicConnection.CloseAsync(System.Int64,System.Threading.CancellationToken)" /> when the connection is disposed.<para>获取或设置用于 <see cref="m:system.net.quic.quicconnection.closeasync（system.int64,system.threading.canceltoken）" /> 当连接被释放时.</para></summary>
    </member>
    <member name="P:System.Net.Quic.QuicConnectionOptions.DefaultStreamErrorCode">
      <summary>Gets or sets the error code used when the stream needs to abort the read or write side of the stream internally.<para>获取或设置当流需要在内部中止流的读取或写入端时使用的错误代码.</para></summary>
    </member>
    <member name="P:System.Net.Quic.QuicConnectionOptions.IdleTimeout">
      <summary>Gets or sets the idle timeout for connections. The idle timeout is the time after which the connection will be closed.
            Default <see cref="F:System.TimeSpan.Zero" /> means underlying implementation default idle timeout.<para>获取或设置连接的空闲超时.空闲超时是连接关闭的时间. 默认值 <see cref="F:System.TimeSpan.Zero" /> 表示基础实现默认空闲超时.</para></summary>
      <returns>The idle timeout for connections. The default is <see cref="F:System.TimeSpan.Zero" />, which means that the default idle timeout of the underlying implementation is used.<para>连接的空闲超时.默认值为 <see cref="F:System.TimeSpan.Zero" />,这意味着使用基础实现的默认空闲超时.</para></returns>
    </member>
    <member name="P:System.Net.Quic.QuicConnectionOptions.MaxInboundBidirectionalStreams">
      <summary>Gets or sets the maximum number of concurrent bidirectional streams that the remote peer connection can create on an open connection.<para>获取或设置远程对等连接可以在打开的连接上创建的最大并发双向流数.</para></summary>
      <returns>The limit on the number of bidirectional streams the remote peer connection can create on an open connection. The default is 0 for client connections and 100 for server connections.<para>远程对等连接可以在打开的连接上创建的双向流数的限制.客户端连接的默认值为 0,服务器连接的默认值为 100.</para></returns>
    </member>
    <member name="P:System.Net.Quic.QuicConnectionOptions.MaxInboundUnidirectionalStreams">
      <summary>Gets or sets the maximum number of concurrent unidirectional streams that the remote peer connection can create on an open connection.<para>获取或设置远程对等连接可以在打开的连接上创建的最大并发单向流数.</para></summary>
      <returns>The limit on the number of unidirectional streams the remote peer connection can create on an open connection. The default is 0 for client connections and 10 for server connections.<para>远程对等连接可以在打开的连接上创建的单向流数的限制.客户端连接的默认值为 0,服务器连接的默认值为 10.</para></returns>
    </member>
    <member name="T:System.Net.Quic.QuicError">
      <summary>Defines the various error conditions for <see cref="T:System.Net.Quic.QuicListener" />, <see cref="T:System.Net.Quic.QuicConnection" />, and <see cref="T:System.Net.Quic.QuicStream" /> operations.<para>定义 <see cref="T:System.Net.Quic.QuicListener" />、<see cref="T:System.Net.Quic.QuicConnection" /> 和 <see cref="T:System.Net.Quic.QuicStream" /> 操作的各种错误条件.</para></summary>
    </member>
    <member name="F:System.Net.Quic.QuicError.AddressInUse">
      <summary>The local address is already in use.<para>本地地址已在使用中.</para></summary>
    </member>
    <member name="F:System.Net.Quic.QuicError.ConnectionAborted">
      <summary>The connection was aborted by the peer. This error is associated with an application-level error code.<para>对等方中止了连接.此错误与应用程序级错误代码相关联.</para></summary>
    </member>
    <member name="F:System.Net.Quic.QuicError.ConnectionIdle">
      <summary>The connection timed out from inactivity.<para>连接因不活动而超时.</para></summary>
    </member>
    <member name="F:System.Net.Quic.QuicError.ConnectionRefused">
      <summary>The server refused the connection.<para>服务器拒绝连接.</para></summary>
    </member>
    <member name="F:System.Net.Quic.QuicError.ConnectionTimeout">
      <summary>The connection timed out waiting for a response from the peer.<para>连接超时,等待对等方的响应.</para></summary>
    </member>
    <member name="F:System.Net.Quic.QuicError.HostUnreachable">
      <summary>The server is currently unreachable.<para>服务器当前无法访问.</para></summary>
    </member>
    <member name="F:System.Net.Quic.QuicError.InternalError">
      <summary>An internal implementation error occurred.<para>发生内部实现错误.</para></summary>
    </member>
    <member name="F:System.Net.Quic.QuicError.InvalidAddress">
      <summary>Failed to bind to the socket, likely caused by a family mismatch between the local and remote address.<para>无法绑定到套接字,可能是由于本地地址和远程地址之间的系列不匹配导致的.</para></summary>
    </member>
    <member name="F:System.Net.Quic.QuicError.OperationAborted">
      <summary>The operation has been aborted.<para>操作已中止.</para></summary>
    </member>
    <member name="F:System.Net.Quic.QuicError.ProtocolError">
      <summary>A QUIC protocol error occurred.<para>发生 quic 协议错误.</para></summary>
    </member>
    <member name="F:System.Net.Quic.QuicError.StreamAborted">
      <summary>The read or write direction of the stream was aborted by the peer. This error is associated with an application-level error code.<para>流的读取或写入方向被对等方中止.此错误与应用程序级错误代码相关联.</para></summary>
    </member>
    <member name="F:System.Net.Quic.QuicError.Success">
      <summary>No error.<para>没有错误.</para></summary>
    </member>
    <member name="F:System.Net.Quic.QuicError.VersionNegotiationError">
      <summary>A version negotiation error occurred.<para>发生版本协商错误.</para></summary>
    </member>
    <member name="T:System.Net.Quic.QuicException">
      <summary>The exception that is thrown when a QUIC error occurs.<para>发生 quic 错误时引发的异常.</para></summary>
    </member>
    <member name="M:System.Net.Quic.QuicException.#ctor(System.Net.Quic.QuicError,System.Nullable{System.Int64},System.String)">
      <summary>Initializes a new instance of the <see cref="T:System.Net.Quic.QuicException" /> class.<para>初始化 <see cref="T:System.Net.Quic.QuicException" /> 类的新实例.</para></summary>
      <param name="error">The error associated with the exception.<para>与异常关联的错误.</para></param>
      <param name="applicationErrorCode">The application protocol error code associated with the error.<para>与错误关联的应用程序协议错误代码.</para></param>
      <param name="message">The message for the exception.<para>异常的消息.</para></param>
    </member>
    <member name="P:System.Net.Quic.QuicException.ApplicationErrorCode">
      <summary>Gets the application protocol error code associated with the error.<para>获取与错误关联的应用程序协议错误代码.</para></summary>
    </member>
    <member name="P:System.Net.Quic.QuicException.QuicError">
      <summary>Gets the error that's associated with this exception.<para>获取与此异常关联的错误.</para></summary>
    </member>
    <member name="T:System.Net.Quic.QuicListener">
      <summary>Represents a listener that listens for incoming QUIC connections. <see cref="T:System.Net.Quic.QuicListener" /> can accept multiple <see cref="T:System.Net.Quic.QuicConnection">Quic connections</see>.<para>表示侦听传入 quic 连接的侦听器.<see cref="T:System.Net.Quic.QuicListener" /> 可以接受多个 <see cref="T:System.Net.Quic.QuicConnection">Quic connections</see>.</para></summary>
    </member>
    <member name="M:System.Net.Quic.QuicListener.AcceptConnectionAsync(System.Threading.CancellationToken)">
      <summary>Accepts an inbound <see cref="T:System.Net.Quic.QuicConnection" />.<para>接受入站 <see cref="T:System.Net.Quic.QuicConnection" />.</para></summary>
      <param name="cancellationToken">A cancellation token that can be used to cancel the asynchronous operation.<para>可用于取消异步操作的取消令牌.</para></param>
      <returns>A task that contains a fully connected <see cref="T:System.Net.Quic.QuicConnection" /> that successfully finished the handshake and is ready to be used.<para>包含完全连接的 <see cref="T:System.Net.Quic.QuicConnection" /> 的任务,该任务已成功完成握手并可供使用.</para></returns>
    </member>
    <member name="M:System.Net.Quic.QuicListener.DisposeAsync">
      <summary>Stops listening for new connections and releases all resources associated with the listener.<para>停止侦听新连接并释放与侦听器关联的所有资源.</para></summary>
      <returns>A task that represents the asynchronous dispose operation.<para>表示异步释放操作的任务.</para></returns>
    </member>
    <member name="M:System.Net.Quic.QuicListener.ListenAsync(System.Net.Quic.QuicListenerOptions,System.Threading.CancellationToken)">
      <summary>Creates a new <see cref="T:System.Net.Quic.QuicListener" /> and starts listening for new connections.<para>创建新的 <see cref="T:System.Net.Quic.QuicListener" /> 并开始侦听新连接.</para></summary>
      <param name="options">Options for the listener.<para>侦听器的选项.</para></param>
      <param name="cancellationToken">A cancellation token that can be used to cancel the asynchronous operation.<para>可用于取消异步操作的取消令牌.</para></param>
      <returns>An asynchronous task that completes with the started listener.<para>使用启动的侦听器完成的异步任务.</para></returns>
    </member>
    <member name="M:System.Net.Quic.QuicListener.ToString">
      <summary>Returns a string that represents the current object.<para>返回表示当前对象的字符串.</para></summary>
      <returns>A string that represents the current object.<para>表示当前对象的字符串.</para></returns>
    </member>
    <member name="P:System.Net.Quic.QuicListener.IsSupported">
      <summary>Gets a value that indicates whether QUIC is supported on the current machine.<para>获取一个值,该值指示当前计算机上是否支持 quic.</para></summary>
      <returns>
        <see langword="true" /> if QUIC is supported on the current machine and can be used; otherwise, <see langword="false" />.<para><see langword="true" /> 如果当前机器支持 quic 并且可以使用;否则,<see langword="false" />.</para></returns>
    </member>
    <member name="P:System.Net.Quic.QuicListener.LocalEndPoint">
      <summary>Gets the actual listening endpoint.<para>获取实际的侦听终结点.</para></summary>
    </member>
    <member name="T:System.Net.Quic.QuicListenerOptions">
      <summary>Options to provide to a <see cref="T:System.Net.Quic.QuicListener" />.<para>要提供给 <see cref="T:System.Net.Quic.QuicListener" /> 的选项.</para></summary>
    </member>
    <member name="M:System.Net.Quic.QuicListenerOptions.#ctor">
      <summary>Creates a new instance of the <see cref="T:System.Net.Quic.QuicListenerOptions" /> class.<para>创建 <see cref="T:System.Net.Quic.QuicListenerOptions" /> 类的新实例.</para></summary>
    </member>
    <member name="P:System.Net.Quic.QuicListenerOptions.ApplicationProtocols">
      <summary>Gets or sets the list of application protocols that the listener will accept. At least one must be specified.<para>获取或设置侦听器将接受的应用程序协议的列表.必须至少指定一个.</para></summary>
    </member>
    <member name="P:System.Net.Quic.QuicListenerOptions.ConnectionOptionsCallback">
      <summary>Gets or sets the selection callback to choose inbound connection options dynamically.<para>获取或设置选择回调以动态选择入站连接选项.</para></summary>
    </member>
    <member name="P:System.Net.Quic.QuicListenerOptions.ListenBacklog">
      <summary>Gets or sets the number of connections to be held without accepting any of them, that is, the maximum size of the pending connection queue.<para>获取或设置在不接受任何连接的情况下要保留的连接数,即挂起的连接队列的最大大小.</para></summary>
    </member>
    <member name="P:System.Net.Quic.QuicListenerOptions.ListenEndPoint">
      <summary>Gets or sets the endpoint to listen on.<para>获取或设置要侦听的终结点.</para></summary>
    </member>
    <member name="T:System.Net.Quic.QuicServerConnectionOptions">
      <summary>Options for server (inbound) <see cref="T:System.Net.Quic.QuicConnection">Quic connections</see>. These options are provided by <see cref="P:System.Net.Quic.QuicListenerOptions.ConnectionOptionsCallback" />.<para>服务器（入站）<see cref="T:System.Net.Quic.QuicConnection">Quic connections</see> 的选项.这些选项由 <see cref="P:System.Net.Quic.QuicListenerOptions.ConnectionOptionsCallback" /> 提供.</para></summary>
    </member>
    <member name="M:System.Net.Quic.QuicServerConnectionOptions.#ctor">
      <summary>Initializes a new instance of the <see cref="T:System.Net.Quic.QuicServerConnectionOptions" /> class.<para>初始化 <see cref="T:System.Net.Quic.QuicServerConnectionOptions" /> 类的新实例.</para></summary>
    </member>
    <member name="P:System.Net.Quic.QuicServerConnectionOptions.ServerAuthenticationOptions">
      <summary>Gets or sets the server authentication options to use when accepting a new connection.<para>获取或设置接受新连接时要使用的服务器身份验证选项.</para></summary>
    </member>
    <member name="T:System.Net.Quic.QuicStream">
      <summary>Represents a QUIC stream. <see cref="T:System.Net.Quic.QuicStream" /> can be <see cref="F:System.Net.Quic.QuicStreamType.Unidirectional">unidirectional</see>, that is, write-only for the opening side, or <see cref="F:System.Net.Quic.QuicStreamType.Bidirectional">bidirectional</see>, which allows both sides to write.<para>表示 quic 流.<see cref="T:System.Net.Quic.QuicStream" /> 可以是 <see cref="F:System.Net.Quic.QuicStreamType.Unidirectional">unidirectional</see>,即开口端只写,也可以是 <see cref="F:System.Net.Quic.QuicStreamType.Bidirectional">bidirectional</see>,允许双方都写入.</para></summary>
    </member>
    <member name="M:System.Net.Quic.QuicStream.Abort(System.Net.Quic.QuicAbortDirection,System.Int64)">
      <summary>Aborts either the <see cref="F:System.Net.Quic.QuicAbortDirection.Read">reading</see>, <see cref="F:System.Net.Quic.QuicAbortDirection.Write">writing</see>, or <see cref="F:System.Net.Quic.QuicAbortDirection.Both">both</see> sides of the stream.<para>中止 <see cref="f:system.net.quic.quicabortdirection.read">reading</see>, <see cref="f:system.net.quic.quicabortdirection.write">writing</see>, or <see cref="f:system.net.quic.quicabortdirection.both">both</see> 流的两侧.</para></summary>
      <param name="abortDirection">The direction of the stream to abort.<para>要中止的流的方向.</para></param>
      <param name="errorCode">The error code with which to abort the stream. This value is application-protocol (which is the layer above QUIC) dependent.<para>用于中止流的错误代码.此值取决于应用程序协议（即 quic 之上的层）.</para></param>
    </member>
    <member name="M:System.Net.Quic.QuicStream.BeginRead(System.Byte[],System.Int32,System.Int32,System.AsyncCallback,System.Object)">
      <summary>Begins an asynchronous read operation. (Consider using <xref data-throw-if-not-resolved="true" uid="System.IO.Stream.ReadAsync(System.Byte[],System.Int32,System.Int32)"></xref> instead.)<para>开始异步读取操作.（考虑改用<xref data-throw-if-not-solve="true" uid="system.io.stream.readasync（system.byte[],system.int32,system.int32）"></xref>.</para></summary>
      <param name="buffer">The buffer to read the data into.<para>要将数据读入的缓冲区.</para></param>
      <param name="offset">The byte offset in <code data-dev-comment-type="paramref">buffer</code> at which to begin writing data read from the stream.<para><code data-dev-comment-type="paramref">buffer</code> 中的字节偏移量,开始写入从流中读取的数据.</para></param>
      <param name="count">The maximum number of bytes to read.<para>要读取的最大字节数.</para></param>
      <param name="callback">An optional asynchronous callback, to be called when the read is complete.<para>一个可选的异步回调,在读取完成时调用.</para></param>
      <param name="state">A user-provided object that distinguishes this particular asynchronous read request from other requests.<para>用户提供的对象,用于将此特定的异步读取请求与其他请求区分开来.</para></param>
      <returns>An <xref data-throw-if-not-resolved="true" uid="System.IAsyncResult"></xref> that represents the asynchronous read, which could still be pending.<para>一个 <xref data-throw-if-not-solve="true" uid="system.iasyncresult"></xref>,表示异步读取,该读取可能仍处于挂起状态.</para></returns>
    </member>
    <member name="M:System.Net.Quic.QuicStream.BeginWrite(System.Byte[],System.Int32,System.Int32,System.AsyncCallback,System.Object)">
      <summary>Begins an asynchronous write operation. (Consider using <xref data-throw-if-not-resolved="true" uid="System.IO.Stream.WriteAsync(System.Byte[],System.Int32,System.Int32)"></xref> instead.)<para>开始异步写入操作.（考虑改用<xref data-throw-if-not-solve="true" uid="system.io.stream.writeasync（system.byte[],system.int32,system.int32）"></xref>.</para></summary>
      <param name="buffer">The buffer to write data from.<para>要从中写入数据的缓冲区.</para></param>
      <param name="offset">The byte offset in <code data-dev-comment-type="paramref">buffer</code> from which to begin writing.<para><code data-dev-comment-type="paramref">buffer</code> 中要从中开始写入的字节偏移量.</para></param>
      <param name="count">The maximum number of bytes to write.<para>要写入的最大字节数.</para></param>
      <param name="callback">An optional asynchronous callback, to be called when the write is complete.<para>一个可选的异步回调,在写入完成时调用.</para></param>
      <param name="state">A user-provided object that distinguishes this particular asynchronous write request from other requests.<para>用户提供的对象,用于将此特定的异步写入请求与其他请求区分开来.</para></param>
      <returns>An <code data-dev-comment-type="langword">IAsyncResult</code> that represents the asynchronous write, which could still be pending.<para>一个<code data-dev-comment-type="langword">iasyncresult</code>,表示异步写入,该写入可能仍处于挂起状态.</para></returns>
    </member>
    <member name="M:System.Net.Quic.QuicStream.CompleteWrites">
      <summary>Gracefully completes the writing side of the stream.<para>优雅地完成流的写入端.</para></summary>
    </member>
    <member name="M:System.Net.Quic.QuicStream.DisposeAsync">
      <summary>If the read side is not fully consumed, that is, <see cref="P:System.Net.Quic.QuicStream.ReadsClosed" /> is not completed or <see cref="M:System.Net.Quic.QuicStream.ReadAsync(System.Memory{System.Byte},System.Threading.CancellationToken)" /> hasn't returned <c>0</c>, aborts the read side with provided <see cref="P:System.Net.Quic.QuicConnectionOptions.DefaultStreamErrorCode" />. If the write side hasn't been closed, closes it gracefully as if <see cref="M:System.Net.Quic.QuicStream.CompleteWrites" /> was called. Finally, all resources associated with the stream will be released.<para>如果读取端未完全消耗,即 <see cref="P:System.Net.Quic.QuicStream.ReadsClosed" /> 未完成或 <see cref="m:system.net.quic.quicstream.readasync（system.memory{system.byte},system.threading.canceltoken）" /> 尚未返回 <c>0</c>,使用提供的 <see cref="P:System.Net.Quic.QuicConnectionOptions.DefaultStreamErrorCode" /> 中止读取端.如果写入端尚未关闭,则像调用 <see cref="M:System.Net.Quic.QuicStream.CompleteWrites" /> 一样正常关闭它.最后,将与流关联的所有资源被释放.</para></summary>
      <returns>A task that represents the asynchronous dispose operation.<para>表示异步释放操作的任务.</para></returns>
    </member>
    <member name="M:System.Net.Quic.QuicStream.EndRead(System.IAsyncResult)">
      <summary>Waits for the pending asynchronous read to complete. (Consider using <xref data-throw-if-not-resolved="true" uid="System.IO.Stream.ReadAsync(System.Byte[],System.Int32,System.Int32)"></xref> instead.)<para>等待挂起的异步读取完成.（考虑改用<xref data-throw-if-not-solve="true" uid="system.io.stream.readasync（system.byte[],system.int32,system.int32）"></xref>.</para></summary>
      <param name="asyncResult">The reference to the pending asynchronous request to finish.<para>对要完成的挂起异步请求的引用.</para></param>
      <returns>The number of bytes read from the stream, between zero (0) and the number of bytes you requested. Streams return zero (0) only at the end of the stream, otherwise, they should block until at least one byte is available.<para>从流中读取的字节数,介于零 （0） 和您请求的字节数之间.流仅在流的末尾返回零 （0）,否则,它们应阻塞,直到至少有一个字节可用.</para></returns>
    </member>
    <member name="M:System.Net.Quic.QuicStream.EndWrite(System.IAsyncResult)">
      <summary>Ends an asynchronous write operation. (Consider using <xref data-throw-if-not-resolved="true" uid="System.IO.Stream.WriteAsync(System.Byte[],System.Int32,System.Int32)"></xref> instead.)<para>结束异步写入操作.（考虑改用<xref data-throw-if-not-solve="true" uid="system.io.stream.writeasync（system.byte[],system.int32,system.int32）"></xref>.</para></summary>
      <param name="asyncResult">A reference to the outstanding asynchronous I/O request.<para>对未完成的异步 i/o 请求的引用.</para></param>
    </member>
    <member name="M:System.Net.Quic.QuicStream.Flush">
      <summary>When overridden in a derived class, clears all buffers for this stream and causes any buffered data to be written to the underlying device.<para>在派生类中重写时,将清除此流的所有缓冲区,并导致将任何缓冲数据写入基础设备.</para></summary>
    </member>
    <member name="M:System.Net.Quic.QuicStream.FlushAsync(System.Threading.CancellationToken)">
      <summary>Asynchronously clears all buffers for this stream, causes any buffered data to be written to the underlying device, and monitors cancellation requests.<para>异步清除此流的所有缓冲区,使任何缓冲数据写入基础设备,并监视取消请求.</para></summary>
      <param name="cancellationToken">The token to monitor for cancellation requests. The default value is <xref data-throw-if-not-resolved="true" uid="System.Threading.CancellationToken.None"></xref>.<para>要监视取消请求的令牌.默认值为 <xref data-throw-if-not-resolved="true" uid="System.Threading.CancellationToken.None"></xref>.</para></param>
      <returns>A task that represents the asynchronous flush operation.<para>表示异步刷新操作的任务.</para></returns>
    </member>
    <member name="M:System.Net.Quic.QuicStream.Read(System.Byte[],System.Int32,System.Int32)">
      <summary>When overridden in a derived class, reads a sequence of bytes from the current stream and advances the position within the stream by the number of bytes read.<para>在派生类中重写时,从当前流中读取字节序列,并将流中的位置按读取的字节数前进.</para></summary>
      <param name="buffer">An array of bytes. When this method returns, the buffer contains the specified byte array with the values between <code data-dev-comment-type="paramref">offset</code> and (<code data-dev-comment-type="paramref">offset</code> + <code data-dev-comment-type="paramref">count</code> - 1) replaced by the bytes read from the current source.<para>字节数组.此方法返回时,缓冲区包含指定的字节数组,其值介于 <code data-dev-comment-type="paramref">offset</code> 和 （<code data-dev-comment-type="paramref">offset</code> + <code data-dev-comment-type="paramref">count</code> - 1） 之间,替换为从当前源读取的字节.</para></param>
      <param name="offset">The zero-based byte offset in <code data-dev-comment-type="paramref">buffer</code> at which to begin storing the data read from the current stream.<para><code data-dev-comment-type="paramref">buffer</code> 中从零开始的字节偏移量,从该偏移量开始存储从当前流读取的数据.</para></param>
      <param name="count">The maximum number of bytes to be read from the current stream.<para>要从当前流读取的最大字节数.</para></param>
      <returns>The total number of bytes read into the buffer. This can be less than the number of bytes requested if that many bytes are not currently available, or zero (0) if the end of the stream has been reached.<para>读入缓冲区的总字节数.如果当前没有可用的字节数,则此值可以小于请求的字节数,如果已到达流的末尾,则此值可能小于零 （0）.</para></returns>
    </member>
    <member name="M:System.Net.Quic.QuicStream.Read(System.Span{System.Byte})">
      <summary>When overridden in a derived class, reads a sequence of bytes from the current stream and advances the position within the stream by the number of bytes read.<para>在派生类中重写时,从当前流中读取字节序列,并将流中的位置按读取的字节数前进.</para></summary>
      <param name="buffer">A region of memory. When this method returns, the contents of this region are replaced by the bytes read from the current source.<para>内存区域.此方法返回时,此区域的内容将替换为从当前源读取的字节.</para></param>
      <returns>The total number of bytes read into the buffer. This can be less than the number of bytes allocated in the buffer if that many bytes are not currently available, or zero (0) if the end of the stream has been reached.<para>读入缓冲区的总字节数.如果当前没有可用的字节数,则此值可以小于缓冲区中分配的字节数,如果已到达流的末尾,则此值可能小于零 （0）.</para></returns>
    </member>
    <member name="M:System.Net.Quic.QuicStream.ReadAsync(System.Byte[],System.Int32,System.Int32,System.Threading.CancellationToken)">
      <summary>Asynchronously reads a sequence of bytes from the current stream, advances the position within the stream by the number of bytes read, and monitors cancellation requests.<para>异步读取当前流中的字节序列,按读取的字节数推进流中的位置,并监视取消请求.</para></summary>
      <param name="buffer">The buffer to write the data into.<para>要将数据写入的缓冲区.</para></param>
      <param name="offset">The byte offset in <code data-dev-comment-type="paramref">buffer</code> at which to begin writing data from the stream.<para><code data-dev-comment-type="paramref">buffer</code> 中的字节偏移量,从流开始写入数据.</para></param>
      <param name="count">The maximum number of bytes to read.<para>要读取的最大字节数.</para></param>
      <param name="cancellationToken">The token to monitor for cancellation requests. The default value is <xref data-throw-if-not-resolved="true" uid="System.Threading.CancellationToken.None"></xref>.<para>要监视取消请求的令牌.默认值为 <xref data-throw-if-not-resolved="true" uid="System.Threading.CancellationToken.None"></xref>.</para></param>
      <returns>A task that represents the asynchronous read operation. The value of the <code data-dev-comment-type="paramref">TResult</code> parameter contains the total number of bytes read into the buffer. The result value can be less than the number of bytes requested if the number of bytes currently available is less than the requested number, or it can be 0 (zero) if the end of the stream has been reached.<para>表示异步读取操作的任务.<code data-dev-comment-type="paramref">TResult</code> 参数的值包含读入缓冲区的总字节数.如果当前可用的字节数小于请求的字节数,则结果值可以小于请求的字节数,如果已到达流的末尾,则结果值可以为 0（零）.</para></returns>
    </member>
    <member name="M:System.Net.Quic.QuicStream.ReadAsync(System.Memory{System.Byte},System.Threading.CancellationToken)">
      <summary>Asynchronously reads a sequence of bytes from the current stream, advances the position within the stream by the number of bytes read, and monitors cancellation requests.<para>异步读取当前流中的字节序列,按读取的字节数推进流中的位置,并监视取消请求.</para></summary>
      <param name="buffer">The region of memory to write the data into.<para>要将数据写入的内存区域.</para></param>
      <param name="cancellationToken">The token to monitor for cancellation requests. The default value is <xref data-throw-if-not-resolved="true" uid="System.Threading.CancellationToken.None"></xref>.<para>要监视取消请求的令牌.默认值为 <xref data-throw-if-not-resolved="true" uid="System.Threading.CancellationToken.None"></xref>.</para></param>
      <returns>A task that represents the asynchronous read operation. The value of its <xref data-throw-if-not-resolved="true" uid="System.Threading.Tasks.ValueTask`1.Result"></xref> property contains the total number of bytes read into the buffer. The result value can be less than the number of bytes allocated in the buffer if that many bytes are not currently available, or it can be 0 (zero) if the end of the stream has been reached.<para>表示异步读取操作的任务.其 <xref data-throw-if-not-resolved="true" uid="System.Threading.Tasks.ValueTask`1.Result"></xref> 属性的值包含读入缓冲区的总字节数.如果当前没有可用的字节数,则结果值可以小于缓冲区中分配的字节数,如果已到达流的末尾,则结果值可以为 0（零）.</para></returns>
    </member>
    <member name="M:System.Net.Quic.QuicStream.ReadByte">
      <summary>Reads a byte from the stream and advances the position within the stream by one byte, or returns -1 if at the end of the stream.<para>从流中读取一个字节并将流中的位置前进一个字节,如果在流的末尾,则返回 -1.</para></summary>
      <returns>The unsigned byte cast to an <xref data-throw-if-not-resolved="true" uid="System.Int32"></xref>, or -1 if at the end of the stream.<para>无符号字节转换为 <xref data-throw-if-not-resolved="true" uid="System.Int32"></xref>,如果在流末尾,则为 -1.</para></returns>
    </member>
    <member name="M:System.Net.Quic.QuicStream.Seek(System.Int64,System.IO.SeekOrigin)">
      <summary>Sets the current position of the stream to the given value. This method is not currently supported and always throws a <xref data-throw-if-not-resolved="true" uid="System.NotSupportedException"></xref>.<para>将流的当前位置设置为给定值.此方法当前不受支持,并且始终引发 <xref data-throw-if-not-resolved="true" uid="System.NotSupportedException"></xref>.</para></summary>
      <param name="offset">A byte offset relative to the <code data-dev-comment-type="paramref">origin</code> parameter.<para>相对于 <code data-dev-comment-type="paramref">origin</code> 参数的字节偏移量.</para></param>
      <param name="origin">A value of type <xref data-throw-if-not-resolved="true" uid="System.IO.SeekOrigin"></xref> indicating the reference point used to obtain the new position.<para>类型为 <xref data-throw-if-not-resolved="true" uid="System.IO.SeekOrigin"></xref> 的值,指示用于获取新位置的参考点.</para></param>
      <returns>The new position within the current stream.<para>当前流中的新位置.</para></returns>
    </member>
    <member name="M:System.Net.Quic.QuicStream.SetLength(System.Int64)">
      <summary>Sets the length of the stream. This method is not currently supported and always throws a <xref data-throw-if-not-resolved="true" uid="System.NotSupportedException"></xref>.<para>设置流的长度.此方法当前不受支持,并且始终引发 <xref data-throw-if-not-resolved="true" uid="System.NotSupportedException"></xref>.</para></summary>
      <param name="value">The desired length of the current stream in bytes.<para>当前流的所需长度（以字节为单位）.</para></param>
    </member>
    <member name="M:System.Net.Quic.QuicStream.Write(System.Byte[],System.Int32,System.Int32)">
      <summary>When overridden in a derived class, writes a sequence of bytes to the current stream and advances the current position within this stream by the number of bytes written.<para>在派生类中重写时,将字节序列写入当前流,并将此流中的当前位置推进写入的字节数.</para></summary>
      <param name="buffer">An array of bytes. This method copies <code data-dev-comment-type="paramref">count</code> bytes from <code data-dev-comment-type="paramref">buffer</code> to the current stream.<para>字节数组.此方法将 <code data-dev-comment-type="paramref">count</code> 字节从 <code data-dev-comment-type="paramref">buffer</code> 复制到当前流.</para></param>
      <param name="offset">The zero-based byte offset in <code data-dev-comment-type="paramref">buffer</code> at which to begin copying bytes to the current stream.<para><code data-dev-comment-type="paramref">buffer</code> 中从零开始的字节偏移量,从此处开始将字节复制到当前流.</para></param>
      <param name="count">The number of bytes to be written to the current stream.<para>要写入当前流的字节数.</para></param>
    </member>
    <member name="M:System.Net.Quic.QuicStream.Write(System.ReadOnlySpan{System.Byte})">
      <summary>When overridden in a derived class, writes a sequence of bytes to the current stream and advances the current position within this stream by the number of bytes written.<para>在派生类中重写时,将字节序列写入当前流,并将此流中的当前位置推进写入的字节数.</para></summary>
      <param name="buffer">A region of memory. This method copies the contents of this region to the current stream.<para>内存区域.此方法将此区域的内容复制到当前流.</para></param>
    </member>
    <member name="M:System.Net.Quic.QuicStream.WriteAsync(System.Byte[],System.Int32,System.Int32,System.Threading.CancellationToken)">
      <summary>Asynchronously writes a sequence of bytes to the current stream, advances the current position within this stream by the number of bytes written, and monitors cancellation requests.<para>异步将字节序列写入当前流,将当前位置在此流中前进写入的字节数,并监视取消请求.</para></summary>
      <param name="buffer">The buffer to write data from.<para>要从中写入数据的缓冲区.</para></param>
      <param name="offset">The zero-based byte offset in <code data-dev-comment-type="paramref">buffer</code> from which to begin copying bytes to the stream.<para><code data-dev-comment-type="paramref">buffer</code> 中从零开始的字节偏移量,从中开始将字节复制到流.</para></param>
      <param name="count">The maximum number of bytes to write.<para>要写入的最大字节数.</para></param>
      <param name="cancellationToken">The token to monitor for cancellation requests. The default value is <xref data-throw-if-not-resolved="true" uid="System.Threading.CancellationToken.None"></xref>.<para>要监视取消请求的令牌.默认值为 <xref data-throw-if-not-resolved="true" uid="System.Threading.CancellationToken.None"></xref>.</para></param>
      <returns>A task that represents the asynchronous write operation.<para>表示异步写入操作的任务.</para></returns>
    </member>
    <member name="M:System.Net.Quic.QuicStream.WriteAsync(System.ReadOnlyMemory{System.Byte},System.Boolean,System.Threading.CancellationToken)">
      <summary>Asynchronously writes a sequence of bytes to the current stream, advances the current position within this stream by the number of bytes written, and monitors cancellation requests.<para>异步将字节序列写入当前流,将当前位置在此流中前进写入的字节数,并监视取消请求.</para></summary>
      <param name="buffer">The region of memory to write data from.<para>要从中写入数据的内存区域.</para></param>
      <param name="completeWrites">
        <code data-dev-comment-type="langword">true</code> to notify the peer about gracefully closing the write side, that is, to send the FIN flag with the data; otherwise, <code data-dev-comment-type="langword">false</code>.<para><code data-dev-comment-type="langword">true</code> 通知对等方正常关闭写入端,即发送带有数据的 fin 标志;否则,<code data-dev-comment-type="langword">false</code>.</para></param>
      <param name="cancellationToken">The token to monitor for cancellation requests. The default value is <xref data-throw-if-not-resolved="true" uid="System.Threading.CancellationToken.None"></xref>.<para>要监视取消请求的令牌.默认值为 <xref data-throw-if-not-resolved="true" uid="System.Threading.CancellationToken.None"></xref>.</para></param>
      <returns>A task that represents the asynchronous write operation.<para>表示异步写入操作的任务.</para></returns>
    </member>
    <member name="M:System.Net.Quic.QuicStream.WriteAsync(System.ReadOnlyMemory{System.Byte},System.Threading.CancellationToken)">
      <summary>Asynchronously writes a sequence of bytes to the current stream, advances the current position within this stream by the number of bytes written, and monitors cancellation requests.<para>异步将字节序列写入当前流,将当前位置在此流中前进写入的字节数,并监视取消请求.</para></summary>
      <param name="buffer">The region of memory to write data from.<para>要从中写入数据的内存区域.</para></param>
      <param name="cancellationToken">The token to monitor for cancellation requests. The default value is <xref data-throw-if-not-resolved="true" uid="System.Threading.CancellationToken.None"></xref>.<para>要监视取消请求的令牌.默认值为 <xref data-throw-if-not-resolved="true" uid="System.Threading.CancellationToken.None"></xref>.</para></param>
      <returns>A task that represents the asynchronous write operation.<para>表示异步写入操作的任务.</para></returns>
    </member>
    <member name="M:System.Net.Quic.QuicStream.WriteByte(System.Byte)">
      <summary>Writes a byte to the current position in the stream and advances the position within the stream by one byte.<para>将一个字节写入流中的当前位置,并将流中的位置前进一个字节.</para></summary>
      <param name="value">The byte to write to the stream.<para>要写入流的字节.</para></param>
    </member>
    <member name="P:System.Net.Quic.QuicStream.CanRead">
      <summary>Gets a value indicating whether the <xref data-throw-if-not-resolved="true" uid="System.Net.Quic.QuicStream"></xref> supports reading.<para>获取一个值,该值指示 <xref data-throw-if-not-resolved="true" uid="System.Net.Quic.QuicStream"></xref> 是否支持读取.</para></summary>
      <returns>
        <code data-dev-comment-type="langword">true</code> if the stream supports reading; otherwise, <code data-dev-comment-type="langword">false</code>.<para><code data-dev-comment-type="langword">true</code> 如果流支持读取;否则,<code data-dev-comment-type="langword">false</code>.</para></returns>
    </member>
    <member name="P:System.Net.Quic.QuicStream.CanSeek">
      <summary>Gets a value indicating whether the <xref data-throw-if-not-resolved="true" uid="System.Net.Quic.QuicStream"></xref> supports seeking.<para>获取一个值,该值指示 <xref data-throw-if-not-resolved="true" uid="System.Net.Quic.QuicStream"></xref> 是否支持查找.</para></summary>
      <returns>
        <code data-dev-comment-type="langword">true</code> if the stream supports seeking; otherwise, <code data-dev-comment-type="langword">false</code>.<para><code data-dev-comment-type="langword">true</code> 如果流支持搜索;否则,<code data-dev-comment-type="langword">false</code>.</para></returns>
    </member>
    <member name="P:System.Net.Quic.QuicStream.CanTimeout">
      <summary>Gets a value that indicates whether the <xref data-throw-if-not-resolved="true" uid="System.Net.Quic.QuicStream"></xref> can timeout.<para>获取一个值,该值指示 <xref data-throw-if-not-resolved="true" uid="System.Net.Quic.QuicStream"></xref> 是否可以超时.</para></summary>
      <returns>A value that determines whether the current stream can time out.<para>确定当前流是否可以超时的值.</para></returns>
    </member>
    <member name="P:System.Net.Quic.QuicStream.CanWrite">
      <summary>Gets a value indicating whether the <xref data-throw-if-not-resolved="true" uid="System.Net.Quic.QuicStream"></xref> supports writing.<para>获取一个值,该值指示 <xref data-throw-if-not-resolved="true" uid="System.Net.Quic.QuicStream"></xref> 是否支持写入.</para></summary>
      <returns>
        <code data-dev-comment-type="langword">true</code> if the stream supports writing; otherwise, <code data-dev-comment-type="langword">false</code>.<para><code data-dev-comment-type="langword">true</code> 如果流支持写入;否则,<code data-dev-comment-type="langword">false</code>.</para></returns>
    </member>
    <member name="P:System.Net.Quic.QuicStream.Id">
      <summary>Gets the stream ID.<para>获取流 id.</para></summary>
    </member>
    <member name="P:System.Net.Quic.QuicStream.Length">
      <summary>Gets the length of the data available on the stream. This property is not currently supported and always throws a <xref data-throw-if-not-resolved="true" uid="System.NotSupportedException"></xref>.<para>获取流上可用数据的长度.此属性当前不受支持,并且始终引发 <xref data-throw-if-not-resolved="true" uid="System.NotSupportedException"></xref>.</para></summary>
      <returns>A long value representing the length of the stream in bytes.<para>一个长整型值,表示流的长度（以字节为单位）.</para></returns>
    </member>
    <member name="P:System.Net.Quic.QuicStream.Position">
      <summary>Gets or sets the position within the current stream. This property is not currently supported and always throws a <xref data-throw-if-not-resolved="true" uid="System.NotSupportedException"></xref>.<para>获取或设置当前流中的位置.此属性当前不受支持,并且始终引发 <xref data-throw-if-not-resolved="true" uid="System.NotSupportedException"></xref>.</para></summary>
      <returns>The current position within the stream.<para>流中的当前位置.</para></returns>
    </member>
    <member name="P:System.Net.Quic.QuicStream.ReadsClosed">
      <summary>Gets a <see cref="T:System.Threading.Tasks.Task" /> that will complete once the reading side has been closed.<para>获取一个 <see cref="T:System.Threading.Tasks.Task" />,该值将在读取端关闭后完成.</para></summary>
    </member>
    <member name="P:System.Net.Quic.QuicStream.ReadTimeout">
      <summary>Gets or sets a value, in milliseconds, that determines how long the stream will attempt to read before timing out.<para>获取或设置一个值（以毫秒为单位）,该值确定流在超时之前将尝试读取多长时间.</para></summary>
      <returns>A value, in milliseconds, that determines how long the stream will attempt to read before timing out.<para>一个值（以毫秒为单位）,用于确定流在超时之前将尝试读取多长时间.</para></returns>
    </member>
    <member name="P:System.Net.Quic.QuicStream.Type">
      <summary>Gets the stream type.<para>获取流类型.</para></summary>
    </member>
    <member name="P:System.Net.Quic.QuicStream.WritesClosed">
      <summary>Gets a <see cref="T:System.Threading.Tasks.Task" /> that will complete when the writing side has been closed.<para>获取一个 <see cref="T:System.Threading.Tasks.Task" />,该值将在写入端关闭时完成.</para></summary>
    </member>
    <member name="P:System.Net.Quic.QuicStream.WriteTimeout">
      <summary>Gets or sets a value, in milliseconds, that determines how long the stream will attempt to write before timing out.<para>获取或设置一个值（以毫秒为单位）,该值确定流在超时之前将尝试写入多长时间.</para></summary>
      <returns>A value, in milliseconds, that determines how long the stream will attempt to write before timing out.<para>一个值（以毫秒为单位）,用于确定流在超时之前尝试写入多长时间.</para></returns>
    </member>
    <member name="T:System.Net.Quic.QuicStreamType">
      <summary>Represents the type of a stream.<para>表示流的类型.</para></summary>
    </member>
    <member name="F:System.Net.Quic.QuicStreamType.Bidirectional">
      <summary>Both peers are read and write capable.<para>两个对等体都具有读写能力.</para></summary>
    </member>
    <member name="F:System.Net.Quic.QuicStreamType.Unidirectional">
      <summary>Write-only for the peer that opened the stream. Read-only for the peer that accepted the stream.<para>对打开流的对等方的只写.对接受流的对等方只读.</para></summary>
    </member>
  </members>
</doc>