﻿<?xml version="1.0" encoding="utf-8"?>
<doc>
  <assembly>
    <name>System.Diagnostics.Contracts</name>
  </assembly>
  <members>
    <member name="T:System.Diagnostics.Contracts.Contract">
      <summary>Contains static methods for representing program contracts such as preconditions, postconditions, and object invariants.<para>包含用于表示程序协定（如前置条件、后置条件和对象不变量）的静态方法.</para></summary>
    </member>
    <member name="E:System.Diagnostics.Contracts.Contract.ContractFailed">
      <summary>Occurs when a contract fails.<para>在合同失败时发生.</para></summary>
    </member>
    <member name="M:System.Diagnostics.Contracts.Contract.Assert(System.Boolean)">
      <summary>Checks for a condition; if the condition is <see langword="false" />, follows the escalation policy set for the analyzer.<para>检查条件;如果条件为 <see langword="false" />,则遵循为分析器设置的升级策略.</para></summary>
      <param name="condition">The conditional expression to test.<para>要测试的条件表达式.</para></param>
    </member>
    <member name="M:System.Diagnostics.Contracts.Contract.Assert(System.Boolean,System.String)">
      <summary>Checks for a condition; if the condition is <see langword="false" />, follows the escalation policy set by the analyzer and displays the specified message.<para>检查条件;如果条件为 <see langword="false" />,则遵循分析器设置的升级策略并显示指定的消息.</para></summary>
      <param name="condition">The conditional expression to test.<para>要测试的条件表达式.</para></param>
      <param name="userMessage">A message to display if the condition is not met.<para>在不满足条件时显示的消息.</para></param>
    </member>
    <member name="M:System.Diagnostics.Contracts.Contract.Assume(System.Boolean)">
      <summary>Instructs code analysis tools to assume that the specified condition is <see langword="true" />, even if it cannot be statically proven to always be <see langword="true" />.<para>指示代码分析工具假定指定的条件为 <see langword="true" />,即使无法静态证明它始终为 <see langword="true" />.</para></summary>
      <param name="condition">The conditional expression to assume <see langword="true" />.<para>假定 <see langword="true" /> 的条件表达式.</para></param>
    </member>
    <member name="M:System.Diagnostics.Contracts.Contract.Assume(System.Boolean,System.String)">
      <summary>Instructs code analysis tools to assume that a condition is <see langword="true" />, even if it cannot be statically proven to always be <see langword="true" />, and displays a message if the assumption fails.<para>指示代码分析工具假定条件为 <see langword="true" />,即使无法静态证明它始终为 <see langword="true" />,并在假设失败时显示一条消息.</para></summary>
      <param name="condition">The conditional expression to assume <see langword="true" />.<para>假定 <see langword="true" /> 的条件表达式.</para></param>
      <param name="userMessage">The message to post if the assumption fails.<para>假设失败时要发布的消息.</para></param>
    </member>
    <member name="M:System.Diagnostics.Contracts.Contract.EndContractBlock">
      <summary>Marks the end of the contract section when a method's contracts contain only preconditions in the <see langword="if" />-<see langword="then" />-<see langword="throw" /> form.<para>当方法的协定仅包含 <see langword="if" />-<see langword="then" />-<see langword="throw" /> 形式的前提条件时,标记协定部分的结尾.</para></summary>
    </member>
    <member name="M:System.Diagnostics.Contracts.Contract.Ensures(System.Boolean)">
      <summary>Specifies a postcondition contract for the enclosing method or property.<para>指定封闭方法或属性的后置条件协定.</para></summary>
      <param name="condition">The conditional expression to test. The expression may include <see cref="M:System.Diagnostics.Contracts.Contract.OldValue``1(``0)" />, <see cref="M:System.Diagnostics.Contracts.Contract.ValueAtReturn``1(``0@)" />, and <see cref="M:System.Diagnostics.Contracts.Contract.Result``1" /> values.<para>要测试的条件表达式.表达式可能包括 <see cref="M:System.Diagnostics.Contracts.Contract.OldValue``1(``0)" />, <see cref="m:system.diagnostics.contracts.contract.valueatreturn``1（``0@）" /> 和 <see cref="M:System.Diagnostics.Contracts.Contract.Result``1" /> 值.</para></param>
    </member>
    <member name="M:System.Diagnostics.Contracts.Contract.Ensures(System.Boolean,System.String)">
      <summary>Specifies a postcondition contract for a provided exit condition and a message to display if the condition is <see langword="false" />.<para>为提供的退出条件指定后置条件协定,并在条件为 <see langword="false" /> 时显示一条消息.</para></summary>
      <param name="condition">The conditional expression to test. The expression may include <see cref="M:System.Diagnostics.Contracts.Contract.OldValue``1(``0)" /> and <see cref="M:System.Diagnostics.Contracts.Contract.Result``1" /> values.<para>要测试的条件表达式.表达式可以包含 <see cref="M:System.Diagnostics.Contracts.Contract.OldValue``1(``0)" /> 和 <see cref="M:System.Diagnostics.Contracts.Contract.Result``1" /> 值.</para></param>
      <param name="userMessage">The message to display if the expression is not <see langword="true" />.<para>表达式不是 <see langword="true" /> 时要显示的消息.</para></param>
    </member>
    <member name="M:System.Diagnostics.Contracts.Contract.EnsuresOnThrow``1(System.Boolean)">
      <summary>Specifies a postcondition contract for the enclosing method or property, based on the provided exception and condition.<para>根据提供的异常和条件,为封闭方法或属性指定后置条件协定.</para></summary>
      <param name="condition">The conditional expression to test.<para>要测试的条件表达式.</para></param>
      <typeparam name="TException">The type of exception that invokes the postcondition check.<para>调用后置条件检查的异常类型.</para></typeparam>
    </member>
    <member name="M:System.Diagnostics.Contracts.Contract.EnsuresOnThrow``1(System.Boolean,System.String)">
      <summary>Specifies a postcondition contract and a message to display if the condition is <see langword="false" /> for the enclosing method or property, based on the provided exception and condition.<para>根据提供的异常和条件,指定后置条件协定和要在封闭方法或属性的条件为 <see langword="false" /> 时显示的消息.</para></summary>
      <param name="condition">The conditional expression to test.<para>要测试的条件表达式.</para></param>
      <param name="userMessage">The message to display if the expression is <see langword="false" />.<para>表达式为 <see langword="false" /> 时要显示的消息.</para></param>
      <typeparam name="TException">The type of exception that invokes the postcondition check.<para>调用后置条件检查的异常类型.</para></typeparam>
    </member>
    <member name="M:System.Diagnostics.Contracts.Contract.Exists(System.Int32,System.Int32,System.Predicate{System.Int32})">
      <summary>Determines whether a specified test is true for any integer within a range of integers.<para>确定指定的测试对于整数范围内的任何整数是否为 true.</para></summary>
      <param name="fromInclusive">The first integer to pass to <paramref name="predicate" />.<para>要传递给 <paramref name="predicate" /> 的第一个整数.</para></param>
      <param name="toExclusive">One more than the last integer to pass to <paramref name="predicate" />.<para>比最后一个整数多一个,传递给 <paramref name="predicate" />.</para></param>
      <param name="predicate">The function to evaluate for any value of the integer in the specified range.<para>用于计算指定范围内整数的任何值的函数.</para></param>
      <exception cref="T:System.ArgumentNullException">
        <paramref name="predicate" /> is <see langword="null" />.<para><paramref name="predicate" /> 是 <see langword="null" />.</para></exception>
      <exception cref="T:System.ArgumentException">
        <paramref name="toExclusive" /> is less than <paramref name="fromInclusive" />.<para><paramref name="toExclusive" /> 小于 <paramref name="fromInclusive" />.</para></exception>
      <returns>
        <see langword="true" /> if <paramref name="predicate" /> returns <see langword="true" /> for any integer starting from <paramref name="fromInclusive" /> to <paramref name="toExclusive" /> - 1.<para><see langword="true" /> 如果 <paramref name="predicate" /> 对于从 <paramref name="fromInclusive" /> 到 <paramref name="toExclusive" /> - 1 的任何整数返回 <see langword="true" />.</para></returns>
    </member>
    <member name="M:System.Diagnostics.Contracts.Contract.Exists``1(System.Collections.Generic.IEnumerable{``0},System.Predicate{``0})">
      <summary>Determines whether an element within a collection of elements exists within a function.<para>确定函数中是否存在元素集合中的元素.</para></summary>
      <param name="collection">The collection from which elements of type <c>T</c> will be drawn to pass to <paramref name="predicate" />.<para>将从中提取类型 <c>T</c> 的元素以传递给 <paramref name="predicate" /> 的集合.</para></param>
      <param name="predicate">The function to evaluate for an element in <paramref name="collection" />.<para>要计算 <paramref name="collection" /> 中元素的函数.</para></param>
      <typeparam name="T">The type that is contained in <paramref name="collection" />.<para>包含在 <paramref name="collection" /> 中的类型.</para></typeparam>
      <exception cref="T:System.ArgumentNullException">
        <paramref name="collection" /> or <paramref name="predicate" /> is <see langword="null" />.<para><paramref name="collection" /> 或 <paramref name="predicate" /> 是 <see langword="null" />.</para></exception>
      <returns>
        <see langword="true" /> if and only if <paramref name="predicate" /> returns <see langword="true" /> for any element of type <paramref name="T" /> in <paramref name="collection" />.<para><see langword="true" /> 当且仅当 <paramref name="predicate" /> 为 <paramref name="collection" /> 中任何类型 <paramref name="T" /> 的元素返回 <see langword="true" />.</para></returns>
    </member>
    <member name="M:System.Diagnostics.Contracts.Contract.ForAll(System.Int32,System.Int32,System.Predicate{System.Int32})">
      <summary>Determines whether a particular condition is valid for all integers in a specified range.<para>确定特定条件是否对指定范围内的所有整数有效.</para></summary>
      <param name="fromInclusive">The first integer to pass to <paramref name="predicate" />.<para>要传递给 <paramref name="predicate" /> 的第一个整数.</para></param>
      <param name="toExclusive">One more than the last integer to pass to <paramref name="predicate" />.<para>比最后一个整数多一个,传递给 <paramref name="predicate" />.</para></param>
      <param name="predicate">The function to evaluate for the existence of the integers in the specified range.<para>用于计算指定范围内是否存在整数的函数.</para></param>
      <exception cref="T:System.ArgumentNullException">
        <paramref name="predicate" /> is <see langword="null" />.<para><paramref name="predicate" /> 是 <see langword="null" />.</para></exception>
      <exception cref="T:System.ArgumentException">
        <paramref name="toExclusive" /> is less than <paramref name="fromInclusive" />.<para><paramref name="toExclusive" /> 小于 <paramref name="fromInclusive" />.</para></exception>
      <returns>
        <see langword="true" /> if <paramref name="predicate" /> returns <see langword="true" /> for all integers starting from <paramref name="fromInclusive" /> to <paramref name="toExclusive" /> - 1.<para><see langword="true" /> 如果 <paramref name="predicate" /> 返回从 <paramref name="fromInclusive" /> 到 <paramref name="toExclusive" /> - 1 的所有整数的 <see langword="true" />.</para></returns>
    </member>
    <member name="M:System.Diagnostics.Contracts.Contract.ForAll``1(System.Collections.Generic.IEnumerable{``0},System.Predicate{``0})">
      <summary>Determines whether all the elements in a collection exist within a function.<para>确定集合中的所有元素是否存在于函数中.</para></summary>
      <param name="collection">The collection from which elements of type <c>T</c> will be drawn to pass to <paramref name="predicate" />.<para>将从中提取类型 <c>T</c> 的元素以传递给 <paramref name="predicate" /> 的集合.</para></param>
      <param name="predicate">The function to evaluate for the existence of all the elements in <paramref name="collection" />.<para>用于评估 <paramref name="collection" /> 中所有元素是否存在的函数.</para></param>
      <typeparam name="T">The type that is contained in <paramref name="collection" />.<para>包含在 <paramref name="collection" /> 中的类型.</para></typeparam>
      <exception cref="T:System.ArgumentNullException">
        <paramref name="collection" /> or <paramref name="predicate" /> is <see langword="null" />.<para><paramref name="collection" /> 或 <paramref name="predicate" /> 是 <see langword="null" />.</para></exception>
      <returns>
        <see langword="true" /> if and only if <paramref name="predicate" /> returns <see langword="true" /> for all elements of type <paramref name="T" /> in <paramref name="collection" />.<para><see langword="true" /> 当且仅当 <paramref name="predicate" /> 为 <paramref name="collection" /> 中类型 <paramref name="T" /> 的所有元素返回 <see langword="true" />.</para></returns>
    </member>
    <member name="M:System.Diagnostics.Contracts.Contract.Invariant(System.Boolean)">
      <summary>Specifies an invariant contract for the enclosing method or property.<para>指定封闭方法或属性的固定协定.</para></summary>
      <param name="condition">The conditional expression to test.<para>要测试的条件表达式.</para></param>
    </member>
    <member name="M:System.Diagnostics.Contracts.Contract.Invariant(System.Boolean,System.String)">
      <summary>Specifies an invariant contract for the enclosing method or property, and displays a message if the condition for the contract fails.<para>为封闭方法或属性指定固定协定,并在协定条件失败时显示一条消息.</para></summary>
      <param name="condition">The conditional expression to test.<para>要测试的条件表达式.</para></param>
      <param name="userMessage">The message to display if the condition is <see langword="false" />.<para>条件为 <see langword="false" /> 时要显示的消息.</para></param>
    </member>
    <member name="M:System.Diagnostics.Contracts.Contract.OldValue``1(``0)">
      <summary>Represents values as they were at the start of a method or property.<para>表示方法或属性开头的值.</para></summary>
      <param name="value">The value to represent (field or parameter).<para>要表示的值（字段或参数）.</para></param>
      <typeparam name="T">The type of value.<para>值的类型.</para></typeparam>
      <returns>The value of the parameter or field at the start of a method or property.<para>方法或属性开头的参数或字段的值.</para></returns>
    </member>
    <member name="M:System.Diagnostics.Contracts.Contract.Requires(System.Boolean)">
      <summary>Specifies a precondition contract for the enclosing method or property.<para>指定封闭方法或属性的前置条件协定.</para></summary>
      <param name="condition">The conditional expression to test.<para>要测试的条件表达式.</para></param>
    </member>
    <member name="M:System.Diagnostics.Contracts.Contract.Requires(System.Boolean,System.String)">
      <summary>Specifies a precondition contract for the enclosing method or property, and displays a message if the condition for the contract fails.<para>为封闭方法或属性指定前提条件协定,并在协定的条件失败时显示一条消息.</para></summary>
      <param name="condition">The conditional expression to test.<para>要测试的条件表达式.</para></param>
      <param name="userMessage">The message to display if the condition is <see langword="false" />.<para>条件为 <see langword="false" /> 时要显示的消息.</para></param>
    </member>
    <member name="M:System.Diagnostics.Contracts.Contract.Requires``1(System.Boolean)">
      <summary>Specifies a precondition contract for the enclosing method or property, and throws an exception if the condition for the contract fails.<para>为封闭方法或属性指定前提条件协定,并在协定的条件失败时引发异常.</para></summary>
      <param name="condition">The conditional expression to test.<para>要测试的条件表达式.</para></param>
      <typeparam name="TException">The exception to throw if the condition is <see langword="false" />.<para>如果条件为 <see langword="false" />,则引发异常.</para></typeparam>
    </member>
    <member name="M:System.Diagnostics.Contracts.Contract.Requires``1(System.Boolean,System.String)">
      <summary>Specifies a precondition contract for the enclosing method or property, and throws an exception with the provided message if the condition for the contract fails.<para>为封闭方法或属性指定前提条件协定,并在协定的条件失败时引发异常.</para></summary>
      <param name="condition">The conditional expression to test.<para>要测试的条件表达式.</para></param>
      <param name="userMessage">The message to display if the condition is <see langword="false" />.<para>条件为 <see langword="false" /> 时要显示的消息.</para></param>
      <typeparam name="TException">The exception to throw if the condition is <see langword="false" />.<para>如果条件为 <see langword="false" />,则引发异常.</para></typeparam>
    </member>
    <member name="M:System.Diagnostics.Contracts.Contract.Result``1">
      <summary>Represents the return value of a method or property.<para>表示方法或属性的返回值.</para></summary>
      <typeparam name="T">Type of return value of the enclosing method or property.<para>封闭方法或属性的返回值的类型.</para></typeparam>
      <returns>Return value of the enclosing method or property.<para>封闭方法或属性的返回值.</para></returns>
    </member>
    <member name="M:System.Diagnostics.Contracts.Contract.ValueAtReturn``1(``0@)">
      <summary>Represents the final (output) value of an <see langword="out" /> parameter when returning from a method.<para>表示从方法返回时 <see langword="out" /> 参数的最终（输出）值.</para></summary>
      <param name="value">The <see langword="out" /> parameter.<para><see langword="out" /> 参数.</para></param>
      <typeparam name="T">The type of the <see langword="out" /> parameter.<para><see langword="out" /> 参数的类型.</para></typeparam>
      <returns>The output value of the <see langword="out" /> parameter.<para><see langword="out" /> 参数的输出值.</para></returns>
    </member>
    <member name="T:System.Diagnostics.Contracts.ContractAbbreviatorAttribute">
      <summary>Defines abbreviations that you can use in place of the full contract syntax.<para>定义可用于代替完整协定语法的缩写.</para></summary>
    </member>
    <member name="M:System.Diagnostics.Contracts.ContractAbbreviatorAttribute.#ctor">
      <summary>Initializes a new instance of the <see cref="T:System.Diagnostics.Contracts.ContractAbbreviatorAttribute" /> class.<para>初始化 <see cref="t:system.diagnostics.contracts.contractabbreviatorattribute" /> .class.</para></summary>
    </member>
    <member name="T:System.Diagnostics.Contracts.ContractArgumentValidatorAttribute">
      <summary>Enables the factoring of legacy <see langword="if-then-throw" /> code into separate methods for reuse, and provides full control over thrown exceptions and arguments.<para>允许将旧版 <see langword="if-then-throw" /> 代码分解为单独的方法以供重用,并提供对引发的异常和参数的完全控制.</para></summary>
    </member>
    <member name="M:System.Diagnostics.Contracts.ContractArgumentValidatorAttribute.#ctor">
      <summary>Initializes a new instance of the <see cref="T:System.Diagnostics.Contracts.ContractArgumentValidatorAttribute" /> class.<para>初始化 <see cref="t:system.diagnostics.contracts.contractargumentvalidatorattribute" /> .class.</para></summary>
    </member>
    <member name="T:System.Diagnostics.Contracts.ContractClassAttribute">
      <summary>Specifies that a separate type contains the code contracts for this type.<para>指定单独的类型包含此类型的代码协定.</para></summary>
    </member>
    <member name="M:System.Diagnostics.Contracts.ContractClassAttribute.#ctor(System.Type)">
      <summary>Initializes a new instance of the <see cref="T:System.Diagnostics.Contracts.ContractClassAttribute" /> class.<para>初始化 <see cref="t:system.diagnostics.contracts.contractclassattribute" /> .class.</para></summary>
      <param name="typeContainingContracts">The type that contains the code contracts for this type.<para>包含此类型的代码协定的类型.</para></param>
    </member>
    <member name="P:System.Diagnostics.Contracts.ContractClassAttribute.TypeContainingContracts">
      <summary>Gets the type that contains the code contracts for this type.<para>获取包含此类型的代码协定的类型.</para></summary>
      <returns>The type that contains the code contracts for this type.<para>包含此类型的代码协定的类型.</para></returns>
    </member>
    <member name="T:System.Diagnostics.Contracts.ContractClassForAttribute">
      <summary>Specifies that a class is a contract for a type.<para>指定类是类型的协定.</para></summary>
    </member>
    <member name="M:System.Diagnostics.Contracts.ContractClassForAttribute.#ctor(System.Type)">
      <summary>Initializes a new instance of the <see cref="T:System.Diagnostics.Contracts.ContractClassForAttribute" /> class, specifying the type the current class is a contract for.<para>初始化 <see cref="t:system.diagnostics.contracts.contractclassforattribute" /> 类,指定当前类的协定类型.</para></summary>
      <param name="typeContractsAreFor">The type the current class is a contract for.<para>当前类是协定的类型.</para></param>
    </member>
    <member name="P:System.Diagnostics.Contracts.ContractClassForAttribute.TypeContractsAreFor">
      <summary>Gets the type that this code contract applies to.<para>获取此代码协定应用到的类型.</para></summary>
      <returns>The type that this contract applies to.<para>此协定适用的类型.</para></returns>
    </member>
    <member name="T:System.Diagnostics.Contracts.ContractFailedEventArgs">
      <summary>Provides methods and data for the <see cref="E:System.Diagnostics.Contracts.Contract.ContractFailed" /> event.<para>为 <see cref="E:System.Diagnostics.Contracts.Contract.ContractFailed" /> 事件提供方法和数据.</para></summary>
    </member>
    <member name="M:System.Diagnostics.Contracts.ContractFailedEventArgs.#ctor(System.Diagnostics.Contracts.ContractFailureKind,System.String,System.String,System.Exception)">
      <summary>Provides data for the <see cref="E:System.Diagnostics.Contracts.Contract.ContractFailed" /> event.<para>为 <see cref="E:System.Diagnostics.Contracts.Contract.ContractFailed" /> 事件提供数据.</para></summary>
      <param name="failureKind">One of the enumeration values that specifies the contract that failed.<para>指定失败的协定的枚举值之一.</para></param>
      <param name="message">The message for the event.<para>事件的消息.</para></param>
      <param name="condition">The condition for the event.<para>事件的条件.</para></param>
      <param name="originalException">The exception that caused the event.<para>导致事件的异常.</para></param>
    </member>
    <member name="M:System.Diagnostics.Contracts.ContractFailedEventArgs.SetHandled">
      <summary>Sets the <see cref="P:System.Diagnostics.Contracts.ContractFailedEventArgs.Handled" /> property to <see langword="true" />.<para>设置的 <see cref="p:system.diagnostics.contracts.contractfailedeventargs.handled" /> 属性到 <see langword="true" />.</para></summary>
    </member>
    <member name="M:System.Diagnostics.Contracts.ContractFailedEventArgs.SetUnwind">
      <summary>Sets the <see cref="P:System.Diagnostics.Contracts.ContractFailedEventArgs.Unwind" /> property to <see langword="true" />.<para>设置的 <see cref="p:system.diagnostics.contracts.contractfailedeventargs.unwind" /> 属性到 <see langword="true" />.</para></summary>
    </member>
    <member name="P:System.Diagnostics.Contracts.ContractFailedEventArgs.Condition">
      <summary>Gets the condition for the failure of the contract.<para>获取协定失败的条件.</para></summary>
      <returns>The condition for the failure.<para>失败的条件.</para></returns>
    </member>
    <member name="P:System.Diagnostics.Contracts.ContractFailedEventArgs.FailureKind">
      <summary>Gets the type of contract that failed.<para>获取失败的协定类型.</para></summary>
      <returns>One of the enumeration values that specifies the type of contract that failed.<para>指定失败的协定类型的枚举值之一.</para></returns>
    </member>
    <member name="P:System.Diagnostics.Contracts.ContractFailedEventArgs.Handled">
      <summary>Indicates whether the <see cref="E:System.Diagnostics.Contracts.Contract.ContractFailed" /> event has been handled.<para>指示是否已处理 <see cref="E:System.Diagnostics.Contracts.Contract.ContractFailed" /> 事件.</para></summary>
      <returns>
        <see langword="true" /> if the event has been handled; otherwise, <see langword="false" />.<para><see langword="true" /> 如果事件已处理;否则,<see langword="false" />.</para></returns>
    </member>
    <member name="P:System.Diagnostics.Contracts.ContractFailedEventArgs.Message">
      <summary>Gets the message that describes the <see cref="E:System.Diagnostics.Contracts.Contract.ContractFailed" /> event.<para>获取描述 <see cref="E:System.Diagnostics.Contracts.Contract.ContractFailed" /> 事件的消息.</para></summary>
      <returns>The message that describes the event.<para>描述事件的消息.</para></returns>
    </member>
    <member name="P:System.Diagnostics.Contracts.ContractFailedEventArgs.OriginalException">
      <summary>Gets the original exception that caused the <see cref="E:System.Diagnostics.Contracts.Contract.ContractFailed" /> event.<para>获取导致 <see cref="E:System.Diagnostics.Contracts.Contract.ContractFailed" /> 事件的原始异常.</para></summary>
      <returns>The exception that caused the event.<para>导致事件的异常.</para></returns>
    </member>
    <member name="P:System.Diagnostics.Contracts.ContractFailedEventArgs.Unwind">
      <summary>Indicates whether the code contract escalation policy should be applied.<para>指示是否应应用代码协定升级策略.</para></summary>
      <returns>
        <see langword="true" /> to apply the escalation policy; otherwise, <see langword="false" />. The default is <see langword="false" />.<para><see langword="true" /> 应用升级策略;否则,<see langword="false" />.默认值为 <see langword="false" />.</para></returns>
    </member>
    <member name="T:System.Diagnostics.Contracts.ContractFailureKind">
      <summary>Specifies the type of contract that failed.<para>指定失败的协定类型.</para></summary>
    </member>
    <member name="F:System.Diagnostics.Contracts.ContractFailureKind.Assert">
      <summary>An <see cref="Overload:System.Diagnostics.Contracts.Contract.Assert" /> contract failed.<para>一 <see cref="overload:system.diagnostics.contracts.contract.assert" /> 合同失败.</para></summary>
    </member>
    <member name="F:System.Diagnostics.Contracts.ContractFailureKind.Assume">
      <summary>An <see cref="Overload:System.Diagnostics.Contracts.Contract.Assume" /> contract failed.<para>一 <see cref="overload:system.diagnostics.contracts.contract.assume" /> 合同失败.</para></summary>
    </member>
    <member name="F:System.Diagnostics.Contracts.ContractFailureKind.Invariant">
      <summary>An <see cref="Overload:System.Diagnostics.Contracts.Contract.Invariant" /> contract failed.<para><see cref="Overload:System.Diagnostics.Contracts.Contract.Invariant" /> 合约失败.</para></summary>
    </member>
    <member name="F:System.Diagnostics.Contracts.ContractFailureKind.Postcondition">
      <summary>An <see cref="Overload:System.Diagnostics.Contracts.Contract.Ensures" /> contract failed.<para><see cref="Overload:System.Diagnostics.Contracts.Contract.Ensures" /> 合约失败.</para></summary>
    </member>
    <member name="F:System.Diagnostics.Contracts.ContractFailureKind.PostconditionOnException">
      <summary>An <see cref="Overload:System.Diagnostics.Contracts.Contract.EnsuresOnThrow" /> contract failed.<para><see cref="Overload:System.Diagnostics.Contracts.Contract.EnsuresOnThrow" /> 合约失败.</para></summary>
    </member>
    <member name="F:System.Diagnostics.Contracts.ContractFailureKind.Precondition">
      <summary>A <see cref="Overload:System.Diagnostics.Contracts.Contract.Requires" /> contract failed.<para><see cref="Overload:System.Diagnostics.Contracts.Contract.Requires" /> 合约失败.</para></summary>
    </member>
    <member name="T:System.Diagnostics.Contracts.ContractInvariantMethodAttribute">
      <summary>Marks a method as being the invariant method for a class.<para>将方法标记为类的固定方法.</para></summary>
    </member>
    <member name="M:System.Diagnostics.Contracts.ContractInvariantMethodAttribute.#ctor">
      <summary>Initializes a new instance of the <see cref="T:System.Diagnostics.Contracts.ContractInvariantMethodAttribute" /> class.<para>初始化 <see cref="t:system.diagnostics.contracts.contractinvariantmethodattribute" /> .class.</para></summary>
    </member>
    <member name="T:System.Diagnostics.Contracts.ContractOptionAttribute">
      <summary>Enables you to set contract and tool options at assembly, type, or method granularity.<para>使您能够按装配体、类型或方法粒度设置协定和刀具选项.</para></summary>
    </member>
    <member name="M:System.Diagnostics.Contracts.ContractOptionAttribute.#ctor(System.String,System.String,System.Boolean)">
      <summary>Initializes a new instance of the <see cref="T:System.Diagnostics.Contracts.ContractOptionAttribute" /> class by using the provided category, setting, and enable/disable value.<para>初始化 <see cref="t:system.diagnostics.contracts.contractoptionattribute" /> 使用提供的类别、设置和启用/禁用值进行类.</para></summary>
      <param name="category">The category for the option to be set.<para>要设置的选项的类别.</para></param>
      <param name="setting">The option setting.<para>选项设置.</para></param>
      <param name="enabled">
        <see langword="true" /> to enable the option; <see langword="false" /> to disable the option.<para><see langword="true" /> 以启用该选项;<see langword="false" /> 以禁用该选项.</para></param>
    </member>
    <member name="M:System.Diagnostics.Contracts.ContractOptionAttribute.#ctor(System.String,System.String,System.String)">
      <summary>Initializes a new instance of the <see cref="T:System.Diagnostics.Contracts.ContractOptionAttribute" /> class by using the provided category, setting, and value.<para>初始化 <see cref="t:system.diagnostics.contracts.contractoptionattribute" /> 使用提供的类别、设置和值进行类.</para></summary>
      <param name="category">The category of the option to be set.<para>要设置的选项的类别.</para></param>
      <param name="setting">The option setting.<para>选项设置.</para></param>
      <param name="value">The value for the setting.<para>设置的值.</para></param>
    </member>
    <member name="P:System.Diagnostics.Contracts.ContractOptionAttribute.Category">
      <summary>Gets the category of the option.<para>获取选项的类别.</para></summary>
      <returns>The category of the option.<para>选项的类别.</para></returns>
    </member>
    <member name="P:System.Diagnostics.Contracts.ContractOptionAttribute.Enabled">
      <summary>Determines if an option is enabled.<para>确定是否启用某个选项.</para></summary>
      <returns>
        <see langword="true" /> if the option is enabled; otherwise, <see langword="false" />.<para><see langword="true" /> 如果启用了该选项;否则,<see langword="false" />.</para></returns>
    </member>
    <member name="P:System.Diagnostics.Contracts.ContractOptionAttribute.Setting">
      <summary>Gets the setting for the option.<para>获取选项的设置.</para></summary>
      <returns>The setting for the option.<para>选项的设置.</para></returns>
    </member>
    <member name="P:System.Diagnostics.Contracts.ContractOptionAttribute.Value">
      <summary>Gets the value for the option.<para>获取选项的值.</para></summary>
      <returns>The value for the option.<para>选项的值.</para></returns>
    </member>
    <member name="T:System.Diagnostics.Contracts.ContractPublicPropertyNameAttribute">
      <summary>Specifies that a field can be used in method contracts when the field has less visibility than the method.<para>指定当字段的可见性低于方法时,可以在方法协定中使用字段.</para></summary>
    </member>
    <member name="M:System.Diagnostics.Contracts.ContractPublicPropertyNameAttribute.#ctor(System.String)">
      <summary>Initializes a new instance of the <see cref="T:System.Diagnostics.Contracts.ContractPublicPropertyNameAttribute" /> class.<para>初始化 <see cref="t:system.diagnostics.contracts.contractpublicpropertynameattribute" /> .class.</para></summary>
      <param name="name">The property name to apply to the field.<para>要应用于字段的属性名称.</para></param>
    </member>
    <member name="P:System.Diagnostics.Contracts.ContractPublicPropertyNameAttribute.Name">
      <summary>Gets the property name to be applied to the field.<para>获取要应用于字段的属性名称.</para></summary>
      <returns>The property name to be applied to the field.<para>要应用于字段的属性名称.</para></returns>
    </member>
    <member name="T:System.Diagnostics.Contracts.ContractReferenceAssemblyAttribute">
      <summary>Specifies that an assembly is a reference assembly that contains contracts.<para>指定程序集是包含协定的引用程序集.</para></summary>
    </member>
    <member name="M:System.Diagnostics.Contracts.ContractReferenceAssemblyAttribute.#ctor">
      <summary>Initializes a new instance of the <see cref="T:System.Diagnostics.Contracts.ContractReferenceAssemblyAttribute" /> class.<para>初始化 <see cref="t:system.diagnostics.contracts.contractreferenceassemblyattribute" /> .class.</para></summary>
    </member>
    <member name="T:System.Diagnostics.Contracts.ContractRuntimeIgnoredAttribute">
      <summary>Identifies a member that has no run-time behavior.<para>标识没有运行时行为的成员.</para></summary>
    </member>
    <member name="M:System.Diagnostics.Contracts.ContractRuntimeIgnoredAttribute.#ctor">
      <summary>Initializes a new instance of the <see cref="T:System.Diagnostics.Contracts.ContractRuntimeIgnoredAttribute" /> class.<para>初始化 <see cref="t:system.diagnostics.contracts.contractruntimeignoredattribute" /> .class.</para></summary>
    </member>
    <member name="T:System.Diagnostics.Contracts.ContractVerificationAttribute">
      <summary>Instructs analysis tools to assume the correctness of an assembly, type, or member without performing static verification.<para>指示分析工具假定组件、类型或杆件的正确性,而无需执行静态验证.</para></summary>
    </member>
    <member name="M:System.Diagnostics.Contracts.ContractVerificationAttribute.#ctor(System.Boolean)">
      <summary>Initializes a new instance of the <see cref="T:System.Diagnostics.Contracts.ContractVerificationAttribute" /> class.<para>初始化 <see cref="t:system.diagnostics.contracts.contractverificationattribute" /> .class.</para></summary>
      <param name="value">
        <see langword="true" /> to require verification; otherwise, <see langword="false" />.<para><see langword="true" /> 要求验证;否则,<see langword="false" />.</para></param>
    </member>
    <member name="P:System.Diagnostics.Contracts.ContractVerificationAttribute.Value">
      <summary>Gets the value that indicates whether to verify the contract of the target.<para>获取指示是否验证目标协定的值.</para></summary>
      <returns>
        <see langword="true" /> if verification is required; otherwise, <see langword="false" />.<para><see langword="true" /> 如果需要验证;否则,<see langword="false" />.</para></returns>
    </member>
    <member name="T:System.Diagnostics.Contracts.PureAttribute">
      <summary>Indicates that a type or method is pure, that is, it does not make any visible state changes.<para>指示类型或方法是纯的,即它不进行任何可见的状态更改.</para></summary>
    </member>
    <member name="M:System.Diagnostics.Contracts.PureAttribute.#ctor">
      <summary>Initializes a new instance of the <see cref="T:System.Diagnostics.Contracts.PureAttribute" /> class.<para>初始化 <see cref="t:system.diagnostics.contracts.pureattribute" /> .class.</para></summary>
    </member>
    <member name="T:System.Runtime.CompilerServices.ContractHelper">
      <summary>Provides methods that the binary rewriter uses to handle contract failures.<para>提供二进制重写器用于处理协定失败的方法.</para></summary>
    </member>
    <member name="M:System.Runtime.CompilerServices.ContractHelper.RaiseContractFailedEvent(System.Diagnostics.Contracts.ContractFailureKind,System.String,System.String,System.Exception)">
      <summary>Used by the binary rewriter to activate the default failure behavior.<para>由二进制重写器用于激活默认故障行为.</para></summary>
      <param name="failureKind">One of the enumeration values that specifies the type of failure.<para>指定故障类型的枚举值之一.</para></param>
      <param name="userMessage">Additional user information.<para>其他用户信息.</para></param>
      <param name="conditionText">The description of the condition that caused the failure.<para>导致失败的条件的说明.</para></param>
      <param name="innerException">The inner exception that caused the current exception.<para>导致当前异常的内部异常.</para></param>
      <exception cref="T:System.ArgumentException">
        <paramref name="failureKind" /> is not a valid <see cref="T:System.Diagnostics.Contracts.ContractFailureKind" /> value.<para><paramref name="failureKind" /> 不是有效的 <see cref="T:System.Diagnostics.Contracts.ContractFailureKind" /> 值.</para></exception>
      <returns>A null reference (<see langword="Nothing" /> in Visual Basic) if the event was handled and should not trigger a failure; otherwise, returns the localized failure message.<para>空引用（在 visual basic 中为 <see langword="Nothing" />）,如果事件已处理且不应触发失败;否则,返回本地化的失败消息.</para></returns>
    </member>
    <member name="M:System.Runtime.CompilerServices.ContractHelper.TriggerFailure(System.Diagnostics.Contracts.ContractFailureKind,System.String,System.String,System.String,System.Exception)">
      <summary>Triggers the default failure behavior.<para>触发默认失败行为.</para></summary>
      <param name="kind">One of the enumeration values that specifies the type of failure.<para>指定故障类型的枚举值之一.</para></param>
      <param name="displayMessage">The message to display.<para>要显示的消息.</para></param>
      <param name="userMessage">Additional user information.<para>其他用户信息.</para></param>
      <param name="conditionText">The description of the condition that caused the failure.<para>导致失败的条件的说明.</para></param>
      <param name="innerException">The inner exception that caused the current exception.<para>导致当前异常的内部异常.</para></param>
    </member>
  </members>
</doc>