﻿<?xml version="1.0" encoding="utf-8"?>
<doc>
  <assembly>
    <name>System.Threading.ThreadPool</name>
  </assembly>
  <members>
    <member name="T:System.Threading.IThreadPoolWorkItem">
      <summary>Represents a work item that can be executed by the <see cref="T:System.Threading.ThreadPool" />.<para>表示可由 <see cref="T:System.Threading.ThreadPool" /> 执行的工作项.</para></summary>
    </member>
    <member name="M:System.Threading.IThreadPoolWorkItem.Execute">
      <summary>Executes the work item on the thread pool.<para>在线程池上执行工作项.</para></summary>
    </member>
    <member name="T:System.Threading.RegisteredWaitHandle">
      <summary>Represents a handle that has been registered when calling <see cref="M:System.Threading.ThreadPool.RegisterWaitForSingleObject(System.Threading.WaitHandle,System.Threading.WaitOrTimerCallback,System.Object,System.UInt32,System.Boolean)" />. This class cannot be inherited.<para>表示调用 <see cref="M:System.Threading.ThreadPool.RegisterWaitForSingleObject(System.Threading.WaitHandle,System.Threading.WaitOrTimerCallback,System.Object,System.UInt32,System.Boolean)" /> 时已注册的句柄.此类不能继承.</para></summary>
    </member>
    <member name="M:System.Threading.RegisteredWaitHandle.Unregister(System.Threading.WaitHandle)">
      <summary>Cancels a registered wait operation issued by the <see cref="M:System.Threading.ThreadPool.RegisterWaitForSingleObject(System.Threading.WaitHandle,System.Threading.WaitOrTimerCallback,System.Object,System.UInt32,System.Boolean)" /> method.<para>取消由 <see cref="M:System.Threading.ThreadPool.RegisterWaitForSingleObject(System.Threading.WaitHandle,System.Threading.WaitOrTimerCallback,System.Object,System.UInt32,System.Boolean)" /> 方法发出的已注册等待操作.</para></summary>
      <param name="waitObject">The <see cref="T:System.Threading.WaitHandle" /> to be signaled.<para>要发出信号的 <see cref="T:System.Threading.WaitHandle" />.</para></param>
      <returns>
        <see langword="true" /> if the function succeeds; otherwise, <see langword="false" />.<para><see langword="true" /> 如果函数成功;否则,<see langword="false" />.</para></returns>
    </member>
    <member name="T:System.Threading.ThreadPool">
      <summary>Provides a pool of threads that can be used to execute tasks, post work items, process asynchronous I/O, wait on behalf of other threads, and process timers.<para>提供可用于执行任务、发布工作项、处理异步 i/o、代表其他线程等待和处理计时器的线程池.</para></summary>
    </member>
    <member name="M:System.Threading.ThreadPool.BindHandle(System.IntPtr)">
      <summary>Binds an operating system handle to the <see cref="T:System.Threading.ThreadPool" />.<para>将操作系统句柄绑定到 <see cref="T:System.Threading.ThreadPool" />.</para></summary>
      <param name="osHandle">An <see cref="T:System.IntPtr" /> that holds the handle. The handle must have been opened for overlapped I/O on the unmanaged side.<para>一个 <see cref="T:System.IntPtr" />,用于保存句柄.必须已为非托管端的重叠 i/o 打开句柄.</para></param>
      <exception cref="T:System.Security.SecurityException">The caller does not have the required permission.<para>调用方没有所需的权限.</para></exception>
      <returns>
        <see langword="true" /> if the handle is bound; otherwise, <see langword="false" />.<para><see langword="true" /> 如果句柄已绑定;否则,<see langword="false" />.</para></returns>
    </member>
    <member name="M:System.Threading.ThreadPool.BindHandle(System.Runtime.InteropServices.SafeHandle)">
      <summary>Binds an operating system handle to the <see cref="T:System.Threading.ThreadPool" />.<para>将操作系统句柄绑定到 <see cref="T:System.Threading.ThreadPool" />.</para></summary>
      <param name="osHandle">A <see cref="T:System.Runtime.InteropServices.SafeHandle" /> that holds the operating system handle. The handle must have been opened for overlapped I/O on the unmanaged side.<para>保存操作系统句柄的 <see cref="T:System.Runtime.InteropServices.SafeHandle" />.必须已为非托管端的重叠 i/o 打开句柄.</para></param>
      <exception cref="T:System.ArgumentNullException">
        <paramref name="osHandle" /> is <see langword="null" />.<para><paramref name="osHandle" /> 是 <see langword="null" />.</para></exception>
      <returns>
        <see langword="true" /> if the handle is bound; otherwise, <see langword="false" />.<para><see langword="true" /> 如果句柄已绑定;否则,<see langword="false" />.</para></returns>
    </member>
    <member name="M:System.Threading.ThreadPool.GetAvailableThreads(System.Int32@,System.Int32@)">
      <summary>Retrieves the difference between the maximum number of thread pool threads returned by the <see cref="M:System.Threading.ThreadPool.GetMaxThreads(System.Int32@,System.Int32@)" /> method, and the number currently active.<para>检索 <see cref="M:System.Threading.ThreadPool.GetMaxThreads(System.Int32@,System.Int32@)" /> 方法返回的最大线程池线程数与当前活动线程数之间的差异.</para></summary>
      <param name="workerThreads">The number of available worker threads.<para>可用工作线程数.</para></param>
      <param name="completionPortThreads">The number of available asynchronous I/O threads.<para>可用异步 i/o 线程数.</para></param>
    </member>
    <member name="M:System.Threading.ThreadPool.GetMaxThreads(System.Int32@,System.Int32@)">
      <summary>Retrieves the number of requests to the thread pool that can be active concurrently. All requests above that number remain queued until thread pool threads become available.<para>检索对可以同时处于活动状态的线程池的请求数.超过该数字的所有请求将保持排队状态,直到线程池线程可用.</para></summary>
      <param name="workerThreads">The maximum number of worker threads in the thread pool.<para>线程池中的最大工作线程数.</para></param>
      <param name="completionPortThreads">The maximum number of asynchronous I/O threads in the thread pool.<para>线程池中异步 i/o 线程的最大数量.</para></param>
    </member>
    <member name="M:System.Threading.ThreadPool.GetMinThreads(System.Int32@,System.Int32@)">
      <summary>Retrieves the minimum number of threads the thread pool creates on demand, as new requests are made, before switching to an algorithm for managing thread creation and destruction.<para>在切换到用于管理线程创建和销毁的算法之前,检索线程池在发出新请求时按需创建的最小线程数.</para></summary>
      <param name="workerThreads">When this method returns, contains the minimum number of worker threads that the thread pool creates on demand.<para>此方法返回时,包含线程池按需创建的最小工作线程数.</para></param>
      <param name="completionPortThreads">When this method returns, contains the minimum number of asynchronous I/O threads that the thread pool creates on demand.<para>此方法返回时,包含线程池按需创建的最小异步 i/o 线程数.</para></param>
    </member>
    <member name="M:System.Threading.ThreadPool.QueueUserWorkItem(System.Threading.WaitCallback)">
      <summary>Queues a method for execution. The method executes when a thread pool thread becomes available.<para>将要执行的方法排队.该方法在线程池线程可用时执行.</para></summary>
      <param name="callBack">A <see cref="T:System.Threading.WaitCallback" /> that represents the method to be executed.<para>一个 <see cref="T:System.Threading.WaitCallback" />,表示要执行的方法.</para></param>
      <exception cref="T:System.ArgumentNullException">
        <paramref name="callBack" /> is <see langword="null" />.<para><paramref name="callBack" /> 是 <see langword="null" />.</para></exception>
      <exception cref="T:System.NotSupportedException">The common language runtime (CLR) is hosted, and the host does not support this action.<para>承载公共语言运行库 （clr）,并且主机不支持此操作.</para></exception>
      <returns>
        <see langword="true" /> if the method is successfully queued; <see cref="T:System.NotSupportedException" /> is thrown if the work item could not be queued.<para><see langword="true" /> 如果方法已成功排队;如果无法排队工作项,则引发 <see cref="T:System.NotSupportedException" />.</para></returns>
    </member>
    <member name="M:System.Threading.ThreadPool.QueueUserWorkItem(System.Threading.WaitCallback,System.Object)">
      <summary>Queues a method for execution, and specifies an object containing data to be used by the method. The method executes when a thread pool thread becomes available.<para>将要执行的方法排队,并指定包含该方法要使用的数据的对象.该方法在线程池线程可用时执行.</para></summary>
      <param name="callBack">A <see cref="T:System.Threading.WaitCallback" /> representing the method to execute.<para>一个 <see cref="T:System.Threading.WaitCallback" />,表示要执行的方法.</para></param>
      <param name="state">An object containing data to be used by the method.<para>包含方法要使用的数据的对象.</para></param>
      <exception cref="T:System.NotSupportedException">The common language runtime (CLR) is hosted, and the host does not support this action.<para>公共语言运行库 （clr） 是承载的,并且主机不支持此操作.</para></exception>
      <exception cref="T:System.ArgumentNullException">
        <paramref name="callBack" /> is <see langword="null" />.<para><paramref name="callBack" /> 是 <see langword="null" />.</para></exception>
      <returns>
        <see langword="true" /> if the method is successfully queued; <see cref="T:System.NotSupportedException" /> is thrown if the work item could not be queued.<para><see langword="true" /> 如果方法已成功排队;如果无法排队工作项,则引发 <see cref="T:System.NotSupportedException" />.</para></returns>
    </member>
    <member name="M:System.Threading.ThreadPool.QueueUserWorkItem``1(System.Action{``0},``0,System.Boolean)">
      <summary>Queues a method specified by an <see cref="T:System.Action`1" /> delegate for execution, and provides data to be used by the method. The method executes when a thread pool thread becomes available.<para>对由 <see cref="t:system.action`1" /> 委托执行,并提供方法要使用的数据.该方法在线程池线程可用时执行.</para></summary>
      <param name="callBack">An <see cref="T:System.Action`1" /> representing the method to execute.<para>一 <see cref="t:system.action`1" /> 表示要执行的方法.</para></param>
      <param name="state">An object containing data to be used by the method.<para>包含方法要使用的数据的对象.</para></param>
      <param name="preferLocal">
        <see langword="true" /> to prefer queueing the work item in a queue close to the current thread; <see langword="false" /> to prefer queueing the work item to the thread pool's shared queue.<para><see langword="true" /> 倾向于在靠近当前线程的队列中将工作项排队;<see langword="false" /> 优先将工作项排队到线程池的共享队列中.</para></param>
      <typeparam name="TState">The type of elements of <paramref name="state" />.<para><paramref name="state" /> 的元素类型.</para></typeparam>
      <returns>
        <see langword="true" /> if the method is successfully queued; <see cref="T:System.NotSupportedException" /> is thrown if the work item could not be queued.<para><see langword="true" /> 如果方法已成功排队;如果无法排队工作项,则引发 <see cref="T:System.NotSupportedException" />.</para></returns>
    </member>
    <member name="M:System.Threading.ThreadPool.RegisterWaitForSingleObject(System.Threading.WaitHandle,System.Threading.WaitOrTimerCallback,System.Object,System.Int32,System.Boolean)">
      <summary>Registers a delegate to wait for a <see cref="T:System.Threading.WaitHandle" />, specifying a 32-bit signed integer for the time-out in milliseconds.<para>注册委托以等待 <see cref="T:System.Threading.WaitHandle" />,为超时指定一个 32 位有符号整数（以毫秒为单位）.</para></summary>
      <param name="waitObject">The <see cref="T:System.Threading.WaitHandle" /> to register. Use a <see cref="T:System.Threading.WaitHandle" /> other than <see cref="T:System.Threading.Mutex" />.<para>要注册的 <see cref="T:System.Threading.WaitHandle" />.使用 <see cref="T:System.Threading.Mutex" /> 以外的 <see cref="T:System.Threading.WaitHandle" />.</para></param>
      <param name="callBack">The <see cref="T:System.Threading.WaitOrTimerCallback" /> delegate to call when the <paramref name="waitObject" /> parameter is signaled.<para>发出 <paramref name="waitObject" /> 参数信号时要调用的 <see cref="T:System.Threading.WaitOrTimerCallback" /> 委托.</para></param>
      <param name="state">The object that is passed to the delegate.<para>传递给委托的对象.</para></param>
      <param name="millisecondsTimeOutInterval">The time-out in milliseconds. If the <paramref name="millisecondsTimeOutInterval" /> parameter is 0 (zero), the function tests the object's state and returns immediately. If <paramref name="millisecondsTimeOutInterval" /> is -1, the function's time-out interval never elapses.<para>超时（以毫秒为单位）.如果 <paramref name="millisecondsTimeOutInterval" /> 参数为 0（零）,则该函数将测试对象的状态并立即返回.如果 <paramref name="millisecondsTimeOutInterval" /> 为 -1,则函数的超时间隔永远不会过去.</para></param>
      <param name="executeOnlyOnce">
        <see langword="true" /> to indicate that the thread will no longer wait on the <paramref name="waitObject" /> parameter after the delegate has been called; <see langword="false" /> to indicate that the timer is reset every time the wait operation completes until the wait is unregistered.<para><see langword="true" /> 指示调用委托后线程将不再等待 <paramref name="waitObject" /> 参数;<see langword="false" /> 指示每次等待操作完成时重置计时器,直到取消注册等待.</para></param>
      <exception cref="T:System.ArgumentOutOfRangeException">The <paramref name="millisecondsTimeOutInterval" /> parameter is less than -1.<para><paramref name="millisecondsTimeOutInterval" /> 参数小于 -1.</para></exception>
      <returns>The <see cref="T:System.Threading.RegisteredWaitHandle" /> that encapsulates the native handle.<para>封装本机句柄的 <see cref="T:System.Threading.RegisteredWaitHandle" />.</para></returns>
    </member>
    <member name="M:System.Threading.ThreadPool.RegisterWaitForSingleObject(System.Threading.WaitHandle,System.Threading.WaitOrTimerCallback,System.Object,System.Int64,System.Boolean)">
      <summary>Registers a delegate to wait for a <see cref="T:System.Threading.WaitHandle" />, specifying a 64-bit signed integer for the time-out in milliseconds.<para>注册委托以等待 <see cref="T:System.Threading.WaitHandle" />,为超时指定一个 64 位有符号整数（以毫秒为单位）.</para></summary>
      <param name="waitObject">The <see cref="T:System.Threading.WaitHandle" /> to register. Use a <see cref="T:System.Threading.WaitHandle" /> other than <see cref="T:System.Threading.Mutex" />.<para>要注册的 <see cref="T:System.Threading.WaitHandle" />.使用 <see cref="T:System.Threading.Mutex" /> 以外的 <see cref="T:System.Threading.WaitHandle" />.</para></param>
      <param name="callBack">The <see cref="T:System.Threading.WaitOrTimerCallback" /> delegate to call when the <paramref name="waitObject" /> parameter is signaled.<para>发出 <paramref name="waitObject" /> 参数信号时要调用的 <see cref="T:System.Threading.WaitOrTimerCallback" /> 委托.</para></param>
      <param name="state">The object passed to the delegate.<para>传递给委托的对象.</para></param>
      <param name="millisecondsTimeOutInterval">The time-out in milliseconds. If the <paramref name="millisecondsTimeOutInterval" /> parameter is 0 (zero), the function tests the object's state and returns immediately. If <paramref name="millisecondsTimeOutInterval" /> is -1, the function's time-out interval never elapses.<para>超时（以毫秒为单位）.如果 <paramref name="millisecondsTimeOutInterval" /> 参数为 0（零）,则该函数将测试对象的状态并立即返回.如果 <paramref name="millisecondsTimeOutInterval" /> 为 -1,则函数的超时间隔永远不会过去.</para></param>
      <param name="executeOnlyOnce">
        <see langword="true" /> to indicate that the thread will no longer wait on the <paramref name="waitObject" /> parameter after the delegate has been called; <see langword="false" /> to indicate that the timer is reset every time the wait operation completes until the wait is unregistered.<para><see langword="true" /> 指示调用委托后线程将不再等待 <paramref name="waitObject" /> 参数;<see langword="false" /> 指示每次等待操作完成时重置计时器,直到取消注册等待.</para></param>
      <exception cref="T:System.ArgumentOutOfRangeException">The <paramref name="millisecondsTimeOutInterval" /> parameter is less than -1.<para><paramref name="millisecondsTimeOutInterval" /> 参数小于 -1.</para></exception>
      <returns>The <see cref="T:System.Threading.RegisteredWaitHandle" /> that encapsulates the native handle.<para>封装本机句柄的 <see cref="T:System.Threading.RegisteredWaitHandle" />.</para></returns>
    </member>
    <member name="M:System.Threading.ThreadPool.RegisterWaitForSingleObject(System.Threading.WaitHandle,System.Threading.WaitOrTimerCallback,System.Object,System.TimeSpan,System.Boolean)">
      <summary>Registers a delegate to wait for a <see cref="T:System.Threading.WaitHandle" />, specifying a <see cref="T:System.TimeSpan" /> value for the time-out.<para>注册委托以等待 <see cref="T:System.Threading.WaitHandle" />,并指定超时的 <see cref="T:System.TimeSpan" /> 值.</para></summary>
      <param name="waitObject">The <see cref="T:System.Threading.WaitHandle" /> to register. Use a <see cref="T:System.Threading.WaitHandle" /> other than <see cref="T:System.Threading.Mutex" />.<para>要注册的 <see cref="T:System.Threading.WaitHandle" />.使用 <see cref="T:System.Threading.Mutex" /> 以外的 <see cref="T:System.Threading.WaitHandle" />.</para></param>
      <param name="callBack">The <see cref="T:System.Threading.WaitOrTimerCallback" /> delegate to call when the <paramref name="waitObject" /> parameter is signaled.<para>发出 <paramref name="waitObject" /> 参数信号时要调用的 <see cref="T:System.Threading.WaitOrTimerCallback" /> 委托.</para></param>
      <param name="state">The object passed to the delegate.<para>传递给委托的对象.</para></param>
      <param name="timeout">The time-out represented by a <see cref="T:System.TimeSpan" />. If <paramref name="timeout" /> is 0 (zero), the function tests the object's state and returns immediately. If <paramref name="timeout" /> is -1, the function's time-out interval never elapses.<para>由 <see cref="T:System.TimeSpan" /> 表示的超时.如果 <paramref name="timeout" /> 为 0（零）,则该函数将测试对象的状态并立即返回.如果 <paramref name="timeout" /> 为 -1,则函数的超时间隔永远不会过去.</para></param>
      <param name="executeOnlyOnce">
        <see langword="true" /> to indicate that the thread will no longer wait on the <paramref name="waitObject" /> parameter after the delegate has been called; <see langword="false" /> to indicate that the timer is reset every time the wait operation completes until the wait is unregistered.<para><see langword="true" /> 指示调用委托后线程将不再等待 <paramref name="waitObject" /> 参数;<see langword="false" /> 指示每次等待操作完成时重置计时器,直到取消注册等待.</para></param>
      <exception cref="T:System.ArgumentOutOfRangeException">The <paramref name="timeout" /> parameter is less than -1.<para><paramref name="timeout" /> 参数小于 -1.</para></exception>
      <exception cref="T:System.NotSupportedException">The <paramref name="timeout" /> parameter is greater than <see cref="F:System.Int32.MaxValue">Int32.MaxValue</see>.<para>参数大于 <see cref="F:System.Int32.MaxValue">Int32.MaxValue</see>.</para></exception>
      <returns>The <see cref="T:System.Threading.RegisteredWaitHandle" /> that encapsulates the native handle.<para>封装本机句柄的 <see cref="T:System.Threading.RegisteredWaitHandle" />.</para></returns>
    </member>
    <member name="M:System.Threading.ThreadPool.RegisterWaitForSingleObject(System.Threading.WaitHandle,System.Threading.WaitOrTimerCallback,System.Object,System.UInt32,System.Boolean)">
      <summary>Registers a delegate to wait for a <see cref="T:System.Threading.WaitHandle" />, specifying a 32-bit unsigned integer for the time-out in milliseconds.<para>注册委托以等待 <see cref="T:System.Threading.WaitHandle" />,为超时指定一个 32 位无符号整数（以毫秒为单位）.</para></summary>
      <param name="waitObject">The <see cref="T:System.Threading.WaitHandle" /> to register. Use a <see cref="T:System.Threading.WaitHandle" /> other than <see cref="T:System.Threading.Mutex" />.<para>要注册的 <see cref="T:System.Threading.WaitHandle" />.使用 <see cref="T:System.Threading.Mutex" /> 以外的 <see cref="T:System.Threading.WaitHandle" />.</para></param>
      <param name="callBack">The <see cref="T:System.Threading.WaitOrTimerCallback" /> delegate to call when the <paramref name="waitObject" /> parameter is signaled.<para>发出 <paramref name="waitObject" /> 参数信号时要调用的 <see cref="T:System.Threading.WaitOrTimerCallback" /> 委托.</para></param>
      <param name="state">The object passed to the delegate.<para>传递给委托的对象.</para></param>
      <param name="millisecondsTimeOutInterval">The time-out in milliseconds. If the <paramref name="millisecondsTimeOutInterval" /> parameter is 0 (zero), the function tests the object's state and returns immediately. If <paramref name="millisecondsTimeOutInterval" /> is -1, the function's time-out interval never elapses.<para>超时（以毫秒为单位）.如果 <paramref name="millisecondsTimeOutInterval" /> 参数为 0（零）,则该函数将测试对象的状态并立即返回.如果 <paramref name="millisecondsTimeOutInterval" /> 为 -1,则函数的超时间隔永远不会过去.</para></param>
      <param name="executeOnlyOnce">
        <see langword="true" /> to indicate that the thread will no longer wait on the <paramref name="waitObject" /> parameter after the delegate has been called; <see langword="false" /> to indicate that the timer is reset every time the wait operation completes until the wait is unregistered.<para><see langword="true" /> 指示调用委托后线程将不再等待 <paramref name="waitObject" /> 参数;<see langword="false" /> 指示每次等待操作完成时重置计时器,直到取消注册等待.</para></param>
      <exception cref="T:System.ArgumentOutOfRangeException">The <paramref name="millisecondsTimeOutInterval" /> parameter is less than -1.<para><paramref name="millisecondsTimeOutInterval" /> 参数小于 -1.</para></exception>
      <returns>The <see cref="T:System.Threading.RegisteredWaitHandle" /> that can be used to cancel the registered wait operation.<para>可用于取消已注册的等待操作的 <see cref="T:System.Threading.RegisteredWaitHandle" />.</para></returns>
    </member>
    <member name="M:System.Threading.ThreadPool.SetMaxThreads(System.Int32,System.Int32)">
      <summary>Sets the number of requests to the thread pool that can be active concurrently. All requests above that number remain queued until thread pool threads become available.<para>设置对可以同时处于活动状态的线程池的请求数.超过该数字的所有请求将保持排队状态,直到线程池线程可用.</para></summary>
      <param name="workerThreads">The maximum number of worker threads in the thread pool.<para>线程池中的最大工作线程数.</para></param>
      <param name="completionPortThreads">The maximum number of asynchronous I/O threads in the thread pool.<para>线程池中异步 i/o 线程的最大数量.</para></param>
      <returns>
        <see langword="true" /> if the change is successful; otherwise, <see langword="false" />.<para><see langword="true" /> 如果更改成功;否则,<see langword="false" />.</para></returns>
    </member>
    <member name="M:System.Threading.ThreadPool.SetMinThreads(System.Int32,System.Int32)">
      <summary>Sets the minimum number of threads the thread pool creates on demand, as new requests are made, before switching to an algorithm for managing thread creation and destruction.<para>在切换到用于管理线程创建和销毁的算法之前,设置线程池在发出新请求时按需创建的最小线程数.</para></summary>
      <param name="workerThreads">The minimum number of worker threads that the thread pool creates on demand.<para>线程池按需创建的最小工作线程数.</para></param>
      <param name="completionPortThreads">The minimum number of asynchronous I/O threads that the thread pool creates on demand.<para>线程池按需创建的异步 i/o 线程的最小数目.</para></param>
      <returns>
        <see langword="true" /> if the change is successful; otherwise, <see langword="false" />.<para><see langword="true" /> 如果更改成功;否则,<see langword="false" />.</para></returns>
    </member>
    <member name="M:System.Threading.ThreadPool.UnsafeQueueNativeOverlapped(System.Threading.NativeOverlapped*)">
      <summary>Queues an overlapped I/O operation for execution.<para>将重叠的 i/o 操作排队以执行.</para></summary>
      <param name="overlapped">The <see cref="T:System.Threading.NativeOverlapped" /> structure to queue.<para>要排队的 <see cref="T:System.Threading.NativeOverlapped" /> 结构.</para></param>
      <returns>
        <see langword="true" /> if the operation was successfully queued to an I/O completion port; otherwise, <see langword="false" />.<para><see langword="true" /> 如果操作已成功排队到 i/o 完成端口;否则,<see langword="false" />.</para></returns>
    </member>
    <member name="M:System.Threading.ThreadPool.UnsafeQueueUserWorkItem(System.Threading.IThreadPoolWorkItem,System.Boolean)">
      <summary>Queues the specified work item object to the thread pool.<para>将指定的工作项对象排队到线程池.</para></summary>
      <param name="callBack">The work item to invoke when a thread in the thread pool picks up the work item.<para>线程池中的线程选取工作项时要调用的工作项.</para></param>
      <param name="preferLocal">
        <see langword="true" /> to prefer queueing the work item in a queue close to the current thread; <see langword="false" /> to prefer queueing the work item to the thread pool's shared queue.<para><see langword="true" /> 倾向于在靠近当前线程的队列中将工作项排队;<see langword="false" /> 优先将工作项排队到线程池的共享队列中.</para></param>
      <exception cref="T:System.ArgumentNullException">
        <paramref name="callback" /> is <see langword="null" />.<para><paramref name="callback" /> 是 <see langword="null" />.</para></exception>
      <exception cref="T:System.ArgumentOutOfRangeException">The work item is a <see cref="T:System.Threading.Tasks.Task" />.<para>工作项是 <see cref="T:System.Threading.Tasks.Task" />.</para></exception>
      <exception cref="T:System.OutOfMemoryException">The work item could not be queued.<para>工作项无法排队.</para></exception>
      <returns>
        <see langword="true" /> if the method succeeds; <see cref="T:System.OutOfMemoryException" /> is thrown if the work item could not be queued.<para><see langword="true" /> 如果方法成功;如果无法排队工作项,则引发 <see cref="T:System.OutOfMemoryException" />.</para></returns>
    </member>
    <member name="M:System.Threading.ThreadPool.UnsafeQueueUserWorkItem(System.Threading.WaitCallback,System.Object)">
      <summary>Queues the specified delegate to the thread pool, but does not propagate the calling stack to the worker thread.<para>将指定的委托排队到线程池,但不将调用堆栈传播到工作线程.</para></summary>
      <param name="callBack">A <see cref="T:System.Threading.WaitCallback" /> that represents the delegate to invoke when a thread in the thread pool picks up the work item.<para>一个 <see cref="T:System.Threading.WaitCallback" />,表示线程池中的线程选取工作项时要调用的委托.</para></param>
      <param name="state">The object that is passed to the delegate when serviced from the thread pool.<para>从线程池提供服务时传递给委托的对象.</para></param>
      <exception cref="T:System.Security.SecurityException">The caller does not have the required permission.<para>调用方没有所需的权限.</para></exception>
      <exception cref="T:System.ApplicationException">An out-of-memory condition was encountered.<para>遇到内存不足情况.</para></exception>
      <exception cref="T:System.OutOfMemoryException">The work item could not be queued.<para>工作项无法排队.</para></exception>
      <exception cref="T:System.ArgumentNullException">
        <paramref name="callBack" /> is <see langword="null" />.<para><paramref name="callBack" /> 是 <see langword="null" />.</para></exception>
      <returns>
        <see langword="true" /> if the method succeeds; <see cref="T:System.OutOfMemoryException" /> is thrown if the work item could not be queued.<para><see langword="true" /> 如果方法成功;如果无法排队工作项,则引发 <see cref="T:System.OutOfMemoryException" />.</para></returns>
    </member>
    <member name="M:System.Threading.ThreadPool.UnsafeQueueUserWorkItem``1(System.Action{``0},``0,System.Boolean)">
      <summary>Queues a method specified by an <see cref="T:System.Action`1" /> delegate for execution, and specifies an object containing data to be used by the method. The method executes when a thread pool thread becomes available.<para>对由 <see cref="t:system.action`1" /> 委托执行,并指定包含方法要使用的数据的对象.该方法在线程池线程可用时执行.</para></summary>
      <param name="callBack">A delegate representing the method to execute.<para>表示要执行的方法的委托.</para></param>
      <param name="state">An object containing data to be used by the method.<para>包含方法要使用的数据的对象.</para></param>
      <param name="preferLocal">
        <see langword="true" /> to prefer queueing the work item in a queue close to the current thread; <see langword="false" /> to prefer queueing the work item to the thread pool's shared queue.<para><see langword="true" /> 倾向于在靠近当前线程的队列中将工作项排队;<see langword="false" /> 优先将工作项排队到线程池的共享队列中.</para></param>
      <typeparam name="TState">The type of elements of <paramref name="state" />.<para><paramref name="state" /> 的元素类型.</para></typeparam>
      <exception cref="T:System.ArgumentNullException">
        <paramref name="callback" /> is <see langword="null" />.<para><paramref name="callback" /> 是 <see langword="null" />.</para></exception>
      <exception cref="T:System.NotSupportedException">The work item could not be queued.<para>工作项无法排队.</para></exception>
      <returns>
        <see langword="true" /> if the method is successfully queued; <see cref="T:System.NotSupportedException" /> is thrown if the work item could not be queued.<para><see langword="true" /> 如果方法已成功排队;如果无法排队工作项,则引发 <see cref="T:System.NotSupportedException" />.</para></returns>
    </member>
    <member name="M:System.Threading.ThreadPool.UnsafeRegisterWaitForSingleObject(System.Threading.WaitHandle,System.Threading.WaitOrTimerCallback,System.Object,System.Int32,System.Boolean)">
      <summary>Registers a delegate to wait for a <see cref="T:System.Threading.WaitHandle" />, using a 32-bit signed integer for the time-out in milliseconds. This method does not propagate the calling stack to the worker thread.<para>注册委托以等待 <see cref="T:System.Threading.WaitHandle" />,使用 32 位有符号整数作为超时（以毫秒为单位）.此方法不会将调用堆栈传播到工作线程.</para></summary>
      <param name="waitObject">The <see cref="T:System.Threading.WaitHandle" /> to register. Use a <see cref="T:System.Threading.WaitHandle" /> other than <see cref="T:System.Threading.Mutex" />.<para>要注册的 <see cref="T:System.Threading.WaitHandle" />.使用 <see cref="T:System.Threading.Mutex" /> 以外的 <see cref="T:System.Threading.WaitHandle" />.</para></param>
      <param name="callBack">The delegate to call when the <paramref name="waitObject" /> parameter is signaled.<para>发出 <paramref name="waitObject" /> 参数信号时要调用的委托.</para></param>
      <param name="state">The object that is passed to the delegate.<para>传递给委托的对象.</para></param>
      <param name="millisecondsTimeOutInterval">The time-out in milliseconds. If the <paramref name="millisecondsTimeOutInterval" /> parameter is 0 (zero), the function tests the object's state and returns immediately. If <paramref name="millisecondsTimeOutInterval" /> is -1, the function's time-out interval never elapses.<para>超时（以毫秒为单位）.如果 <paramref name="millisecondsTimeOutInterval" /> 参数为 0（零）,则该函数将测试对象的状态并立即返回.如果 <paramref name="millisecondsTimeOutInterval" /> 为 -1,则函数的超时间隔永远不会过去.</para></param>
      <param name="executeOnlyOnce">
        <see langword="true" /> to indicate that the thread will no longer wait on the <paramref name="waitObject" /> parameter after the delegate has been called; <see langword="false" /> to indicate that the timer is reset every time the wait operation completes until the wait is unregistered.<para><see langword="true" /> 指示调用委托后线程将不再等待 <paramref name="waitObject" /> 参数;<see langword="false" /> 指示每次等待操作完成时重置计时器,直到取消注册等待.</para></param>
      <exception cref="T:System.ArgumentOutOfRangeException">The <paramref name="millisecondsTimeOutInterval" /> parameter is less than -1.<para><paramref name="millisecondsTimeOutInterval" /> 参数小于 -1.</para></exception>
      <exception cref="T:System.Security.SecurityException">The caller does not have the required permission.<para>调用方没有所需的权限.</para></exception>
      <returns>The <see cref="T:System.Threading.RegisteredWaitHandle" /> object that can be used to cancel the registered wait operation.<para>可用于取消已注册的等待操作的 <see cref="T:System.Threading.RegisteredWaitHandle" /> 对象.</para></returns>
    </member>
    <member name="M:System.Threading.ThreadPool.UnsafeRegisterWaitForSingleObject(System.Threading.WaitHandle,System.Threading.WaitOrTimerCallback,System.Object,System.Int64,System.Boolean)">
      <summary>Registers a delegate to wait for a <see cref="T:System.Threading.WaitHandle" />, specifying a 64-bit signed integer for the time-out in milliseconds. This method does not propagate the calling stack to the worker thread.<para>注册委托以等待 <see cref="T:System.Threading.WaitHandle" />,为超时指定一个 64 位有符号整数（以毫秒为单位）.此方法不会将调用堆栈传播到工作线程.</para></summary>
      <param name="waitObject">The <see cref="T:System.Threading.WaitHandle" /> to register. Use a <see cref="T:System.Threading.WaitHandle" /> other than <see cref="T:System.Threading.Mutex" />.<para>要注册的 <see cref="T:System.Threading.WaitHandle" />.使用 <see cref="T:System.Threading.Mutex" /> 以外的 <see cref="T:System.Threading.WaitHandle" />.</para></param>
      <param name="callBack">The delegate to call when the <paramref name="waitObject" /> parameter is signaled.<para>发出 <paramref name="waitObject" /> 参数信号时要调用的委托.</para></param>
      <param name="state">The object that is passed to the delegate.<para>传递给委托的对象.</para></param>
      <param name="millisecondsTimeOutInterval">The time-out in milliseconds. If the <paramref name="millisecondsTimeOutInterval" /> parameter is 0 (zero), the function tests the object's state and returns immediately. If <paramref name="millisecondsTimeOutInterval" /> is -1, the function's time-out interval never elapses.<para>超时（以毫秒为单位）.如果 <paramref name="millisecondsTimeOutInterval" /> 参数为 0（零）,则该函数将测试对象的状态并立即返回.如果 <paramref name="millisecondsTimeOutInterval" /> 为 -1,则函数的超时间隔永远不会过去.</para></param>
      <param name="executeOnlyOnce">
        <see langword="true" /> to indicate that the thread will no longer wait on the <paramref name="waitObject" /> parameter after the delegate has been called; <see langword="false" /> to indicate that the timer is reset every time the wait operation completes until the wait is unregistered.<para><see langword="true" /> 指示调用委托后线程将不再等待 <paramref name="waitObject" /> 参数;<see langword="false" /> 指示每次等待操作完成时重置计时器,直到取消注册等待.</para></param>
      <exception cref="T:System.ArgumentOutOfRangeException">The <paramref name="millisecondsTimeOutInterval" /> parameter is less than -1.<para><paramref name="millisecondsTimeOutInterval" /> 参数小于 -1.</para></exception>
      <exception cref="T:System.Security.SecurityException">The caller does not have the required permission.<para>调用方没有所需的权限.</para></exception>
      <returns>The <see cref="T:System.Threading.RegisteredWaitHandle" /> object that can be used to cancel the registered wait operation.<para>可用于取消已注册的等待操作的 <see cref="T:System.Threading.RegisteredWaitHandle" /> 对象.</para></returns>
    </member>
    <member name="M:System.Threading.ThreadPool.UnsafeRegisterWaitForSingleObject(System.Threading.WaitHandle,System.Threading.WaitOrTimerCallback,System.Object,System.TimeSpan,System.Boolean)">
      <summary>Registers a delegate to wait for a <see cref="T:System.Threading.WaitHandle" />, specifying a <see cref="T:System.TimeSpan" /> value for the time-out. This method does not propagate the calling stack to the worker thread.<para>注册委托以等待 <see cref="T:System.Threading.WaitHandle" />,并指定超时的 <see cref="T:System.TimeSpan" /> 值.此方法不会将调用堆栈传播到工作线程.</para></summary>
      <param name="waitObject">The <see cref="T:System.Threading.WaitHandle" /> to register. Use a <see cref="T:System.Threading.WaitHandle" /> other than <see cref="T:System.Threading.Mutex" />.<para>要注册的 <see cref="T:System.Threading.WaitHandle" />.使用 <see cref="T:System.Threading.Mutex" /> 以外的 <see cref="T:System.Threading.WaitHandle" />.</para></param>
      <param name="callBack">The delegate to call when the <paramref name="waitObject" /> parameter is signaled.<para>发出 <paramref name="waitObject" /> 参数信号时要调用的委托.</para></param>
      <param name="state">The object that is passed to the delegate.<para>传递给委托的对象.</para></param>
      <param name="timeout">The time-out represented by a <see cref="T:System.TimeSpan" />. If <paramref name="timeout" /> is 0 (zero), the function tests the object's state and returns immediately. If <paramref name="timeout" /> is -1, the function's time-out interval never elapses.<para>由 <see cref="T:System.TimeSpan" /> 表示的超时.如果 <paramref name="timeout" /> 为 0（零）,则该函数将测试对象的状态并立即返回.如果 <paramref name="timeout" /> 为 -1,则函数的超时间隔永远不会过去.</para></param>
      <param name="executeOnlyOnce">
        <see langword="true" /> to indicate that the thread will no longer wait on the <paramref name="waitObject" /> parameter after the delegate has been called; <see langword="false" /> to indicate that the timer is reset every time the wait operation completes until the wait is unregistered.<para><see langword="true" /> 指示调用委托后线程将不再等待 <paramref name="waitObject" /> 参数;<see langword="false" /> 指示每次等待操作完成时重置计时器,直到取消注册等待.</para></param>
      <exception cref="T:System.ArgumentOutOfRangeException">The <paramref name="timeout" /> parameter is less than -1.<para><paramref name="timeout" /> 参数小于 -1.</para></exception>
      <exception cref="T:System.NotSupportedException">The <paramref name="timeout" /> parameter is greater than <see cref="F:System.Int32.MaxValue">Int32.MaxValue</see>.<para>参数大于 <see cref="F:System.Int32.MaxValue">Int32.MaxValue</see>.</para></exception>
      <exception cref="T:System.Security.SecurityException">The caller does not have the required permission.<para>调用方没有所需的权限.</para></exception>
      <returns>The <see cref="T:System.Threading.RegisteredWaitHandle" /> object that can be used to cancel the registered wait operation.<para>可用于取消已注册的等待操作的 <see cref="T:System.Threading.RegisteredWaitHandle" /> 对象.</para></returns>
    </member>
    <member name="M:System.Threading.ThreadPool.UnsafeRegisterWaitForSingleObject(System.Threading.WaitHandle,System.Threading.WaitOrTimerCallback,System.Object,System.UInt32,System.Boolean)">
      <summary>Registers a delegate to wait for a <see cref="T:System.Threading.WaitHandle" />, specifying a 32-bit unsigned integer for the time-out in milliseconds. This method does not propagate the calling stack to the worker thread.<para>注册委托以等待 <see cref="T:System.Threading.WaitHandle" />,为超时指定一个 32 位无符号整数（以毫秒为单位）.此方法不会将调用堆栈传播到工作线程.</para></summary>
      <param name="waitObject">The <see cref="T:System.Threading.WaitHandle" /> to register. Use a <see cref="T:System.Threading.WaitHandle" /> other than <see cref="T:System.Threading.Mutex" />.<para>要注册的 <see cref="T:System.Threading.WaitHandle" />.使用 <see cref="T:System.Threading.Mutex" /> 以外的 <see cref="T:System.Threading.WaitHandle" />.</para></param>
      <param name="callBack">The delegate to call when the <paramref name="waitObject" /> parameter is signaled.<para>发出 <paramref name="waitObject" /> 参数信号时要调用的委托.</para></param>
      <param name="state">The object that is passed to the delegate.<para>传递给委托的对象.</para></param>
      <param name="millisecondsTimeOutInterval">The time-out in milliseconds. If the <paramref name="millisecondsTimeOutInterval" /> parameter is 0 (zero), the function tests the object's state and returns immediately. If <paramref name="millisecondsTimeOutInterval" /> is -1, the function's time-out interval never elapses.<para>超时（以毫秒为单位）.如果 <paramref name="millisecondsTimeOutInterval" /> 参数为 0（零）,则该函数将测试对象的状态并立即返回.如果 <paramref name="millisecondsTimeOutInterval" /> 为 -1,则函数的超时间隔永远不会过去.</para></param>
      <param name="executeOnlyOnce">
        <see langword="true" /> to indicate that the thread will no longer wait on the <paramref name="waitObject" /> parameter after the delegate has been called; <see langword="false" /> to indicate that the timer is reset every time the wait operation completes until the wait is unregistered.<para><see langword="true" /> 指示调用委托后线程将不再等待 <paramref name="waitObject" /> 参数;<see langword="false" /> 指示每次等待操作完成时重置计时器,直到取消注册等待.</para></param>
      <exception cref="T:System.Security.SecurityException">The caller does not have the required permission.<para>调用方没有所需的权限.</para></exception>
      <returns>The <see cref="T:System.Threading.RegisteredWaitHandle" /> object that can be used to cancel the registered wait operation.<para>可用于取消已注册的等待操作的 <see cref="T:System.Threading.RegisteredWaitHandle" /> 对象.</para></returns>
    </member>
    <member name="P:System.Threading.ThreadPool.CompletedWorkItemCount">
      <summary>Gets the number of work items that have been processed so far.<para>获取到目前为止已处理的工作项数.</para></summary>
      <returns>The number of work items that have been processed so far.<para>到目前为止已处理的工作项数.</para></returns>
    </member>
    <member name="P:System.Threading.ThreadPool.PendingWorkItemCount">
      <summary>Gets the number of work items that are currently queued to be processed.<para>获取当前排队等待处理的工作项数.</para></summary>
      <returns>The number of work items that are currently queued to be processed.<para>当前排队等待处理的工作项数.</para></returns>
    </member>
    <member name="P:System.Threading.ThreadPool.ThreadCount">
      <summary>Gets the number of thread pool threads that currently exist.<para>获取当前存在的线程池线程数.</para></summary>
      <returns>The number of thread pool threads that currently exist.<para>当前存在的线程池线程数.</para></returns>
    </member>
    <member name="T:System.Threading.WaitCallback">
      <summary>Represents a callback method to be executed by a thread pool thread.<para>表示要由线程池线程执行的回调方法.</para></summary>
      <param name="state">An object containing information to be used by the callback method.<para>包含回调方法要使用的信息的对象.</para></param>
    </member>
    <member name="T:System.Threading.WaitOrTimerCallback">
      <summary>Represents a method to be called when a <see cref="T:System.Threading.WaitHandle" /> is signaled or times out.<para>表示在发出 <see cref="T:System.Threading.WaitHandle" /> 信号或超时时要调用的方法.</para></summary>
      <param name="state">An object containing information to be used by the callback method each time it executes.<para>一个对象,其中包含回调方法每次执行时要使用的信息.</para></param>
      <param name="timedOut">
        <see langword="true" /> if the <see cref="T:System.Threading.WaitHandle" /> timed out; <see langword="false" /> if it was signaled.<para><see langword="true" /> 如果 <see cref="T:System.Threading.WaitHandle" /> 超时;<see langword="false" /> 如果发出信号.</para></param>
    </member>
  </members>
</doc>