﻿<?xml version="1.0" encoding="utf-8"?>
<doc>
  <assembly>
    <name>System.Resources.Writer</name>
  </assembly>
  <members>
    <member name="T:System.Resources.IResourceWriter">
      <summary>Provides the base functionality for writing resources to an output file or stream.<para>提供用于将资源写入输出文件或流的基本功能.</para></summary>
    </member>
    <member name="M:System.Resources.IResourceWriter.AddResource(System.String,System.Byte[])">
      <summary>Adds an 8-bit unsigned integer array as a named resource to the list of resources to be written.<para>将 8 位无符号整数数组作为命名资源添加到要写入的资源列表中.</para></summary>
      <param name="name">Name of a resource.<para>资源的名称.作为 8 位无符号整数数组的资源的</para></param>
      <param name="value">Value of a resource as an 8-bit unsigned integer array.<para>值.</para></param>
      <exception cref="T:System.ArgumentNullException">The <paramref name="name" /> parameter is <see langword="null" />.<para><paramref name="name" /> 参数是 <see langword="null" />.</para></exception>
    </member>
    <member name="M:System.Resources.IResourceWriter.AddResource(System.String,System.Object)">
      <summary>Adds a named resource of type <see cref="T:System.Object" /> to the list of resources to be written.<para>将类型为 <see cref="T:System.Object" /> 的命名资源添加到要写入的资源列表中.</para></summary>
      <param name="name">The name of the resource.<para>资源的名称.</para></param>
      <param name="value">The value of the resource.<para>资源的值.</para></param>
      <exception cref="T:System.ArgumentNullException">The <paramref name="name" /> parameter is <see langword="null" />.<para><paramref name="name" /> 参数是 <see langword="null" />.</para></exception>
    </member>
    <member name="M:System.Resources.IResourceWriter.AddResource(System.String,System.String)">
      <summary>Adds a named resource of type <see cref="T:System.String" /> to the list of resources to be written.<para>将类型为 <see cref="T:System.String" /> 的命名资源添加到要写入的资源列表中.</para></summary>
      <param name="name">The name of the resource.<para>资源的名称.</para></param>
      <param name="value">The value of the resource.<para>资源的值.</para></param>
      <exception cref="T:System.ArgumentException">The <paramref name="name" /> parameter is <see langword="null" />.<para><paramref name="name" /> 参数是 <see langword="null" />.</para></exception>
    </member>
    <member name="M:System.Resources.IResourceWriter.Close">
      <summary>Closes the underlying resource file or stream, ensuring all the data has been written to the file.<para>关闭基础资源文件或流,确保所有数据都已写入该文件.</para></summary>
    </member>
    <member name="M:System.Resources.IResourceWriter.Generate">
      <summary>Writes all the resources added by the <see cref="M:System.Resources.IResourceWriter.AddResource(System.String,System.String)" /> method to the output file or stream.<para>写入由 <see cref="m:system.resources.iresourcewriter.addresource（system.string,system.string）" /> 方法到输出文件或流.</para></summary>
    </member>
    <member name="T:System.Resources.ResourceWriter">
      <summary>Writes resources in the system-default format to an output file or an output stream. This class cannot be inherited.<para>将系统默认格式的资源写入输出文件或输出流.此类不能继承.</para></summary>
    </member>
    <member name="M:System.Resources.ResourceWriter.#ctor(System.IO.Stream)">
      <summary>Initializes a new instance of the <see cref="T:System.Resources.ResourceWriter" /> class that writes the resources to the provided stream.<para>初始化将资源写入提供的流的 <see cref="T:System.Resources.ResourceWriter" /> 类的新实例.</para></summary>
      <param name="stream">The output stream.<para>输出流.</para></param>
      <exception cref="T:System.ArgumentException">The <paramref name="stream" /> parameter is not writable.<para><paramref name="stream" /> 参数不可写.</para></exception>
      <exception cref="T:System.ArgumentNullException">The <paramref name="stream" /> parameter is <see langword="null" />.<para><paramref name="stream" /> 参数为 <see langword="null" />.</para></exception>
    </member>
    <member name="M:System.Resources.ResourceWriter.#ctor(System.String)">
      <summary>Initializes a new instance of the <see cref="T:System.Resources.ResourceWriter" /> class that writes the resources to the specified file.<para>初始化将资源写入指定文件的 <see cref="T:System.Resources.ResourceWriter" /> 类的新实例.</para></summary>
      <param name="fileName">The output file name.<para>输出文件名.</para></param>
      <exception cref="T:System.ArgumentNullException">The <paramref name="fileName" /> parameter is <see langword="null" />.<para><paramref name="fileName" /> 参数是 <see langword="null" />.</para></exception>
    </member>
    <member name="M:System.Resources.ResourceWriter.AddResource(System.String,System.Byte[])">
      <summary>Adds a named resource specified as a byte array to the list of resources to be written.<para>将指定为字节数组的命名资源添加到要写入的资源列表中.</para></summary>
      <param name="name">The name of the resource.<para>资源的名称.作为 8 位无符号整数数组的资源的</para></param>
      <param name="value">Value of the resource as an 8-bit unsigned integer array.<para>值.</para></param>
      <exception cref="T:System.ArgumentException">
        <paramref name="name" /> (or a name that varies only by capitalization) has already been added to this <see cref="T:System.Resources.ResourceWriter" />.<para><paramref name="name" />（或仅大小写变化的名称）已添加到此 <see cref="T:System.Resources.ResourceWriter" />.</para></exception>
      <exception cref="T:System.ArgumentNullException">The <paramref name="name" /> parameter is <see langword="null" />.<para><paramref name="name" /> 参数为 <see langword="null" />.</para></exception>
      <exception cref="T:System.InvalidOperationException">This <see cref="T:System.Resources.ResourceWriter" /> has been closed and its hash table is unavailable.<para>此 <see cref="T:System.Resources.ResourceWriter" /> 已关闭,其哈希表不可用.</para></exception>
    </member>
    <member name="M:System.Resources.ResourceWriter.AddResource(System.String,System.IO.Stream)">
      <summary>Adds a named resource specified as a stream to the list of resources to be written.<para>将指定为流的命名资源添加到要写入的资源列表中.</para></summary>
      <param name="name">The name of the resource to add.<para>要添加的资源的名称.</para></param>
      <param name="value">The value of the resource to add. The resource must support the <see cref="P:System.IO.Stream.Length" /> property.<para>要添加的资源的值. 资源必须支持 <see cref="P:System.IO.Stream.Length" /> 属性.</para></param>
      <exception cref="T:System.ArgumentException">
        <paramref name="name" /> (or a name that varies only by capitalization) has already been added to this <see cref="T:System.Resources.ResourceWriter" />.

 -or-

 The stream does not support the <see cref="P:System.IO.Stream.Length" /> property.<para><paramref name="name" />（或仅大小写变化的名称）已添加到此 <see cref="T:System.Resources.ResourceWriter" />. -或- 流不支持 <see cref="P:System.IO.Stream.Length" /> 属性.</para></exception>
      <exception cref="T:System.ArgumentNullException">
        <paramref name="name" /> or <paramref name="value" /> is <see langword="null" />.<para><paramref name="name" /> 或 <paramref name="value" /> 是 <see langword="null" />.</para></exception>
      <exception cref="T:System.InvalidOperationException">This <see cref="T:System.Resources.ResourceWriter" /> has been closed.<para>此 <see cref="T:System.Resources.ResourceWriter" /> 已关闭.</para></exception>
    </member>
    <member name="M:System.Resources.ResourceWriter.AddResource(System.String,System.IO.Stream,System.Boolean)">
      <summary>Adds a named resource specified as a stream to the list of resources to be written, and specifies whether the stream should be closed after the <see cref="M:System.Resources.ResourceWriter.Generate" /> method is called.<para>将指定为流的命名资源添加到要写入的资源列表中,并指定在调用 <see cref="M:System.Resources.ResourceWriter.Generate" /> 方法后是否应关闭该流.</para></summary>
      <param name="name">The name of the resource to add.<para>要添加的资源的名称.</para></param>
      <param name="value">The value of the resource to add. The resource must support the <see cref="P:System.IO.Stream.Length" /> property.<para>要添加的资源的值. 资源必须支持 <see cref="P:System.IO.Stream.Length" /> 属性.</para></param>
      <param name="closeAfterWrite">
        <see langword="true" /> to close the stream after the <see cref="M:System.Resources.ResourceWriter.Generate" /> method is called; otherwise, <see langword="false" />.<para><see langword="true" /> 在调用 <see cref="M:System.Resources.ResourceWriter.Generate" /> 方法后关闭流;否则,<see langword="false" />.</para></param>
      <exception cref="T:System.ArgumentException">
        <paramref name="name" /> (or a name that varies only by capitalization) has already been added to this <see cref="T:System.Resources.ResourceWriter" />.

 -or-

 The stream does not support the <see cref="P:System.IO.Stream.Length" /> property.<para><paramref name="name" />（或仅大小写变化的名称）已添加到此 <see cref="T:System.Resources.ResourceWriter" />. -或- 流不支持 <see cref="P:System.IO.Stream.Length" /> 属性.</para></exception>
      <exception cref="T:System.ArgumentNullException">
        <paramref name="name" /> or <paramref name="value" /> is <see langword="null" />.<para><paramref name="name" /> 或 <paramref name="value" /> 是 <see langword="null" />.</para></exception>
      <exception cref="T:System.InvalidOperationException">This <see cref="T:System.Resources.ResourceWriter" /> has been closed.<para>此 <see cref="T:System.Resources.ResourceWriter" /> 已关闭.</para></exception>
    </member>
    <member name="M:System.Resources.ResourceWriter.AddResource(System.String,System.Object)">
      <summary>Adds a named resource specified as an object to the list of resources to be written.<para>将指定为对象的命名资源添加到要写入的资源列表中.</para></summary>
      <param name="name">The name of the resource.<para>资源的名称.</para></param>
      <param name="value">The value of the resource.<para>资源的值.</para></param>
      <exception cref="T:System.ArgumentException">
        <paramref name="name" /> (or a name that varies only by capitalization) has already been added to this <see cref="T:System.Resources.ResourceWriter" />.<para><paramref name="name" />（或仅大小写变化的名称）已添加到此 <see cref="T:System.Resources.ResourceWriter" />.</para></exception>
      <exception cref="T:System.ArgumentNullException">The <paramref name="name" /> parameter is <see langword="null" />.<para><paramref name="name" /> 参数为 <see langword="null" />.</para></exception>
      <exception cref="T:System.InvalidOperationException">This <see cref="T:System.Resources.ResourceWriter" /> has been closed and its hash table is unavailable.<para>此 <see cref="T:System.Resources.ResourceWriter" /> 已关闭,其哈希表不可用.</para></exception>
    </member>
    <member name="M:System.Resources.ResourceWriter.AddResource(System.String,System.String)">
      <summary>Adds a string resource to the list of resources to be written.<para>将字符串资源添加到要写入的资源列表中.</para></summary>
      <param name="name">The name of the resource.<para>资源的名称.</para></param>
      <param name="value">The value of the resource.<para>资源的值.</para></param>
      <exception cref="T:System.ArgumentException">
        <paramref name="name" /> (or a name that varies only by capitalization) has already been added to this ResourceWriter.<para><paramref name="name" />（或仅大小写变化的名称）已添加到此资源编写器中.</para></exception>
      <exception cref="T:System.ArgumentNullException">The <paramref name="name" /> parameter is <see langword="null" />.<para><paramref name="name" /> 参数为 <see langword="null" />.</para></exception>
      <exception cref="T:System.InvalidOperationException">This <see cref="T:System.Resources.ResourceWriter" /> has been closed and its hash table is unavailable.<para>此 <see cref="T:System.Resources.ResourceWriter" /> 已关闭,其哈希表不可用.</para></exception>
    </member>
    <member name="M:System.Resources.ResourceWriter.AddResourceData(System.String,System.String,System.Byte[])">
      <summary>Adds a unit of data as a resource to the list of resources to be written.<para>将数据单元作为资源添加到要写入的资源列表中.</para></summary>
      <param name="name">A name that identifies the resource that contains the added data.<para>标识包含添加的数据的资源的名称.</para></param>
      <param name="typeName">The type name of the added data.<para>添加的数据的类型名称.</para></param>
      <param name="serializedData">A byte array that contains the binary representation of the added data.<para>一个字节数组,包含所添加数据的二进制表示形式.</para></param>
      <exception cref="T:System.ArgumentNullException">
        <paramref name="name" />, <paramref name="typeName" />, or <paramref name="serializedData" /> is <see langword="null" />.<para><paramref name="name" />, <paramref name="typeName" />, or <paramref name="serializedData" /> 是 <see langword="null" />.</para></exception>
      <exception cref="T:System.ArgumentException">
        <paramref name="name" /> (or a name that varies only by capitalization) has already been added to this <see cref="T:System.Resources.ResourceWriter" /> object.<para><paramref name="name" />（或仅大小写变化的名称）已添加到此 <see cref="T:System.Resources.ResourceWriter" /> 对象中.</para></exception>
      <exception cref="T:System.InvalidOperationException">The current <see cref="T:System.Resources.ResourceWriter" /> object is not initialized. The probable cause is that the <see cref="T:System.Resources.ResourceWriter" /> object is closed.<para>当前 <see cref="T:System.Resources.ResourceWriter" /> 对象未初始化.可能的原因是 <see cref="T:System.Resources.ResourceWriter" /> 对象已关闭.</para></exception>
    </member>
    <member name="M:System.Resources.ResourceWriter.Close">
      <summary>Saves the resources to the output stream and then closes it.<para>将资源保存到输出流,然后将其关闭.</para></summary>
      <exception cref="T:System.IO.IOException">An I/O error has occurred.<para>发生 i/o 错误.</para></exception>
      <exception cref="T:System.Runtime.Serialization.SerializationException">An error has occurred during serialization of the object.<para>对象序列化期间出错.</para></exception>
    </member>
    <member name="M:System.Resources.ResourceWriter.Dispose">
      <summary>Allows users to close the resource file or stream, explicitly releasing resources.<para>允许用户关闭资源文件或流,显式释放资源.</para></summary>
      <exception cref="T:System.IO.IOException">An I/O error has occurred.<para>发生 i/o 错误.</para></exception>
      <exception cref="T:System.Runtime.Serialization.SerializationException">An error has occurred during serialization of the object.<para>对象序列化期间出错.</para></exception>
    </member>
    <member name="M:System.Resources.ResourceWriter.Generate">
      <summary>Saves all resources to the output stream in the system default format.<para>以系统默认格式将所有资源保存到输出流.</para></summary>
      <exception cref="T:System.IO.IOException">An I/O error occurred.<para>发生 i/o 错误.</para></exception>
      <exception cref="T:System.Runtime.Serialization.SerializationException">An error occurred during serialization of the object.<para>对象序列化期间出错.</para></exception>
      <exception cref="T:System.InvalidOperationException">This <see cref="T:System.Resources.ResourceWriter" /> has been closed and its hash table is unavailable.<para>此 <see cref="T:System.Resources.ResourceWriter" /> 已关闭,其哈希表不可用.</para></exception>
    </member>
    <member name="P:System.Resources.ResourceWriter.TypeNameConverter">
      <summary>Gets or sets a delegate that enables resource assemblies to be written that target versions of .NET Framework prior to .NET Framework 4 by using qualified assembly names.<para>获取或设置一个委托,该委托允许使用限定程序集名称编写以 .net framework 4 之前的 .net framework 版本为目标的资源程序集.</para></summary>
      <returns>The type that is encapsulated by the delegate.<para>委托封装的类型.</para></returns>
    </member>
  </members>
</doc>