﻿<?xml version="1.0" encoding="utf-8"?>
<doc>
  <assembly>
    <name>System.IO.Compression.ZipFile</name>
  </assembly>
  <members>
    <member name="T:System.IO.Compression.ZipFile">
      <summary>Provides static methods for creating, extracting, and opening zip archives.<para>提供用于创建、提取和打开 zip 存档的静态方法.</para></summary>
    </member>
    <member name="M:System.IO.Compression.ZipFile.CreateFromDirectory(System.String,System.String)">
      <summary>Creates a zip archive that contains the files and directories from the specified directory.<para>创建一个 zip 存档,其中包含指定目录中的文件和目录.</para></summary>
      <param name="sourceDirectoryName">The path to the directory to be archived, specified as a relative or absolute path. A relative path is interpreted as relative to the current working directory.<para>要存档的目录的路径,指定为相对路径或绝对路径.相对路径被解释为相对于当前工作目录.</para></param>
      <param name="destinationArchiveFileName">The path of the archive to be created, specified as a relative or absolute path. A relative path is interpreted as relative to the current working directory.<para>要创建的存档的路径,指定为相对路径或绝对路径.相对路径被解释为相对于当前工作目录.</para></param>
      <exception cref="T:System.ArgumentException">
        <paramref name="sourceDirectoryName" /> or <paramref name="destinationArchiveFileName" /> is <see cref="F:System.String.Empty" />, contains only white space, or contains at least one invalid character.<para><paramref name="sourceDirectoryName" /> 或 $<paramref name="destinationarchive文件名" /> 为 <see cref="F:System.String.Empty" />,仅包含空格或至少包含一个无效字符.</para></exception>
      <exception cref="T:System.ArgumentNullException">
        <paramref name="sourceDirectoryName" /> or <paramref name="destinationArchiveFileName" /> is <see langword="null" />.<para><paramref name="sourceDirectoryName" /> 或 $<paramref name="destinationarchive文件名" /> 是 <see langword="null" />.</para></exception>
      <exception cref="T:System.IO.PathTooLongException">In <paramref name="sourceDirectoryName" /> or <paramref name="destinationArchiveFileName" />, the specified path, file name, or both exceed the system-defined maximum length.<para>在 <paramref name="sourceDirectoryName" /> 或 $<paramref name="destinationarchive文件名" /> 、指定的路径和/或文件名都超过系统定义的最大长度.</para></exception>
      <exception cref="T:System.IO.DirectoryNotFoundException">
        <paramref name="sourceDirectoryName" /> is invalid or does not exist (for example, it is on an unmapped drive).<para><paramref name="sourceDirectoryName" /> 无效或不存在（例如,它位于未映射的驱动器上）.</para></exception>
      <exception cref="T:System.IO.IOException">
        <paramref name="destinationArchiveFileName" /> already exists.  
  
 -or-  
  
 A file in the specified directory could not be opened.

-or-

An I/O error occurred while opening a file to be archived.<para>$<paramref name="destinationarchive文件名" /> 已经存在. -或- 无法打开指定目录中的文件. -或- 打开要存档的文件时发生 i/o 错误.</para></exception>
      <exception cref="T:System.UnauthorizedAccessException">
        <paramref name="destinationArchiveFileName" /> specifies a directory.  
  
 -or-  
  
 The caller does not have the required permission to access the directory specified in <paramref name="sourceDirectoryName" /> or the file specified in <paramref name="destinationArchiveFileName" />.<para>$<paramref name="destinationarchive文件名" /> 指定目录. -或- 调用方没有访问 <paramref name="sourceDirectoryName" /> 中指定的目录或 中指定的文件所需的权限 $<paramref name="destinationarchive文件名" /> .</para></exception>
      <exception cref="T:System.NotSupportedException">
        <paramref name="sourceDirectoryName" /> or <paramref name="destinationArchiveFileName" /> contains an invalid format.  
  
 -or-  
  
 The zip archive does not support writing.<para><paramref name="sourceDirectoryName" /> 或 $<paramref name="destinationarchive文件名" /> 包含无效的格式. -或- zip 存档不支持写入.</para></exception>
    </member>
    <member name="M:System.IO.Compression.ZipFile.CreateFromDirectory(System.String,System.String,System.IO.Compression.CompressionLevel,System.Boolean)">
      <summary>Creates a zip archive that contains the files and directories from the specified directory, uses the specified compression level, and optionally includes the base directory.<para>创建一个 zip 存档,其中包含指定目录中的文件和目录,使用指定的压缩级别,并选择性地包括基目录.</para></summary>
      <param name="sourceDirectoryName">The path to the directory to be archived, specified as a relative or absolute path. A relative path is interpreted as relative to the current working directory.<para>要存档的目录的路径,指定为相对路径或绝对路径.相对路径被解释为相对于当前工作目录.</para></param>
      <param name="destinationArchiveFileName">The path of the archive to be created, specified as a relative or absolute path. A relative path is interpreted as relative to the current working directory.<para>要创建的存档的路径,指定为相对路径或绝对路径.相对路径被解释为相对于当前工作目录.</para></param>
      <param name="compressionLevel">One of the enumeration values that indicates whether to emphasize speed or compression effectiveness when creating the entry.<para>指示在创建条目时是强调速度还是压缩有效性的枚举值之一.</para></param>
      <param name="includeBaseDirectory">
        <see langword="true" /> to include the directory name from <paramref name="sourceDirectoryName" /> at the root of the archive; <see langword="false" /> to include only the contents of the directory.<para><see langword="true" /> 以在存档的根目录中包含 <paramref name="sourceDirectoryName" /> 中的目录名称;<see langword="false" /> 仅包含目录的内容.</para></param>
      <exception cref="T:System.ArgumentException">
        <paramref name="sourceDirectoryName" /> or <paramref name="destinationArchiveFileName" /> is <see cref="F:System.String.Empty" />, contains only white space, or contains at least one invalid character.<para><paramref name="sourceDirectoryName" /> 或 $<paramref name="destinationarchive文件名" /> 为 <see cref="F:System.String.Empty" />,仅包含空格或至少包含一个无效字符.</para></exception>
      <exception cref="T:System.ArgumentNullException">
        <paramref name="sourceDirectoryName" /> or <paramref name="destinationArchiveFileName" /> is <see langword="null" />.<para><paramref name="sourceDirectoryName" /> 或 $<paramref name="destinationarchive文件名" /> 是 <see langword="null" />.</para></exception>
      <exception cref="T:System.IO.PathTooLongException">In <paramref name="sourceDirectoryName" /> or <paramref name="destinationArchiveFileName" />, the specified path, file name, or both exceed the system-defined maximum length.<para>在 <paramref name="sourceDirectoryName" /> 或 $<paramref name="destinationarchive文件名" /> 、指定的路径和/或文件名都超过系统定义的最大长度.</para></exception>
      <exception cref="T:System.IO.DirectoryNotFoundException">
        <paramref name="sourceDirectoryName" /> is invalid or does not exist (for example, it is on an unmapped drive).<para><paramref name="sourceDirectoryName" /> 无效或不存在（例如,它位于未映射的驱动器上）.</para></exception>
      <exception cref="T:System.IO.IOException">
        <paramref name="destinationArchiveFileName" /> already exists.  
  
 -or-  
  
 A file in the specified directory could not be opened.

-or-

An I/O error occurred while opening a file to be archived.<para>$<paramref name="destinationarchive文件名" /> 已经存在. -或- 无法打开指定目录中的文件. -或- 打开要存档的文件时发生 i/o 错误.</para></exception>
      <exception cref="T:System.UnauthorizedAccessException">
        <paramref name="destinationArchiveFileName" /> specifies a directory.  
  
 -or-  
  
 The caller does not have the required permission to access the directory specified in <paramref name="sourceDirectoryName" /> or the file specified in <paramref name="destinationArchiveFileName" />.<para>$<paramref name="destinationarchive文件名" /> 指定目录. -或- 调用方没有访问 <paramref name="sourceDirectoryName" /> 中指定的目录或 中指定的文件所需的权限 $<paramref name="destinationarchive文件名" /> .</para></exception>
      <exception cref="T:System.NotSupportedException">
        <paramref name="sourceDirectoryName" /> or <paramref name="destinationArchiveFileName" /> contains an invalid format.  
  
 -or-  
  
 The zip archive does not support writing.<para><paramref name="sourceDirectoryName" /> 或 $<paramref name="destinationarchive文件名" /> 包含无效的格式. -或- zip 存档不支持写入.</para></exception>
    </member>
    <member name="M:System.IO.Compression.ZipFile.CreateFromDirectory(System.String,System.String,System.IO.Compression.CompressionLevel,System.Boolean,System.Text.Encoding)">
      <summary>Creates a zip archive that contains the files and directories from the specified directory, uses the specified compression level and character encoding for entry names, and optionally includes the base directory.<para>创建一个 zip 存档,其中包含指定目录中的文件和目录,对条目名称使用指定的压缩级别和字符编码,并选择性地包括基目录.</para></summary>
      <param name="sourceDirectoryName">The path to the directory to be archived, specified as a relative or absolute path. A relative path is interpreted as relative to the current working directory.<para>要存档的目录的路径,指定为相对路径或绝对路径.相对路径被解释为相对于当前工作目录.</para></param>
      <param name="destinationArchiveFileName">The path of the archive to be created, specified as a relative or absolute path. A relative path is interpreted as relative to the current working directory.<para>要创建的存档的路径,指定为相对路径或绝对路径.相对路径被解释为相对于当前工作目录.</para></param>
      <param name="compressionLevel">One of the enumeration values that indicates whether to emphasize speed or compression effectiveness when creating the entry.<para>指示在创建条目时是强调速度还是压缩有效性的枚举值之一.</para></param>
      <param name="includeBaseDirectory">
        <see langword="true" /> to include the directory name from <paramref name="sourceDirectoryName" /> at the root of the archive; <see langword="false" /> to include only the contents of the directory.<para><see langword="true" /> 以在存档的根目录中包含 <paramref name="sourceDirectoryName" /> 中的目录名称;<see langword="false" /> 仅包含目录的内容.</para></param>
      <param name="entryNameEncoding">The encoding to use when reading or writing entry names in this archive. Specify a value for this parameter only when an encoding is required for interoperability with zip archive tools and libraries that do not support UTF-8 encoding for entry names.<para>在此存档中读取或写入条目名称时要使用的编码.仅当需要编码才能与不支持条目名称的 utf-8 编码的 zip 存档工具和库进行互操作性时,才为此参数指定值.</para></param>
      <exception cref="T:System.ArgumentException">
        <paramref name="sourceDirectoryName" /> or <paramref name="destinationArchiveFileName" /> is <see cref="F:System.String.Empty" />, contains only white space, or contains at least one invalid character.  
  
 -or-  
  
 <paramref name="entryNameEncoding" /> is set to a Unicode encoding other than UTF-8.<para><paramref name="sourceDirectoryName" /> 或 $<paramref name="destinationarchive文件名" /> 为 <see cref="F:System.String.Empty" />,仅包含空格或至少包含一个无效字符. -或- <paramref name="entryNameEncoding" /> 设置为 utf-8 以外的 unicode 编码.</para></exception>
      <exception cref="T:System.ArgumentNullException">
        <paramref name="sourceDirectoryName" /> or <paramref name="destinationArchiveFileName" /> is <see langword="null" />.<para><paramref name="sourceDirectoryName" /> 或 $<paramref name="destinationarchive文件名" /> 是 <see langword="null" />.</para></exception>
      <exception cref="T:System.IO.PathTooLongException">In <paramref name="sourceDirectoryName" /> or <paramref name="destinationArchiveFileName" />, the specified path, file name, or both exceed the system-defined maximum length.<para>在 <paramref name="sourceDirectoryName" /> 或 $<paramref name="destinationarchive文件名" /> 、指定的路径和/或文件名都超过系统定义的最大长度.</para></exception>
      <exception cref="T:System.IO.DirectoryNotFoundException">
        <paramref name="sourceDirectoryName" /> is invalid or does not exist (for example, it is on an unmapped drive).<para><paramref name="sourceDirectoryName" /> 无效或不存在（例如,它位于未映射的驱动器上）.</para></exception>
      <exception cref="T:System.IO.IOException">
        <paramref name="destinationArchiveFileName" /> already exists.  
  
 -or-  
  
 A file in the specified directory could not be opened.

-or-

An I/O error occurred while opening a file to be archived.<para>$<paramref name="destinationarchive文件名" /> 已经存在. -或- 无法打开指定目录中的文件. -或- 打开要存档的文件时发生 i/o 错误.</para></exception>
      <exception cref="T:System.UnauthorizedAccessException">
        <paramref name="destinationArchiveFileName" /> specifies a directory.  
  
 -or-  
  
 The caller does not have the required permission to access the directory specified in <paramref name="sourceDirectoryName" /> or the file specified in <paramref name="destinationArchiveFileName" />.<para>$<paramref name="destinationarchive文件名" /> 指定目录. -或- 调用方没有访问 <paramref name="sourceDirectoryName" /> 中指定的目录或 中指定的文件所需的权限 $<paramref name="destinationarchive文件名" /> .</para></exception>
      <exception cref="T:System.NotSupportedException">
        <paramref name="sourceDirectoryName" /> or <paramref name="destinationArchiveFileName" /> contains an invalid format.  
  
 -or-  
  
 The zip archive does not support writing.<para><paramref name="sourceDirectoryName" /> 或 $<paramref name="destinationarchive文件名" /> 包含无效的格式. -或- zip 存档不支持写入.</para></exception>
    </member>
    <member name="M:System.IO.Compression.ZipFile.ExtractToDirectory(System.String,System.String)">
      <summary>Extracts all the files in the specified zip archive to a directory on the file system.<para>将指定 zip 存档中的所有文件解压缩到文件系统上的目录中.</para></summary>
      <param name="sourceArchiveFileName">The path to the archive that is to be extracted.<para>要解压缩的存档的路径.</para></param>
      <param name="destinationDirectoryName">The path to the directory in which to place the extracted files, specified as a relative or absolute path. A relative path is interpreted as relative to the current working directory.<para>放置提取文件的目录的路径,指定为相对路径或绝对路径.相对路径被解释为相对于当前工作目录.</para></param>
      <exception cref="T:System.ArgumentException">
        <paramref name="destinationDirectoryName" /> or <paramref name="sourceArchiveFileName" /> is <see cref="F:System.String.Empty" />, contains only white space, or contains at least one invalid character.<para><paramref name="destinationDirectoryName" /> 或 $<paramref name="sourcearchive文件名" /> 为 <see cref="F:System.String.Empty" />,仅包含空格或至少包含一个无效字符.</para></exception>
      <exception cref="T:System.ArgumentNullException">
        <paramref name="destinationDirectoryName" /> or <paramref name="sourceArchiveFileName" /> is <see langword="null" />.<para><paramref name="destinationDirectoryName" /> 或 $<paramref name="sourcearchive文件名" /> 是 <see langword="null" />.</para></exception>
      <exception cref="T:System.IO.PathTooLongException">The specified path in <paramref name="destinationDirectoryName" /> or <paramref name="sourceArchiveFileName" /> exceeds the system-defined maximum length.<para><paramref name="destinationDirectoryName" /> 中的指定路径或 $<paramref name="sourcearchive文件名" /> 超过系统定义的最大长度.</para></exception>
      <exception cref="T:System.IO.DirectoryNotFoundException">The specified path is invalid (for example, it is on an unmapped drive).<para>指定的路径无效（例如,它位于未映射的驱动器上）.</para></exception>
      <exception cref="T:System.IO.IOException">The name of an entry in the archive is <see cref="F:System.String.Empty" />, contains only white space, or contains at least one invalid character.  
  
 -or-  
  
 Extracting an archive entry would create a file that is outside the directory specified by <paramref name="destinationDirectoryName" />. (For example, this might happen if the entry name contains parent directory accessors.)  
  
 -or-  
  
 An archive entry to extract has the same name as an entry that has already been extracted or that exists in <paramref name="destinationDirectoryName" />.<para>存档中条目的名称是 <see cref="F:System.String.Empty" />,仅包含空格或至少包含一个无效字符. -或- 提取存档条目将创建一个位于 <paramref name="destinationDirectoryName" /> 指定的目录之外的文件.（例如,如果条目名称包含父目录访问器,则可能会发生这种情况. -或- 要提取的存档条目与已解压缩或存在于 <paramref name="destinationDirectoryName" /> 中的条目同名.</para></exception>
      <exception cref="T:System.UnauthorizedAccessException">The caller does not have the required permission to access the archive or the destination directory.<para>调用方没有访问存档或目标目录所需的权限.</para></exception>
      <exception cref="T:System.NotSupportedException">
        <paramref name="destinationDirectoryName" /> or <paramref name="sourceArchiveFileName" /> contains an invalid format.<para><paramref name="destinationDirectoryName" /> 或 $<paramref name="sourcearchive文件名" /> 包含无效的格式.</para></exception>
      <exception cref="T:System.IO.FileNotFoundException">
        <paramref name="sourceArchiveFileName" /> was not found.<para>$<paramref name="sourcearchivefilename" /> 未找到.</para></exception>
      <exception cref="T:System.IO.InvalidDataException">The archive specified by <paramref name="sourceArchiveFileName" /> is not a valid zip archive.  
  
 -or-  
  
 An archive entry was not found or was corrupt.  
  
 -or-  
  
 An archive entry was compressed by using a compression method that is not supported.<para>指定的存档 $<paramref name="sourcearchive文件名" /> 不是有效的 zip 存档. -或- 存档条目未找到或已损坏. -或- 使用不支持的压缩方法压缩了存档条目.</para></exception>
    </member>
    <member name="M:System.IO.Compression.ZipFile.ExtractToDirectory(System.String,System.String,System.Boolean)">
      <summary>Extracts all of the files in the specified archive to a directory on the file system.<para>将指定存档中的所有文件解压缩到文件系统上的目录中.</para></summary>
      <param name="sourceArchiveFileName">The path on the file system to the archive that is to be extracted.<para>文件系统上要解压缩的归档文件的路径.</para></param>
      <param name="destinationDirectoryName">The path to the destination directory on the file system.<para>文件系统上目标目录的路径.</para></param>
      <param name="overwriteFiles">
        <see langword="true" /> to overwrite files; <see langword="false" /> otherwise.<para><see langword="true" /> 覆盖文件;<see langword="false" /> 否则.</para></param>
      <exception cref="T:System.ArgumentException">
        <paramref name="sourceArchiveFileName" /> or <paramref name="destinationDirectoryName" /> is a zero-length string, contains only whitespace, or contains one or more invalid characters as defined by <see cref="F:System.IO.Path.InvalidPathChars" />.<para>$<paramref name="sourcearchive文件名" /> 或 <paramref name="destinationDirectoryName" /> 是长度为零的字符串,仅包含空格,或包含 <see cref="F:System.IO.Path.InvalidPathChars" /> 定义的一个或多个无效字符.</para></exception>
      <exception cref="T:System.ArgumentNullException">
        <paramref name="sourceArchiveFileName" /> or <paramref name="destinationDirectoryName" /> is <see langword="null" />.<para>$<paramref name="sourcearchivefilename" /> 或 <paramref name="destinationDirectoryName" /> 是 <see langword="null" />.</para></exception>
      <exception cref="T:System.IO.PathTooLongException">
        <paramref name="sourceArchiveFileName" /> or <paramref name="destinationDirectoryName" /> specifies a path, a file name, or both that exceed the system-defined maximum length.<para>$<paramref name="sourcearchivefilename" /> 或 <paramref name="destinationDirectoryName" /> 指定超过系统定义的最大长度的路径和/或文件名.</para></exception>
      <exception cref="T:System.IO.DirectoryNotFoundException">The path specified by <paramref name="sourceArchiveFileName" /> or <paramref name="destinationDirectoryName" /> is invalid (for example, it is on an unmapped drive).<para>指定的路径 $<paramref name="sourcearchive文件名" /> 或 <paramref name="destinationDirectoryName" /> 无效（例如,它位于未映射的驱动器上）.</para></exception>
      <exception cref="T:System.IO.IOException">
        <paramref name="overwriteFiles" /> is <see langword="false" /> and <paramref name="destinationDirectoryName" /> already contains a file with the same name as a file that's being extracted.

-or-

An I/O error has occurred.

-or-

The name of a <see cref="T:System.IO.Compression.ZipArchiveEntry" /> is zero-length, contains only whitespace, or contains one or more invalid characters as defined by <see cref="F:System.IO.Path.InvalidPathChars" />.

-or-

Extracting a <see cref="T:System.IO.Compression.ZipArchiveEntry" /> would result in a file destination that is outside the destination directory (for example, because of parent directory accessors).

-or-

A <see cref="T:System.IO.Compression.ZipArchiveEntry" /> has the same name as an entry from the same archive that's already been extracted.<para><paramref name="overwriteFiles" /> 是 <see langword="false" />,并且 <paramref name="destinationDirectoryName" /> 已包含与正在提取的文件同名的文件. -或- 发生 i/o 错误. -或- 的名称 <see cref="t:system.io.compression.ziparchiveentry" /> 长度为零,仅包含空格,或包含 <see cref="F:System.IO.Path.InvalidPathChars" /> 定义的一个或多个无效字符. -或- 提取 <see cref="t:system.io.compression.ziparchiveentry" /> 将导致文件目标位于目标目录之外（例如,由于父目录访问器）. -或- 一个 <see cref="t:system.io.compression.ziparchiveentry" /> 与已提取的同一存档中的条目具有相同的名称.</para></exception>
      <exception cref="T:System.UnauthorizedAccessException">The caller does not have the required permission.<para>调用方没有所需的权限.</para></exception>
      <exception cref="T:System.NotSupportedException">
        <paramref name="sourceArchiveFileName" /> or <paramref name="destinationDirectoryName" /> is in an invalid format.<para>$<paramref name="sourcearchivefilename" /> 或 <paramref name="destinationDirectoryName" /> 的格式无效.</para></exception>
      <exception cref="T:System.IO.FileNotFoundException">
        <paramref name="sourceArchiveFileName" /> was not found.<para>$<paramref name="sourcearchivefilename" /> 未找到.</para></exception>
      <exception cref="T:System.IO.InvalidDataException">The archive specified by <paramref name="sourceArchiveFileName" /> is not a valid <see cref="T:System.IO.Compression.ZipArchive" />.

-or-

A <see cref="T:System.IO.Compression.ZipArchiveEntry" /> was not found or was corrupt.

-or-

A <see cref="T:System.IO.Compression.ZipArchiveEntry" /> has been compressed using a compression method that is not supported.<para>指定的存档 $<paramref name="sourcearchive文件名" /> 不是有效的 <see cref="t:system.io.compression.ziparchive" /> . -或- 一个 <see cref="t:system.io.compression.ziparchiveentry" /> 未找到或已损坏. -或- 一个 <see cref="t:system.io.compression.ziparchiveentry" /> 已使用不支持的压缩方法进行压缩.</para></exception>
    </member>
    <member name="M:System.IO.Compression.ZipFile.ExtractToDirectory(System.String,System.String,System.Text.Encoding)">
      <summary>Extracts all the files in the specified zip archive to a directory on the file system and uses the specified character encoding for entry names.<para>将指定 zip 存档中的所有文件提取到文件系统上的目录中,并对条目名称使用指定的字符编码.</para></summary>
      <param name="sourceArchiveFileName">The path to the archive that is to be extracted.<para>要解压缩的存档的路径.</para></param>
      <param name="destinationDirectoryName">The path to the directory in which to place the extracted files, specified as a relative or absolute path. A relative path is interpreted as relative to the current working directory.<para>放置提取文件的目录的路径,指定为相对路径或绝对路径.相对路径被解释为相对于当前工作目录.</para></param>
      <param name="entryNameEncoding">The encoding to use when reading or writing entry names in this archive. Specify a value for this parameter only when an encoding is required for interoperability with zip archive tools and libraries that do not support UTF-8 encoding for entry names.<para>在此存档中读取或写入条目名称时要使用的编码.仅当需要编码才能与不支持条目名称的 utf-8 编码的 zip 存档工具和库进行互操作性时,才为此参数指定值.</para></param>
      <exception cref="T:System.ArgumentException">
        <paramref name="destinationDirectoryName" /> or <paramref name="sourceArchiveFileName" /> is <see cref="F:System.String.Empty" />, contains only white space, or contains at least one invalid character.  
  
 -or-  
  
 <paramref name="entryNameEncoding" /> is set to a Unicode encoding other than UTF-8.<para><paramref name="destinationDirectoryName" /> 或 $<paramref name="sourcearchive文件名" /> 为 <see cref="F:System.String.Empty" />,仅包含空格或至少包含一个无效字符. -或- <paramref name="entryNameEncoding" /> 设置为 utf-8 以外的 unicode 编码.</para></exception>
      <exception cref="T:System.ArgumentNullException">
        <paramref name="destinationDirectoryName" /> or <paramref name="sourceArchiveFileName" /> is <see langword="null" />.<para><paramref name="destinationDirectoryName" /> 或 $<paramref name="sourcearchive文件名" /> 是 <see langword="null" />.</para></exception>
      <exception cref="T:System.IO.PathTooLongException">The specified path in <paramref name="destinationDirectoryName" /> or <paramref name="sourceArchiveFileName" /> exceeds the system-defined maximum length.<para><paramref name="destinationDirectoryName" /> 中的指定路径或 $<paramref name="sourcearchive文件名" /> 超过系统定义的最大长度.</para></exception>
      <exception cref="T:System.IO.DirectoryNotFoundException">The specified path is invalid (for example, it is on an unmapped drive).<para>指定的路径无效（例如,它位于未映射的驱动器上）.</para></exception>
      <exception cref="T:System.IO.IOException">The name of an entry in the archive is <see cref="F:System.String.Empty" />, contains only white space, or contains at least one invalid character.  
  
 -or-  
  
 Extracting an archive entry would create a file that is outside the directory specified by <paramref name="destinationDirectoryName" />. (For example, this might happen if the entry name contains parent directory accessors.)  
  
 -or-  
  
 An archive entry to extract has the same name as an entry that has already been extracted or that exists in <paramref name="destinationDirectoryName" />.<para>存档中条目的名称是 <see cref="F:System.String.Empty" />,仅包含空格或至少包含一个无效字符. -或- 提取存档条目将创建一个位于 <paramref name="destinationDirectoryName" /> 指定的目录之外的文件.（例如,如果条目名称包含父目录访问器,则可能会发生这种情况. -或- 要提取的存档条目与已解压缩或存在于 <paramref name="destinationDirectoryName" /> 中的条目同名.</para></exception>
      <exception cref="T:System.UnauthorizedAccessException">The caller does not have the required permission to access the archive or the destination directory.<para>调用方没有访问存档或目标目录所需的权限.</para></exception>
      <exception cref="T:System.NotSupportedException">
        <paramref name="destinationDirectoryName" /> or <paramref name="sourceArchiveFileName" /> contains an invalid format.<para><paramref name="destinationDirectoryName" /> 或 $<paramref name="sourcearchive文件名" /> 包含无效的格式.</para></exception>
      <exception cref="T:System.IO.FileNotFoundException">
        <paramref name="sourceArchiveFileName" /> was not found.<para>$<paramref name="sourcearchivefilename" /> 未找到.</para></exception>
      <exception cref="T:System.IO.InvalidDataException">The archive specified by <paramref name="sourceArchiveFileName" /> is not a valid zip archive.  
  
 -or-  
  
 An archive entry was not found or was corrupt.  
  
 -or-  
  
 An archive entry was compressed by using a compression method that is not supported.<para>指定的存档 $<paramref name="sourcearchive文件名" /> 不是有效的 zip 存档. -或- 存档条目未找到或已损坏. -或- 使用不支持的压缩方法压缩了存档条目.</para></exception>
    </member>
    <member name="M:System.IO.Compression.ZipFile.ExtractToDirectory(System.String,System.String,System.Text.Encoding,System.Boolean)">
      <summary>Extracts all of the files in the specified archive to a directory on the file system.<para>将指定存档中的所有文件解压缩到文件系统上的目录中.</para></summary>
      <param name="sourceArchiveFileName">The path on the file system to the archive that is to be extracted.<para>文件系统上要解压缩的归档文件的路径.</para></param>
      <param name="destinationDirectoryName">The path to the destination directory on the file system.<para>文件系统上目标目录的路径.</para></param>
      <param name="entryNameEncoding">The encoding to use when reading entry names in this <see cref="T:System.IO.Compression.ZipArchive" />.<para>读取此条目名称时使用的编码 <see cref="t:system.io.compression.ziparchive" /> .</para></param>
      <param name="overwriteFiles">
        <see langword="true" /> to overwrite files; <see langword="false" /> otherwise.<para><see langword="true" /> 覆盖文件;<see langword="false" /> 否则.</para></param>
      <exception cref="T:System.ArgumentException">
        <paramref name="sourceArchiveFileName" /> or <paramref name="destinationDirectoryName" /> is a zero-length string, contains only whitespace, or contains one or more invalid characters as defined by <see cref="F:System.IO.Path.InvalidPathChars" />.
 
 -or- 
 
 <paramref name="entryNameEncoding" /> is set to a Unicode encoding other than UTF-8.<para>$<paramref name="sourcearchive文件名" /> 或 <paramref name="destinationDirectoryName" /> 是长度为零的字符串,仅包含空格,或包含 <see cref="F:System.IO.Path.InvalidPathChars" /> 定义的一个或多个无效字符. -或- <paramref name="entryNameEncoding" /> 设置为 utf-8 以外的 unicode 编码.</para></exception>
      <exception cref="T:System.ArgumentNullException">
        <paramref name="sourceArchiveFileName" /> or <paramref name="destinationDirectoryName" /> is <see langword="null" />.<para>$<paramref name="sourcearchivefilename" /> 或 <paramref name="destinationDirectoryName" /> 是 <see langword="null" />.</para></exception>
      <exception cref="T:System.IO.PathTooLongException">
        <paramref name="sourceArchiveFileName" /> or <paramref name="destinationDirectoryName" /> specifies a path, a file name, or both that exceed the system-defined maximum length.<para>$<paramref name="sourcearchivefilename" /> 或 <paramref name="destinationDirectoryName" /> 指定超过系统定义的最大长度的路径和/或文件名.</para></exception>
      <exception cref="T:System.IO.DirectoryNotFoundException">The path specified by <paramref name="sourceArchiveFileName" /> or <paramref name="destinationDirectoryName" /> is invalid (for example, it is on an unmapped drive).<para>指定的路径 $<paramref name="sourcearchive文件名" /> 或 <paramref name="destinationDirectoryName" /> 无效（例如,它位于未映射的驱动器上）.</para></exception>
      <exception cref="T:System.IO.IOException">
        <paramref name="overwriteFiles" /> is <see langword="false" /> and an archive entry to extract has the same name as a file that already exists in <paramref name="destinationDirectoryName" />.

-or-

An I/O error has occurred.

-or-

The name of a <see cref="T:System.IO.Compression.ZipArchiveEntry" /> is zero-length, contains only whitespace, or contains one or more invalid characters as defined by <see cref="F:System.IO.Path.InvalidPathChars" />.

-or-

Extracting a <see cref="T:System.IO.Compression.ZipArchiveEntry" /> would result in a file destination that is outside the destination directory (for example, because of parent directory accessors).

-or-

A <see cref="T:System.IO.Compression.ZipArchiveEntry" /> has the same name as an already extracted entry from the same archive.<para><paramref name="overwriteFiles" /> 是 <see langword="false" />,要提取的存档条目与 <paramref name="destinationDirectoryName" /> 中已存在的文件同名. -或- 发生 i/o 错误. -或- 的名称 <see cref="t:system.io.compression.ziparchiveentry" /> 长度为零,仅包含空格,或包含 <see cref="F:System.IO.Path.InvalidPathChars" /> 定义的一个或多个无效字符. -或- 提取 <see cref="t:system.io.compression.ziparchiveentry" /> 将导致文件目标位于目标目录之外（例如,由于父目录访问器）. -或- 一个 <see cref="t:system.io.compression.ziparchiveentry" /> 与已从同一存档中提取的条目具有相同的名称.</para></exception>
      <exception cref="T:System.UnauthorizedAccessException">The caller does not have the required permission.<para>调用方没有所需的权限.</para></exception>
      <exception cref="T:System.NotSupportedException">
        <paramref name="sourceArchiveFileName" /> or <paramref name="destinationDirectoryName" /> is in an invalid format.<para>$<paramref name="sourcearchivefilename" /> 或 <paramref name="destinationDirectoryName" /> 的格式无效.</para></exception>
      <exception cref="T:System.IO.FileNotFoundException">
        <paramref name="sourceArchiveFileName" /> was not found.<para>$<paramref name="sourcearchivefilename" /> 未找到.</para></exception>
      <exception cref="T:System.IO.InvalidDataException">The archive specified by <paramref name="sourceArchiveFileName" /> is not a valid <see cref="T:System.IO.Compression.ZipArchive" />.

-or-

An archive entry was not found or was corrupt.

-or-

An archive entry has been compressed using a compression method that is not supported.<para>指定的存档 $<paramref name="sourcearchive文件名" /> 不是有效的 <see cref="t:system.io.compression.ziparchive" /> . -或- 存档条目未找到或已损坏. -或- 已使用不支持的压缩方法压缩存档条目.</para></exception>
    </member>
    <member name="M:System.IO.Compression.ZipFile.Open(System.String,System.IO.Compression.ZipArchiveMode)">
      <summary>Opens a zip archive at the specified path and in the specified mode.<para>在指定路径和指定模式下打开 zip 存档.</para></summary>
      <param name="archiveFileName">The path to the archive to open, specified as a relative or absolute path. A relative path is interpreted as relative to the current working directory.<para>要打开的存档的路径,指定为相对路径或绝对路径.相对路径被解释为相对于当前工作目录.</para></param>
      <param name="mode">One of the enumeration values that specifies the actions which are allowed on the entries in the opened archive.<para>指定允许对打开的存档中的条目执行的操作的枚举值之一.</para></param>
      <exception cref="T:System.ArgumentException">
        <paramref name="archiveFileName" /> is <see cref="F:System.String.Empty" />, contains only white space, or contains at least one invalid character.<para><paramref name="archiveFileName" /> 是 <see cref="F:System.String.Empty" />,仅包含空格,或至少包含一个无效字符.</para></exception>
      <exception cref="T:System.ArgumentNullException">
        <paramref name="archiveFileName" /> is <see langword="null" />.<para><paramref name="archiveFileName" /> 是 <see langword="null" />.</para></exception>
      <exception cref="T:System.IO.PathTooLongException">In <paramref name="archiveFileName" />, the specified path, file name, or both exceed the system-defined maximum length.<para>在 <paramref name="archiveFileName" /> 中,指定的路径和/或文件名都超过了系统定义的最大长度.</para></exception>
      <exception cref="T:System.IO.DirectoryNotFoundException">
        <paramref name="archiveFileName" /> is invalid or does not exist (for example, it is on an unmapped drive).<para><paramref name="archiveFileName" /> 无效或不存在（例如,它位于未映射的驱动器上）.无法打开</para></exception>
      <exception cref="T:System.IO.IOException">
        <paramref name="archiveFileName" /> could not be opened.  
  
 -or-  
  
 <paramref name="mode" /> is set to <see cref="F:System.IO.Compression.ZipArchiveMode.Create" />, but the file specified in <paramref name="archiveFileName" /> already exists.

-or-

An unspecified I/O error occurred while opening the file.<para><paramref name="archiveFileName" />. -或- <paramref name="mode" /> 设置为 <see cref="f:system.io.compression.ziparchivemode.create" /> ,但 <paramref name="archiveFileName" /> 中指定的文件已存在. -或- 打开文件时发生不明 i/o 错误.</para></exception>
      <exception cref="T:System.UnauthorizedAccessException">
        <paramref name="archiveFileName" /> specifies a directory.  
  
 -or-  
  
 The caller does not have the required permission to access the file specified in <paramref name="archiveFileName" />.<para><paramref name="archiveFileName" /> 指定目录. -或- 调用方没有访问 <paramref name="archiveFileName" /> 中指定的文件所需的权限.</para></exception>
      <exception cref="T:System.ArgumentOutOfRangeException">
        <paramref name="mode" /> specifies an invalid value.<para><paramref name="mode" /> 指定无效值.</para></exception>
      <exception cref="T:System.IO.FileNotFoundException">
        <paramref name="mode" /> is set to <see cref="F:System.IO.Compression.ZipArchiveMode.Read" />, but the file specified in <paramref name="archiveFileName" /> is not found.<para><paramref name="mode" /> 设置为 <see cref="f:system.io.compression.ziparchivemode.read" /> ,但找不到 <paramref name="archiveFileName" /> 中指定的文件.</para></exception>
      <exception cref="T:System.NotSupportedException">
        <paramref name="archiveFileName" /> contains an invalid format.<para><paramref name="archiveFileName" /> 包含无效格式.</para></exception>
      <exception cref="T:System.IO.InvalidDataException">
        <paramref name="archiveFileName" /> could not be interpreted as a zip archive.  
  
 -or-  
  
 <paramref name="mode" /> is <see cref="F:System.IO.Compression.ZipArchiveMode.Update" />, but an entry is missing or corrupt and cannot be read.  
  
 -or-  
  
 <paramref name="mode" /> is <see cref="F:System.IO.Compression.ZipArchiveMode.Update" />, but an entry is too large to fit into memory.<para><paramref name="archiveFileName" /> 无法解释为 zip 存档. -或- <paramref name="mode" /> 是 <see cref="f:system.io.compression.ziparchivemode.update" /> ,但条目丢失或损坏且无法读取. -或- <paramref name="mode" /> 是 <see cref="f:system.io.compression.ziparchivemode.update" /> ,但条目太大,无法放入内存.</para></exception>
      <returns>The opened zip archive.<para>打开的 zip 存档.</para></returns>
    </member>
    <member name="M:System.IO.Compression.ZipFile.Open(System.String,System.IO.Compression.ZipArchiveMode,System.Text.Encoding)">
      <summary>Opens a zip archive at the specified path, in the specified mode, and by using the specified character encoding for entry names.<para>在指定路径、指定模式下打开 zip 存档,并对条目名称使用指定的字符编码.</para></summary>
      <param name="archiveFileName">The path to the archive to open, specified as a relative or absolute path. A relative path is interpreted as relative to the current working directory.<para>要打开的存档的路径,指定为相对路径或绝对路径.相对路径被解释为相对于当前工作目录.</para></param>
      <param name="mode">One of the enumeration values that specifies the actions that are allowed on the entries in the opened archive.<para>指定允许对打开的存档中的条目执行的操作的枚举值之一.</para></param>
      <param name="entryNameEncoding">The encoding to use when reading or writing entry names in this archive. Specify a value for this parameter only when an encoding is required for interoperability with zip archive tools and libraries that do not support UTF-8 encoding for entry names.<para>在此存档中读取或写入条目名称时要使用的编码.仅当需要编码才能与不支持条目名称的 utf-8 编码的 zip 存档工具和库进行互操作性时,才为此参数指定值.</para></param>
      <exception cref="T:System.ArgumentException">
        <paramref name="archiveFileName" /> is <see cref="F:System.String.Empty" />, contains only white space, or contains at least one invalid character.  
  
 -or-  
  
 <paramref name="entryNameEncoding" /> is set to a Unicode encoding other than UTF-8.<para><paramref name="archiveFileName" /> 是 <see cref="F:System.String.Empty" />,仅包含空格,或至少包含一个无效字符. -或- <paramref name="entryNameEncoding" /> 设置为 utf-8 以外的 unicode 编码.</para></exception>
      <exception cref="T:System.ArgumentNullException">
        <paramref name="archiveFileName" /> is <see langword="null" />.<para><paramref name="archiveFileName" /> 是 <see langword="null" />.</para></exception>
      <exception cref="T:System.IO.PathTooLongException">In <paramref name="archiveFileName" />, the specified path, file name, or both exceed the system-defined maximum length.<para>在 <paramref name="archiveFileName" /> 中,指定的路径和/或文件名都超过了系统定义的最大长度.</para></exception>
      <exception cref="T:System.IO.DirectoryNotFoundException">
        <paramref name="archiveFileName" /> is invalid or does not exist (for example, it is on an unmapped drive).<para><paramref name="archiveFileName" /> 无效或不存在（例如,它位于未映射的驱动器上）.无法打开</para></exception>
      <exception cref="T:System.IO.IOException">
        <paramref name="archiveFileName" /> could not be opened.  
  
 -or-  
  
 <paramref name="mode" /> is set to <see cref="F:System.IO.Compression.ZipArchiveMode.Create" />, but the file specified in <paramref name="archiveFileName" /> already exists.

-or-

An unspecified I/O error occurred while opening the file.<para><paramref name="archiveFileName" />. -或- <paramref name="mode" /> 设置为 <see cref="f:system.io.compression.ziparchivemode.create" /> ,但 <paramref name="archiveFileName" /> 中指定的文件已存在. -或- 打开文件时发生不明 i/o 错误.</para></exception>
      <exception cref="T:System.UnauthorizedAccessException">
        <paramref name="archiveFileName" /> specifies a directory.  
  
 -or-  
  
 The caller does not have the required permission to access the file specified in <paramref name="archiveFileName" />.<para><paramref name="archiveFileName" /> 指定目录. -或- 调用方没有访问 <paramref name="archiveFileName" /> 中指定的文件所需的权限.</para></exception>
      <exception cref="T:System.ArgumentOutOfRangeException">
        <paramref name="mode" /> specifies an invalid value.<para><paramref name="mode" /> 指定无效值.</para></exception>
      <exception cref="T:System.IO.FileNotFoundException">
        <paramref name="mode" /> is set to <see cref="F:System.IO.Compression.ZipArchiveMode.Read" />, but the file specified in <paramref name="archiveFileName" /> is not found.<para><paramref name="mode" /> 设置为 <see cref="f:system.io.compression.ziparchivemode.read" /> ,但找不到 <paramref name="archiveFileName" /> 中指定的文件.</para></exception>
      <exception cref="T:System.NotSupportedException">
        <paramref name="archiveFileName" /> contains an invalid format.<para><paramref name="archiveFileName" /> 包含无效格式.</para></exception>
      <exception cref="T:System.IO.InvalidDataException">
        <paramref name="archiveFileName" /> could not be interpreted as a zip archive.  
  
 -or-  
  
 <paramref name="mode" /> is <see cref="F:System.IO.Compression.ZipArchiveMode.Update" />, but an entry is missing or corrupt and cannot be read.  
  
 -or-  
  
 <paramref name="mode" /> is <see cref="F:System.IO.Compression.ZipArchiveMode.Update" />, but an entry is too large to fit into memory.<para><paramref name="archiveFileName" /> 无法解释为 zip 存档. -或- <paramref name="mode" /> 是 <see cref="f:system.io.compression.ziparchivemode.update" /> ,但条目丢失或损坏且无法读取. -或- <paramref name="mode" /> 是 <see cref="f:system.io.compression.ziparchivemode.update" /> ,但条目太大,无法放入内存.</para></exception>
      <returns>The opened zip archive.<para>打开的 zip 存档.</para></returns>
    </member>
    <member name="M:System.IO.Compression.ZipFile.OpenRead(System.String)">
      <summary>Opens a zip archive for reading at the specified path.<para>打开 zip 存档以在指定路径进行读取.</para></summary>
      <param name="archiveFileName">The path to the archive to open, specified as a relative or absolute path. A relative path is interpreted as relative to the current working directory.<para>要打开的存档的路径,指定为相对路径或绝对路径.相对路径被解释为相对于当前工作目录.</para></param>
      <exception cref="T:System.ArgumentException">
        <paramref name="archiveFileName" /> is <see cref="F:System.String.Empty" />, contains only white space, or contains at least one invalid character.<para><paramref name="archiveFileName" /> 是 <see cref="F:System.String.Empty" />,仅包含空格,或至少包含一个无效字符.</para></exception>
      <exception cref="T:System.ArgumentNullException">
        <paramref name="archiveFileName" /> is <see langword="null" />.<para><paramref name="archiveFileName" /> 是 <see langword="null" />.</para></exception>
      <exception cref="T:System.IO.PathTooLongException">In <paramref name="archiveFileName" />, the specified path, file name, or both exceed the system-defined maximum length.<para>在 <paramref name="archiveFileName" /> 中,指定的路径和/或文件名都超过了系统定义的最大长度.</para></exception>
      <exception cref="T:System.IO.DirectoryNotFoundException">
        <paramref name="archiveFileName" /> is invalid or does not exist (for example, it is on an unmapped drive).<para><paramref name="archiveFileName" /> 无效或不存在（例如,它位于未映射的驱动器上）.无法打开</para></exception>
      <exception cref="T:System.IO.IOException">
        <paramref name="archiveFileName" /> could not be opened.

-or-

An unspecified I/O error occurred while opening the file.<para><paramref name="archiveFileName" />. -或- 打开文件时发生不明 i/o 错误.</para></exception>
      <exception cref="T:System.UnauthorizedAccessException">
        <paramref name="archiveFileName" /> specifies a directory.  
  
 -or-  
  
 The caller does not have the required permission to access the file specified in <paramref name="archiveFileName" />.<para><paramref name="archiveFileName" /> 指定目录. -或- 调用方没有访问 <paramref name="archiveFileName" /> 中指定的文件所需的权限.</para></exception>
      <exception cref="T:System.IO.FileNotFoundException">The file specified in <paramref name="archiveFileName" /> is not found.<para>找不到 <paramref name="archiveFileName" /> 中指定的文件.</para></exception>
      <exception cref="T:System.NotSupportedException">
        <paramref name="archiveFileName" /> contains an invalid format.<para><paramref name="archiveFileName" /> 包含无效格式.</para></exception>
      <exception cref="T:System.IO.InvalidDataException">
        <paramref name="archiveFileName" /> could not be interpreted as a zip archive.<para><paramref name="archiveFileName" /> 无法解释为 zip 存档.</para></exception>
      <returns>The opened zip archive.<para>打开的 zip 存档.</para></returns>
    </member>
    <member name="T:System.IO.Compression.ZipFileExtensions">
      <summary>Provides extension methods for the <see cref="T:System.IO.Compression.ZipArchive" /> and <see cref="T:System.IO.Compression.ZipArchiveEntry" /> classes.<para>提供扩展方法 <see cref="t:system.io.compression.ziparchive" /> 和 <see cref="t:system.io.compression.ziparchiveentry" /> 类.</para></summary>
    </member>
    <member name="M:System.IO.Compression.ZipFileExtensions.CreateEntryFromFile(System.IO.Compression.ZipArchive,System.String,System.String)">
      <summary>Archives a file by compressing it and adding it to the zip archive.<para>通过压缩文件并将其添加到 zip 存档来存档文件.</para></summary>
      <param name="destination">The zip archive to add the file to.<para>要将文件添加到的 zip 存档.</para></param>
      <param name="sourceFileName">The path to the file to be archived. You can specify either a relative or an absolute path. A relative path is interpreted as relative to the current working directory.<para>要存档的文件的路径.可以指定相对路径或绝对路径.相对路径被解释为相对于当前工作目录.</para></param>
      <param name="entryName">The name of the entry to create in the zip archive.<para>要在 zip 存档中创建的条目的名称.</para></param>
      <exception cref="T:System.ArgumentException">
        <paramref name="sourceFileName" /> is <see cref="F:System.String.Empty" />, contains only white space, or contains at least one invalid character.  
  
 -or-  
  
 <paramref name="entryName" /> is <see cref="F:System.String.Empty" />.<para><paramref name="sourceFileName" /> 是 <see cref="F:System.String.Empty" />,仅包含空格,或至少包含一个无效字符. -或- <paramref name="entryName" /> 是 <see cref="F:System.String.Empty" />.</para></exception>
      <exception cref="T:System.ArgumentNullException">
        <paramref name="sourceFileName" /> or <paramref name="entryName" /> is <see langword="null" />.<para><paramref name="sourceFileName" /> 或 <paramref name="entryName" /> 是 <see langword="null" />.</para></exception>
      <exception cref="T:System.IO.PathTooLongException">In <paramref name="sourceFileName" />, the specified path, file name, or both exceed the system-defined maximum length.<para>在 <paramref name="sourceFileName" /> 中,指定的路径和/或文件名都超过了系统定义的最大长度.</para></exception>
      <exception cref="T:System.IO.DirectoryNotFoundException">
        <paramref name="sourceFileName" /> is invalid (for example, it is on an unmapped drive).<para><paramref name="sourceFileName" /> 无效（例如,它位于未映射的驱动器上）.</para></exception>
      <exception cref="T:System.IO.IOException">The file specified by <paramref name="sourceFileName" /> cannot be opened, or is too large to be updated (current limit is <see cref="F:System.Int32.MaxValue">Int32.MaxValue</see>).<para><paramref name="sourceFileName" /> 指定的文件无法打开,或者太大而无法更新（当前限制为 <see cref="F:System.Int32.MaxValue">Int32.MaxValue</see>）.</para></exception>
      <exception cref="T:System.UnauthorizedAccessException">
        <paramref name="sourceFileName" /> specifies a directory.  
  
 -or-  
  
 The caller does not have the required permission to access the file specified by <paramref name="sourceFileName" />.<para><paramref name="sourceFileName" /> 指定目录. -或- 调用方没有访问 <paramref name="sourceFileName" /> 指定的文件所需的权限.</para></exception>
      <exception cref="T:System.IO.FileNotFoundException">The file specified by <paramref name="sourceFileName" /> is not found.<para>找不到 <paramref name="sourceFileName" /> 指定的文件.</para></exception>
      <exception cref="T:System.NotSupportedException">The <paramref name="sourceFileName" /> parameter is in an invalid format.  
  
 -or-  
  
 The zip archive does not support writing.<para><paramref name="sourceFileName" /> 参数的格式无效. -或- zip 存档不支持写入.</para></exception>
      <exception cref="T:System.ObjectDisposedException">The zip archive has been disposed.<para>压缩存档已被处置.</para></exception>
      <returns>A wrapper for the new entry in the zip archive.<para>zip 存档中新条目的包装器.</para></returns>
    </member>
    <member name="M:System.IO.Compression.ZipFileExtensions.CreateEntryFromFile(System.IO.Compression.ZipArchive,System.String,System.String,System.IO.Compression.CompressionLevel)">
      <summary>Archives a file by compressing it using the specified compression level and adding it to the zip archive.<para>通过使用指定的压缩级别压缩文件并将其添加到 zip 存档来存档文件.</para></summary>
      <param name="destination">The zip archive to add the file to.<para>要将文件添加到的 zip 存档.</para></param>
      <param name="sourceFileName">The path to the file to be archived. You can specify either a relative or an absolute path. A relative path is interpreted as relative to the current working directory.<para>要存档的文件的路径.可以指定相对路径或绝对路径.相对路径被解释为相对于当前工作目录.</para></param>
      <param name="entryName">The name of the entry to create in the zip archive.<para>要在 zip 存档中创建的条目的名称.</para></param>
      <param name="compressionLevel">One of the enumeration values that indicates whether to emphasize speed or compression effectiveness when creating the entry.<para>指示在创建条目时是强调速度还是压缩有效性的枚举值之一.</para></param>
      <exception cref="T:System.ArgumentException">
        <paramref name="sourceFileName" /> is <see cref="F:System.String.Empty" />, contains only white space, or contains at least one invalid character.  
  
 -or-  
  
 <paramref name="entryName" /> is <see cref="F:System.String.Empty" />.<para><paramref name="sourceFileName" /> 是 <see cref="F:System.String.Empty" />,仅包含空格,或至少包含一个无效字符. -或- <paramref name="entryName" /> 是 <see cref="F:System.String.Empty" />.</para></exception>
      <exception cref="T:System.ArgumentNullException">
        <paramref name="sourceFileName" /> or <paramref name="entryName" /> is <see langword="null" />.<para><paramref name="sourceFileName" /> 或 <paramref name="entryName" /> 是 <see langword="null" />.</para></exception>
      <exception cref="T:System.IO.DirectoryNotFoundException">
        <paramref name="sourceFileName" /> is invalid (for example, it is on an unmapped drive).<para><paramref name="sourceFileName" /> 无效（例如,它位于未映射的驱动器上）.</para></exception>
      <exception cref="T:System.IO.PathTooLongException">In <paramref name="sourceFileName" />, the specified path, file name, or both exceed the system-defined maximum length.<para>在 <paramref name="sourceFileName" /> 中,指定的路径和/或文件名都超过了系统定义的最大长度.</para></exception>
      <exception cref="T:System.IO.IOException">The file specified by <paramref name="sourceFileName" /> cannot be opened, or is too large to be updated (current limit is <see cref="F:System.Int32.MaxValue">Int32.MaxValue</see>).<para><paramref name="sourceFileName" /> 指定的文件无法打开,或者太大而无法更新（当前限制为 <see cref="F:System.Int32.MaxValue">Int32.MaxValue</see>）.</para></exception>
      <exception cref="T:System.UnauthorizedAccessException">
        <paramref name="sourceFileName" /> specifies a directory.  
  
 -or-  
  
 The caller does not have the required permission to access the file specified by <paramref name="sourceFileName" />.<para><paramref name="sourceFileName" /> 指定目录. -或- 调用方没有访问 <paramref name="sourceFileName" /> 指定的文件所需的权限.</para></exception>
      <exception cref="T:System.IO.FileNotFoundException">The file specified by <paramref name="sourceFileName" /> is not found.<para>找不到 <paramref name="sourceFileName" /> 指定的文件.</para></exception>
      <exception cref="T:System.NotSupportedException">The <paramref name="sourceFileName" /> parameter is in an invalid format.  
  
 -or-  
  
 The zip archive does not support writing.<para><paramref name="sourceFileName" /> 参数的格式无效. -或- zip 存档不支持写入.</para></exception>
      <exception cref="T:System.ObjectDisposedException">The zip archive has been disposed.<para>压缩存档已被处置.</para></exception>
      <returns>A wrapper for the new entry in the zip archive.<para>zip 存档中新条目的包装器.</para></returns>
    </member>
    <member name="M:System.IO.Compression.ZipFileExtensions.ExtractToDirectory(System.IO.Compression.ZipArchive,System.String)">
      <summary>Extracts all the files in the zip archive to a directory on the file system.<para>将 zip 存档中的所有文件提取到文件系统上的目录中.</para></summary>
      <param name="source">The zip archive to extract files from.<para>要从中提取文件的 zip 存档.</para></param>
      <param name="destinationDirectoryName">The path to the directory to place the extracted files in. You can specify either a relative or an absolute path. A relative path is interpreted as relative to the current working directory.<para>放置提取的文件的目录的路径.可以指定相对路径或绝对路径.相对路径被解释为相对于当前工作目录.</para></param>
      <exception cref="T:System.ArgumentException">
        <paramref name="destinationDirectoryName" /> is <see cref="F:System.String.Empty" />, contains only white space, or contains at least one invalid character.<para><paramref name="destinationDirectoryName" /> 是 <see cref="F:System.String.Empty" />,仅包含空格,或至少包含一个无效字符.</para></exception>
      <exception cref="T:System.ArgumentNullException">
        <paramref name="destinationDirectoryName" /> is <see langword="null" />.<para><paramref name="destinationDirectoryName" /> 是 <see langword="null" />.</para></exception>
      <exception cref="T:System.IO.PathTooLongException">The specified path exceeds the system-defined maximum length.<para>指定的路径超过系统定义的最大长度.</para></exception>
      <exception cref="T:System.IO.DirectoryNotFoundException">The specified path is invalid (for example, it is on an unmapped drive).<para>指定的路径无效（例如,它位于未映射的驱动器上）.</para></exception>
      <exception cref="T:System.IO.IOException">The name of an entry in the archive is <see cref="F:System.String.Empty" />, contains only white space, or contains at least one invalid character.  
  
 -or-  
  
 Extracting an entry from the archive would create a file that is outside the directory specified by <paramref name="destinationDirectoryName" />. (For example, this might happen if the entry name contains parent directory accessors.)  
  
 -or-  
  
 Two or more entries in the archive have the same name.<para>存档中条目的名称是 <see cref="F:System.String.Empty" />,仅包含空格或至少包含一个无效字符. -或- 从存档中提取条目将创建一个位于 <paramref name="destinationDirectoryName" /> 指定的目录之外的文件.（例如,如果条目名称包含父目录访问器,则可能会发生这种情况. -或- 存档中的两个或多个条目具有相同的名称.</para></exception>
      <exception cref="T:System.UnauthorizedAccessException">The caller does not have the required permission to write to the destination directory.<para>调用方没有写入目标目录所需的权限.</para></exception>
      <exception cref="T:System.NotSupportedException">
        <paramref name="destinationDirectoryName" /> contains an invalid format.<para><paramref name="destinationDirectoryName" /> 包含无效格式.</para></exception>
      <exception cref="T:System.IO.InvalidDataException">An archive entry cannot be found or is corrupt.  
  
 -or-  
  
 An archive entry was compressed by using a compression method that is not supported.<para>找不到存档条目或已损坏. -或- 使用不支持的压缩方法压缩了存档条目.</para></exception>
    </member>
    <member name="M:System.IO.Compression.ZipFileExtensions.ExtractToDirectory(System.IO.Compression.ZipArchive,System.String,System.Boolean)">
      <summary>Extracts all of the files in the archive to a directory on the file system.<para>将存档中的所有文件解压缩到文件系统上的目录中.</para></summary>
      <param name="source">The <see cref="T:System.IO.Compression.ZipArchive" /> to extract.<para>这 <see cref="t:system.io.compression.ziparchive" /> 以提取.</para></param>
      <param name="destinationDirectoryName">The path to the destination directory on the file system. The path can be relative or absolute. A relative path is interpreted as relative to the current working directory.<para>文件系统上目标目录的路径.路径可以是相对路径,也可以是绝对路径.相对路径被解释为相对于当前工作目录.</para></param>
      <param name="overwriteFiles">
        <see langword="true" /> to overwrite existing files; <see langword="false" /> otherwise.<para><see langword="true" /> 覆盖现有文件;<see langword="false" /> 否则.</para></param>
      <exception cref="T:System.ArgumentException">
        <paramref name="destinationArchiveFileName" /> is a zero-length string, contains only whitespace,
            or contains one or more invalid characters as defined by <see cref="F:System.IO.Path.InvalidPathChars" />.<para>$<paramref name="destinationarchive文件名" /> 是一个长度为零的字符串,仅包含空格, 或包含 <see cref="F:System.IO.Path.InvalidPathChars" /> 定义的一个或多个无效字符.</para></exception>
      <exception cref="T:System.ArgumentNullException">
        <paramref name="destinationArchiveFileName" /> is <see langword="null" />.<para>$<paramref name="destinationarchive文件名" /> 是 <see langword="null" />.</para></exception>
      <exception cref="T:System.IO.PathTooLongException">The specified path, file name, or both exceed the system-defined maximum length.<para>指定的路径和/或文件名超过系统定义的最大长度.</para></exception>
      <exception cref="T:System.IO.DirectoryNotFoundException">The specified path is invalid (for example, it is on an unmapped drive).<para>指定的路径无效（例如,它位于未映射的驱动器上）.</para></exception>
      <exception cref="T:System.IO.IOException">The name of a <see cref="T:System.IO.Compression.ZipArchiveEntry" /> is zero-length, contains only whitespace, or contains one or more invalid characters as defined by <see cref="F:System.IO.Path.InvalidPathChars" />.

-or-

Extracting a <see cref="T:System.IO.Compression.ZipArchiveEntry" /> would have resulted in a destination file that is outside <paramref name="destinationArchiveFileName" /> (for example, if the entry name contains parent directory accessors).

-or-

A <see cref="T:System.IO.Compression.ZipArchiveEntry" /> has the same name as an already extracted entry from the same archive.<para>的名称 <see cref="t:system.io.compression.ziparchiveentry" /> 长度为零,仅包含空格,或包含 <see cref="F:System.IO.Path.InvalidPathChars" /> 定义的一个或多个无效字符. -或- 提取 <see cref="t:system.io.compression.ziparchiveentry" /> 将导致目标文件位于外部 $<paramref name="destinationarchive文件名" /> （例如,如果条目名称包含父目录访问器）. -或- 一个 <see cref="t:system.io.compression.ziparchiveentry" /> 与已从同一存档中提取的条目具有相同的名称.</para></exception>
      <exception cref="T:System.UnauthorizedAccessException">The caller does not have the required permission.<para>调用方没有所需的权限.</para></exception>
      <exception cref="T:System.NotSupportedException">
        <paramref name="destinationArchiveFileName" /> is in an invalid format.<para>$<paramref name="destinationarchive文件名" /> 格式无效.</para></exception>
      <exception cref="T:System.IO.InvalidDataException">A <see cref="T:System.IO.Compression.ZipArchiveEntry" /> was not found or was corrupt.

-or-

A <see cref="T:System.IO.Compression.ZipArchiveEntry" /> has been compressed using a compression method that is not supported.<para>a <see cref="t:system.io.compression.ziparchiveentry" /> 未找到或已损坏. -或- 一个 <see cref="t:system.io.compression.ziparchiveentry" /> 已使用不支持的压缩方法进行压缩.</para></exception>
    </member>
    <member name="M:System.IO.Compression.ZipFileExtensions.ExtractToFile(System.IO.Compression.ZipArchiveEntry,System.String)">
      <summary>Extracts an entry in the zip archive to a file.<para>将 zip 存档中的条目提取到文件中.</para></summary>
      <param name="source">The zip archive entry to extract a file from.<para>要从中提取文件的 zip 存档条目.</para></param>
      <param name="destinationFileName">The path of the file to create from the contents of the entry. You can specify either a relative or an absolute path. A relative path is interpreted as relative to the current working directory.<para>要从条目内容创建的文件的路径.可以指定相对路径或绝对路径.相对路径被解释为相对于当前工作目录.</para></param>
      <exception cref="T:System.ArgumentException">
        <paramref name="destinationFileName" /> is a zero-length string, contains only white space, or contains one or more invalid characters as defined by <see cref="F:System.IO.Path.InvalidPathChars" />.  
  
 -or-  
  
 <paramref name="destinationFileName" /> specifies a directory.<para><paramref name="destinationFileName" /> 是一个长度为零的字符串,仅包含空格,或者包含一个或多个由 <see cref="F:System.IO.Path.InvalidPathChars" /> 定义的无效字符. -或- <paramref name="destinationFileName" /> 指定目录.</para></exception>
      <exception cref="T:System.ArgumentNullException">
        <paramref name="destinationFileName" /> is <see langword="null" />.<para><paramref name="destinationFileName" /> 是 <see langword="null" />.</para></exception>
      <exception cref="T:System.IO.PathTooLongException">The specified path, file name, or both exceed the system-defined maximum length.<para>指定的路径和/或文件名超过系统定义的最大长度.</para></exception>
      <exception cref="T:System.IO.DirectoryNotFoundException">The specified path is invalid (for example, it is on an unmapped drive).<para>指定的路径无效（例如,它位于未映射的驱动器上）.</para></exception>
      <exception cref="T:System.IO.IOException">
        <paramref name="destinationFileName" /> already exists.  
  
 -or-  
  
 An I/O error occurred.  
  
 -or-  
  
 The entry is currently open for writing.  
  
 -or-  
  
 The entry has been deleted from the archive.<para><paramref name="destinationFileName" /> 已存在. -或- 发生 i/o 错误. -或- 该条目目前已开放供撰写. -或- 该条目已从存档中删除.</para></exception>
      <exception cref="T:System.UnauthorizedAccessException">The caller does not have the required permission to create the new file.<para>调用方没有创建新文件所需的权限.</para></exception>
      <exception cref="T:System.IO.InvalidDataException">The entry is missing from the archive, or is corrupt and cannot be read.  
  
 -or-  
  
 The entry has been compressed by using a compression method that is not supported.<para>存档中缺少该条目,或者已损坏且无法读取. -或- 已使用不支持的压缩方法压缩条目.</para></exception>
      <exception cref="T:System.ObjectDisposedException">The zip archive that this entry belongs to has been disposed.<para>此条目所属的 zip 存档已被释放.</para></exception>
      <exception cref="T:System.NotSupportedException">
        <paramref name="destinationFileName" /> is in an invalid format.  
  
 -or-  
  
 The zip archive for this entry was opened in <see cref="F:System.IO.Compression.ZipArchiveMode.Create" /> mode, which does not permit the retrieval of entries.<para><paramref name="destinationFileName" /> 格式无效. -或- 此条目的 zip 存档在 <see cref="f:system.io.compression.ziparchivemode.create" /> 模式,不允许检索条目.</para></exception>
    </member>
    <member name="M:System.IO.Compression.ZipFileExtensions.ExtractToFile(System.IO.Compression.ZipArchiveEntry,System.String,System.Boolean)">
      <summary>Extracts an entry in the zip archive to a file, and optionally overwrites an existing file that has the same name.<para>将 zip 存档中的条目提取到文件中,并选择性地覆盖具有相同名称的现有文件.</para></summary>
      <param name="source">The zip archive entry to extract a file from.<para>要从中提取文件的 zip 存档条目.</para></param>
      <param name="destinationFileName">The path of the file to create from the contents of the entry. You can specify either a relative or an absolute path. A relative path is interpreted as relative to the current working directory.<para>要从条目内容创建的文件的路径.可以指定相对路径或绝对路径.相对路径被解释为相对于当前工作目录.</para></param>
      <param name="overwrite">
        <see langword="true" /> to overwrite an existing file that has the same name as the destination file; otherwise, <see langword="false" />.<para><see langword="true" /> 覆盖与目标文件同名的现有文件;否则,<see langword="false" />.</para></param>
      <exception cref="T:System.ArgumentException">
        <paramref name="destinationFileName" /> is a zero-length string, contains only white space, or contains one or more invalid characters as defined by <see cref="F:System.IO.Path.InvalidPathChars" />.  
  
 -or-  
  
 <paramref name="destinationFileName" /> specifies a directory.<para><paramref name="destinationFileName" /> 是一个长度为零的字符串,仅包含空格,或者包含一个或多个由 <see cref="F:System.IO.Path.InvalidPathChars" /> 定义的无效字符. -或- <paramref name="destinationFileName" /> 指定目录.</para></exception>
      <exception cref="T:System.ArgumentNullException">
        <paramref name="destinationFileName" /> is <see langword="null" />.<para><paramref name="destinationFileName" /> 是 <see langword="null" />.</para></exception>
      <exception cref="T:System.IO.PathTooLongException">The specified path, file name, or both exceed the system-defined maximum length.<para>指定的路径和/或文件名超过系统定义的最大长度.</para></exception>
      <exception cref="T:System.IO.DirectoryNotFoundException">The specified path is invalid (for example, it is on an unmapped drive).<para>指定的路径无效（例如,它位于未映射的驱动器上）.</para></exception>
      <exception cref="T:System.IO.IOException">
        <paramref name="destinationFileName" /> already exists and <paramref name="overwrite" /> is <see langword="false" />.  
  
 -or-  
  
 An I/O error occurred.  
  
 -or-  
  
 The entry is currently open for writing.  
  
 -or-  
  
 The entry has been deleted from the archive.<para><paramref name="destinationFileName" /> 已存在,<paramref name="overwrite" /> 为 <see langword="false" />. -或- 发生 i/o 错误. -或- 该条目目前已开放供撰写. -或- 该条目已从存档中删除.</para></exception>
      <exception cref="T:System.UnauthorizedAccessException">The caller does not have the required permission to create the new file.<para>调用方没有创建新文件所需的权限.</para></exception>
      <exception cref="T:System.IO.InvalidDataException">The entry is missing from the archive or is corrupt and cannot be read.  
  
 -or-  
  
 The entry has been compressed by using a compression method that is not supported.<para>存档中缺少条目或已损坏且无法读取. -或- 已使用不支持的压缩方法压缩条目.</para></exception>
      <exception cref="T:System.ObjectDisposedException">The zip archive that this entry belongs to has been disposed.<para>此条目所属的 zip 存档已被释放.</para></exception>
      <exception cref="T:System.NotSupportedException">
        <paramref name="destinationFileName" /> is in an invalid format.  
  
 -or-  
  
 The zip archive for this entry was opened in <see cref="F:System.IO.Compression.ZipArchiveMode.Create" /> mode, which does not permit the retrieval of entries.<para><paramref name="destinationFileName" /> 格式无效. -或- 此条目的 zip 存档在 <see cref="f:system.io.compression.ziparchivemode.create" /> 模式,不允许检索条目.</para></exception>
    </member>
  </members>
</doc>