﻿<?xml version="1.0" encoding="utf-8"?>
<doc>
  <assembly>
    <name>System.ComponentModel.EventBasedAsync</name>
  </assembly>
  <members>
    <member name="T:System.ComponentModel.AsyncCompletedEventArgs">
      <summary>Provides data for the MethodName<see langword="Completed" /> event.<para>为 methodname<see langword="Completed" /> 事件提供数据.</para></summary>
    </member>
    <member name="M:System.ComponentModel.AsyncCompletedEventArgs.#ctor(System.Exception,System.Boolean,System.Object)">
      <summary>Initializes a new instance of the <see cref="T:System.ComponentModel.AsyncCompletedEventArgs" /> class.<para>初始化 <see cref="t:system.componentmodel.asynccompletedeventargs" /> .class.</para></summary>
      <param name="error">Any error that occurred during the asynchronous operation.<para>异步操作期间发生的任何错误.</para></param>
      <param name="cancelled">A value indicating whether the asynchronous operation was canceled.<para>指示异步操作是否已取消的值.</para></param>
      <param name="userState">The optional user-supplied state object passed to the <see cref="M:System.ComponentModel.BackgroundWorker.RunWorkerAsync(System.Object)" /> method.<para>传递给 <see cref="m:system.componentmodel.backgroundworker.runworkerasync（system.object）" /> 方法.</para></param>
    </member>
    <member name="M:System.ComponentModel.AsyncCompletedEventArgs.RaiseExceptionIfNecessary">
      <summary>Raises a user-supplied exception if an asynchronous operation failed.<para>在异步操作失败时引发用户提供的异常.</para></summary>
      <exception cref="T:System.InvalidOperationException">The <see cref="P:System.ComponentModel.AsyncCompletedEventArgs.Cancelled" /> property is <see langword="true" />.<para>这 <see cref="p:system.componentmodel.asynccompletedeventargs.cancel" /> 属性为 <see langword="true" />.</para></exception>
      <exception cref="T:System.Reflection.TargetInvocationException">The <see cref="P:System.ComponentModel.AsyncCompletedEventArgs.Error" /> property has been set by the asynchronous operation. The <see cref="P:System.Exception.InnerException" /> property holds a reference to <see cref="P:System.ComponentModel.AsyncCompletedEventArgs.Error" />.<para><see cref="p:system.componentmodel.asynccompletedeventargs.error" /> 属性已由异步操作设置.<see cref="P:System.Exception.InnerException" /> 属性包含对 <see cref="p:system.componentmodel.asynccompletedeventargs.error" /> .</para></exception>
    </member>
    <member name="P:System.ComponentModel.AsyncCompletedEventArgs.Cancelled">
      <summary>Gets a value indicating whether an asynchronous operation has been canceled.<para>获取一个值,该值指示异步操作是否已取消.</para></summary>
      <returns>
        <see langword="true" /> if the background operation has been canceled; otherwise <see langword="false" />. The default is <see langword="false" />.<para><see langword="true" /> 如果后台操作已取消;否则 <see langword="false" />.默认值为 <see langword="false" />.</para></returns>
    </member>
    <member name="P:System.ComponentModel.AsyncCompletedEventArgs.Error">
      <summary>Gets a value indicating which error occurred during an asynchronous operation.<para>获取一个值,该值指示异步操作期间发生的错误.</para></summary>
      <returns>An <see cref="T:System.Exception" /> instance, if an error occurred during an asynchronous operation; otherwise <see langword="null" />.<para><see cref="T:System.Exception" /> 实例,如果在异步操作期间发生错误;否则 <see langword="null" />.</para></returns>
    </member>
    <member name="P:System.ComponentModel.AsyncCompletedEventArgs.UserState">
      <summary>Gets the unique identifier for the asynchronous task.<para>获取异步任务的唯一标识符.</para></summary>
      <returns>An object reference that uniquely identifies the asynchronous task; otherwise, <see langword="null" /> if no value has been set.<para>唯一标识异步任务的对象引用;否则,如果未设置任何值,则为 <see langword="null" />.</para></returns>
    </member>
    <member name="T:System.ComponentModel.AsyncCompletedEventHandler">
      <summary>Represents the method that will handle the MethodName<see langword="Completed" /> event of an asynchronous operation.<para>表示将处理异步操作的 methodname<see langword="Completed" /> 事件的方法.</para></summary>
      <param name="sender">The source of the event.<para>事件的源.</para></param>
      <param name="e">An <see cref="T:System.ComponentModel.AsyncCompletedEventArgs" /> that contains the event data.<para>一个 <see cref="t:system.componentmodel.asynccompletedeventargs" /> 包含事件数据.</para></param>
    </member>
    <member name="T:System.ComponentModel.AsyncOperation">
      <summary>Tracks the lifetime of an asynchronous operation.<para>跟踪异步操作的生存期.</para></summary>
    </member>
    <member name="M:System.ComponentModel.AsyncOperation.Finalize">
      <summary>Finalizes the asynchronous operation.<para>完成异步操作.</para></summary>
    </member>
    <member name="M:System.ComponentModel.AsyncOperation.OperationCompleted">
      <summary>Ends the lifetime of an asynchronous operation.<para>结束异步操作的生存期.</para></summary>
      <exception cref="T:System.InvalidOperationException">
        <see cref="M:System.ComponentModel.AsyncOperation.OperationCompleted" /> has been called previously for this task.<para><see cref="m:system.componentmodel.asyncoperation.operationdone" /> 之前已为此任务调用.</para></exception>
    </member>
    <member name="M:System.ComponentModel.AsyncOperation.Post(System.Threading.SendOrPostCallback,System.Object)">
      <summary>Invokes a delegate on the thread or context appropriate for the application model.<para>在适用于应用程序模型的线程或上下文上调用委托.</para></summary>
      <param name="d">A <see cref="T:System.Threading.SendOrPostCallback" /> object that wraps the delegate to be called when the operation ends.<para>一个 <see cref="T:System.Threading.SendOrPostCallback" /> 对象,用于包装操作结束时要调用的委托.</para></param>
      <param name="arg">An argument for the delegate contained in the <paramref name="d" /> parameter.<para>包含在 <paramref name="d" /> 参数中的委托的参数.</para></param>
      <exception cref="T:System.InvalidOperationException">The <see cref="M:System.ComponentModel.AsyncOperation.PostOperationCompleted(System.Threading.SendOrPostCallback,System.Object)" /> method has been called previously for this task.<para>这 <see cref="m:system.componentmodel.asyncoperation.postoperationcompleted（system.threading.sendorpostcallback,system.object）" /> 以前已为此任务调用了方法.</para></exception>
      <exception cref="T:System.ArgumentNullException">
        <paramref name="d" /> is <see langword="null" />.<para><paramref name="d" /> 是 <see langword="null" />.</para></exception>
    </member>
    <member name="M:System.ComponentModel.AsyncOperation.PostOperationCompleted(System.Threading.SendOrPostCallback,System.Object)">
      <summary>Ends the lifetime of an asynchronous operation.<para>结束异步操作的生存期.</para></summary>
      <param name="d">A <see cref="T:System.Threading.SendOrPostCallback" /> object that wraps the delegate to be called when the operation ends.<para>一个 <see cref="T:System.Threading.SendOrPostCallback" /> 对象,用于包装操作结束时要调用的委托.</para></param>
      <param name="arg">An argument for the delegate contained in the <paramref name="d" /> parameter.<para>包含在 <paramref name="d" /> 参数中的委托的参数.</para></param>
      <exception cref="T:System.InvalidOperationException">
        <see cref="M:System.ComponentModel.AsyncOperation.OperationCompleted" /> has been called previously for this task.<para><see cref="m:system.componentmodel.asyncoperation.operationdone" /> 之前已为此任务调用.</para></exception>
      <exception cref="T:System.ArgumentNullException">
        <paramref name="d" /> is <see langword="null" />.<para><paramref name="d" /> 是 <see langword="null" />.</para></exception>
    </member>
    <member name="P:System.ComponentModel.AsyncOperation.SynchronizationContext">
      <summary>Gets the <see cref="T:System.Threading.SynchronizationContext" /> object that was passed to the constructor.<para>获取传递给构造函数的 <see cref="T:System.Threading.SynchronizationContext" /> 对象.</para></summary>
      <returns>The <see cref="T:System.Threading.SynchronizationContext" /> object that was passed to the constructor.<para>传递给构造函数的 <see cref="T:System.Threading.SynchronizationContext" /> 对象.</para></returns>
    </member>
    <member name="P:System.ComponentModel.AsyncOperation.UserSuppliedState">
      <summary>Gets or sets an object used to uniquely identify an asynchronous operation.<para>获取或设置用于唯一标识异步操作的对象.</para></summary>
      <returns>The state object passed to the asynchronous method invocation.<para>传递给异步方法调用的状态对象.</para></returns>
    </member>
    <member name="T:System.ComponentModel.AsyncOperationManager">
      <summary>Provides concurrency management for classes that support asynchronous method calls. This class cannot be inherited.<para>为支持异步方法调用的类提供并发管理.此类不能继承.</para></summary>
    </member>
    <member name="M:System.ComponentModel.AsyncOperationManager.CreateOperation(System.Object)">
      <summary>Returns an <see cref="T:System.ComponentModel.AsyncOperation" /> for tracking the duration of a particular asynchronous operation.<para>返回一个 <see cref="t:system.componentmodel.asyncoperation" /> 用于跟踪特定异步操作的持续时间.</para></summary>
      <param name="userSuppliedState">An object used to associate a piece of client state, such as a task ID, with a particular asynchronous operation.<para>用于将一段客户端状态（如任务 id）与特定异步操作相关联的对象.</para></param>
      <returns>An <see cref="T:System.ComponentModel.AsyncOperation" /> that you can use to track the duration of an asynchronous method invocation.<para>一 <see cref="t:system.componentmodel.asyncoperation" /> 可用于跟踪异步方法调用的持续时间.</para></returns>
    </member>
    <member name="P:System.ComponentModel.AsyncOperationManager.SynchronizationContext">
      <summary>Gets or sets the synchronization context for the asynchronous operation.<para>获取或设置异步操作的同步上下文.</para></summary>
      <returns>The synchronization context for the asynchronous operation.<para>异步操作的同步上下文.</para></returns>
    </member>
    <member name="T:System.ComponentModel.BackgroundWorker">
      <summary>Executes an operation on a separate thread.<para>在单独的线程上执行操作.</para></summary>
    </member>
    <member name="E:System.ComponentModel.BackgroundWorker.DoWork">
      <summary>Occurs when <see cref="M:System.ComponentModel.BackgroundWorker.RunWorkerAsync" /> is called.<para>发生于以下情况 <see cref="m:system.componentmodel.backgroundworker.runworkerasync" /> 被称为.</para></summary>
    </member>
    <member name="E:System.ComponentModel.BackgroundWorker.ProgressChanged">
      <summary>Occurs when <see cref="M:System.ComponentModel.BackgroundWorker.ReportProgress(System.Int32)" /> is called.<para>在调用 <see cref="M:System.ComponentModel.BackgroundWorker.ReportProgress(System.Int32)" /> 时发生.</para></summary>
    </member>
    <member name="E:System.ComponentModel.BackgroundWorker.RunWorkerCompleted">
      <summary>Occurs when the background operation has completed, has been canceled, or has raised an exception.<para>当后台操作已完成、已取消或引发异常时发生.</para></summary>
    </member>
    <member name="M:System.ComponentModel.BackgroundWorker.#ctor">
      <summary>Initializes a new instance of the <see cref="T:System.ComponentModel.BackgroundWorker" /> class.<para>初始化 <see cref="T:System.ComponentModel.BackgroundWorker" /> 类的新实例.</para></summary>
    </member>
    <member name="M:System.ComponentModel.BackgroundWorker.CancelAsync">
      <summary>Requests cancellation of a pending background operation.<para>请求取消挂起的后台操作.</para></summary>
      <exception cref="T:System.InvalidOperationException">
        <see cref="P:System.ComponentModel.BackgroundWorker.WorkerSupportsCancellation" /> is <see langword="false" />.<para><see cref="P:System.ComponentModel.BackgroundWorker.WorkerSupportsCancellation" /> 是 <see langword="false" />.</para></exception>
    </member>
    <member name="M:System.ComponentModel.BackgroundWorker.Dispose(System.Boolean)">
      <summary>This method does not do anything.<para>此方法不执行任何操作.</para></summary>
      <param name="disposing">This method does not do anything.<para>此方法不执行任何操作.</para></param>
    </member>
    <member name="M:System.ComponentModel.BackgroundWorker.OnDoWork(System.ComponentModel.DoWorkEventArgs)">
      <summary>Raises the <see cref="E:System.ComponentModel.BackgroundWorker.DoWork" /> event.<para>引发 <see cref="E:System.ComponentModel.BackgroundWorker.DoWork" /> 事件.</para></summary>
      <param name="e">An <see cref="T:System.EventArgs" /> that contains the event data.<para>一 <see cref="t:system.eventargs" /> 包含事件数据.</para></param>
    </member>
    <member name="M:System.ComponentModel.BackgroundWorker.OnProgressChanged(System.ComponentModel.ProgressChangedEventArgs)">
      <summary>Raises the <see cref="E:System.ComponentModel.BackgroundWorker.ProgressChanged" /> event.<para>引发 <see cref="E:System.ComponentModel.BackgroundWorker.ProgressChanged" /> 事件.</para></summary>
      <param name="e">An <see cref="T:System.EventArgs" /> that contains the event data.<para>一 <see cref="t:system.eventargs" /> 包含事件数据.</para></param>
    </member>
    <member name="M:System.ComponentModel.BackgroundWorker.OnRunWorkerCompleted(System.ComponentModel.RunWorkerCompletedEventArgs)">
      <summary>Raises the <see cref="E:System.ComponentModel.BackgroundWorker.RunWorkerCompleted" /> event.<para>引发 <see cref="E:System.ComponentModel.BackgroundWorker.RunWorkerCompleted" /> 事件.</para></summary>
      <param name="e">An <see cref="T:System.EventArgs" /> that contains the event data.<para>一 <see cref="t:system.eventargs" /> 包含事件数据.</para></param>
    </member>
    <member name="M:System.ComponentModel.BackgroundWorker.ReportProgress(System.Int32)">
      <summary>Raises the <see cref="E:System.ComponentModel.BackgroundWorker.ProgressChanged" /> event.<para>引发 <see cref="E:System.ComponentModel.BackgroundWorker.ProgressChanged" /> 事件.</para></summary>
      <param name="percentProgress">The percentage, from 0 to 100, of the background operation that is complete.<para>完成的后台操作的百分比（从 0 到 100）.</para></param>
      <exception cref="T:System.InvalidOperationException">The <see cref="P:System.ComponentModel.BackgroundWorker.WorkerReportsProgress" /> property is set to <see langword="false" />.<para>属性设置为 <see langword="false" />.</para></exception>
    </member>
    <member name="M:System.ComponentModel.BackgroundWorker.ReportProgress(System.Int32,System.Object)">
      <summary>Raises the <see cref="E:System.ComponentModel.BackgroundWorker.ProgressChanged" /> event.<para>引发 <see cref="E:System.ComponentModel.BackgroundWorker.ProgressChanged" /> 事件.</para></summary>
      <param name="percentProgress">The percentage, from 0 to 100, of the background operation that is complete.<para>完成的后台操作的百分比（从 0 到 100）.</para></param>
      <param name="userState">A unique <see cref="T:System.Object" /> indicating the user state. Returned as the <see cref="P:System.ComponentModel.ProgressChangedEventArgs.UserState" /> property of the <see cref="T:System.ComponentModel.ProgressChangedEventArgs" />.<para>指示用户状态的唯一 <see cref="T:System.Object" />.返回为 <see cref="p:system.componentmodel.progresschangedeventargs.userstate" /> 的属性 <see cref="t:system.componentmodel.progresschangedeventargs" /> .</para></param>
      <exception cref="T:System.InvalidOperationException">The <see cref="P:System.ComponentModel.BackgroundWorker.WorkerReportsProgress" /> property is set to <see langword="false" />.<para>属性设置为 <see langword="false" />.</para></exception>
    </member>
    <member name="M:System.ComponentModel.BackgroundWorker.RunWorkerAsync">
      <summary>Starts execution of a background operation.<para>开始执行后台操作.</para></summary>
      <exception cref="T:System.InvalidOperationException">
        <see cref="P:System.ComponentModel.BackgroundWorker.IsBusy" /> is <see langword="true" />.<para><see cref="P:System.ComponentModel.BackgroundWorker.IsBusy" /> 是 <see langword="true" />.</para></exception>
    </member>
    <member name="M:System.ComponentModel.BackgroundWorker.RunWorkerAsync(System.Object)">
      <summary>Starts execution of a background operation.<para>开始执行后台操作.</para></summary>
      <param name="argument">A parameter for use by the background operation to be executed in the <see cref="E:System.ComponentModel.BackgroundWorker.DoWork" /> event handler.<para>供要在 <see cref="E:System.ComponentModel.BackgroundWorker.DoWork" /> 事件处理程序中执行的后台操作使用的参数.</para></param>
      <exception cref="T:System.InvalidOperationException">
        <see cref="P:System.ComponentModel.BackgroundWorker.IsBusy" /> is <see langword="true" />.<para><see cref="P:System.ComponentModel.BackgroundWorker.IsBusy" /> 是 <see langword="true" />.</para></exception>
    </member>
    <member name="P:System.ComponentModel.BackgroundWorker.CancellationPending">
      <summary>Gets a value indicating whether the application has requested cancellation of a background operation.<para>获取一个值,该值指示应用程序是否已请求取消后台操作.</para></summary>
      <returns>
        <see langword="true" /> if the application has requested cancellation of a background operation; otherwise, <see langword="false" />. The default is <see langword="false" />.<para><see langword="true" /> 如果应用程序已请求取消后台操作;否则,<see langword="false" />.默认值为 <see langword="false" />.</para></returns>
    </member>
    <member name="P:System.ComponentModel.BackgroundWorker.IsBusy">
      <summary>Gets a value indicating whether the <see cref="T:System.ComponentModel.BackgroundWorker" /> is running an asynchronous operation.<para>获取一个值,该值指示 <see cref="T:System.ComponentModel.BackgroundWorker" /> 是否正在运行异步操作.</para></summary>
      <returns>
        <see langword="true" />, if the <see cref="T:System.ComponentModel.BackgroundWorker" /> is running an asynchronous operation; otherwise, <see langword="false" />.<para><see langword="true" />,如果 <see cref="T:System.ComponentModel.BackgroundWorker" /> 正在运行异步操作;否则,<see langword="false" />.</para></returns>
    </member>
    <member name="P:System.ComponentModel.BackgroundWorker.WorkerReportsProgress">
      <summary>Gets or sets a value indicating whether the <see cref="T:System.ComponentModel.BackgroundWorker" /> can report progress updates.<para>获取或设置一个值,该值指示 <see cref="T:System.ComponentModel.BackgroundWorker" /> 是否可以报告进度更新.</para></summary>
      <returns>
        <see langword="true" /> if the <see cref="T:System.ComponentModel.BackgroundWorker" /> supports progress updates; otherwise <see langword="false" />. The default is <see langword="false" />.<para><see langword="true" /> 如果 <see cref="T:System.ComponentModel.BackgroundWorker" /> 支持进度更新;否则 <see langword="false" />.默认值为 <see langword="false" />.</para></returns>
    </member>
    <member name="P:System.ComponentModel.BackgroundWorker.WorkerSupportsCancellation">
      <summary>Gets or sets a value indicating whether the <see cref="T:System.ComponentModel.BackgroundWorker" /> supports asynchronous cancellation.<para>获取或设置一个值,该值指示 <see cref="T:System.ComponentModel.BackgroundWorker" /> 是否支持异步取消.</para></summary>
      <returns>
        <see langword="true" /> if the <see cref="T:System.ComponentModel.BackgroundWorker" /> supports cancellation; otherwise <see langword="false" />. The default is <see langword="false" />.<para><see langword="true" /> 如果 <see cref="T:System.ComponentModel.BackgroundWorker" /> 支持取消;否则 <see langword="false" />.默认值为 <see langword="false" />.</para></returns>
    </member>
    <member name="T:System.ComponentModel.DoWorkEventArgs">
      <summary>Provides data for the <see cref="E:System.ComponentModel.BackgroundWorker.DoWork" /> event handler.<para>为 <see cref="E:System.ComponentModel.BackgroundWorker.DoWork" /> 事件处理程序提供数据.</para></summary>
    </member>
    <member name="M:System.ComponentModel.DoWorkEventArgs.#ctor(System.Object)">
      <summary>Initializes a new instance of the <see cref="T:System.ComponentModel.DoWorkEventArgs" /> class.<para>初始化 <see cref="t:system.componentmodel.doworkeventargs" /> .class.</para></summary>
      <param name="argument">Specifies an argument for an asynchronous operation.<para>指定异步操作的参数.</para></param>
    </member>
    <member name="P:System.ComponentModel.DoWorkEventArgs.Argument">
      <summary>Gets a value that represents the argument of an asynchronous operation.<para>获取一个值,该值表示异步操作的参数.</para></summary>
      <returns>An <see cref="T:System.Object" /> representing the argument of an asynchronous operation.<para>一个 <see cref="T:System.Object" />,表示异步操作的参数.</para></returns>
    </member>
    <member name="P:System.ComponentModel.DoWorkEventArgs.Result">
      <summary>Gets or sets a value that represents the result of an asynchronous operation.<para>获取或设置一个值,该值表示异步操作的结果.</para></summary>
      <returns>An <see cref="T:System.Object" /> representing the result of an asynchronous operation.<para>一个 <see cref="T:System.Object" />,表示异步操作的结果.</para></returns>
    </member>
    <member name="T:System.ComponentModel.DoWorkEventHandler">
      <summary>Represents the method that will handle the <see cref="E:System.ComponentModel.BackgroundWorker.DoWork" /> event. This class cannot be inherited.<para>表示将处理 <see cref="E:System.ComponentModel.BackgroundWorker.DoWork" /> 事件的方法.此类不能继承.</para></summary>
      <param name="sender">The source of the event.<para>事件的源.</para></param>
      <param name="e">A <see cref="T:System.ComponentModel.DoWorkEventArgs" /> that contains the event data.<para>a <see cref="t:system.componentmodel.doworkeventargs" /> 包含事件数据.</para></param>
    </member>
    <member name="T:System.ComponentModel.ProgressChangedEventArgs">
      <summary>Provides data for the <see cref="E:System.ComponentModel.BackgroundWorker.ProgressChanged" /> event.<para>为 <see cref="E:System.ComponentModel.BackgroundWorker.ProgressChanged" /> 事件提供数据.</para></summary>
    </member>
    <member name="M:System.ComponentModel.ProgressChangedEventArgs.#ctor(System.Int32,System.Object)">
      <summary>Initializes a new instance of the <see cref="T:System.ComponentModel.ProgressChangedEventArgs" /> class.<para>初始化 <see cref="t:system.componentmodel.progresschangedeventargs" /> .class.</para></summary>
      <param name="progressPercentage">The percentage of an asynchronous task that has been completed.<para>已完成的异步任务的百分比.</para></param>
      <param name="userState">A unique user state.<para>唯一的用户状态.</para></param>
    </member>
    <member name="P:System.ComponentModel.ProgressChangedEventArgs.ProgressPercentage">
      <summary>Gets the asynchronous task progress percentage.<para>获取异步任务进度百分比.</para></summary>
      <returns>A percentage value indicating the asynchronous task progress.<para>指示异步任务进度的百分比值.</para></returns>
    </member>
    <member name="P:System.ComponentModel.ProgressChangedEventArgs.UserState">
      <summary>Gets a unique user state.<para>获取唯一的用户状态.</para></summary>
      <returns>A unique <see cref="T:System.Object" /> indicating the user state.<para>指示用户状态的唯一 <see cref="T:System.Object" />.</para></returns>
    </member>
    <member name="T:System.ComponentModel.ProgressChangedEventHandler">
      <summary>Represents the method that will handle the <see cref="E:System.ComponentModel.BackgroundWorker.ProgressChanged" /> event of the <see cref="T:System.ComponentModel.BackgroundWorker" /> class. This class cannot be inherited.<para>表示将处理 <see cref="T:System.ComponentModel.BackgroundWorker" /> 类的 <see cref="E:System.ComponentModel.BackgroundWorker.ProgressChanged" /> 事件的方法.此类不能继承.</para></summary>
      <param name="sender">The source of the event.<para>事件的源.</para></param>
      <param name="e">A <see cref="T:System.ComponentModel.ProgressChangedEventArgs" /> that contains the event data.<para>a <see cref="t:system.componentmodel.progresschangedeventargs" /> 包含事件数据.</para></param>
    </member>
    <member name="T:System.ComponentModel.RunWorkerCompletedEventArgs">
      <summary>Provides data for the MethodName<see langword="Completed" /> event.<para>为 methodname<see langword="Completed" /> 事件提供数据.</para></summary>
    </member>
    <member name="M:System.ComponentModel.RunWorkerCompletedEventArgs.#ctor(System.Object,System.Exception,System.Boolean)">
      <summary>Initializes a new instance of the <see cref="T:System.ComponentModel.RunWorkerCompletedEventArgs" /> class.<para>初始化 <see cref="t:system.componentmodel.runworkercompletedeventargs" /> .class.</para></summary>
      <param name="result">The result of an asynchronous operation.<para>异步操作的结果.</para></param>
      <param name="error">Any error that occurred during the asynchronous operation.<para>异步操作期间发生的任何错误.</para></param>
      <param name="cancelled">A value indicating whether the asynchronous operation was canceled.<para>指示异步操作是否已取消的值.</para></param>
    </member>
    <member name="P:System.ComponentModel.RunWorkerCompletedEventArgs.Result">
      <summary>Gets a value that represents the result of an asynchronous operation.<para>获取一个值,该值表示异步操作的结果.</para></summary>
      <exception cref="T:System.Reflection.TargetInvocationException">
        <see cref="P:System.ComponentModel.AsyncCompletedEventArgs.Error" /> is not <see langword="null" />. The <see cref="P:System.Exception.InnerException" /> property holds a reference to <see cref="P:System.ComponentModel.AsyncCompletedEventArgs.Error" />.<para><see cref="p:system.componentmodel.asynccompletedeventargs.error" /> 不是 <see langword="null" />.<see cref="P:System.Exception.InnerException" /> 属性包含对 <see cref="p:system.componentmodel.asynccompletedeventargs.error" /> .</para></exception>
      <exception cref="T:System.InvalidOperationException">
        <see cref="P:System.ComponentModel.AsyncCompletedEventArgs.Cancelled" /> is <see langword="true" />.<para><see cref="p:system.componentmodel.asynccompletedeventargs.cancel" /> 是 <see langword="true" />.</para></exception>
      <returns>An <see cref="T:System.Object" /> representing the result of an asynchronous operation.<para>一个 <see cref="T:System.Object" />,表示异步操作的结果.</para></returns>
    </member>
    <member name="P:System.ComponentModel.RunWorkerCompletedEventArgs.UserState">
      <summary>Gets a value that represents the user state.<para>获取表示用户状态的值.</para></summary>
      <returns>An <see cref="T:System.Object" /> representing the user state.<para>表示用户状态的 <see cref="T:System.Object" />.</para></returns>
    </member>
    <member name="T:System.ComponentModel.RunWorkerCompletedEventHandler">
      <summary>Represents the method that will handle the <see cref="E:System.ComponentModel.BackgroundWorker.RunWorkerCompleted" /> event of a <see cref="T:System.ComponentModel.BackgroundWorker" /> class.<para>表示将处理 <see cref="T:System.ComponentModel.BackgroundWorker" /> 类的 <see cref="E:System.ComponentModel.BackgroundWorker.RunWorkerCompleted" /> 事件的方法.</para></summary>
      <param name="sender">The source of the event.<para>事件的源.</para></param>
      <param name="e">A <see cref="T:System.ComponentModel.RunWorkerCompletedEventArgs" /> that contains the event data.<para>a <see cref="t:system.componentmodel.runworkercompletedeventargs" /> 包含事件数据.</para></param>
    </member>
  </members>
</doc>