﻿<?xml version="1.0" encoding="utf-8"?>
<doc>
  <assembly>
    <name>System.Runtime.Loader</name>
  </assembly>
  <members>
    <member name="T:System.Reflection.Metadata.AssemblyExtensions" />
    <member name="M:System.Reflection.Metadata.AssemblyExtensions.TryGetRawMetadata(System.Reflection.Assembly,System.Byte*@,System.Int32@)">
      <summary>Retrieves the metadata section of the assembly, for use with <see cref="T:System.Reflection.Metadata.MetadataReader" />.<para>检索程序集的元数据节,以便与 <see cref="T:System.Reflection.Metadata.MetadataReader" /> 一起使用.</para></summary>
      <param name="assembly">The assembly from which to retrieve the metadata.<para>要从中检索元数据的程序集.</para></param>
      <param name="blob">When this method returns, contains the pointer to the metadata section blob.<para>此方法返回时,包含指向元数据节 blob 的指针.</para></param>
      <param name="length">When this method returns, contains the length of the metadata section blob.<para>此方法返回时,包含元数据节 blob 的长度.</para></param>
      <returns>
        <see langword="true" /> if the metadata is retrieved successfully; <see langword="false" /> upon failure. The metadata might not be available for some assemblies, such as <see cref="T:System.Reflection.Emit.AssemblyBuilder" /> and AOT images.<para><see langword="true" /> 如果元数据已成功检索;<see langword="false" /> 失败时.元数据可能不适用于某些程序集,例如 <see cref="t:system.reflection.emit.assemblybuilder" /> 和 aot 图像.</para></returns>
    </member>
    <member name="T:System.Reflection.Metadata.MetadataUpdateHandlerAttribute">
      <summary>Indicates that a type that should receive notifications of metadata updates.<para>指示应接收元数据更新通知的类型.</para></summary>
    </member>
    <member name="M:System.Reflection.Metadata.MetadataUpdateHandlerAttribute.#ctor(System.Type)">
      <summary>Initializes the attribute.<para>初始化属性.</para></summary>
      <param name="handlerType">A type that handles metadata updates and that should be notified when any occur.<para>处理元数据更新并在发生任何更新时应通知的类型.</para></param>
    </member>
    <member name="P:System.Reflection.Metadata.MetadataUpdateHandlerAttribute.HandlerType">
      <summary>Gets the type that handles metadata updates and that should be notified when any occur.<para>获取处理元数据更新并在发生任何元数据更新时应通知的类型.</para></summary>
    </member>
    <member name="T:System.Reflection.Metadata.MetadataUpdater" />
    <member name="M:System.Reflection.Metadata.MetadataUpdater.ApplyUpdate(System.Reflection.Assembly,System.ReadOnlySpan{System.Byte},System.ReadOnlySpan{System.Byte},System.ReadOnlySpan{System.Byte})">
      <summary>Updates the specified assembly using the provided metadata, IL, and PDB deltas.<para>使用提供的元数据、il 和 pdb 增量更新指定的程序集.</para></summary>
      <param name="assembly">The assembly to update.<para>要更新的程序集.</para></param>
      <param name="metadataDelta">The metadata changes to be applied.<para>要应用的元数据更改.</para></param>
      <param name="ilDelta">The IL changes to be applied.<para>要应用的 il 更改.</para></param>
      <param name="pdbDelta">The PDB changes to be applied.<para>要应用的 pdb 更改.</para></param>
      <exception cref="T:System.ArgumentException">The assembly argument is not a runtime assembly.<para>程序集参数不是运行时程序集.</para></exception>
      <exception cref="T:System.ArgumentNullException">The assembly argument is <see langword="null" />.<para>程序集参数为 <see langword="null" />.</para></exception>
      <exception cref="T:System.InvalidOperationException">The assembly is not editable.<para>程序集不可编辑.</para></exception>
      <exception cref="T:System.NotSupportedException">The update could not be applied.<para>无法应用更新.</para></exception>
    </member>
    <member name="P:System.Reflection.Metadata.MetadataUpdater.IsSupported">
      <summary>Gets a value that indicates whether the assembly update is enabled and available.<para>获取一个值,该值指示程序集更新是否已启用且可用.</para></summary>
      <returns>
        <see langword="true" /> if the assembly update is enabled and available; otherwise, <see langword="false" />.<para><see langword="true" /> 如果程序集更新已启用且可用;否则,<see langword="false" />.</para></returns>
    </member>
    <member name="T:System.Runtime.CompilerServices.CreateNewOnMetadataUpdateAttribute">
      <summary>Indicates a type should be replaced rather than updated when applying metadata updates.<para>指示在应用元数据更新时应替换而不是更新类型.</para></summary>
    </member>
    <member name="M:System.Runtime.CompilerServices.CreateNewOnMetadataUpdateAttribute.#ctor">
      <summary>Creates a new <see cref="T:System.Runtime.CompilerServices.CreateNewOnMetadataUpdateAttribute" /> instance.<para>创建一个新的 <see cref="t:system.runtime.compilerservices.createnewonmetadataupdateattribute" /> 实例.</para></summary>
    </member>
    <member name="T:System.Runtime.CompilerServices.MetadataUpdateOriginalTypeAttribute">
      <summary>Emitted by the compiler when a type that's marked with <see cref="T:System.Runtime.CompilerServices.CreateNewOnMetadataUpdateAttribute" /> is updated during a hot reload session.<para>当标记为 <see cref="t:system.runtime.compilerservices.createnewonmetadataupdateattribute" /> 在热重载会话期间更新.</para></summary>
    </member>
    <member name="M:System.Runtime.CompilerServices.MetadataUpdateOriginalTypeAttribute.#ctor(System.Type)">
      <summary>Initializes a new instance of the <see cref="T:System.Runtime.CompilerServices.MetadataUpdateOriginalTypeAttribute" /> class.<para>初始化 <see cref="t:system.runtime.compilerservices.metadataupdateoriginaltypeattribute" /> .class.</para></summary>
      <param name="originalType">The original type that was updated.<para>已更新的原始类型.</para></param>
    </member>
    <member name="P:System.Runtime.CompilerServices.MetadataUpdateOriginalTypeAttribute.OriginalType">
      <summary>Gets the original version of the type that this attribtue is attached to.<para>获取此属性附加到的类型的原始版本.</para></summary>
    </member>
    <member name="T:System.Runtime.Loader.AssemblyDependencyResolver">
      <summary>Allows a program to resolve assemblies and native libraries to paths based on the dependencies of a given assembly.<para>允许程序根据给定程序集的依赖项将程序集和本机库解析为路径.</para></summary>
    </member>
    <member name="M:System.Runtime.Loader.AssemblyDependencyResolver.#ctor(System.String)">
      <summary>Initializes a new instance of the <see cref="T:System.Runtime.Loader.AssemblyDependencyResolver" /> class with a path to a component's assembly.<para>初始化 <see cref="t:system.runtime.loader.assemblydependencyresolver" /> 具有组件程序集路径的类.</para></summary>
      <param name="componentAssemblyPath">The path to the component or plugin's managed entry point.<para>组件或插件的托管入口点的路径.</para></param>
    </member>
    <member name="M:System.Runtime.Loader.AssemblyDependencyResolver.ResolveAssemblyToPath(System.Reflection.AssemblyName)">
      <summary>Resolves a path to an assembly with the given assembly name based on the component's dependencies.<para>根据组件的依赖项解析具有给定程序集名称的程序集的路径.</para></summary>
      <param name="assemblyName">The assembly name to resolve.<para>要解析的程序集名称.</para></param>
      <returns>The path to an assembly with the given name from the component's deps.json file, or <see langword="null" /> if the assembly does not exist in the deps.json file or is not on disk in the location specified by the deps.json file.<para>组件的 deps.json 文件中具有给定名称的程序集的路径,如果程序集在 deps.json 文件中不存在,或者该程序集不在磁盘上 deps.json 文件指定的位置,则为 <see langword="null" />.</para></returns>
    </member>
    <member name="M:System.Runtime.Loader.AssemblyDependencyResolver.ResolveUnmanagedDllToPath(System.String)">
      <summary>Resolves a path to a native library with the given name based on the component's dependencies.<para>根据组件的依赖项解析具有给定名称的本机库的路径.</para></summary>
      <param name="unmanagedDllName">The name of the native library to resolve.<para>要解析的本机库的名称.</para></param>
      <returns>The path to a native library with the given name from the component's deps.json file and the current runtime identifier, or <see langword="null" /> if the assembly does not exist in the deps.json file or is not on disk  in the location specified by the deps.json file.<para>具有组件的 deps.json 文件中给定名称的本机库的路径和当前运行时标识符,或者 <see langword="null" />（如果程序集在 deps.json 文件中不存在,或者程序集不在磁盘上由 deps.json 文件指定的位置）.</para></returns>
    </member>
    <member name="T:System.Runtime.Loader.AssemblyLoadContext">
      <summary>Represents the runtime's concept of a scope for assembly loading.<para>表示运行时对程序集加载作用域的概念.</para></summary>
    </member>
    <member name="E:System.Runtime.Loader.AssemblyLoadContext.Resolving">
      <summary>Occurs when the resolution of an assembly fails when attempting to load into this assembly load context.<para>在尝试加载到此程序集加载上下文时程序集解析失败时发生.</para></summary>
    </member>
    <member name="E:System.Runtime.Loader.AssemblyLoadContext.ResolvingUnmanagedDll">
      <summary>Occurs when the resolution of a native library fails.<para>在本机库解析失败时发生.</para></summary>
    </member>
    <member name="E:System.Runtime.Loader.AssemblyLoadContext.Unloading">
      <summary>Occurs when the <see cref="T:System.Runtime.Loader.AssemblyLoadContext" /> is unloaded.<para>在以下情况下发生 <see cref="t:system.runtime.loader.assemblyloadcontext" /> 已卸载.</para></summary>
    </member>
    <member name="M:System.Runtime.Loader.AssemblyLoadContext.#ctor">
      <summary>Initializes a new instance of the <see cref="T:System.Runtime.Loader.AssemblyLoadContext" /> class.<para>初始化 <see cref="t:system.runtime.loader.assemblyloadcontext" /> .class.</para></summary>
    </member>
    <member name="M:System.Runtime.Loader.AssemblyLoadContext.#ctor(System.Boolean)">
      <summary>Initializes a new instance of the <see cref="T:System.Runtime.Loader.AssemblyLoadContext" /> class with a value that indicates whether unloading is enabled.<para>初始化 <see cref="t:system.runtime.loader.assemblyloadcontext" /> 类,其值指示是否启用卸载.</para></summary>
      <param name="isCollectible">
        <see langword="true" /> to enable <see cref="M:System.Runtime.Loader.AssemblyLoadContext.Unload" />; otherwise, <see langword="false" />. The default value is <see langword="false" /> because there is a performance cost associated with enabling unloading.<para><see langword="true" /> 以启用 <see cref="m:system.runtime.loader.assemblyloadcontext.unload" /> ;否则,<see langword="false" />.默认值为 <see langword="false" />,因为启用卸载会产生性能成本.</para></param>
    </member>
    <member name="M:System.Runtime.Loader.AssemblyLoadContext.#ctor(System.String,System.Boolean)">
      <summary>Initializes a new instance of the <see cref="T:System.Runtime.Loader.AssemblyLoadContext" /> class with a name and a value that indicates whether unloading is enabled.<para>初始化 <see cref="t:system.runtime.loader.assemblyloadcontext" /> 类,具有指示是否启用卸载的名称和值.</para></summary>
      <param name="name">The value for <see cref="P:System.Runtime.Loader.AssemblyLoadContext.Name" /> in the new instance. Its value can be <see langword="null" />.<para>的值 <see cref="p:system.runtime.loader.assemblyloadcontext.name" /> 在新实例中.其值可以是 <see langword="null" />.</para></param>
      <param name="isCollectible">
        <see langword="true" /> to enable <see cref="M:System.Runtime.Loader.AssemblyLoadContext.Unload" />; otherwise, <see langword="false" />. The default value is <see langword="false" /> because there is a performance cost associated with enabling unloading.<para><see langword="true" /> 以启用 <see cref="m:system.runtime.loader.assemblyloadcontext.unload" /> ;否则,<see langword="false" />.默认值为 <see langword="false" />,因为启用卸载会产生性能成本.</para></param>
    </member>
    <member name="M:System.Runtime.Loader.AssemblyLoadContext.EnterContextualReflection">
      <summary>Sets <see cref="P:System.Runtime.Loader.AssemblyLoadContext.CurrentContextualReflectionContext" /> to <see langword="this" /><see cref="T:System.Runtime.Loader.AssemblyLoadContext" />.<para>集 <see cref="p:system.runtime.loader.assemblyloadcontext.currentcontextualreflectioncontext" /> 到 <see langword="this" /> <see cref="t:system.runtime.loader.assemblyloadcontext" /> .</para></summary>
      <returns>An object to restore the previous value of <see cref="P:System.Runtime.Loader.AssemblyLoadContext.CurrentContextualReflectionContext" />. It is intended to be used as an <see cref="T:System.IDisposable" /> in a <see langword="using" /> block.<para>要还原以前值的对象 <see cref="p:system.runtime.loader.assemblyloadcontext.currentcontextualreflectioncontext" /> .它旨在用作 <see langword="using" /> 块中的 <see cref="T:System.IDisposable" />.</para></returns>
    </member>
    <member name="M:System.Runtime.Loader.AssemblyLoadContext.EnterContextualReflection(System.Reflection.Assembly)">
      <summary>Sets <see cref="P:System.Runtime.Loader.AssemblyLoadContext.CurrentContextualReflectionContext" /> to the <see cref="T:System.Runtime.Loader.AssemblyLoadContext" /> which loaded the assembly.<para>集 <see cref="p:system.runtime.loader.assemblyloadcontext.currentcontextualreflectioncontext" /> 到 <see cref="t:system.runtime.loader.assemblyloadcontext" /> 加载了程序集.</para></summary>
      <param name="activating">The assembly that is used to determine the requested <see cref="T:System.Runtime.Loader.AssemblyLoadContext" /> instance.<para>用于确定请求的程序集 <see cref="t:system.runtime.loader.assemblyloadcontext" /> 实例.</para></param>
      <returns>An object to restore the previous value of <see cref="P:System.Runtime.Loader.AssemblyLoadContext.CurrentContextualReflectionContext" />. It is intended to be used as an <see cref="T:System.IDisposable" /> in a <see langword="using" /> block.<para>要还原以前值的对象 <see cref="p:system.runtime.loader.assemblyloadcontext.currentcontextualreflectioncontext" /> .它旨在用作 <see langword="using" /> 块中的 <see cref="T:System.IDisposable" />.</para></returns>
    </member>
    <member name="M:System.Runtime.Loader.AssemblyLoadContext.Finalize">
      <summary>Allows the object to try to free resources and perform other cleanup operations before it's reclaimed by garbage collection.<para>允许对象在被垃圾回收回收之前尝试释放资源并执行其他清理操作.</para></summary>
    </member>
    <member name="M:System.Runtime.Loader.AssemblyLoadContext.GetAssemblyName(System.String)">
      <summary>Gets an <see cref="T:System.Reflection.AssemblyName" /> for an assembly path.<para>获取一个 <see cref="t:system.reflection.assemblyname" /> 作为程序集路径.</para></summary>
      <param name="assemblyPath">The path to the assembly.<para>程序集的路径.</para></param>
      <exception cref="T:System.ArgumentNullException">
        <paramref name="assemblyPath" /> is <see langword="null" />.<para><paramref name="assemblyPath" /> 是 <see langword="null" />.</para></exception>
      <exception cref="T:System.IO.FileNotFoundException">The assembly cannot be found.<para>找不到程序集.</para></exception>
      <exception cref="T:System.BadImageFormatException">The assembly is not a valid assembly.<para>程序集不是有效的程序集.</para></exception>
      <returns>An object that contains the fully parsed assembly name for the assembly at <paramref name="assemblyPath" />.<para>一个对象,包含程序集在 <paramref name="assemblyPath" /> 处的完全分析的程序集名称.</para></returns>
    </member>
    <member name="M:System.Runtime.Loader.AssemblyLoadContext.GetLoadContext(System.Reflection.Assembly)">
      <summary>Gets the <see cref="T:System.Runtime.Loader.AssemblyLoadContext" /> containing the specified <see cref="T:System.Reflection.Assembly" />.<para>获取 <see cref="t:system.runtime.loader.assemblyloadcontext" /> 包含指定的 <see cref="t:system.reflection.assembly" /> .</para></summary>
      <param name="assembly">An assembly.<para>一个程序集.</para></param>
      <exception cref="T:System.ArgumentNullException">
        <paramref name="assembly" /> is <see langword="null" />.<para><paramref name="assembly" /> 是 <see langword="null" />.</para></exception>
      <returns>The assembly load context containing the <paramref name="assembly" />. If the <paramref name="assembly" /> is not provided by the runtime, this method returns null.<para>包含 <paramref name="assembly" /> 的程序集加载上下文.如果运行时未提供 <paramref name="assembly" />,则此方法返回 null.</para></returns>
    </member>
    <member name="M:System.Runtime.Loader.AssemblyLoadContext.Load(System.Reflection.AssemblyName)">
      <summary>When overridden in a derived class, allows an assembly to be resolved based on its <see cref="T:System.Reflection.AssemblyName" />.<para>在派生类中重写时,允许根据其解析程序集 <see cref="t:system.reflection.assemblyname" /> .</para></summary>
      <param name="assemblyName">The object that describes the assembly to be resolved.<para>描述要解析的程序集的对象.</para></param>
      <returns>The resolved assembly, or <see langword="null" />.<para>解析的程序集,或 <see langword="null" />.</para></returns>
    </member>
    <member name="M:System.Runtime.Loader.AssemblyLoadContext.LoadFromAssemblyName(System.Reflection.AssemblyName)">
      <summary>Resolves and loads an assembly given its <see cref="T:System.Reflection.AssemblyName" />.<para>解析并加载给定程序集的程序集 <see cref="t:system.reflection.assemblyname" /> .</para></summary>
      <param name="assemblyName">The object that describes the assembly to load.<para>描述要加载的程序集的对象.</para></param>
      <exception cref="T:System.ArgumentNullException">
        <paramref name="assemblyName" /> is <see langword="null" />.<para><paramref name="assemblyName" /> 是 <see langword="null" />.找不到</para></exception>
      <exception cref="T:System.IO.FileNotFoundException">
        <paramref name="assemblyName" /> is not found.<para><paramref name="assemblyName" />.</para></exception>
      <exception cref="T:System.BadImageFormatException">
        <paramref name="assemblyName" /> is not a valid assembly.<para><paramref name="assemblyName" /> 不是有效的程序集.</para></exception>
      <exception cref="T:System.IO.FileLoadException">An assembly or module was loaded which did not match the <paramref name="assemblyName" />.<para>加载的程序集或模块与 <paramref name="assemblyName" /> 不匹配.</para></exception>
      <returns>The loaded assembly, or throws.<para>加载的程序集或抛出.</para></returns>
    </member>
    <member name="M:System.Runtime.Loader.AssemblyLoadContext.LoadFromAssemblyPath(System.String)">
      <summary>Loads the contents of an assembly file on the specified path.<para>在指定路径上加载程序集文件的内容.</para></summary>
      <param name="assemblyPath">The fully qualified path of the file to load.<para>要加载的文件的完全限定路径.</para></param>
      <exception cref="T:System.ArgumentException">The <paramref name="assemblyPath" /> argument is not an absolute path.<para><paramref name="assemblyPath" /> 参数不是绝对路径.</para></exception>
      <exception cref="T:System.ArgumentNullException">The <paramref name="assemblyPath" /> argument is <see langword="null" />.<para><paramref name="assemblyPath" /> 参数是 <see langword="null" />.</para></exception>
      <exception cref="T:System.IO.FileLoadException">A file that was found could not be loaded.<para>无法加载找到的文件.</para></exception>
      <exception cref="T:System.IO.FileNotFoundException">The <paramref name="assemblyPath" /> argument is an empty string ("") or does not exist.<para><paramref name="assemblyPath" /> 参数是空字符串 （""） 或不存在.</para></exception>
      <exception cref="T:System.BadImageFormatException">The  <paramref name="assemblyPath" /> argument is not a valid assembly.<para><paramref name="assemblyPath" /> 参数不是有效的程序集.</para></exception>
      <returns>The loaded assembly.<para>加载的程序集.</para></returns>
    </member>
    <member name="M:System.Runtime.Loader.AssemblyLoadContext.LoadFromNativeImagePath(System.String,System.String)">
      <summary>Loads the contents of the native image of a managed assembly file on the specified path.<para>在指定路径上加载托管程序集文件的本机映像的内容.</para></summary>
      <param name="nativeImagePath">The fully qualified path of the file to load.<para>要加载的文件的完全限定路径.</para></param>
      <param name="assemblyPath">The fully qualified path of the IL version of the file to load, or <see langword="null" />.<para>要加载的文件的 il 版本的完全限定路径,或 <see langword="null" />.</para></param>
      <exception cref="T:System.ArgumentException">The <paramref name="nativeImagePath" /> argument is not an absolute path.<para><paramref name="nativeImagePath" /> 参数不是绝对路径.</para></exception>
      <exception cref="T:System.ArgumentException">The <paramref name="assemblyPath" /> argument is not an absolute path.<para><paramref name="assemblyPath" /> 参数不是绝对路径.</para></exception>
      <exception cref="T:System.ArgumentNullException">The <paramref name="nativeImagePath" /> argument is <see langword="null" />.<para><paramref name="nativeImagePath" /> 参数是 <see langword="null" />.</para></exception>
      <exception cref="T:System.IO.FileLoadException">A file that was found could not be loaded.<para>无法加载找到的文件.</para></exception>
      <exception cref="T:System.IO.FileNotFoundException">The <paramref name="nativeImagePath" /> argument is an empty string ("") or does not exist.<para><paramref name="nativeImagePath" /> 参数是空字符串 （""） 或不存在.</para></exception>
      <exception cref="T:System.BadImageFormatException">The <paramref name="assemblyPath" /> argument is not a valid assembly.<para><paramref name="assemblyPath" /> 参数不是有效的程序集.</para></exception>
      <returns>The loaded assembly.<para>加载的程序集.</para></returns>
    </member>
    <member name="M:System.Runtime.Loader.AssemblyLoadContext.LoadFromStream(System.IO.Stream)">
      <summary>Loads the assembly with a common object file format (COFF)-based image containing a managed assembly.<para>使用包含托管程序集的基于通用对象文件格式 （coff） 的图像加载程序集.</para></summary>
      <param name="assembly">A byte array that is a COFF-based image containing a managed assembly.<para>一个字节数组,它是包含托管程序集的基于 coff 的映像.</para></param>
      <exception cref="T:System.ArgumentNullException">
        <paramref name="assembly" /> is <see langword="null" />.<para><paramref name="assembly" /> 是 <see langword="null" />.</para></exception>
      <exception cref="T:System.BadImageFormatException">
        <paramref name="assembly" /> is not a valid assembly.<para><paramref name="assembly" /> 不是有效的程序集.</para></exception>
      <returns>The loaded assembly.<para>加载的程序集.</para></returns>
    </member>
    <member name="M:System.Runtime.Loader.AssemblyLoadContext.LoadFromStream(System.IO.Stream,System.IO.Stream)">
      <summary>Loads the assembly with a common object file format (COFF)-based image containing a managed assembly, optionally including symbols for the assembly.<para>使用包含托管程序集的基于通用对象文件格式 （coff） 的图像加载程序集,可以选择包括程序集的符号.</para></summary>
      <param name="assembly">A byte array that is a COFF-based image containing a managed assembly.<para>一个字节数组,它是包含托管程序集的基于 coff 的映像.</para></param>
      <param name="assemblySymbols">A byte array that contains the raw bytes representing the symbols for the assembly.<para>一个字节数组,其中包含表示程序集符号的原始字节.</para></param>
      <exception cref="T:System.ArgumentNullException">
        <paramref name="assembly" /> is <see langword="null" />.<para><paramref name="assembly" /> 是 <see langword="null" />.</para></exception>
      <exception cref="T:System.BadImageFormatException">
        <paramref name="assembly" /> is not a valid assembly.<para><paramref name="assembly" /> 不是有效的程序集.</para></exception>
      <returns>The loaded assembly.<para>加载的程序集.</para></returns>
    </member>
    <member name="M:System.Runtime.Loader.AssemblyLoadContext.LoadUnmanagedDll(System.String)">
      <summary>Allows derived class to load an unmanaged library by name.<para>允许派生类按名称加载非托管库.</para></summary>
      <param name="unmanagedDllName">Name of the unmanaged library. Typically this is the filename without its path or extensions.<para>非托管库的名称.通常,这是不带路径或扩展名的文件名.</para></param>
      <returns>A handle to the loaded library, or <see cref="F:System.IntPtr.Zero" />.<para>加载库的句柄,或 <see cref="F:System.IntPtr.Zero" />.</para></returns>
    </member>
    <member name="M:System.Runtime.Loader.AssemblyLoadContext.LoadUnmanagedDllFromPath(System.String)">
      <summary>Loads an unmanaged library from the specified path.<para>从指定路径加载非托管库.</para></summary>
      <param name="unmanagedDllPath">The path to the unmanaged library.<para>非托管库的路径.</para></param>
      <exception cref="T:System.ArgumentNullException">
        <paramref name="unmanagedDllPath" /> is <see langword="null" />.<para><paramref name="unmanagedDllPath" /> 是 <see langword="null" />.</para></exception>
      <exception cref="T:System.ArgumentException">The <paramref name="unmanagedDllPath" /> argument is empty or not an absolute path.<para><paramref name="unmanagedDllPath" /> 参数为空或不是绝对路径.</para></exception>
      <exception cref="T:System.DllNotFoundException">The library can't be found.<para>找不到库.</para></exception>
      <exception cref="T:System.BadImageFormatException">The library is not valid.<para>库无效.</para></exception>
      <returns>The OS handle for the loaded native library.<para>加载的本机库的操作系统句柄.</para></returns>
    </member>
    <member name="M:System.Runtime.Loader.AssemblyLoadContext.SetProfileOptimizationRoot(System.String)">
      <summary>Sets the root path where the optimization profiles for this load context are stored.<para>设置存储此负载上下文的优化配置文件的根路径.</para></summary>
      <param name="directoryPath">The full path to the directory where the optimization profiles are stored.<para>存储优化配置文件的目录的完整路径.</para></param>
    </member>
    <member name="M:System.Runtime.Loader.AssemblyLoadContext.StartProfileOptimization(System.String)">
      <summary>Starts the profile optimization for the specified profile.<para>启动指定配置文件的配置文件优化.</para></summary>
      <param name="profile">The name of the optimization profile.<para>优化配置文件的名称.</para></param>
    </member>
    <member name="M:System.Runtime.Loader.AssemblyLoadContext.ToString">
      <summary>Returns the string representation of this load context.<para>返回此加载上下文的字符串表示形式.</para></summary>
      <returns>The string representation of this load context.<para>此加载上下文的字符串表示形式.</para></returns>
    </member>
    <member name="M:System.Runtime.Loader.AssemblyLoadContext.Unload">
      <summary>Initiates an unload of this <see cref="T:System.Runtime.Loader.AssemblyLoadContext" />.<para>启动此卸载 <see cref="t:system.runtime.loader.assemblyloadcontext" /> .</para></summary>
      <exception cref="T:System.InvalidOperationException">Unloading is not allowed.<para>不允许卸货.</para></exception>
    </member>
    <member name="P:System.Runtime.Loader.AssemblyLoadContext.All">
      <summary>Returns a collection of all <see cref="T:System.Runtime.Loader.AssemblyLoadContext" /> instances.<para>返回 all 的集合 <see cref="t:system.runtime.loader.assemblyloadcontext" /> 实例.</para></summary>
      <returns>A collection of all <see cref="T:System.Runtime.Loader.AssemblyLoadContext" /> instances.<para>所有集合 <see cref="t:system.runtime.loader.assemblyloadcontext" /> 实例.</para></returns>
    </member>
    <member name="P:System.Runtime.Loader.AssemblyLoadContext.Assemblies">
      <summary>Returns a collection of the <see cref="T:System.Reflection.Assembly" /> instances loaded in the <see cref="T:System.Runtime.Loader.AssemblyLoadContext" />.<para>返回 <see cref="t:system.reflection.assembly" /> 在 <see cref="t:system.runtime.loader.assemblyloadcontext" /> .</para></summary>
      <returns>A collection of the <see cref="T:System.Reflection.Assembly" /> instances loaded in the <see cref="T:System.Runtime.Loader.AssemblyLoadContext" />.<para>的集合 <see cref="t:system.reflection.assembly" /> 在 <see cref="t:system.runtime.loader.assemblyloadcontext" /> .</para></returns>
    </member>
    <member name="P:System.Runtime.Loader.AssemblyLoadContext.CurrentContextualReflectionContext">
      <summary>Gets the <see cref="T:System.Runtime.Loader.AssemblyLoadContext" /> set by the most recent call to <see cref="M:System.Runtime.Loader.AssemblyLoadContext.EnterContextualReflection" />.<para>获取 <see cref="t:system.runtime.loader.assemblyloadcontext" /> 由最近调用的设置 <see cref="m:system.runtime.loader.assemblyloadcontext.entercontextualreflection" /> .</para></summary>
      <returns>The <see cref="T:System.Runtime.Loader.AssemblyLoadContext" /> set by the most recent call to <see cref="M:System.Runtime.Loader.AssemblyLoadContext.EnterContextualReflection" />. This value can be <see langword="null" />. The value is stored in an <see cref="T:System.Threading.AsyncLocal`1" />, so the value is unique per asynchronous context.<para>这 <see cref="t:system.runtime.loader.assemblyloadcontext" /> 由最近调用的设置 <see cref="m:system.runtime.loader.assemblyloadcontext.entercontextualreflection" /> .此值可以是 <see langword="null" />.该值存储在 <see cref="t:system.threading.asynclocal`1" /> ,因此该值对于异步上下文都是唯一的.</para></returns>
    </member>
    <member name="P:System.Runtime.Loader.AssemblyLoadContext.Default">
      <summary>Gets the default <see cref="T:System.Runtime.Loader.AssemblyLoadContext" />. The default context contains the main application assembly and its static dependencies.<para>获取默认值 <see cref="t:system.runtime.loader.assemblyloadcontext" /> .默认上下文包含主应用程序程序集及其静态依赖项.</para></summary>
      <returns>The default assembly load context.<para>默认程序集加载上下文.</para></returns>
    </member>
    <member name="P:System.Runtime.Loader.AssemblyLoadContext.IsCollectible">
      <summary>Gets a value that indicates whether this <see cref="T:System.Runtime.Loader.AssemblyLoadContext" /> is collectible.<para>获取一个值,该值指示这是否 <see cref="t:system.runtime.loader.assemblyloadcontext" /> 是收藏品.</para></summary>
      <returns>
        <see langword="true" /> if this <see cref="T:System.Runtime.Loader.AssemblyLoadContext" /> is collectible; otherwise, <see langword="false" />. If a value is not specified in the constructor, the value is <see langword="false" />.<para><see langword="true" /> 如果这样 <see cref="t:system.runtime.loader.assemblyloadcontext" /> 是收藏品;否则,<see langword="false" />.如果未在构造函数中指定值,则该值为 <see langword="false" />.</para></returns>
    </member>
    <member name="P:System.Runtime.Loader.AssemblyLoadContext.Name">
      <summary>Get the name of the <see cref="T:System.Runtime.Loader.AssemblyLoadContext" />.<para>获取名称 <see cref="t:system.runtime.loader.assemblyloadcontext" /> .</para></summary>
      <returns>The name of the <see cref="T:System.Runtime.Loader.AssemblyLoadContext" />. Its value can be <see langword="null" />.<para>的名称 <see cref="t:system.runtime.loader.assemblyloadcontext" /> .其值可以是 <see langword="null" />.</para></returns>
    </member>
    <member name="T:System.Runtime.Loader.AssemblyLoadContext.ContextualReflectionScope">
      <summary>Provides a return type used exclusively for <see cref="M:System.Runtime.Loader.AssemblyLoadContext.EnterContextualReflection" />. It is intended to be used as an <see cref="T:System.IDisposable" /> in a <see langword="using" /> block.<para>提供专门用于 <see cref="m:system.runtime.loader.assemblyloadcontext.entercontextualreflection" /> .它旨在用作 <see langword="using" /> 块中的 <see cref="T:System.IDisposable" />.</para></summary>
    </member>
    <member name="M:System.Runtime.Loader.AssemblyLoadContext.ContextualReflectionScope.Dispose">
      <summary>Sets <see cref="P:System.Runtime.Loader.AssemblyLoadContext.CurrentContextualReflectionContext" /> to the value preceding the call to <see cref="M:System.Runtime.Loader.AssemblyLoadContext.EnterContextualReflection" /> which returned this instance.<para>集 <see cref="p:system.runtime.loader.assemblyloadcontext.currentcontextualreflectioncontext" /> 到调用 <see cref="m:system.runtime.loader.assemblyloadcontext.entercontextualreflection" /> 返回此实例.</para></summary>
    </member>
  </members>
</doc>