﻿<?xml version="1.0" encoding="utf-8"?>
<doc>
  <assembly>
    <name>System.Net.ServicePoint</name>
  </assembly>
  <members>
    <member name="T:System.Net.BindIPEndPoint">
      <summary>Represents the method that specifies a local Internet Protocol address and port number for a <see cref="T:System.Net.ServicePoint" />.<para>表示为 <see cref="T:System.Net.ServicePoint" /> 指定本地 internet 协议地址和端口号的方法.</para></summary>
      <param name="servicePoint">The <see cref="T:System.Net.ServicePoint" /> associated with the connection to be created.<para>与要创建的连接关联的 <see cref="T:System.Net.ServicePoint" />.</para></param>
      <param name="remoteEndPoint">The remote <see cref="T:System.Net.IPEndPoint" /> that specifies the remote host.<para>指定远程主机的远程 <see cref="T:System.Net.IPEndPoint" />.</para></param>
      <param name="retryCount">The number of times this delegate was called for a specified connection.<para>为指定连接调用此委托的次数.</para></param>
      <exception cref="T:System.OverflowException">
        <paramref name="retryCount" /> is equal to <see cref="F:System.Int32.MaxValue">Int32.MaxValue</see><para><paramref name="retryCount" /> 等于 <see cref="F:System.Int32.MaxValue">Int32.MaxValue</see></para></exception>
      <returns>The local <see cref="T:System.Net.IPEndPoint" /> to which the <see cref="T:System.Net.ServicePoint" /> is bound.<para><see cref="T:System.Net.ServicePoint" /> 绑定到的本地 <see cref="T:System.Net.IPEndPoint" />.</para></returns>
    </member>
    <member name="T:System.Net.SecurityProtocolType">
      <summary>Specifies the security protocols that are supported by the Schannel security package.<para>指定 schannel 安全包支持的安全协议.</para></summary>
    </member>
    <member name="F:System.Net.SecurityProtocolType.Ssl3">
      <summary>Specifies the Secure Socket Layer (SSL) 3.0 security protocol. SSL 3.0 has been superseded by the Transport Layer Security (TLS) protocol and is provided for backward compatibility only.<para>指定安全套接字层 （ssl） 3.0 安全协议.ssl 3.0 已被传输层安全性 （tls） 协议取代,提供该协议仅用于向后兼容.</para></summary>
    </member>
    <member name="F:System.Net.SecurityProtocolType.SystemDefault">
      <summary>Allows the operating system to choose the best protocol to use, and to block protocols that are not secure. Unless your app has a specific reason not to, you should use this value.<para>允许操作系统选择要使用的最佳协议,并阻止不安全的协议.除非你的应用有特定原因不这样做,否则你应该使用此值.</para></summary>
    </member>
    <member name="F:System.Net.SecurityProtocolType.Tls">
      <summary>Specifies the Transport Layer Security (TLS) 1.0 security protocol. The TLS 1.0 protocol is defined in IETF RFC 2246.<para>指定传输层安全性 （tls） 1.0 安全协议.tls 1.0 协议在 ietf rfc 2246 中定义.</para></summary>
    </member>
    <member name="F:System.Net.SecurityProtocolType.Tls11">
      <summary>Specifies the Transport Layer Security (TLS) 1.1 security protocol. The TLS 1.1 protocol is defined in IETF RFC 4346. On Windows systems, this value is supported starting with Windows 7.<para>指定传输层安全性 （tls） 1.1 安全协议.tls 1.1 协议在 ietf rfc 4346 中定义.在 windows 系统上,从 windows 7 开始支持此值.</para></summary>
    </member>
    <member name="F:System.Net.SecurityProtocolType.Tls12">
      <summary>Specifies the Transport Layer Security (TLS) 1.2 security protocol. The TLS 1.2 protocol is defined in IETF RFC 5246. On Windows systems, this value is supported starting with Windows 7.<para>指定传输层安全性 （tls） 1.2 安全协议.tls 1.2 协议在 ietf rfc 5246 中定义.在 windows 系统上,从 windows 7 开始支持此值.</para></summary>
    </member>
    <member name="F:System.Net.SecurityProtocolType.Tls13">
      <summary>Specifies the TLS 1.3 security protocol. The TLS protocol is defined in IETF RFC 8446.<para>指定 tls 1.3 安全协议.tls 协议在 ietf rfc 8446 中定义.</para></summary>
    </member>
    <member name="T:System.Net.ServicePoint">
      <summary>Provides connection management for HTTP connections.<para>为 http 连接提供连接管理.</para></summary>
    </member>
    <member name="M:System.Net.ServicePoint.CloseConnectionGroup(System.String)">
      <summary>Removes the specified connection group from this <see cref="T:System.Net.ServicePoint" /> object.<para>从此 <see cref="T:System.Net.ServicePoint" /> 对象中删除指定的连接组.</para></summary>
      <param name="connectionGroupName">The name of the connection group that contains the connections to close and remove from this service point.<para>包含要关闭和从此服务点删除的连接的连接组的名称.</para></param>
      <returns>A <see cref="T:System.Boolean" /> value that indicates whether the connection group was closed.<para>一个 <see cref="T:System.Boolean" /> 值,指示连接组是否已关闭.</para></returns>
    </member>
    <member name="M:System.Net.ServicePoint.SetTcpKeepAlive(System.Boolean,System.Int32,System.Int32)">
      <summary>Enables or disables the keep-alive option on a TCP connection.<para>启用或禁用 tcp 连接上的保持活动状态选项.</para></summary>
      <param name="enabled">If set to true, then the TCP keep-alive option on a TCP connection will be enabled using the specified <paramref name="keepAliveTime" /> and <paramref name="keepAliveInterval" /> values.  
  
 If set to false, then the TCP keep-alive option is disabled and the remaining parameters are ignored.  
  
 The default value is false.<para>如果设置为 true,则将使用指定的 $<paramref name="keepalivetime" /> 和 $<paramref name="keepaliveinterval" /> 值. 如果设置为 false,则禁用 tcp 保持活动状态选项,并忽略其余参数. 默认值为 false.</para></param>
      <param name="keepAliveTime">Specifies the timeout, in milliseconds, with no activity until the first keep-alive packet is sent.  
  
 The value must be greater than 0.  If a value of less than or equal to zero is passed an <see cref="T:System.ArgumentOutOfRangeException" /> is thrown.<para>指定超时（以毫秒为单位）,在发送第一个保持活动状态数据包之前没有活动. 该值必须大于 0.如果传递的值小于或等于零 <see cref="t:system.argumentoutofrangeexception" /> 被扔了.</para></param>
      <param name="keepAliveInterval">Specifies the interval, in milliseconds, between when successive keep-alive packets are sent if no acknowledgement is received.  
  
 The value must be greater than 0.  If a value of less than or equal to zero is passed an <see cref="T:System.ArgumentOutOfRangeException" /> is thrown.<para>指定在未收到确认的情况下发送连续保持活动状态数据包之间的时间间隔（以毫秒为单位）. 该值必须大于 0.如果传递的值小于或等于零 <see cref="t:system.argumentoutofrangeexception" /> 被扔了.</para></param>
      <exception cref="T:System.ArgumentOutOfRangeException">The value specified for <paramref name="keepAliveTime" /> or <paramref name="keepAliveInterval" /> parameter is less than or equal to 0.<para>为 指定的值 $<paramref name="keepalivetime" /> 或 $<paramref name="keepaliveinterval" /> 参数小于或等于 0.</para></exception>
    </member>
    <member name="P:System.Net.ServicePoint.Address">
      <summary>Gets the Uniform Resource Identifier (URI) of the server that this <see cref="T:System.Net.ServicePoint" /> object connects to.<para>获取此 <see cref="T:System.Net.ServicePoint" /> 对象连接到的服务器的统一资源标识符 （uri）.</para></summary>
      <exception cref="T:System.NotSupportedException">The <see cref="T:System.Net.ServicePoint" /> is in host mode.<para><see cref="T:System.Net.ServicePoint" /> 处于主机模式.</para></exception>
      <returns>An instance of the <see cref="T:System.Uri" /> class that contains the URI of the Internet server that this <see cref="T:System.Net.ServicePoint" /> object connects to.<para>一个 <see cref="T:System.Uri" /> 类的实例,该类包含此 <see cref="T:System.Net.ServicePoint" /> 对象连接到的因特网服务器的 uri.</para></returns>
    </member>
    <member name="P:System.Net.ServicePoint.BindIPEndPointDelegate">
      <summary>Specifies the delegate to associate a local <see cref="T:System.Net.IPEndPoint" /> with a <see cref="T:System.Net.ServicePoint" />.<para>指定要将本地 <see cref="T:System.Net.IPEndPoint" /> 与 <see cref="T:System.Net.ServicePoint" /> 关联的委托.</para></summary>
      <returns>A delegate that forces a <see cref="T:System.Net.ServicePoint" /> to use a particular local Internet Protocol (IP) address and port number. The default value is <see langword="null" />.<para>强制 <see cref="T:System.Net.ServicePoint" /> 使用特定本地互联网协议 （ip） 地址和端口号的委托.默认值为 <see langword="null" />.</para></returns>
    </member>
    <member name="P:System.Net.ServicePoint.Certificate">
      <summary>Gets the certificate received for this <see cref="T:System.Net.ServicePoint" /> object.<para>获取为此 <see cref="T:System.Net.ServicePoint" /> 对象收到的证书.</para></summary>
      <returns>An instance of the <see cref="T:System.Security.Cryptography.X509Certificates.X509Certificate" /> class that contains the security certificate received for this <see cref="T:System.Net.ServicePoint" /> object.<para>包含为此 <see cref="T:System.Net.ServicePoint" /> 对象接收的安全证书的 <see cref="T:System.Security.Cryptography.X509Certificates.X509Certificate" /> 类的实例.</para></returns>
    </member>
    <member name="P:System.Net.ServicePoint.ClientCertificate">
      <summary>Gets the last client certificate sent to the server.<para>获取发送到服务器的最后一个客户端证书.</para></summary>
      <returns>An <see cref="T:System.Security.Cryptography.X509Certificates.X509Certificate" /> object that contains the public values of the last client certificate sent to the server.<para>一个 <see cref="T:System.Security.Cryptography.X509Certificates.X509Certificate" /> 对象,其中包含发送到服务器的最后一个客户端证书的公共值.</para></returns>
    </member>
    <member name="P:System.Net.ServicePoint.ConnectionLeaseTimeout">
      <summary>Gets or sets the number of milliseconds after which an active <see cref="T:System.Net.ServicePoint" /> connection is closed.<para>获取或设置关闭活动 <see cref="T:System.Net.ServicePoint" /> 连接的毫秒数.</para></summary>
      <exception cref="T:System.ArgumentOutOfRangeException">The value specified for a set operation is a negative number less than -1.<para>为设置操作指定的值是小于 -1 的负数.</para></exception>
      <returns>A <see cref="T:System.Int32" /> that specifies the number of milliseconds that an active <see cref="T:System.Net.ServicePoint" /> connection remains open. The default is -1, which allows an active <see cref="T:System.Net.ServicePoint" /> connection to stay connected indefinitely. Set this property to 0 to force <see cref="T:System.Net.ServicePoint" /> connections to close after servicing a request.<para>一个 <see cref="T:System.Int32" />,它指定活动 <see cref="T:System.Net.ServicePoint" /> 连接保持打开状态的毫秒数.默认值为 -1,它允许活动的 <see cref="T:System.Net.ServicePoint" /> 连接无限期地保持连接.将此属性设置为 0 以强制 <see cref="T:System.Net.ServicePoint" /> 连接在为请求提供服务后关闭.</para></returns>
    </member>
    <member name="P:System.Net.ServicePoint.ConnectionLimit">
      <summary>Gets or sets the maximum number of connections allowed on this <see cref="T:System.Net.ServicePoint" /> object.<para>获取或设置此 <see cref="T:System.Net.ServicePoint" /> 对象上允许的最大连接数.</para></summary>
      <exception cref="T:System.ArgumentOutOfRangeException">The connection limit is equal to or less than 0.<para>连接限制等于或小于 0.</para></exception>
      <returns>The maximum number of connections allowed on this <see cref="T:System.Net.ServicePoint" /> object.<para>此 <see cref="T:System.Net.ServicePoint" /> 对象上允许的最大连接数.</para></returns>
    </member>
    <member name="P:System.Net.ServicePoint.ConnectionName">
      <summary>Gets the connection name.<para>获取连接名称.</para></summary>
      <returns>A <see cref="T:System.String" /> that represents the connection name.<para>表示连接名称的 <see cref="T:System.String" />.</para></returns>
    </member>
    <member name="P:System.Net.ServicePoint.CurrentConnections">
      <summary>Gets the number of open connections associated with this <see cref="T:System.Net.ServicePoint" /> object.<para>获取与此 <see cref="T:System.Net.ServicePoint" /> 对象关联的打开连接数.</para></summary>
      <returns>The number of open connections associated with this <see cref="T:System.Net.ServicePoint" /> object.<para>与此 <see cref="T:System.Net.ServicePoint" /> 对象关联的打开连接数.</para></returns>
    </member>
    <member name="P:System.Net.ServicePoint.Expect100Continue">
      <summary>Gets or sets a <see cref="T:System.Boolean" /> value that determines whether 100-Continue behavior is used.<para>获取或设置一个 <see cref="T:System.Boolean" /> 值,该值确定是否使用 100-continue 行为.</para></summary>
      <returns>
        <see langword="true" /> to expect 100-Continue responses for <see langword="POST" /> requests; otherwise, <see langword="false" />. The default value is <see langword="true" />.<para><see langword="true" /> 预期 <see langword="POST" /> 请求的 100-continue 响应;否则,<see langword="false" />.默认值为 <see langword="true" />.</para></returns>
    </member>
    <member name="P:System.Net.ServicePoint.IdleSince">
      <summary>Gets the date and time that the <see cref="T:System.Net.ServicePoint" /> object was last connected to a host.<para>获取 <see cref="T:System.Net.ServicePoint" /> 对象上次连接到主机的日期和时间.</para></summary>
      <returns>A <see cref="T:System.DateTime" /> object that contains the date and time at which the <see cref="T:System.Net.ServicePoint" /> object was last connected.<para>一个 <see cref="T:System.DateTime" /> 对象,包含上次连接 <see cref="T:System.Net.ServicePoint" /> 对象的日期和时间.</para></returns>
    </member>
    <member name="P:System.Net.ServicePoint.MaxIdleTime">
      <summary>Gets or sets the amount of time a connection associated with the <see cref="T:System.Net.ServicePoint" /> object can remain idle before the connection is closed.<para>获取或设置与 <see cref="T:System.Net.ServicePoint" /> 对象关联的连接在关闭连接之前可以保持空闲的时间量.</para></summary>
      <exception cref="T:System.ArgumentOutOfRangeException">
        <see cref="P:System.Net.ServicePoint.MaxIdleTime" /> is set to less than <see cref="F:System.Threading.Timeout.Infinite" /> or greater than <see cref="F:System.Int32.MaxValue">Int32.MaxValue</see>.<para><see cref="P:System.Net.ServicePoint.MaxIdleTime" /> 设置为小于 <see cref="F:System.Threading.Timeout.Infinite" /> 或大于 <see cref="F:System.Int32.MaxValue">Int32.MaxValue</see>.</para></exception>
      <returns>The length of time, in milliseconds, that a connection associated with the <see cref="T:System.Net.ServicePoint" /> object can remain idle before it is closed and reused for another connection.<para>与 <see cref="T:System.Net.ServicePoint" /> 对象关联的连接在关闭并重新用于另一个连接之前可以保持空闲状态的时间长度（以毫秒为单位）.</para></returns>
    </member>
    <member name="P:System.Net.ServicePoint.ProtocolVersion">
      <summary>Gets the version of the HTTP protocol that the <see cref="T:System.Net.ServicePoint" /> object uses.<para>获取 <see cref="T:System.Net.ServicePoint" /> 对象使用的 http 协议的版本.</para></summary>
      <returns>A <see cref="T:System.Version" /> object that contains the HTTP protocol version that the <see cref="T:System.Net.ServicePoint" /> object uses.<para>一个 <see cref="T:System.Version" /> 对象,其中包含 <see cref="T:System.Net.ServicePoint" /> 对象使用的 http 协议版本.</para></returns>
    </member>
    <member name="P:System.Net.ServicePoint.ReceiveBufferSize">
      <summary>Gets or sets the size of the receiving buffer for the socket used by this <see cref="T:System.Net.ServicePoint" />.<para>获取或设置此 <see cref="T:System.Net.ServicePoint" /> 使用的套接字的接收缓冲区的大小.</para></summary>
      <exception cref="T:System.ArgumentOutOfRangeException">The value specified for a set operation is greater than <see cref="F:System.Int32.MaxValue">Int32.MaxValue</see>.<para>为设置操作指定的值大于 <see cref="F:System.Int32.MaxValue">Int32.MaxValue</see>.</para></exception>
      <returns>A <see cref="T:System.Int32" /> that contains the size, in bytes, of the receive buffer. The default is 8192.<para>一个 <see cref="T:System.Int32" />,包含接收缓冲区的大小（以字节为单位）.默认值为 8192.</para></returns>
    </member>
    <member name="P:System.Net.ServicePoint.SupportsPipelining">
      <summary>Indicates whether the <see cref="T:System.Net.ServicePoint" /> object supports pipelined connections.<para>指示 <see cref="T:System.Net.ServicePoint" /> 对象是否支持管道连接.</para></summary>
      <returns>
        <see langword="true" /> if the <see cref="T:System.Net.ServicePoint" /> object supports pipelined connections; otherwise, <see langword="false" />.<para><see langword="true" /> 如果 <see cref="T:System.Net.ServicePoint" /> 对象支持管道连接;否则,<see langword="false" />.</para></returns>
    </member>
    <member name="P:System.Net.ServicePoint.UseNagleAlgorithm">
      <summary>Gets or sets a <see cref="T:System.Boolean" /> value that determines whether the Nagle algorithm is used on connections managed by this <see cref="T:System.Net.ServicePoint" /> object.<para>获取或设置一个 <see cref="T:System.Boolean" /> 值,该值确定是否在此 <see cref="T:System.Net.ServicePoint" /> 对象管理的连接上使用 nagle 算法.</para></summary>
      <returns>
        <see langword="true" /> to use the Nagle algorithm; otherwise, <see langword="false" />. The default value is <see langword="true" />.<para><see langword="true" /> 使用 nagle 算法;否则,<see langword="false" />.默认值为 <see langword="true" />.</para></returns>
    </member>
    <member name="T:System.Net.ServicePointManager">
      <summary>Manages the collection of <see cref="T:System.Net.ServicePoint" /> objects.<para>管理 <see cref="T:System.Net.ServicePoint" /> 对象的集合.</para></summary>
    </member>
    <member name="F:System.Net.ServicePointManager.DefaultNonPersistentConnectionLimit">
      <summary>The default number of non-persistent connections (4) allowed on a <see cref="T:System.Net.ServicePoint" /> object connected to an HTTP/1.0 or later server. This field is constant but is no longer used as of .NET Framework 2.0.<para>连接到 http/4.1 或更高版本服务器的 <see cref="T:System.Net.ServicePoint" /> 对象上允许的默认非持久连接数 （0）.此字段是常量,但从 .net framework 2.0 开始不再使用.</para></summary>
    </member>
    <member name="F:System.Net.ServicePointManager.DefaultPersistentConnectionLimit">
      <summary>The default number of persistent connections (2) allowed on a <see cref="T:System.Net.ServicePoint" /> object connected to an HTTP/1.1 or later server. This field is constant and is used to initialize the <see cref="P:System.Net.ServicePointManager.DefaultConnectionLimit" /> property if the value of the <see cref="P:System.Net.ServicePointManager.DefaultConnectionLimit" /> property has not been set either directly or through configuration.<para>连接到 http/2.1 或更高版本服务器的 <see cref="T:System.Net.ServicePoint" /> 对象上允许的默认持久连接数 （1）.此字段是常量,用于初始化 <see cref="P:System.Net.ServicePointManager.DefaultConnectionLimit" /> 属性的值,如果尚未直接或通过配置设置 <see cref="P:System.Net.ServicePointManager.DefaultConnectionLimit" /> 属性.</para></summary>
    </member>
    <member name="M:System.Net.ServicePointManager.FindServicePoint(System.String,System.Net.IWebProxy)">
      <summary>Finds an existing <see cref="T:System.Net.ServicePoint" /> object or creates a new <see cref="T:System.Net.ServicePoint" /> object to manage communications with the specified Uniform Resource Identifier (URI).<para>查找现有的 <see cref="T:System.Net.ServicePoint" /> 对象或创建新的 <see cref="T:System.Net.ServicePoint" /> 对象以管理与指定统一资源标识符 （uri） 的通信.</para></summary>
      <param name="uriString">The URI of the Internet resource to be contacted.<para>要联系的互联网资源的 uri.</para></param>
      <param name="proxy">The proxy data for this request.<para>此请求的代理数据.</para></param>
      <exception cref="T:System.UriFormatException">The URI specified in <paramref name="uriString" /> is invalid.<para><paramref name="uriString" /> 中指定的 uri 无效.</para></exception>
      <exception cref="T:System.InvalidOperationException">The maximum number of <see cref="T:System.Net.ServicePoint" /> objects defined in <see cref="P:System.Net.ServicePointManager.MaxServicePoints" /> has been reached.<para>已达到 <see cref="P:System.Net.ServicePointManager.MaxServicePoints" /> 中定义的 <see cref="T:System.Net.ServicePoint" /> 对象的最大数量.</para></exception>
      <returns>The <see cref="T:System.Net.ServicePoint" /> object that manages communications for the request.<para>管理请求通信的 <see cref="T:System.Net.ServicePoint" /> 对象.</para></returns>
    </member>
    <member name="M:System.Net.ServicePointManager.FindServicePoint(System.Uri)">
      <summary>Finds an existing <see cref="T:System.Net.ServicePoint" /> object or creates a new <see cref="T:System.Net.ServicePoint" /> object to manage communications with the specified <see cref="T:System.Uri" /> object.<para>查找现有的 <see cref="T:System.Net.ServicePoint" /> 对象或创建新的 <see cref="T:System.Net.ServicePoint" /> 对象以管理与指定 <see cref="T:System.Uri" /> 对象的通信.</para></summary>
      <param name="address">The <see cref="T:System.Uri" /> object of the Internet resource to contact.<para>要联系的互联网资源的 <see cref="T:System.Uri" /> 对象.</para></param>
      <exception cref="T:System.ArgumentNullException">
        <paramref name="address" /> is <see langword="null" />.<para><paramref name="address" /> 是 <see langword="null" />.</para></exception>
      <exception cref="T:System.InvalidOperationException">The maximum number of <see cref="T:System.Net.ServicePoint" /> objects defined in <see cref="P:System.Net.ServicePointManager.MaxServicePoints" /> has been reached.<para>已达到 <see cref="P:System.Net.ServicePointManager.MaxServicePoints" /> 中定义的 <see cref="T:System.Net.ServicePoint" /> 对象的最大数量.</para></exception>
      <returns>The <see cref="T:System.Net.ServicePoint" /> object that manages communications for the request.<para>管理请求通信的 <see cref="T:System.Net.ServicePoint" /> 对象.</para></returns>
    </member>
    <member name="M:System.Net.ServicePointManager.FindServicePoint(System.Uri,System.Net.IWebProxy)">
      <summary>Finds an existing <see cref="T:System.Net.ServicePoint" /> object or creates a new <see cref="T:System.Net.ServicePoint" /> object to manage communications with the specified <see cref="T:System.Uri" /> object.<para>查找现有的 <see cref="T:System.Net.ServicePoint" /> 对象或创建新的 <see cref="T:System.Net.ServicePoint" /> 对象以管理与指定 <see cref="T:System.Uri" /> 对象的通信.</para></summary>
      <param name="address">A <see cref="T:System.Uri" /> object that contains the address of the Internet resource to contact.<para>一个 <see cref="T:System.Uri" /> 对象,其中包含要联系的互联网资源的地址.</para></param>
      <param name="proxy">The proxy data for this request.<para>此请求的代理数据.</para></param>
      <exception cref="T:System.ArgumentNullException">
        <paramref name="address" /> is <see langword="null" />.<para><paramref name="address" /> 是 <see langword="null" />.</para></exception>
      <exception cref="T:System.InvalidOperationException">The maximum number of <see cref="T:System.Net.ServicePoint" /> objects defined in <see cref="P:System.Net.ServicePointManager.MaxServicePoints" /> has been reached.<para>已达到 <see cref="P:System.Net.ServicePointManager.MaxServicePoints" /> 中定义的 <see cref="T:System.Net.ServicePoint" /> 对象的最大数量.</para></exception>
      <returns>The <see cref="T:System.Net.ServicePoint" /> object that manages communications for the request.<para>管理请求通信的 <see cref="T:System.Net.ServicePoint" /> 对象.</para></returns>
    </member>
    <member name="M:System.Net.ServicePointManager.SetTcpKeepAlive(System.Boolean,System.Int32,System.Int32)">
      <summary>Enables or disables the keep-alive option on a TCP connection.<para>启用或禁用 tcp 连接上的保持活动状态选项.</para></summary>
      <param name="enabled">If set to true, then the TCP keep-alive option on a TCP connection will be enabled using the specified <paramref name="keepAliveTime" /> and <paramref name="keepAliveInterval" /> values.  
  
 If set to false, then the TCP keep-alive option is disabled and the remaining parameters are ignored.  
  
 The default value is false.<para>如果设置为 true,则将使用指定的 $<paramref name="keepalivetime" /> 和 $<paramref name="keepaliveinterval" /> 值. 如果设置为 false,则禁用 tcp 保持活动状态选项,并忽略其余参数. 默认值为 false.</para></param>
      <param name="keepAliveTime">Specifies the timeout, in milliseconds, with no activity until the first keep-alive packet is sent.  
  
 The value must be greater than 0.  If a value of less than or equal to zero is passed an <see cref="T:System.ArgumentOutOfRangeException" /> is thrown.<para>指定超时（以毫秒为单位）,在发送第一个保持活动状态数据包之前没有活动. 该值必须大于 0.如果传递的值小于或等于零 <see cref="t:system.argumentoutofrangeexception" /> 被扔了.</para></param>
      <param name="keepAliveInterval">Specifies the interval, in milliseconds, between when successive keep-alive packets are sent if no acknowledgement is received.  
  
 The value must be greater than 0.  If a value of less than or equal to zero is passed an <see cref="T:System.ArgumentOutOfRangeException" /> is thrown.<para>指定在未收到确认的情况下发送连续保持活动状态数据包之间的时间间隔（以毫秒为单位）. 该值必须大于 0.如果传递的值小于或等于零 <see cref="t:system.argumentoutofrangeexception" /> 被扔了.</para></param>
      <exception cref="T:System.ArgumentOutOfRangeException">The value specified for <paramref name="keepAliveTime" /> or <paramref name="keepAliveInterval" /> parameter is less than or equal to 0.<para>为 指定的值 $<paramref name="keepalivetime" /> 或 $<paramref name="keepaliveinterval" /> 参数小于或等于 0.</para></exception>
    </member>
    <member name="P:System.Net.ServicePointManager.CheckCertificateRevocationList">
      <summary>Gets or sets a <see cref="T:System.Boolean" /> value that indicates whether the certificate is checked against the certificate authority revocation list.<para>获取或设置一个 <see cref="T:System.Boolean" /> 值,该值指示是否根据证书颁发机构吊销列表检查证书.</para></summary>
      <returns>
        <see langword="true" /> if the certificate revocation list is checked; otherwise, <see langword="false" />.<para><see langword="true" /> 如果选中了证书吊销列表;否则,<see langword="false" />.</para></returns>
    </member>
    <member name="P:System.Net.ServicePointManager.DefaultConnectionLimit">
      <summary>Gets or sets the maximum number of concurrent connections allowed by a <see cref="T:System.Net.ServicePoint" /> object.<para>获取或设置 <see cref="T:System.Net.ServicePoint" /> 对象允许的最大并发连接数.</para></summary>
      <exception cref="T:System.ArgumentOutOfRangeException">
        <see cref="P:System.Net.ServicePointManager.DefaultConnectionLimit" /> is less than or equal to 0.<para><see cref="P:System.Net.ServicePointManager.DefaultConnectionLimit" /> 小于或等于 0.</para></exception>
      <returns>The maximum number of concurrent connections allowed by a <see cref="T:System.Net.ServicePoint" /> object. The default connection limit is 10 for ASP.NET hosted applications and 2 for all others. When an app is running as an ASP.NET host, it is not possible to alter the value of this property through the config file if the autoConfig property is set to <see langword="true" />. However, you can change the value programmatically when the autoConfig property is <see langword="true" />. Set your preferred value once, when the AppDomain loads.<para><see cref="T:System.Net.ServicePoint" /> 对象允许的最大并发连接数.对于 asp.net 托管应用程序,默认连接限制为 10,对于所有其他应用程序,默认连接限制为 2.当应用作为 asp.net 主机运行时,如果 autoconfig 属性设置为 <see langword="true" />,则无法通过配置文件更改此属性的值.但是,当 autoconfig 属性为 <see langword="true" /> 时,可以通过编程方式更改该值.在加载应用域时设置一次首选值.</para></returns>
    </member>
    <member name="P:System.Net.ServicePointManager.DnsRefreshTimeout">
      <summary>Gets or sets a value that indicates how long a Domain Name Service (DNS) resolution is considered valid.<para>获取或设置一个值,该值指示域名服务 （dns） 解析被视为有效的时长.</para></summary>
      <returns>The time-out value, in milliseconds. A value of -1 indicates an infinite time-out period. The default value is 120,000 milliseconds (two minutes).<para>超时值（以毫秒为单位）.值 -1 表示无限超时期限.默认值为 120,000 毫秒（两分钟）.</para></returns>
    </member>
    <member name="P:System.Net.ServicePointManager.EnableDnsRoundRobin">
      <summary>Gets or sets a value that indicates whether a Domain Name Service (DNS) resolution rotates among the applicable Internet Protocol (IP) addresses.<para>获取或设置一个值,该值指示域名服务 （dns） 解析是否在适用的 internet 协议 （ip） 地址之间轮换.</para></summary>
      <returns>
        <see langword="false" /> if a DNS resolution always returns the first IP address for a particular host; otherwise <see langword="true" />. The default is <see langword="false" />.<para><see langword="false" /> 如果 dns 解析始终返回特定主机的第一个 ip 地址;否则 <see langword="true" />.默认值为 <see langword="false" />.</para></returns>
    </member>
    <member name="P:System.Net.ServicePointManager.EncryptionPolicy">
      <summary>Gets the <see cref="T:System.Net.Security.EncryptionPolicy" /> for this <see cref="T:System.Net.ServicePointManager" /> instance.<para>获取此 <see cref="T:System.Net.ServicePointManager" /> 实例的 <see cref="T:System.Net.Security.EncryptionPolicy" />.</para></summary>
      <returns>The encryption policy to use for this <see cref="T:System.Net.ServicePointManager" /> instance.<para>要用于此 <see cref="T:System.Net.ServicePointManager" /> 实例的加密策略.</para></returns>
    </member>
    <member name="P:System.Net.ServicePointManager.Expect100Continue">
      <summary>Gets or sets a <see cref="T:System.Boolean" /> value that determines whether 100-Continue behavior is used.<para>获取或设置一个 <see cref="T:System.Boolean" /> 值,该值确定是否使用 100-continue 行为.</para></summary>
      <returns>
        <see langword="true" /> to enable 100-Continue behavior. The default value is <see langword="true" />.<para><see langword="true" /> 以启用 100-continue 行为.默认值为 <see langword="true" />.</para></returns>
    </member>
    <member name="P:System.Net.ServicePointManager.MaxServicePointIdleTime">
      <summary>Gets or sets the maximum idle time of a <see cref="T:System.Net.ServicePoint" /> object.<para>获取或设置 <see cref="T:System.Net.ServicePoint" /> 对象的最大空闲时间.</para></summary>
      <exception cref="T:System.ArgumentOutOfRangeException">
        <see cref="P:System.Net.ServicePointManager.MaxServicePointIdleTime" /> is less than <see cref="F:System.Threading.Timeout.Infinite" /> or greater than <see cref="F:System.Int32.MaxValue">Int32.MaxValue</see>.<para><see cref="P:System.Net.ServicePointManager.MaxServicePointIdleTime" /> 小于 <see cref="F:System.Threading.Timeout.Infinite" /> 或大于 <see cref="F:System.Int32.MaxValue">Int32.MaxValue</see>.</para></exception>
      <returns>The maximum idle time, in milliseconds, of a <see cref="T:System.Net.ServicePoint" /> object. The default value is 100,000 milliseconds (100 seconds).<para><see cref="T:System.Net.ServicePoint" /> 对象的最长空闲时间（以毫秒为单位）.默认值为 100,000 毫秒（100 秒）.</para></returns>
    </member>
    <member name="P:System.Net.ServicePointManager.MaxServicePoints">
      <summary>Gets or sets the maximum number of <see cref="T:System.Net.ServicePoint" /> objects to maintain at any time.<para>获取或设置随时要维护的最大 <see cref="T:System.Net.ServicePoint" /> 对象数.</para></summary>
      <exception cref="T:System.ArgumentOutOfRangeException">
        <see cref="P:System.Net.ServicePointManager.MaxServicePoints" /> is less than 0 or greater than <see cref="F:System.Int32.MaxValue">Int32.MaxValue</see>.<para><see cref="P:System.Net.ServicePointManager.MaxServicePoints" /> 小于 0 或大于 <see cref="F:System.Int32.MaxValue">Int32.MaxValue</see>.</para></exception>
      <returns>The maximum number of <see cref="T:System.Net.ServicePoint" /> objects to maintain. The default value is 0, which means there is no limit to the number of <see cref="T:System.Net.ServicePoint" /> objects.<para>要维护的最大 <see cref="T:System.Net.ServicePoint" /> 对象数.默认值为 0,这意味着 <see cref="T:System.Net.ServicePoint" /> 对象的数量没有限制.</para></returns>
    </member>
    <member name="P:System.Net.ServicePointManager.ReusePort">
      <summary>Setting this property value to <see langword="true" /> causes all outbound TCP connections from HttpWebRequest to use the native socket option SO_REUSE_UNICASTPORT on the socket. This causes the underlying outgoing ports to be shared. This is useful for scenarios where a large number of outgoing connections are made in a short time, and the app risks running out of ports.<para>将此属性值设置为 <see langword="true" /> 会导致来自 httpwebrequest 的所有出站 tcp 连接使用套接字上的本机套接字选项so_reuse_unicastport.这会导致共享基础传出端口.这对于在短时间内建立大量传出连接且应用存在端口耗尽风险的情况非常有用.</para></summary>
      <returns>Returns <see cref="T:System.Boolean" />.<para>返回 <see cref="T:System.Boolean" />.</para></returns>
    </member>
    <member name="P:System.Net.ServicePointManager.SecurityProtocol">
      <summary>Gets or sets the security protocol used by the <see cref="T:System.Net.ServicePoint" /> objects managed by the <see cref="T:System.Net.ServicePointManager" /> object.<para>获取或设置由 <see cref="T:System.Net.ServicePointManager" /> 对象管理的 <see cref="T:System.Net.ServicePoint" /> 对象使用的安全协议.</para></summary>
      <exception cref="T:System.NotSupportedException">The value specified to set the property is not a valid <see cref="T:System.Net.SecurityProtocolType" /> enumeration value.<para>指定用于设置属性的值不是有效的 <see cref="T:System.Net.SecurityProtocolType" /> 枚举值.</para></exception>
      <returns>One of the values defined in the <see cref="T:System.Net.SecurityProtocolType" /> enumeration.<para>枚举中定义的值之一.</para></returns>
    </member>
    <member name="P:System.Net.ServicePointManager.ServerCertificateValidationCallback">
      <summary>Gets or sets the callback to validate a server certificate.<para>获取或设置用于验证服务器证书的回调.</para></summary>
      <returns>A <see cref="T:System.Net.Security.RemoteCertificateValidationCallback" />. The default value is <see langword="null" />.<para>a <see cref="T:System.Net.Security.RemoteCertificateValidationCallback" />.默认值为 <see langword="null" />.</para></returns>
    </member>
    <member name="P:System.Net.ServicePointManager.UseNagleAlgorithm">
      <summary>Determines whether the Nagle algorithm is used by the service points managed by this <see cref="T:System.Net.ServicePointManager" /> object.<para>确定此 <see cref="T:System.Net.ServicePointManager" /> 对象管理的服务点是否使用 nagle 算法.</para></summary>
      <returns>
        <see langword="true" /> to use the Nagle algorithm; otherwise, <see langword="false" />. The default value is <see langword="true" />.<para><see langword="true" /> 使用 nagle 算法;否则,<see langword="false" />.默认值为 <see langword="true" />.</para></returns>
    </member>
  </members>
</doc>