﻿<?xml version="1.0" encoding="utf-8"?>
<doc>
  <assembly>
    <name>System.Web.HttpUtility</name>
  </assembly>
  <members>
    <member name="T:System.Web.HttpUtility">
      <summary>Provides methods for encoding and decoding URLs when processing Web requests. This class cannot be inherited.<para>提供在处理 web 请求时对 url 进行编码和解码的方法.此类不能继承.</para></summary>
    </member>
    <member name="M:System.Web.HttpUtility.#ctor">
      <summary>Initializes a new instance of the <see cref="T:System.Web.HttpUtility" /> class.<para>初始化 <see cref="T:System.Web.HttpUtility" /> 类的新实例.</para></summary>
    </member>
    <member name="M:System.Web.HttpUtility.HtmlAttributeEncode(System.String)">
      <summary>Minimally converts a string to an HTML-encoded string.<para>将字符串最小转换为 html 编码的字符串.</para></summary>
      <param name="s">The string to encode.<para>要编码的字符串.</para></param>
      <returns>An encoded string.<para>编码的字符串.</para></returns>
    </member>
    <member name="M:System.Web.HttpUtility.HtmlAttributeEncode(System.String,System.IO.TextWriter)">
      <summary>Minimally converts a string into an HTML-encoded string and sends the encoded string to a <see cref="T:System.IO.TextWriter" /> output stream.<para>将字符串最低限度地转换为 html 编码的字符串,并将编码的字符串发送到 <see cref="T:System.IO.TextWriter" /> 输出流.</para></summary>
      <param name="s">The string to encode.<para>要编码的字符串.</para></param>
      <param name="output">A <see cref="T:System.IO.TextWriter" /> output stream.<para>a <see cref="T:System.IO.TextWriter" /> 输出流.</para></param>
    </member>
    <member name="M:System.Web.HttpUtility.HtmlDecode(System.String)">
      <summary>Converts a string that has been HTML-encoded for HTTP transmission into a decoded string.<para>将已针对 http 传输进行 html 编码的字符串转换为解码的字符串.</para></summary>
      <param name="s">The string to decode.<para>要解码的字符串.</para></param>
      <returns>A decoded string.<para>解码的字符串.</para></returns>
    </member>
    <member name="M:System.Web.HttpUtility.HtmlDecode(System.String,System.IO.TextWriter)">
      <summary>Converts a string that has been HTML-encoded into a decoded string, and sends the decoded string to a <see cref="T:System.IO.TextWriter" /> output stream.<para>将已 html 编码的字符串转换为解码的字符串,并将解码的字符串发送到 <see cref="T:System.IO.TextWriter" /> 输出流.</para></summary>
      <param name="s">The string to decode.<para>要解码的字符串.</para></param>
      <param name="output">A <see cref="T:System.IO.TextWriter" /> stream of output.<para>输出流.</para></param>
    </member>
    <member name="M:System.Web.HttpUtility.HtmlEncode(System.Object)">
      <summary>Converts an object's string representation into an HTML-encoded string, and returns the encoded string.<para>将对象的字符串表示形式转换为 html 编码的字符串,并返回编码的字符串.</para></summary>
      <param name="value">An object.<para>一个对象.</para></param>
      <returns>An encoded string.<para>编码的字符串.</para></returns>
    </member>
    <member name="M:System.Web.HttpUtility.HtmlEncode(System.String)">
      <summary>Converts a string to an HTML-encoded string.<para>将字符串转换为 html 编码的字符串.</para></summary>
      <param name="s">The string to encode.<para>要编码的字符串.</para></param>
      <returns>An encoded string.<para>编码的字符串.</para></returns>
    </member>
    <member name="M:System.Web.HttpUtility.HtmlEncode(System.String,System.IO.TextWriter)">
      <summary>Converts a string into an HTML-encoded string, and returns the output as a <see cref="T:System.IO.TextWriter" /> stream of output.<para>将字符串转换为 html 编码的字符串,并将输出作为 <see cref="T:System.IO.TextWriter" /> 输出流返回.</para></summary>
      <param name="s">The string to encode.<para>要编码的字符串.</para></param>
      <param name="output">A <see cref="T:System.IO.TextWriter" /> output stream.<para>a <see cref="T:System.IO.TextWriter" /> 输出流.</para></param>
    </member>
    <member name="M:System.Web.HttpUtility.JavaScriptStringEncode(System.String)">
      <summary>Encodes a string.<para>对字符串进行编码.</para></summary>
      <param name="value">A string to encode.<para>要编码的字符串.</para></param>
      <returns>An encoded string.<para>编码的字符串.</para></returns>
    </member>
    <member name="M:System.Web.HttpUtility.JavaScriptStringEncode(System.String,System.Boolean)">
      <summary>Encodes a string.<para>对字符串进行编码.</para></summary>
      <param name="value">A string to encode.<para>要编码的字符串.</para></param>
      <param name="addDoubleQuotes">A value that indicates whether double quotation marks will be included around the encoded string.<para>一个值,指示编码字符串周围是否包含双引号.</para></param>
      <returns>An encoded string.<para>编码的字符串.</para></returns>
    </member>
    <member name="M:System.Web.HttpUtility.ParseQueryString(System.String)">
      <summary>Parses a query string into a <see cref="T:System.Collections.Specialized.NameValueCollection" /> using <see cref="P:System.Text.Encoding.UTF8" /> encoding.<para>使用 <see cref="P:System.Text.Encoding.UTF8" /> 编码将查询字符串解析为 <see cref="T:System.Collections.Specialized.NameValueCollection" />.</para></summary>
      <param name="query">The query string to parse.<para>要分析的查询字符串.</para></param>
      <exception cref="T:System.ArgumentNullException">
        <paramref name="query" /> is <see langword="null" />.<para><paramref name="query" /> 是 <see langword="null" />.</para></exception>
      <returns>A <see cref="T:System.Collections.Specialized.NameValueCollection" /> of query parameters and values.<para>查询参数和值的 <see cref="T:System.Collections.Specialized.NameValueCollection" />.</para></returns>
    </member>
    <member name="M:System.Web.HttpUtility.ParseQueryString(System.String,System.Text.Encoding)">
      <summary>Parses a query string into a <see cref="T:System.Collections.Specialized.NameValueCollection" /> using the specified <see cref="T:System.Text.Encoding" />.<para>使用指定的 <see cref="T:System.Text.Encoding" /> 将查询字符串分析为 <see cref="T:System.Collections.Specialized.NameValueCollection" />.</para></summary>
      <param name="query">The query string to parse.<para>要分析的查询字符串.</para></param>
      <param name="encoding">The <see cref="T:System.Text.Encoding" /> to use.<para>要使用的 <see cref="T:System.Text.Encoding" />.</para></param>
      <exception cref="T:System.ArgumentNullException">
        <paramref name="query" /> is <see langword="null" />.

-or-

 <paramref name="encoding" /> is <see langword="null" />.<para><paramref name="query" /> 是 <see langword="null" />. -或- <paramref name="encoding" /> 是 <see langword="null" />.</para></exception>
      <returns>A <see cref="T:System.Collections.Specialized.NameValueCollection" /> of query parameters and values.<para>查询参数和值的 <see cref="T:System.Collections.Specialized.NameValueCollection" />.</para></returns>
    </member>
    <member name="M:System.Web.HttpUtility.UrlDecode(System.Byte[],System.Int32,System.Int32,System.Text.Encoding)">
      <summary>Converts a URL-encoded byte array into a decoded string using the specified encoding object, starting at the specified position in the array, and continuing for the specified number of bytes.<para>使用指定的编码对象将 url 编码的字节数组转换为解码的字符串,从数组中的指定位置开始,并持续指定的字节数.</para></summary>
      <param name="bytes">The array of bytes to decode.<para>要解码的字节数组.</para></param>
      <param name="offset">The position in the byte to begin decoding.<para>字节中开始解码的位置.</para></param>
      <param name="count">The number of bytes to decode.<para>要解码的字节数.</para></param>
      <param name="e">The <see cref="T:System.Text.Encoding" /> object that specifies the decoding scheme.<para>指定解码方案的 <see cref="T:System.Text.Encoding" /> 对象.</para></param>
      <exception cref="T:System.ArgumentNullException">
        <paramref name="bytes" /> is <see langword="null" />, but <paramref name="count" /> does not equal <see langword="0" />.<para><paramref name="bytes" /> 是 <see langword="null" />,但 <paramref name="count" /> 不等于 <see langword="0" />.</para></exception>
      <exception cref="T:System.ArgumentOutOfRangeException">
        <paramref name="offset" /> is less than <see langword="0" /> or greater than the length of the <paramref name="bytes" /> array.

-or-

 <paramref name="count" /> is less than <see langword="0" />, or <paramref name="count" /> + <paramref name="offset" /> is greater than the length of the <paramref name="bytes" /> array.<para><paramref name="offset" /> 小于 <see langword="0" /> 或大于 <paramref name="bytes" /> 数组的长度. -或- <paramref name="count" /> 小于 <see langword="0" />,或者 <paramref name="count" /> + <paramref name="offset" /> 大于 <paramref name="bytes" /> 数组的长度.</para></exception>
      <returns>A decoded string.<para>解码的字符串.</para></returns>
    </member>
    <member name="M:System.Web.HttpUtility.UrlDecode(System.Byte[],System.Text.Encoding)">
      <summary>Converts a URL-encoded byte array into a decoded string using the specified decoding object.<para>使用指定的解码对象将 url 编码的字节数组转换为解码的字符串.</para></summary>
      <param name="bytes">The array of bytes to decode.<para>要解码的字节数组.</para></param>
      <param name="e">The <see cref="T:System.Text.Encoding" /> that specifies the decoding scheme.<para>指定解码方案的 <see cref="T:System.Text.Encoding" />.</para></param>
      <returns>A decoded string.<para>解码的字符串.</para></returns>
    </member>
    <member name="M:System.Web.HttpUtility.UrlDecode(System.String)">
      <summary>Converts a string that has been encoded for transmission in a URL into a decoded string.<para>将已编码以便在 url 中传输的字符串转换为解码的字符串.</para></summary>
      <param name="str">The string to decode.<para>要解码的字符串.</para></param>
      <returns>A decoded string.<para>解码的字符串.</para></returns>
    </member>
    <member name="M:System.Web.HttpUtility.UrlDecode(System.String,System.Text.Encoding)">
      <summary>Converts a URL-encoded string into a decoded string, using the specified encoding object.<para>使用指定的编码对象将 url 编码的字符串转换为解码的字符串.</para></summary>
      <param name="str">The string to decode.<para>要解码的字符串.</para></param>
      <param name="e">The <see cref="T:System.Text.Encoding" /> that specifies the decoding scheme.<para>指定解码方案的 <see cref="T:System.Text.Encoding" />.</para></param>
      <returns>A decoded string.<para>解码的字符串.</para></returns>
    </member>
    <member name="M:System.Web.HttpUtility.UrlDecodeToBytes(System.Byte[])">
      <summary>Converts a URL-encoded array of bytes into a decoded array of bytes.<para>将 url 编码的字节数组转换为解码的字节数组.</para></summary>
      <param name="bytes">The array of bytes to decode.<para>要解码的字节数组.</para></param>
      <returns>A decoded array of bytes.<para>解码的字节数组.</para></returns>
    </member>
    <member name="M:System.Web.HttpUtility.UrlDecodeToBytes(System.Byte[],System.Int32,System.Int32)">
      <summary>Converts a URL-encoded array of bytes into a decoded array of bytes, starting at the specified position in the array and continuing for the specified number of bytes.<para>将 url 编码的字节数组转换为解码的字节数组,从数组中的指定位置开始,并继续执行指定的字节数.</para></summary>
      <param name="bytes">The array of bytes to decode.<para>要解码的字节数组.</para></param>
      <param name="offset">The position in the byte array at which to begin decoding.<para>字节数组中开始解码的位置.</para></param>
      <param name="count">The number of bytes to decode.<para>要解码的字节数.</para></param>
      <exception cref="T:System.ArgumentNullException">
        <paramref name="bytes" /> is <see langword="null" />, but <paramref name="count" /> does not equal <see langword="0" />.<para><paramref name="bytes" /> 是 <see langword="null" />,但 <paramref name="count" /> 不等于 <see langword="0" />.</para></exception>
      <exception cref="T:System.ArgumentOutOfRangeException">
        <paramref name="offset" /> is less than <see langword="0" /> or greater than the length of the <paramref name="bytes" /> array.

-or-

 <paramref name="count" /> is less than <see langword="0" />, or <paramref name="count" /> + <paramref name="offset" /> is greater than the length of the <paramref name="bytes" /> array.<para><paramref name="offset" /> 小于 <see langword="0" /> 或大于 <paramref name="bytes" /> 数组的长度. -或- <paramref name="count" /> 小于 <see langword="0" />,或者 <paramref name="count" /> + <paramref name="offset" /> 大于 <paramref name="bytes" /> 数组的长度.</para></exception>
      <returns>A decoded array of bytes.<para>解码的字节数组.</para></returns>
    </member>
    <member name="M:System.Web.HttpUtility.UrlDecodeToBytes(System.String)">
      <summary>Converts a URL-encoded string into a decoded array of bytes.<para>将 url 编码的字符串转换为解码的字节数组.</para></summary>
      <param name="str">The string to decode.<para>要解码的字符串.</para></param>
      <returns>A decoded array of bytes.<para>解码的字节数组.</para></returns>
    </member>
    <member name="M:System.Web.HttpUtility.UrlDecodeToBytes(System.String,System.Text.Encoding)">
      <summary>Converts a URL-encoded string into a decoded array of bytes using the specified decoding object.<para>使用指定的解码对象将 url 编码的字符串转换为解码的字节数组.</para></summary>
      <param name="str">The string to decode.<para>要解码的字符串.</para></param>
      <param name="e">The <see cref="T:System.Text.Encoding" /> object that specifies the decoding scheme.<para>指定解码方案的 <see cref="T:System.Text.Encoding" /> 对象.</para></param>
      <returns>A decoded array of bytes.<para>解码的字节数组.</para></returns>
    </member>
    <member name="M:System.Web.HttpUtility.UrlEncode(System.Byte[])">
      <summary>Converts a byte array into an encoded URL string.<para>将字节数组转换为编码的 url 字符串.</para></summary>
      <param name="bytes">The array of bytes to encode.<para>要编码的字节数组.</para></param>
      <returns>An encoded string.<para>编码的字符串.</para></returns>
    </member>
    <member name="M:System.Web.HttpUtility.UrlEncode(System.Byte[],System.Int32,System.Int32)">
      <summary>Converts a byte array into a URL-encoded string, starting at the specified position in the array and continuing for the specified number of bytes.<para>将字节数组转换为 url 编码的字符串,从数组中的指定位置开始,并继续执行指定的字节数.</para></summary>
      <param name="bytes">The array of bytes to encode.<para>要编码的字节数组.</para></param>
      <param name="offset">The position in the byte array at which to begin encoding.<para>字节数组中开始编码的位置.</para></param>
      <param name="count">The number of bytes to encode.<para>要编码的字节数.</para></param>
      <returns>An encoded string.<para>编码的字符串.</para></returns>
    </member>
    <member name="M:System.Web.HttpUtility.UrlEncode(System.String)">
      <summary>Encodes a URL string.<para>对网址字符串进行编码.</para></summary>
      <param name="str">The text to encode.<para>要编码的文本.</para></param>
      <returns>An encoded string.<para>编码的字符串.</para></returns>
    </member>
    <member name="M:System.Web.HttpUtility.UrlEncode(System.String,System.Text.Encoding)">
      <summary>Encodes a URL string using the specified encoding object.<para>使用指定的编码对象对 url 字符串进行编码.</para></summary>
      <param name="str">The text to encode.<para>要编码的文本.</para></param>
      <param name="e">The <see cref="T:System.Text.Encoding" /> object that specifies the encoding scheme.<para>指定编码方案的 <see cref="T:System.Text.Encoding" /> 对象.</para></param>
      <returns>An encoded string.<para>编码的字符串.</para></returns>
    </member>
    <member name="M:System.Web.HttpUtility.UrlEncodeToBytes(System.Byte[])">
      <summary>Converts an array of bytes into a URL-encoded array of bytes.<para>将字节数组转换为 url 编码的字节数组.</para></summary>
      <param name="bytes">The array of bytes to encode.<para>要编码的字节数组.</para></param>
      <returns>An encoded array of bytes.<para>编码的字节数组.</para></returns>
    </member>
    <member name="M:System.Web.HttpUtility.UrlEncodeToBytes(System.Byte[],System.Int32,System.Int32)">
      <summary>Converts an array of bytes into a URL-encoded array of bytes, starting at the specified position in the array and continuing for the specified number of bytes.<para>将字节数组转换为 url 编码的字节数组,从数组中的指定位置开始,一直持续到指定的字节数.</para></summary>
      <param name="bytes">The array of bytes to encode.<para>要编码的字节数组.</para></param>
      <param name="offset">The position in the byte array at which to begin encoding.<para>字节数组中开始编码的位置.</para></param>
      <param name="count">The number of bytes to encode.<para>要编码的字节数.</para></param>
      <exception cref="T:System.ArgumentNullException">
        <paramref name="bytes" /> is <see langword="null" />, but <paramref name="count" /> does not equal <see langword="0" />.<para><paramref name="bytes" /> 是 <see langword="null" />,但 <paramref name="count" /> 不等于 <see langword="0" />.</para></exception>
      <exception cref="T:System.ArgumentOutOfRangeException">
        <paramref name="offset" /> is less than <see langword="0" /> or greater than the length of the <paramref name="bytes" /> array.

-or-

 <paramref name="count" /> is less than <see langword="0" />, or <paramref name="count" /> + <paramref name="offset" /> is greater than the length of the <paramref name="bytes" /> array.<para><paramref name="offset" /> 小于 <see langword="0" /> 或大于 <paramref name="bytes" /> 数组的长度. -或- <paramref name="count" /> 小于 <see langword="0" />,或者 <paramref name="count" /> + <paramref name="offset" /> 大于 <paramref name="bytes" /> 数组的长度.</para></exception>
      <returns>An encoded array of bytes.<para>编码的字节数组.</para></returns>
    </member>
    <member name="M:System.Web.HttpUtility.UrlEncodeToBytes(System.String)">
      <summary>Converts a string into a URL-encoded array of bytes.<para>将字符串转换为 url 编码的字节数组.</para></summary>
      <param name="str">The string to encode.<para>要编码的字符串.</para></param>
      <returns>An encoded array of bytes.<para>编码的字节数组.</para></returns>
    </member>
    <member name="M:System.Web.HttpUtility.UrlEncodeToBytes(System.String,System.Text.Encoding)">
      <summary>Converts a string into a URL-encoded array of bytes using the specified encoding object.<para>使用指定的编码对象将字符串转换为 url 编码的字节数组.</para></summary>
      <param name="str">The string to encode.<para>要编码的字符串.</para></param>
      <param name="e">The <see cref="T:System.Text.Encoding" /> that specifies the encoding scheme.<para>指定编码方案的 <see cref="T:System.Text.Encoding" />.</para></param>
      <returns>An encoded array of bytes.<para>编码的字节数组.</para></returns>
    </member>
    <member name="M:System.Web.HttpUtility.UrlEncodeUnicode(System.String)">
      <summary>Converts a string into a Unicode string.<para>将字符串转换为 unicode 字符串.</para></summary>
      <param name="str">The string to convert.<para>要转换的字符串.</para></param>
      <returns>A Unicode string in %<paramref name="UnicodeValue" /> notation.<para>以 %<paramref name="UnicodeValue" /> 表示法表示的 unicode 字符串.</para></returns>
    </member>
    <member name="M:System.Web.HttpUtility.UrlEncodeUnicodeToBytes(System.String)">
      <summary>Converts a Unicode string into an array of bytes.<para>将 unicode 字符串转换为字节数组.</para></summary>
      <param name="str">The string to convert.<para>要转换的字符串.</para></param>
      <returns>A byte array.<para>一个字节数组.</para></returns>
    </member>
    <member name="M:System.Web.HttpUtility.UrlPathEncode(System.String)">
      <summary>Do not use; intended only for browser compatibility. Use <see cref="M:System.Web.HttpUtility.UrlEncode(System.String)" />.<para>不要使用;仅用于浏览器兼容性.使用 <see cref="M:System.Web.HttpUtility.UrlEncode(System.String)" />.</para></summary>
      <param name="str">The text to encode.<para>要编码的文本.</para></param>
      <returns>The encoded text.<para>编码的文本.</para></returns>
    </member>
  </members>
</doc>