﻿<?xml version="1.0" encoding="utf-8"?>
<doc>
  <assembly>
    <name>System.Xml.XPath.XDocument</name>
  </assembly>
  <members>
    <member name="T:System.Xml.XPath.Extensions">
      <summary>This class contains the LINQ to XML extension methods that enable you to evaluate XPath expressions.<para>此类包含 linq to xml 扩展方法,这些方法使您能够计算 xpath 表达式.</para></summary>
    </member>
    <member name="M:System.Xml.XPath.Extensions.CreateNavigator(System.Xml.Linq.XNode)">
      <summary>Creates an <see cref="T:System.Xml.XPath.XPathNavigator" /> for an <see cref="T:System.Xml.Linq.XNode" />.<para>为 <see cref="T:System.Xml.Linq.XNode" /> 创建一个 <see cref="T:System.Xml.XPath.XPathNavigator" />.</para></summary>
      <param name="node">An <see cref="T:System.Xml.Linq.XNode" /> that can process XPath queries.<para>一个可以处理 xpath 查询的 <see cref="T:System.Xml.Linq.XNode" />.</para></param>
      <returns>An <see cref="T:System.Xml.XPath.XPathNavigator" /> that can process XPath queries.<para>一个可以处理 xpath 查询的 <see cref="T:System.Xml.XPath.XPathNavigator" />.</para></returns>
    </member>
    <member name="M:System.Xml.XPath.Extensions.CreateNavigator(System.Xml.Linq.XNode,System.Xml.XmlNameTable)">
      <summary>Creates an <see cref="T:System.Xml.XPath.XPathNavigator" /> for an <see cref="T:System.Xml.Linq.XNode" />. The <see cref="T:System.Xml.XmlNameTable" /> enables more efficient XPath expression processing.<para>为 <see cref="T:System.Xml.Linq.XNode" /> 创建一个 <see cref="T:System.Xml.XPath.XPathNavigator" />.<see cref="T:System.Xml.XmlNameTable" /> 可实现更高效的 xpath 表达式处理.</para></summary>
      <param name="node">An <see cref="T:System.Xml.Linq.XNode" /> that can process an XPath query.<para>一个可以处理 xpath 查询的 <see cref="T:System.Xml.Linq.XNode" />.</para></param>
      <param name="nameTable">A <see cref="T:System.Xml.XmlNameTable" /> to be used by <see cref="T:System.Xml.XPath.XPathNavigator" />.<para>a <see cref="T:System.Xml.XmlNameTable" /> 由 <see cref="T:System.Xml.XPath.XPathNavigator" /> 使用.</para></param>
      <returns>An <see cref="T:System.Xml.XPath.XPathNavigator" /> that can process XPath queries.<para>一个可以处理 xpath 查询的 <see cref="T:System.Xml.XPath.XPathNavigator" />.</para></returns>
    </member>
    <member name="M:System.Xml.XPath.Extensions.XPathEvaluate(System.Xml.Linq.XNode,System.String)">
      <summary>Evaluates an XPath expression.<para>计算 xpath 表达式.</para></summary>
      <param name="node">The <see cref="T:System.Xml.Linq.XNode" /> on which to evaluate the XPath expression.<para>要在其上计算 xpath 表达式的 <see cref="T:System.Xml.Linq.XNode" />.</para></param>
      <param name="expression">A <see cref="T:System.String" /> that contains an XPath expression.<para>包含 xpath 表达式的 <see cref="T:System.String" />.</para></param>
      <returns>An object that can contain a <see langword="bool" />, a <see langword="double" />, a <see langword="string" />, or an <see cref="T:System.Collections.Generic.IEnumerable`1" />.<para>可以包含 <see langword="bool" />、<see langword="double" />、<see langword="string" /> 或 <see cref="T:System.Collections.Generic.IEnumerable`1" /> 的对象.</para></returns>
    </member>
    <member name="M:System.Xml.XPath.Extensions.XPathEvaluate(System.Xml.Linq.XNode,System.String,System.Xml.IXmlNamespaceResolver)">
      <summary>Evaluates an XPath expression, resolving namespace prefixes using the specified <see cref="T:System.Xml.IXmlNamespaceResolver" />.<para>计算 xpath 表达式,使用指定的 <see cref="T:System.Xml.IXmlNamespaceResolver" /> 解析命名空间前缀.</para></summary>
      <param name="node">The <see cref="T:System.Xml.Linq.XNode" /> on which to evaluate the XPath expression.<para>要在其上计算 xpath 表达式的 <see cref="T:System.Xml.Linq.XNode" />.</para></param>
      <param name="expression">A <see cref="T:System.String" /> that contains an XPath expression.<para>包含 xpath 表达式的 <see cref="T:System.String" />.</para></param>
      <param name="resolver">A <see cref="T:System.Xml.IXmlNamespaceResolver" /> for the namespace prefixes in the XPath expression.<para>一个 <see cref="T:System.Xml.IXmlNamespaceResolver" />,表示 xpath 表达式中的命名空间前缀.</para></param>
      <returns>An object that contains the result of evaluating the expression. The object can be a <see langword="bool" />, a <see langword="double" />, a <see langword="string" />, or an <see cref="T:System.Collections.Generic.IEnumerable`1" />.<para>一个对象,包含表达式的计算结果.对象可以是 <see langword="bool" />、<see langword="double" />、<see langword="string" /> 或 <see cref="T:System.Collections.Generic.IEnumerable`1" />.</para></returns>
    </member>
    <member name="M:System.Xml.XPath.Extensions.XPathSelectElement(System.Xml.Linq.XNode,System.String)">
      <summary>Selects an <see cref="T:System.Xml.Linq.XElement" /> using a XPath expression.<para>使用 xpath 表达式选择 <see cref="T:System.Xml.Linq.XElement" />.</para></summary>
      <param name="node">The <see cref="T:System.Xml.Linq.XNode" /> on which to evaluate the XPath expression.<para>要在其上计算 xpath 表达式的 <see cref="T:System.Xml.Linq.XNode" />.</para></param>
      <param name="expression">A <see cref="T:System.String" /> that contains an XPath expression.<para>包含 xpath 表达式的 <see cref="T:System.String" />.</para></param>
      <returns>An <see cref="T:System.Xml.Linq.XElement" />, or null.<para>一个 <see cref="T:System.Xml.Linq.XElement" /> 或 null.</para></returns>
    </member>
    <member name="M:System.Xml.XPath.Extensions.XPathSelectElement(System.Xml.Linq.XNode,System.String,System.Xml.IXmlNamespaceResolver)">
      <summary>Selects an <see cref="T:System.Xml.Linq.XElement" /> using a XPath expression, resolving namespace prefixes using the specified <see cref="T:System.Xml.IXmlNamespaceResolver" />.<para>使用 xpath 表达式选择 <see cref="T:System.Xml.Linq.XElement" />,使用指定的 <see cref="T:System.Xml.IXmlNamespaceResolver" /> 解析命名空间前缀.</para></summary>
      <param name="node">The <see cref="T:System.Xml.Linq.XNode" /> on which to evaluate the XPath expression.<para>要在其上计算 xpath 表达式的 <see cref="T:System.Xml.Linq.XNode" />.</para></param>
      <param name="expression">A <see cref="T:System.String" /> that contains an XPath expression.<para>包含 xpath 表达式的 <see cref="T:System.String" />.</para></param>
      <param name="resolver">An <see cref="T:System.Xml.IXmlNamespaceResolver" /> for the namespace prefixes in the XPath expression.<para>xpath 表达式中命名空间前缀的 <see cref="T:System.Xml.IXmlNamespaceResolver" />.</para></param>
      <returns>An <see cref="T:System.Xml.Linq.XElement" />, or null.<para>一个 <see cref="T:System.Xml.Linq.XElement" /> 或 null.</para></returns>
    </member>
    <member name="M:System.Xml.XPath.Extensions.XPathSelectElements(System.Xml.Linq.XNode,System.String)">
      <summary>Selects a collection of elements using an XPath expression.<para>使用 xpath 表达式选择元素集合.</para></summary>
      <param name="node">The <see cref="T:System.Xml.Linq.XNode" /> on which to evaluate the XPath expression.<para>要在其上计算 xpath 表达式的 <see cref="T:System.Xml.Linq.XNode" />.</para></param>
      <param name="expression">A <see cref="T:System.String" /> that contains an XPath expression.<para>包含 xpath 表达式的 <see cref="T:System.String" />.</para></param>
      <returns>An <see cref="T:System.Collections.Generic.IEnumerable`1" /> of <see cref="T:System.Xml.Linq.XElement" /> that contains the selected elements.<para>包含所选元素的 <see cref="T:System.Collections.Generic.IEnumerable`1" /> 的 <see cref="T:System.Collections.Generic.IEnumerable`1" />.</para></returns>
    </member>
    <member name="M:System.Xml.XPath.Extensions.XPathSelectElements(System.Xml.Linq.XNode,System.String,System.Xml.IXmlNamespaceResolver)">
      <summary>Selects a collection of elements using an XPath expression, resolving namespace prefixes using the specified <see cref="T:System.Xml.IXmlNamespaceResolver" />.<para>使用 xpath 表达式选择元素集合,使用指定的 <see cref="T:System.Xml.IXmlNamespaceResolver" /> 解析命名空间前缀.</para></summary>
      <param name="node">The <see cref="T:System.Xml.Linq.XNode" /> on which to evaluate the XPath expression.<para>要在其上计算 xpath 表达式的 <see cref="T:System.Xml.Linq.XNode" />.</para></param>
      <param name="expression">A <see cref="T:System.String" /> that contains an XPath expression.<para>包含 xpath 表达式的 <see cref="T:System.String" />.</para></param>
      <param name="resolver">A <see cref="T:System.Xml.IXmlNamespaceResolver" /> for the namespace prefixes in the XPath expression.<para>一个 <see cref="T:System.Xml.IXmlNamespaceResolver" />,表示 xpath 表达式中的命名空间前缀.</para></param>
      <returns>An <see cref="T:System.Collections.Generic.IEnumerable`1" /> of <see cref="T:System.Xml.Linq.XElement" /> that contains the selected elements.<para>包含所选元素的 <see cref="T:System.Collections.Generic.IEnumerable`1" /> 的 <see cref="T:System.Collections.Generic.IEnumerable`1" />.</para></returns>
    </member>
    <member name="T:System.Xml.XPath.XDocumentExtensions">
      <summary>Extends the <see cref="T:System.Xml.Linq.XDocument" /> class by providing a method for navigating and editing an XML node.<para>通过提供用于导航和编辑 xml 节点的方法扩展 <see cref="T:System.Xml.Linq.XDocument" /> 类.</para></summary>
    </member>
    <member name="M:System.Xml.XPath.XDocumentExtensions.ToXPathNavigable(System.Xml.Linq.XNode)">
      <summary>Returns an accessor that allows you to navigate and edit the specified <see cref="T:System.Xml.Linq.XNode" />.<para>返回允许您导航和编辑指定的 <see cref="T:System.Xml.Linq.XNode" /> 的访问器.</para></summary>
      <param name="node">The XML node to navigate.<para>要导航的 xml 节点.</para></param>
      <returns>An interface that provides an accessor to the <see cref="T:System.Xml.XPath.XPathNavigator" /> class.<para>提供 <see cref="T:System.Xml.XPath.XPathNavigator" /> 类的访问器的接口.</para></returns>
    </member>
  </members>
</doc>