﻿<?xml version="1.0" encoding="utf-8"?>
<doc>
  <assembly>
    <name>System.Net.NameResolution</name>
  </assembly>
  <members>
    <member name="T:System.Net.Dns">
      <summary>Provides simple domain name resolution functionality.<para>提供简单的域名解析功能.</para></summary>
    </member>
    <member name="M:System.Net.Dns.BeginGetHostAddresses(System.String,System.AsyncCallback,System.Object)">
      <summary>Asynchronously returns the Internet Protocol (IP) addresses for the specified host.<para>异步返回指定主机的因特网协议 （ip） 地址.</para></summary>
      <param name="hostNameOrAddress">The host name or IP address to resolve.<para>要解析的主机名或 ip 地址.</para></param>
      <param name="requestCallback">An <see cref="T:System.AsyncCallback" /> delegate that references the method to invoke when the operation is complete.<para>一个 <see cref="t:system.asynccallback" /> 引用要在操作完成时调用的方法的委托.</para></param>
      <param name="state">A user-defined object that contains information about the operation. This object is passed to the <paramref name="requestCallback" /> delegate when the operation is complete.<para>包含有关操作的信息的用户定义对象.操作完成后,此对象将传递给 <paramref name="requestCallback" /> 委托.</para></param>
      <exception cref="T:System.ArgumentNullException">
        <paramref name="hostNameOrAddress" /> is <see langword="null" />.<para>$<paramref name="hostnameoraddress" /> 是 <see langword="null" />.</para></exception>
      <exception cref="T:System.ArgumentOutOfRangeException">The length of <paramref name="hostNameOrAddress" /> is greater than 255 characters.<para>的长度 $<paramref name="hostnameoraddress" /> 大于 255 个字符.</para></exception>
      <exception cref="T:System.Net.Sockets.SocketException">An error is encountered when resolving <paramref name="hostNameOrAddress" />.<para>解析时遇到错误 $<paramref name="hostnameoraddress" /> .</para></exception>
      <exception cref="T:System.ArgumentException">
        <paramref name="hostNameOrAddress" /> is an invalid IP address.<para>$<paramref name="hostnameoraddress" /> 是无效的 ip 地址.</para></exception>
      <returns>An <see cref="T:System.IAsyncResult" /> instance that references the asynchronous request.<para>一 <see cref="t:system.iasyncresult" /> 引用异步请求的实例.</para></returns>
    </member>
    <member name="M:System.Net.Dns.BeginGetHostByName(System.String,System.AsyncCallback,System.Object)">
      <summary>Begins an asynchronous request for <see cref="T:System.Net.IPHostEntry" /> information about the specified DNS host name.<para>开始异步请求有关指定 dns 主机名的 <see cref="T:System.Net.IPHostEntry" /> 信息.</para></summary>
      <param name="hostName">The DNS name of the host.<para>主机的 dns 名称.</para></param>
      <param name="requestCallback">An <see cref="T:System.AsyncCallback" /> delegate that references the method to invoke when the operation is complete.<para>一个 <see cref="t:system.asynccallback" /> 引用要在操作完成时调用的方法的委托.</para></param>
      <param name="stateObject">A user-defined object that contains information about the operation. This object is passed to the <paramref name="requestCallback" /> delegate when the operation is complete.<para>包含有关操作的信息的用户定义对象.操作完成后,此对象将传递给 <paramref name="requestCallback" /> 委托.</para></param>
      <exception cref="T:System.ArgumentNullException">
        <paramref name="hostName" /> is <see langword="null" />.<para><paramref name="hostName" /> 是 <see langword="null" />.</para></exception>
      <exception cref="T:System.Net.Sockets.SocketException">An error was encountered executing the DNS query.<para>执行 dns 查询时遇到错误.</para></exception>
      <returns>An <see cref="T:System.IAsyncResult" /> instance that references the asynchronous request.<para>一 <see cref="t:system.iasyncresult" /> 引用异步请求的实例.</para></returns>
    </member>
    <member name="M:System.Net.Dns.BeginGetHostEntry(System.Net.IPAddress,System.AsyncCallback,System.Object)">
      <summary>Asynchronously resolves an IP address to an <see cref="T:System.Net.IPHostEntry" /> instance.<para>异步解析 ip 地址为 <see cref="T:System.Net.IPHostEntry" /> 实例.</para></summary>
      <param name="address">The IP address to resolve.<para>要解析的 ip 地址.</para></param>
      <param name="requestCallback">An <see cref="T:System.AsyncCallback" /> delegate that references the method to invoke when the operation is complete.<para>一个 <see cref="t:system.asynccallback" /> 引用要在操作完成时调用的方法的委托.</para></param>
      <param name="stateObject">A user-defined object that contains information about the operation. This object is passed to the <paramref name="requestCallback" /> delegate when the operation is complete.<para>包含有关操作的信息的用户定义对象.操作完成后,此对象将传递给 <paramref name="requestCallback" /> 委托.</para></param>
      <exception cref="T:System.ArgumentNullException">
        <paramref name="address" /> is <see langword="null" />.<para><paramref name="address" /> 是 <see langword="null" />.解析 {*@*} 时遇到错误,</para></exception>
      <exception cref="T:System.Net.Sockets.SocketException">An error is encountered when resolving <paramref name="address" />.<para>.</para></exception>
      <exception cref="T:System.ArgumentException">
        <paramref name="address" /> is an invalid IP address.<para><paramref name="address" /> 是无效的 ip 地址.</para></exception>
      <returns>An <see cref="T:System.IAsyncResult" /> instance that references the asynchronous request.<para>一 <see cref="t:system.iasyncresult" /> 引用异步请求的实例.</para></returns>
    </member>
    <member name="M:System.Net.Dns.BeginGetHostEntry(System.String,System.AsyncCallback,System.Object)">
      <summary>Asynchronously resolves a host name or IP address to an <see cref="T:System.Net.IPHostEntry" /> instance.<para>异步解析主机名或 ip 地址为 <see cref="T:System.Net.IPHostEntry" /> 实例.</para></summary>
      <param name="hostNameOrAddress">The host name or IP address to resolve.<para>要解析的主机名或 ip 地址.</para></param>
      <param name="requestCallback">An <see cref="T:System.AsyncCallback" /> delegate that references the method to invoke when the operation is complete.<para>一个 <see cref="t:system.asynccallback" /> 引用要在操作完成时调用的方法的委托.</para></param>
      <param name="stateObject">A user-defined object that contains information about the operation. This object is passed to the <paramref name="requestCallback" /> delegate when the operation is complete.<para>包含有关操作的信息的用户定义对象.操作完成后,此对象将传递给 <paramref name="requestCallback" /> 委托.</para></param>
      <exception cref="T:System.ArgumentNullException">
        <paramref name="hostNameOrAddress" /> is <see langword="null" />.<para>$<paramref name="hostnameoraddress" /> 是 <see langword="null" />.</para></exception>
      <exception cref="T:System.ArgumentOutOfRangeException">The length of <paramref name="hostNameOrAddress" /> is greater than 255 characters.<para>的长度 $<paramref name="hostnameoraddress" /> 大于 255 个字符.</para></exception>
      <exception cref="T:System.Net.Sockets.SocketException">An error is encountered when resolving <paramref name="hostNameOrAddress" />.<para>解析时遇到错误 $<paramref name="hostnameoraddress" /> .</para></exception>
      <exception cref="T:System.ArgumentException">
        <paramref name="hostNameOrAddress" /> is an invalid IP address.<para>$<paramref name="hostnameoraddress" /> 是无效的 ip 地址.</para></exception>
      <returns>An <see cref="T:System.IAsyncResult" /> instance that references the asynchronous request.<para>一 <see cref="t:system.iasyncresult" /> 引用异步请求的实例.</para></returns>
    </member>
    <member name="M:System.Net.Dns.BeginResolve(System.String,System.AsyncCallback,System.Object)">
      <summary>Begins an asynchronous request to resolve a DNS host name or IP address to an <see cref="T:System.Net.IPAddress" /> instance.<para>开始异步请求,将 dns 主机名或 ip 地址解析为 <see cref="t:system.net.ipaddress" /> 实例.</para></summary>
      <param name="hostName">The DNS name of the host.<para>主机的 dns 名称.</para></param>
      <param name="requestCallback">An <see cref="T:System.AsyncCallback" /> delegate that references the method to invoke when the operation is complete.<para>一个 <see cref="t:system.asynccallback" /> 引用要在操作完成时调用的方法的委托.</para></param>
      <param name="stateObject">A user-defined object that contains information about the operation. This object is passed to the <paramref name="requestCallback" /> delegate when the operation is complete.<para>包含有关操作的信息的用户定义对象.操作完成后,此对象将传递给 <paramref name="requestCallback" /> 委托.</para></param>
      <exception cref="T:System.ArgumentNullException">
        <paramref name="hostName" /> is <see langword="null" />.<para><paramref name="hostName" /> 是 <see langword="null" />.</para></exception>
      <exception cref="T:System.Net.Sockets.SocketException">The caller does not have permission to access DNS information.<para>调用方无权访问 dns 信息.</para></exception>
      <returns>An <see cref="T:System.IAsyncResult" /> instance that references the asynchronous request.<para>一 <see cref="t:system.iasyncresult" /> 引用异步请求的实例.</para></returns>
    </member>
    <member name="M:System.Net.Dns.EndGetHostAddresses(System.IAsyncResult)">
      <summary>Ends an asynchronous request for DNS information.<para>结束对 dns 信息的异步请求.</para></summary>
      <param name="asyncResult">An <see cref="T:System.IAsyncResult" /> instance returned by a call to the <see cref="M:System.Net.Dns.BeginGetHostAddresses(System.String,System.AsyncCallback,System.Object)" /> method.<para>一 <see cref="t:system.iasyncresult" /> 通过调用 <see cref="m:system.net.dns.begingethostaddresses（system.string,system.asynccallback,system.object）" /> 方法.</para></param>
      <returns>An array of type <see cref="T:System.Net.IPAddress" /> that holds the IP addresses for the host specified by the <paramref name="hostNameOrAddress" /> parameter of <see cref="M:System.Net.Dns.BeginGetHostAddresses(System.String,System.AsyncCallback,System.Object)" />.<para>类型的数组 <see cref="t:system.net.ipaddress" /> 保存由 $<paramref name="hostnameoraddress" /> 的参数 <see cref="m:system.net.dns.begingethostaddresses（system.string,system.asynccallback,system.object）" /> .</para></returns>
    </member>
    <member name="M:System.Net.Dns.EndGetHostByName(System.IAsyncResult)">
      <summary>Ends an asynchronous request for DNS information.<para>结束对 dns 信息的异步请求.</para></summary>
      <param name="asyncResult">An <see cref="T:System.IAsyncResult" /> instance that is returned by a call to the <see cref="M:System.Net.Dns.BeginGetHostByName(System.String,System.AsyncCallback,System.Object)" /> method.<para>一 <see cref="t:system.iasyncresult" /> 通过调用 <see cref="m:system.net.dns.begingethostbyname（system.string,system.asynccallback,system.object）" /> 方法.</para></param>
      <exception cref="T:System.ArgumentNullException">
        <paramref name="asyncResult" /> is <see langword="null" />.<para><paramref name="asyncResult" /> 是 <see langword="null" />.</para></exception>
      <returns>An <see cref="T:System.Net.IPHostEntry" /> object that contains DNS information about a host.<para>一个 <see cref="T:System.Net.IPHostEntry" /> 对象,其中包含有关主机的 dns 信息.</para></returns>
    </member>
    <member name="M:System.Net.Dns.EndGetHostEntry(System.IAsyncResult)">
      <summary>Ends an asynchronous request for DNS information.<para>结束对 dns 信息的异步请求.</para></summary>
      <param name="asyncResult">An <see cref="T:System.IAsyncResult" /> instance returned by a call to an <see cref="Overload:System.Net.Dns.BeginGetHostEntry" /> method.<para>一 <see cref="t:system.iasyncresult" /> 通过调用 <see cref="Overload:System.Net.Dns.BeginGetHostEntry" /> 方法返回的实例.</para></param>
      <exception cref="T:System.ArgumentNullException">
        <paramref name="asyncResult" /> is <see langword="null" />.<para><paramref name="asyncResult" /> 是 <see langword="null" />.</para></exception>
      <returns>An <see cref="T:System.Net.IPHostEntry" /> instance that contains address information about the host.<para>一个 <see cref="T:System.Net.IPHostEntry" /> 实例,其中包含有关主机的地址信息.</para></returns>
    </member>
    <member name="M:System.Net.Dns.EndResolve(System.IAsyncResult)">
      <summary>Ends an asynchronous request for DNS information.<para>结束对 dns 信息的异步请求.</para></summary>
      <param name="asyncResult">An <see cref="T:System.IAsyncResult" /> instance that is returned by a call to the <see cref="M:System.Net.Dns.BeginResolve(System.String,System.AsyncCallback,System.Object)" /> method.<para>一 <see cref="t:system.iasyncresult" /> 通过调用 <see cref="m:system.net.dns.beginresolve（system.string,system.asynccallback,system.object）" /> 方法.</para></param>
      <exception cref="T:System.ArgumentNullException">
        <paramref name="asyncResult" /> is <see langword="null" />.<para><paramref name="asyncResult" /> 是 <see langword="null" />.</para></exception>
      <returns>An <see cref="T:System.Net.IPHostEntry" /> object that contains DNS information about a host.<para>一个 <see cref="T:System.Net.IPHostEntry" /> 对象,其中包含有关主机的 dns 信息.</para></returns>
    </member>
    <member name="M:System.Net.Dns.GetHostAddresses(System.String)">
      <summary>Returns the Internet Protocol (IP) addresses for the specified host.<para>返回指定主机的因特网协议 （ip） 地址.</para></summary>
      <param name="hostNameOrAddress">The host name or IP address to resolve.<para>要解析的主机名或 ip 地址.</para></param>
      <exception cref="T:System.ArgumentNullException">
        <paramref name="hostNameOrAddress" /> is <see langword="null" />.<para>$<paramref name="hostnameoraddress" /> 是 <see langword="null" />.</para></exception>
      <exception cref="T:System.ArgumentOutOfRangeException">The length of <paramref name="hostNameOrAddress" /> is greater than 255 characters.<para>的长度 $<paramref name="hostnameoraddress" /> 大于 255 个字符.</para></exception>
      <exception cref="T:System.Net.Sockets.SocketException">An error is encountered when resolving <paramref name="hostNameOrAddress" />.<para>解析时遇到错误 $<paramref name="hostnameoraddress" /> .</para></exception>
      <exception cref="T:System.ArgumentException">
        <paramref name="hostNameOrAddress" /> is an invalid IP address.<para>$<paramref name="hostnameoraddress" /> 是无效的 ip 地址.</para></exception>
      <returns>An array of type <see cref="T:System.Net.IPAddress" /> that holds the IP addresses for the host that is specified by the <paramref name="hostNameOrAddress" /> parameter.<para>类型的数组 <see cref="t:system.net.ipaddress" /> 保存由 $<paramref name="hostnameoraddress" /> 参数.</para></returns>
    </member>
    <member name="M:System.Net.Dns.GetHostAddresses(System.String,System.Net.Sockets.AddressFamily)">
      <summary>Returns the Internet Protocol (IP) addresses for the specified host.<para>返回指定主机的因特网协议 （ip） 地址.</para></summary>
      <param name="hostNameOrAddress">The host name or IP address to resolve.<para>要解析的主机名或 ip 地址.</para></param>
      <param name="family">The address family for which IPs should be retrieved. If <see cref="F:System.Net.Sockets.AddressFamily.Unspecified" />, retrieve all IPs regardless of address family.<para>应检索其 ip 的地址系列.如果 <see cref="f:system.net.sockets.addressfamily.unspecified " /> ,检索所有 ip,而不考虑地址系列.</para></param>
      <returns>An array of type <see cref="T:System.Net.IPAddress" /> that holds the IP addresses for the host that is specified by the <paramref name="hostNameOrAddress" /> parameter.<para>类型的数组 <see cref="t:system.net.ipaddress" /> 保存由 $<paramref name="hostnameoraddress" /> 参数.</para></returns>
    </member>
    <member name="M:System.Net.Dns.GetHostAddressesAsync(System.String)">
      <summary>Returns the Internet Protocol (IP) addresses for the specified host as an asynchronous operation.<para>以异步操作的形式返回指定主机的因特网协议 （ip） 地址.</para></summary>
      <param name="hostNameOrAddress">The host name or IP address to resolve.<para>要解析的主机名或 ip 地址.</para></param>
      <exception cref="T:System.ArgumentNullException">
        <paramref name="hostNameOrAddress" /> is <see langword="null" />.<para>$<paramref name="hostnameoraddress" /> 是 <see langword="null" />.</para></exception>
      <exception cref="T:System.ArgumentOutOfRangeException">The length of <paramref name="hostNameOrAddress" /> is greater than 255 characters.<para>的长度 $<paramref name="hostnameoraddress" /> 大于 255 个字符.</para></exception>
      <exception cref="T:System.Net.Sockets.SocketException">An error is encountered when resolving <paramref name="hostNameOrAddress" />.<para>解析时遇到错误 $<paramref name="hostnameoraddress" /> .</para></exception>
      <exception cref="T:System.ArgumentException">
        <paramref name="hostNameOrAddress" /> is an invalid IP address.<para>$<paramref name="hostnameoraddress" /> 是无效的 ip 地址.</para></exception>
      <returns>The task object representing the asynchronous operation. The <see cref="P:System.Threading.Tasks.Task`1.Result" /> property on the task object returns an array of type <see cref="T:System.Net.IPAddress" /> that holds the IP addresses for the host that is specified by the <paramref name="hostNameOrAddress" /> parameter.<para>表示异步操作的任务对象.任务对象上的 <see cref="P:System.Threading.Tasks.Task`1.Result" /> 属性返回一个类型的数组 <see cref="t:system.net.ipaddress" /> 保存由 $<paramref name="hostnameoraddress" /> 参数.</para></returns>
    </member>
    <member name="M:System.Net.Dns.GetHostAddressesAsync(System.String,System.Net.Sockets.AddressFamily,System.Threading.CancellationToken)">
      <summary>Returns the Internet Protocol (IP) addresses for the specified host as an asynchronous operation.<para>以异步操作的形式返回指定主机的因特网协议 （ip） 地址.</para></summary>
      <param name="hostNameOrAddress">The host name or IP address to resolve.<para>要解析的主机名或 ip 地址.</para></param>
      <param name="family">The address family for which IPs should be retrieved. If <see cref="F:System.Net.Sockets.AddressFamily.Unspecified" />, retrieve all IPs regardless of address family.<para>应检索其 ip 的地址系列.如果 <see cref="f:system.net.sockets.addressfamily.unspecified " /> ,检索所有 ip,而不考虑地址系列.</para></param>
      <param name="cancellationToken">A cancellation token that can be used to signal the asynchronous operation should be canceled.<para>应取消可用于发出异步操作信号的取消令牌.</para></param>
      <returns>The task object representing the asynchronous operation. The <see cref="P:System.Threading.Tasks.Task`1.Result" /> property on the task object returns an array of type <see cref="T:System.Net.IPAddress" /> that holds the IP addresses for the host that is specified by the <paramref name="hostNameOrAddress" /> parameter.<para>表示异步操作的任务对象.任务对象上的 <see cref="P:System.Threading.Tasks.Task`1.Result" /> 属性返回一个类型的数组 <see cref="t:system.net.ipaddress" /> 保存由 $<paramref name="hostnameoraddress" /> 参数.</para></returns>
    </member>
    <member name="M:System.Net.Dns.GetHostAddressesAsync(System.String,System.Threading.CancellationToken)">
      <summary>Returns the Internet Protocol (IP) addresses for the specified host as an asynchronous operation.<para>以异步操作的形式返回指定主机的因特网协议 （ip） 地址.</para></summary>
      <param name="hostNameOrAddress">The host name or IP address to resolve.<para>要解析的主机名或 ip 地址.</para></param>
      <param name="cancellationToken">A cancellation token that can be used to signal the asynchronous operation should be canceled.<para>应取消可用于发出异步操作信号的取消令牌.</para></param>
      <returns>The task object representing the asynchronous operation. The <see cref="P:System.Threading.Tasks.Task`1.Result" /> property on the task object returns an array of type <see cref="T:System.Net.IPAddress" /> that holds the IP addresses for the host that is specified by the <paramref name="hostNameOrAddress" /> parameter.<para>表示异步操作的任务对象.任务对象上的 <see cref="P:System.Threading.Tasks.Task`1.Result" /> 属性返回一个类型的数组 <see cref="t:system.net.ipaddress" /> 保存由 $<paramref name="hostnameoraddress" /> 参数.</para></returns>
    </member>
    <member name="M:System.Net.Dns.GetHostByAddress(System.Net.IPAddress)">
      <summary>Creates an <see cref="T:System.Net.IPHostEntry" /> instance from the specified <see cref="T:System.Net.IPAddress" />.<para>从指定的实例创建 <see cref="T:System.Net.IPHostEntry" /> 实例 <see cref="t:system.net.ipaddress" /> .</para></summary>
      <param name="address">An <see cref="T:System.Net.IPAddress" />.<para>一 <see cref="t:system.net.ipaddress" /> .</para></param>
      <exception cref="T:System.ArgumentNullException">
        <paramref name="address" /> is <see langword="null" />.<para><paramref name="address" /> 是 <see langword="null" />.解析 {*@*} 时遇到错误,</para></exception>
      <exception cref="T:System.Net.Sockets.SocketException">An error is encountered when resolving <paramref name="address" />.<para>.</para></exception>
      <returns>An <see cref="T:System.Net.IPHostEntry" /> instance.<para>一个 <see cref="T:System.Net.IPHostEntry" /> 实例.</para></returns>
    </member>
    <member name="M:System.Net.Dns.GetHostByAddress(System.String)">
      <summary>Creates an <see cref="T:System.Net.IPHostEntry" /> instance from an IP address.<para>从 ip 地址创建 <see cref="T:System.Net.IPHostEntry" /> 实例.</para></summary>
      <param name="address">An IP address.<para>ip 地址.</para></param>
      <exception cref="T:System.ArgumentNullException">
        <paramref name="address" /> is <see langword="null" />.<para><paramref name="address" /> 是 <see langword="null" />.解析 {*@*} 时遇到错误,</para></exception>
      <exception cref="T:System.Net.Sockets.SocketException">An error is encountered when resolving <paramref name="address" />.<para>.</para></exception>
      <exception cref="T:System.FormatException">
        <paramref name="address" /> is not a valid IP address.<para><paramref name="address" /> 不是有效的 ip 地址.</para></exception>
      <returns>An <see cref="T:System.Net.IPHostEntry" /> instance.<para>一个 <see cref="T:System.Net.IPHostEntry" /> 实例.</para></returns>
    </member>
    <member name="M:System.Net.Dns.GetHostByName(System.String)">
      <summary>Gets the DNS information for the specified DNS host name.<para>获取指定 dns 主机名的 dns 信息.</para></summary>
      <param name="hostName">The DNS name of the host.<para>主机的 dns 名称.</para></param>
      <exception cref="T:System.ArgumentNullException">
        <paramref name="hostName" /> is <see langword="null" />.<para><paramref name="hostName" /> 是 <see langword="null" />.</para></exception>
      <exception cref="T:System.ArgumentOutOfRangeException">The length of <paramref name="hostName" /> is greater than 255 characters.<para><paramref name="hostName" /> 的长度大于 255 个字符.解析 <paramref name="hostName" /> 时遇到错误,</para></exception>
      <exception cref="T:System.Net.Sockets.SocketException">An error is encountered when resolving <paramref name="hostName" />.<para>.</para></exception>
      <returns>An <see cref="T:System.Net.IPHostEntry" /> object that contains host information for the address specified in <paramref name="hostName" />.<para>一个 <see cref="T:System.Net.IPHostEntry" /> 对象,其中包含 <paramref name="hostName" /> 中指定的地址的主机信息.</para></returns>
    </member>
    <member name="M:System.Net.Dns.GetHostEntry(System.Net.IPAddress)">
      <summary>Resolves an IP address to an <see cref="T:System.Net.IPHostEntry" /> instance.<para>将 ip 地址解析为 <see cref="T:System.Net.IPHostEntry" /> 实例.</para></summary>
      <param name="address">An IP address.<para>ip 地址.</para></param>
      <exception cref="T:System.ArgumentNullException">
        <paramref name="address" /> is <see langword="null" />.<para><paramref name="address" /> 是 <see langword="null" />.解析 {*@*} 时遇到错误,</para></exception>
      <exception cref="T:System.Net.Sockets.SocketException">An error is encountered when resolving <paramref name="address" />.<para>.</para></exception>
      <exception cref="T:System.ArgumentException">
        <paramref name="address" /> is an invalid IP address.<para><paramref name="address" /> 是无效的 ip 地址.</para></exception>
      <returns>An <see cref="T:System.Net.IPHostEntry" /> instance that contains address information about the host specified in <paramref name="address" />.<para>一个 <see cref="T:System.Net.IPHostEntry" /> 实例,其中包含有关 <paramref name="address" /> 中指定的主机的地址信息.</para></returns>
    </member>
    <member name="M:System.Net.Dns.GetHostEntry(System.String)">
      <summary>Resolves a host name or IP address to an <see cref="T:System.Net.IPHostEntry" /> instance.<para>将主机名或 ip 地址解析为 <see cref="T:System.Net.IPHostEntry" /> 实例.</para></summary>
      <param name="hostNameOrAddress">The host name or IP address to resolve.<para>要解析的主机名或 ip 地址.</para></param>
      <exception cref="T:System.ArgumentNullException">The <paramref name="hostNameOrAddress" /> parameter is <see langword="null" />.<para>这 $<paramref name="hostnameoraddress" /> 参数为 <see langword="null" />.</para></exception>
      <exception cref="T:System.ArgumentOutOfRangeException">The length of <paramref name="hostNameOrAddress" /> parameter is greater than 255 characters.<para>的长度 $<paramref name="hostnameoraddress" /> 参数大于 255 个字符.</para></exception>
      <exception cref="T:System.Net.Sockets.SocketException">An error was encountered when resolving the <paramref name="hostNameOrAddress" /> parameter.<para>解决 $<paramref name="hostnameoraddress" /> 参数.</para></exception>
      <exception cref="T:System.ArgumentException">The <paramref name="hostNameOrAddress" /> parameter is an invalid IP address.<para>$<paramref name="hostnameoraddress" /> 参数是无效的 ip 地址.</para></exception>
      <returns>An <see cref="T:System.Net.IPHostEntry" /> instance that contains address information about the host specified in <paramref name="hostNameOrAddress" />.<para>一个 <see cref="T:System.Net.IPHostEntry" /> 实例,其中包含有关 中指定的主机的地址信息 $<paramref name="hostnameoraddress" /> .</para></returns>
    </member>
    <member name="M:System.Net.Dns.GetHostEntry(System.String,System.Net.Sockets.AddressFamily)">
      <summary>Resolves a host name or IP address to an <see cref="T:System.Net.IPHostEntry" /> instance.<para>将主机名或 ip 地址解析为 <see cref="T:System.Net.IPHostEntry" /> 实例.</para></summary>
      <param name="hostNameOrAddress">The host name or IP address to resolve.<para>要解析的主机名或 ip 地址.</para></param>
      <param name="family">The address family for which IPs should be retrieved. If <see cref="F:System.Net.Sockets.AddressFamily.Unspecified" />, retrieve all IPs regardless of address family.<para>应检索其 ip 的地址系列.如果 <see cref="f:system.net.sockets.addressfamily.unspecified " /> ,检索所有 ip,而不考虑地址系列.</para></param>
      <returns>An <see cref="T:System.Net.IPHostEntry" /> instance that contains the address information about the host specified in <paramref name="hostNameOrAddress" />.<para>一个 <see cref="T:System.Net.IPHostEntry" /> 实例,其中包含有关 中指定的主机的地址信息 $<paramref name="hostnameoraddress" /> .</para></returns>
    </member>
    <member name="M:System.Net.Dns.GetHostEntryAsync(System.Net.IPAddress)">
      <summary>Resolves an IP address to an <see cref="T:System.Net.IPHostEntry" /> instance as an asynchronous operation.<para>将 ip 地址解析为 <see cref="T:System.Net.IPHostEntry" /> 实例作为异步操作.</para></summary>
      <param name="address">An IP address.<para>ip 地址.</para></param>
      <exception cref="T:System.ArgumentNullException">
        <paramref name="address" /> is <see langword="null" />.<para><paramref name="address" /> 是 <see langword="null" />.解析 {*@*} 时遇到错误,</para></exception>
      <exception cref="T:System.Net.Sockets.SocketException">An error is encountered when resolving <paramref name="address" />.<para>.</para></exception>
      <exception cref="T:System.ArgumentException">
        <paramref name="address" /> is an invalid IP address.<para><paramref name="address" /> 是无效的 ip 地址.</para></exception>
      <returns>The task object representing the asynchronous operation. The <see cref="P:System.Threading.Tasks.Task`1.Result" /> property on the task object returns an <see cref="T:System.Net.IPHostEntry" /> instance that contains address information about the host specified in <paramref name="address" />.<para>表示异步操作的任务对象.任务对象上的 <see cref="P:System.Threading.Tasks.Task`1.Result" /> 属性返回一个 <see cref="T:System.Net.IPHostEntry" /> 实例,该实例包含有关 <paramref name="address" /> 中指定的主机的地址信息.</para></returns>
    </member>
    <member name="M:System.Net.Dns.GetHostEntryAsync(System.String)">
      <summary>Resolves a host name or IP address to an <see cref="T:System.Net.IPHostEntry" /> instance as an asynchronous operation.<para>将主机名或 ip 地址解析为 <see cref="T:System.Net.IPHostEntry" /> 实例作为异步操作.</para></summary>
      <param name="hostNameOrAddress">The host name or IP address to resolve.<para>要解析的主机名或 ip 地址.</para></param>
      <exception cref="T:System.ArgumentNullException">The <paramref name="hostNameOrAddress" /> parameter is <see langword="null" />.<para>这 $<paramref name="hostnameoraddress" /> 参数为 <see langword="null" />.</para></exception>
      <exception cref="T:System.ArgumentOutOfRangeException">The length of <paramref name="hostNameOrAddress" /> parameter is greater than 255 characters.<para>的长度 $<paramref name="hostnameoraddress" /> 参数大于 255 个字符.</para></exception>
      <exception cref="T:System.Net.Sockets.SocketException">An error was encountered when resolving the <paramref name="hostNameOrAddress" /> parameter.<para>解决 $<paramref name="hostnameoraddress" /> 参数.</para></exception>
      <exception cref="T:System.ArgumentException">The <paramref name="hostNameOrAddress" /> parameter is an invalid IP address.<para>$<paramref name="hostnameoraddress" /> 参数是无效的 ip 地址.</para></exception>
      <returns>The task object representing the asynchronous operation. The <see cref="P:System.Threading.Tasks.Task`1.Result" /> property on the task object returns an <see cref="T:System.Net.IPHostEntry" /> instance that contains address information about the host specified in <paramref name="hostNameOrAddress" />.<para>表示异步操作的任务对象.任务对象上的 <see cref="P:System.Threading.Tasks.Task`1.Result" /> 属性返回一个 <see cref="T:System.Net.IPHostEntry" /> 实例,该实例包含有关 中指定的主机的地址信息 $<paramref name="hostnameoraddress" /> .</para></returns>
    </member>
    <member name="M:System.Net.Dns.GetHostEntryAsync(System.String,System.Net.Sockets.AddressFamily,System.Threading.CancellationToken)">
      <summary>Resolves a host name or IP address to an <see cref="T:System.Net.IPHostEntry" /> instance as an asynchronous operation.<para>将主机名或 ip 地址解析为 <see cref="T:System.Net.IPHostEntry" /> 实例作为异步操作.</para></summary>
      <param name="hostNameOrAddress">The host name or IP address to resolve.<para>要解析的主机名或 ip 地址.</para></param>
      <param name="family">The address family for which IPs should be retrieved. If <see cref="F:System.Net.Sockets.AddressFamily.Unspecified" />, retrieve all IPs regardless of address family.<para>应检索其 ip 的地址系列.如果 <see cref="f:system.net.sockets.addressfamily.unspecified " /> ,检索所有 ip,而不考虑地址系列.</para></param>
      <param name="cancellationToken">A cancellation token that can be used to signal the asynchronous operation should be canceled.<para>应取消可用于发出异步操作信号的取消令牌.</para></param>
      <returns>The task object representing the asynchronous operation. The <see cref="P:System.Threading.Tasks.Task`1.Result" /> property on the task object returns an <see cref="T:System.Net.IPHostEntry" /> instance that contains the address information about the host specified in <paramref name="hostNameOrAddress" />.<para>表示异步操作的任务对象.任务对象上的 <see cref="P:System.Threading.Tasks.Task`1.Result" /> 属性返回一个 <see cref="T:System.Net.IPHostEntry" /> 实例,该实例包含有关 中指定的主机的地址信息 $<paramref name="hostnameoraddress" /> .</para></returns>
    </member>
    <member name="M:System.Net.Dns.GetHostEntryAsync(System.String,System.Threading.CancellationToken)">
      <summary>Resolves a host name or IP address to an <see cref="T:System.Net.IPHostEntry" /> instance as an asynchronous operation.<para>将主机名或 ip 地址解析为 <see cref="T:System.Net.IPHostEntry" /> 实例作为异步操作.</para></summary>
      <param name="hostNameOrAddress">The host name or IP address to resolve.<para>要解析的主机名或 ip 地址.</para></param>
      <param name="cancellationToken">A cancellation token that can be used to signal the asynchronous operation should be canceled.<para>应取消可用于发出异步操作信号的取消令牌.</para></param>
      <returns>The task object representing the asynchronous operation. The <see cref="P:System.Threading.Tasks.Task`1.Result" /> property on the task object returns an <see cref="T:System.Net.IPHostEntry" /> instance that contains the address information about the host specified in <paramref name="hostNameOrAddress" />.<para>表示异步操作的任务对象.任务对象上的 <see cref="P:System.Threading.Tasks.Task`1.Result" /> 属性返回一个 <see cref="T:System.Net.IPHostEntry" /> 实例,该实例包含有关 中指定的主机的地址信息 $<paramref name="hostnameoraddress" /> .</para></returns>
    </member>
    <member name="M:System.Net.Dns.GetHostName">
      <summary>Gets the host name of the local computer.<para>获取本地计算机的主机名.</para></summary>
      <exception cref="T:System.Net.Sockets.SocketException">An error is encountered when resolving the local host name.<para>解析本地主机名时遇到错误.</para></exception>
      <returns>A string that contains the DNS host name of the local computer.<para>一个字符串,包含本地计算机的 dns 主机名.</para></returns>
    </member>
    <member name="M:System.Net.Dns.Resolve(System.String)">
      <summary>Resolves a DNS host name or IP address to an <see cref="T:System.Net.IPHostEntry" /> instance.<para>将 dns 主机名或 ip 地址解析为 <see cref="T:System.Net.IPHostEntry" /> 实例.</para></summary>
      <param name="hostName">A DNS-style host name or IP address.<para>dns 样式的主机名或 ip 地址.</para></param>
      <exception cref="T:System.ArgumentNullException">
        <paramref name="hostName" /> is <see langword="null" />.<para><paramref name="hostName" /> 是 <see langword="null" />.</para></exception>
      <exception cref="T:System.ArgumentOutOfRangeException">The length of <paramref name="hostName" /> is greater than 255 characters.<para><paramref name="hostName" /> 的长度大于 255 个字符.解析 <paramref name="hostName" /> 时遇到错误,</para></exception>
      <exception cref="T:System.Net.Sockets.SocketException">An error is encountered when resolving <paramref name="hostName" />.<para>.</para></exception>
      <returns>An <see cref="T:System.Net.IPHostEntry" /> instance that contains address information about the host specified in <paramref name="hostName" />.<para>一个 <see cref="T:System.Net.IPHostEntry" /> 实例,其中包含有关 <paramref name="hostName" /> 中指定的主机的地址信息.</para></returns>
    </member>
    <member name="T:System.Net.IPHostEntry">
      <summary>Provides a container class for Internet host address information.<para>为因特网主机地址信息提供一个容器类.</para></summary>
    </member>
    <member name="M:System.Net.IPHostEntry.#ctor">
      <summary>Initializes a new instance of the <see cref="T:System.Net.IPHostEntry" /> class.<para>初始化 <see cref="T:System.Net.IPHostEntry" /> 类的新实例.</para></summary>
    </member>
    <member name="P:System.Net.IPHostEntry.AddressList">
      <summary>Gets or sets a list of IP addresses that are associated with a host.<para>获取或设置与主机关联的 ip 地址的列表.</para></summary>
      <returns>An array of type <see cref="T:System.Net.IPAddress" /> that contains IP addresses that resolve to the host names that are contained in the <see cref="P:System.Net.IPHostEntry.Aliases" /> property.<para>类型的数组 <see cref="t:system.net.ipaddress" /> 包含解析为包含在 <see cref="p:system.net.iphostentry.aliases" /> 财产.</para></returns>
    </member>
    <member name="P:System.Net.IPHostEntry.Aliases">
      <summary>Gets or sets a list of aliases that are associated with a host.<para>获取或设置与主机关联的别名的列表.</para></summary>
      <returns>An array of strings that contain DNS names that resolve to the IP addresses in the <see cref="P:System.Net.IPHostEntry.AddressList" /> property.<para>一个字符串数组,其中包含解析为 ip 地址的 dns 名称 <see cref="p:system.net.iphostentry.addresslist" /> 财产.</para></returns>
    </member>
    <member name="P:System.Net.IPHostEntry.HostName">
      <summary>Gets or sets the DNS name of the host.<para>获取或设置主机的 dns 名称.</para></summary>
      <returns>A string that contains the primary host name for the server.<para>一个字符串,包含服务器的主要主机名.</para></returns>
    </member>
  </members>
</doc>