﻿<?xml version="1.0" encoding="utf-8"?>
<doc>
  <assembly>
    <name>System.Net.WebSockets</name>
  </assembly>
  <members>
    <member name="T:System.Net.WebSockets.ValueWebSocketReceiveResult">
      <summary>Represents the result of performing a single <see cref="M:System.Net.WebSockets.WebSocket.ReceiveAsync(System.Memory{System.Byte},System.Threading.CancellationToken)" /> operation on a <see cref="T:System.Net.WebSockets.WebSocket" />.<para>表示执行单个的结果 <see cref="m:system.net.websockets.websocket.receiveasync（system.memory{system.byte},system.threading.canceltoken）" /> 对 <see cref="T:System.Net.WebSockets.WebSocket" /> 的操作.</para></summary>
    </member>
    <member name="M:System.Net.WebSockets.ValueWebSocketReceiveResult.#ctor(System.Int32,System.Net.WebSockets.WebSocketMessageType,System.Boolean)">
      <summary>Initializes a new instance of the <see cref="T:System.Net.WebSockets.ValueWebSocketReceiveResult" /> struct. An instance of this struct represents the result of performing a single <c>ReceiveAsync</c> operation on a <see cref="T:System.Net.WebSockets.WebSocket" />.<para>初始化 <see cref="T:System.Net.WebSockets.ValueWebSocketReceiveResult" /> 结构的新实例.此结构的实例表示在 <see cref="T:System.Net.WebSockets.WebSocket" /> 上执行单个 <c>receiveasync</c> 操作的结果.</para></summary>
      <param name="count">The number of bytes that the <see cref="T:System.Net.WebSockets.WebSocket" /> received.<para><see cref="T:System.Net.WebSockets.WebSocket" /> 接收的字节数.</para></param>
      <param name="messageType">One of the enumeration values that indicates whether the current message is a UTF-8 message or a binary message.<para>指示当前消息是 utf-8 消息还是二进制消息的枚举值之一.</para></param>
      <param name="endOfMessage">
        <see langword="true" /> to indicate the messsage has been received completely; otherwise, <see langword="false" />.<para><see langword="true" /> 表示消息已完全接收;否则,<see langword="false" />.</para></param>
    </member>
    <member name="P:System.Net.WebSockets.ValueWebSocketReceiveResult.Count">
      <summary>Gets the number of bytes that the <see cref="T:System.Net.WebSockets.WebSocket" /> received.<para>获取 <see cref="T:System.Net.WebSockets.WebSocket" /> 接收的字节数.</para></summary>
      <returns>The number of bytes that the <see cref="T:System.Net.WebSockets.WebSocket" /> received.<para><see cref="T:System.Net.WebSockets.WebSocket" /> 接收的字节数.</para></returns>
    </member>
    <member name="P:System.Net.WebSockets.ValueWebSocketReceiveResult.EndOfMessage">
      <summary>Gets whether the message has been received completely.<para>获取消息是否已完全接收.</para></summary>
      <returns>
        <see langword="true" /> if the message was received completely; otherwise, <see langword="false" />.<para><see langword="true" /> 如果消息已完全接收;否则,<see langword="false" />.</para></returns>
    </member>
    <member name="P:System.Net.WebSockets.ValueWebSocketReceiveResult.MessageType">
      <summary>Gets the type of the current message.<para>获取当前消息的类型.</para></summary>
      <returns>One of the enumeration values that specifies if the current message is a UTF-8, binary, or close message.<para>指定当前消息是 utf-8、二进制消息还是关闭消息的枚举值之一.</para></returns>
    </member>
    <member name="T:System.Net.WebSockets.WebSocket">
      <summary>The WebSocket class allows applications to send and receive data after the WebSocket upgrade has completed.<para>websocket 类允许应用程序在 websocket 升级完成后发送和接收数据.</para></summary>
    </member>
    <member name="M:System.Net.WebSockets.WebSocket.#ctor">
      <summary>Creates an instance of the <see cref="T:System.Net.WebSockets.WebSocket" /> class.<para>创建 <see cref="T:System.Net.WebSockets.WebSocket" /> 类的实例.</para></summary>
    </member>
    <member name="M:System.Net.WebSockets.WebSocket.Abort">
      <summary>Aborts the WebSocket connection and cancels any pending IO operations.<para>中止 websocket 连接并取消任何挂起的 io 操作.</para></summary>
    </member>
    <member name="M:System.Net.WebSockets.WebSocket.CloseAsync(System.Net.WebSockets.WebSocketCloseStatus,System.String,System.Threading.CancellationToken)">
      <summary>Closes the WebSocket connection as an asynchronous operation using the close handshake defined in the WebSocket protocol specification section 7.<para>使用 websocket 协议规范第 7 节中定义的关闭握手作为异步操作关闭 websocket 连接.</para></summary>
      <param name="closeStatus">Indicates the reason for closing the WebSocket connection.<para>指示关闭 websocket 连接的原因.</para></param>
      <param name="statusDescription">Specifies a human readable explanation as to why the connection is closed.<para>指定有关连接关闭原因的人类可读解释.</para></param>
      <param name="cancellationToken">The token that can be used to propagate notification that operations should be canceled.<para>可用于传播应取消操作的通知的令牌.</para></param>
      <returns>The task object representing the asynchronous operation.<para>表示异步操作的任务对象.</para></returns>
    </member>
    <member name="M:System.Net.WebSockets.WebSocket.CloseOutputAsync(System.Net.WebSockets.WebSocketCloseStatus,System.String,System.Threading.CancellationToken)">
      <summary>Initiates or completes the close handshake defined in the WebSocket protocol specification section 7.<para>启动或完成 websocket 协议规范第 7 节中定义的关闭握手.</para></summary>
      <param name="closeStatus">Indicates the reason for closing the WebSocket connection.<para>指示关闭 websocket 连接的原因.</para></param>
      <param name="statusDescription">Allows applications to specify a human readable explanation as to why the connection is closed.<para>允许应用程序指定有关连接关闭原因的人类可读解释.</para></param>
      <param name="cancellationToken">The token that can be used to propagate notification that operations should be canceled.<para>可用于传播应取消操作的通知的令牌.</para></param>
      <returns>The task object representing the asynchronous operation.<para>表示异步操作的任务对象.</para></returns>
    </member>
    <member name="M:System.Net.WebSockets.WebSocket.CreateClientBuffer(System.Int32,System.Int32)">
      <summary>Create client buffers to use with this <see cref="T:System.Net.WebSockets.WebSocket" /> instance.<para>创建要与此 <see cref="T:System.Net.WebSockets.WebSocket" /> 实例一起使用的客户端缓冲区.</para></summary>
      <param name="receiveBufferSize">The size, in bytes, of the client receive buffer.<para>客户端接收缓冲区的大小（以字节为单位）.</para></param>
      <param name="sendBufferSize">The size, in bytes, of the send buffer.<para>发送缓冲区的大小（以字节为单位）.</para></param>
      <returns>An array with the client buffers.<para>具有客户端缓冲区的数组.</para></returns>
    </member>
    <member name="M:System.Net.WebSockets.WebSocket.CreateClientWebSocket(System.IO.Stream,System.String,System.Int32,System.Int32,System.TimeSpan,System.Boolean,System.ArraySegment{System.Byte})">
      <summary>Allows callers to create a client side WebSocket class which will use the WSPC for framing purposes.<para>允许调用方创建一个客户端 websocket 类,该类将使用 wspc 进行成帧.</para></summary>
      <param name="innerStream">The connection to be used for IO operations.<para>要用于 io 操作的连接.</para></param>
      <param name="subProtocol">The subprotocol accepted by the client.<para>客户端接受的子协议.</para></param>
      <param name="receiveBufferSize">The size in bytes of the client WebSocket receive buffer.<para>客户端 websocket 接收缓冲区的大小（以字节为单位）.</para></param>
      <param name="sendBufferSize">The size in bytes of the client WebSocket send buffer.<para>客户端 websocket 发送缓冲区的大小（以字节为单位）.</para></param>
      <param name="keepAliveInterval">Determines how regularly a frame is sent over the connection as a keep-alive. Applies only when the connection is idle.<para>确定帧作为保持活动状态通过连接发送的频率.仅当连接处于空闲状态时才适用.</para></param>
      <param name="useZeroMaskingKey">Indicates whether a random key or a static key (just zeros) should be used for the WebSocket masking.<para>指示是否应将随机键或静态键（仅零）用于 websocket 掩码.</para></param>
      <param name="internalBuffer">Will be used as the internal buffer in the WPC. The size has to be at least <c>2 * ReceiveBufferSize + SendBufferSize + 256 + 20 (16 on 32-bit)</c>.<para>将用作 wpc 中的内部缓冲区.大小必须至少为 <c>2 * ReceiveBufferSize + SendBufferSize + 256 + 20 (16 on 32-bit)</c>.</para></param>
      <returns>Returns <see cref="T:System.Net.WebSockets.WebSocket" />.<para>返回 <see cref="T:System.Net.WebSockets.WebSocket" />.</para></returns>
    </member>
    <member name="M:System.Net.WebSockets.WebSocket.CreateFromStream(System.IO.Stream,System.Boolean,System.String,System.TimeSpan)">
      <summary>Creates a new <see cref="T:System.Net.WebSockets.WebSocket" /> object that operates on the specified stream, which represents a web socket connection.<para>创建一个新的 <see cref="T:System.Net.WebSockets.WebSocket" /> 对象,该对象对指定的流进行操作,该流表示 web 套接字连接.</para></summary>
      <param name="stream">The stream for the connection.<para>连接的流.</para></param>
      <param name="isServer">
        <see langword="true" /> to indicate it's the server-side of the connection; <see langword="false" /> if it's the client-side.<para><see langword="true" /> 指示它是连接的服务器端;<see langword="false" /> 如果是客户端.</para></param>
      <param name="subProtocol">The agreed upon sub-protocol that was used when creating the connection.<para>创建连接时使用的商定子协议.</para></param>
      <param name="keepAliveInterval">The keep-alive interval to use, or <see cref="F:System.Threading.Timeout.InfiniteTimeSpan" /> to disable keep-alives.<para>要使用的保持活动间隔,或 <see cref="F:System.Threading.Timeout.InfiniteTimeSpan" /> 禁用保持活动状态.</para></param>
      <returns>The new web socket.<para>新的 web 套接字.</para></returns>
    </member>
    <member name="M:System.Net.WebSockets.WebSocket.CreateFromStream(System.IO.Stream,System.Net.WebSockets.WebSocketCreationOptions)">
      <summary>Creates a <see cref="T:System.Net.WebSockets.WebSocket" /> that operates on a <see cref="T:System.IO.Stream" /> representing a web socket connection.<para>创建一个 <see cref="T:System.Net.WebSockets.WebSocket" />,该 <see cref="T:System.Net.WebSockets.WebSocket" /> 在表示 web 套接字连接的 <see cref="T:System.IO.Stream" /> 上运行.</para></summary>
      <param name="stream">The <see cref="T:System.IO.Stream" /> for the connection.<para>连接的 <see cref="T:System.IO.Stream" />.</para></param>
      <param name="options">The options with which the websocket must be created.<para>必须用于创建 websocket 的选项.</para></param>
      <returns>The created web socket.<para>创建的 web 套接字.</para></returns>
    </member>
    <member name="M:System.Net.WebSockets.WebSocket.CreateServerBuffer(System.Int32)">
      <summary>Creates a WebSocket server buffer.<para>创建 websocket 服务器缓冲区.</para></summary>
      <param name="receiveBufferSize">The size, in bytes, of the desired buffer.<para>所需缓冲区的大小（以字节为单位）.</para></param>
      <returns>Returns <see cref="T:System.ArraySegment`1" />.<para>返回 <see cref="t:system.arraysegment`1" /> .</para></returns>
    </member>
    <member name="M:System.Net.WebSockets.WebSocket.Dispose">
      <summary>Used to clean up unmanaged resources for ASP.NET and self-hosted implementations.<para>用于清理 asp.net 和自承载实现的非托管资源.</para></summary>
    </member>
    <member name="M:System.Net.WebSockets.WebSocket.IsApplicationTargeting45">
      <summary>Returns a value that indicates if the WebSocket instance is targeting .NET Framework 4.5.<para>返回一个值,该值指示 websocket 实例是否面向 .net framework 4.5.</para></summary>
      <returns>
        <see langword="true" /> if the <see cref="T:System.Net.WebSockets.WebSocket" /> is targeting .NET Framework 4.5; otherwise, <see langword="false" />.<para><see langword="true" /> 如果 <see cref="T:System.Net.WebSockets.WebSocket" /> 面向 .net framework 4.5;否则,<see langword="false" />.</para></returns>
    </member>
    <member name="M:System.Net.WebSockets.WebSocket.IsStateTerminal(System.Net.WebSockets.WebSocketState)">
      <summary>Returns a value that indicates if the state of the WebSocket instance is closed or aborted.<para>返回一个值,该值指示 websocket 实例的状态是关闭还是中止.</para></summary>
      <param name="state">The current state of the WebSocket.<para>websocket 的当前状态.</para></param>
      <returns>
        <see langword="true" /> if the <see cref="T:System.Net.WebSockets.WebSocket" /> is closed or aborted; otherwise, <see langword="false" />.<para><see langword="true" /> 如果 <see cref="T:System.Net.WebSockets.WebSocket" /> 已关闭或中止;否则,<see langword="false" />.</para></returns>
    </member>
    <member name="M:System.Net.WebSockets.WebSocket.ReceiveAsync(System.ArraySegment{System.Byte},System.Threading.CancellationToken)">
      <summary>Receives data from the <see cref="T:System.Net.WebSockets.WebSocket" /> connection asynchronously.<para>异步接收来自 <see cref="T:System.Net.WebSockets.WebSocket" /> 连接的数据.</para></summary>
      <param name="buffer">References the application buffer that is the storage location for the received data.<para>引用作为接收数据的存储位置的应用程序缓冲区.</para></param>
      <param name="cancellationToken">Propagates the notification that operations should be canceled.<para>传播应取消操作的通知.</para></param>
      <returns>The task object representing the asynchronous operation. The <see cref="P:System.Threading.Tasks.Task`1.Result" /> property on the task object returns a <see cref="T:System.Net.WebSockets.WebSocketReceiveResult" /> object that represents the received data.<para>表示异步操作的任务对象.任务对象上的 <see cref="P:System.Threading.Tasks.Task`1.Result" /> 属性返回一个 <see cref="T:System.Net.WebSockets.WebSocketReceiveResult" /> 对象,该对象表示接收的数据.</para></returns>
    </member>
    <member name="M:System.Net.WebSockets.WebSocket.ReceiveAsync(System.Memory{System.Byte},System.Threading.CancellationToken)">
      <summary>Receives data from the <see cref="T:System.Net.WebSockets.WebSocket" /> connection asynchronously.<para>异步接收来自 <see cref="T:System.Net.WebSockets.WebSocket" /> 连接的数据.</para></summary>
      <param name="buffer">The application buffer that is the storage location for the received data.<para>应用程序缓冲区,它是接收数据的存储位置.</para></param>
      <param name="cancellationToken">The cancellation token to use to cancel the receive operation.<para>用于取消接收操作的取消令牌.</para></param>
      <returns>The task object representing the asynchronous operation. The <see cref="P:System.Threading.Tasks.ValueTask`1.Result" /> property on the task object returns a <see cref="T:System.Net.WebSockets.ValueWebSocketReceiveResult" /> object that represents the received data.<para>表示异步操作的任务对象.任务对象上的 <see cref="P:System.Threading.Tasks.ValueTask`1.Result" /> 属性返回一个 <see cref="T:System.Net.WebSockets.ValueWebSocketReceiveResult" /> 对象,该对象表示接收的数据.</para></returns>
    </member>
    <member name="M:System.Net.WebSockets.WebSocket.RegisterPrefixes">
      <summary>Allows callers to register prefixes for WebSocket requests (ws and wss).<para>允许调用方注册 websocket 请求（ws 和 wss）的前缀.</para></summary>
    </member>
    <member name="M:System.Net.WebSockets.WebSocket.SendAsync(System.ArraySegment{System.Byte},System.Net.WebSockets.WebSocketMessageType,System.Boolean,System.Threading.CancellationToken)">
      <summary>Sends data over the <see cref="T:System.Net.WebSockets.WebSocket" /> connection asynchronously.<para>通过 <see cref="T:System.Net.WebSockets.WebSocket" /> 连接异步发送数据.</para></summary>
      <param name="buffer">The buffer to be sent over the connection.<para>要通过连接发送的缓冲区.</para></param>
      <param name="messageType">Indicates whether the application is sending a binary or text message.<para>指示应用程序是发送二进制消息还是文本消息.</para></param>
      <param name="endOfMessage">Indicates whether the data in "buffer" is the last part of a message.<para>指示"buffer"中的数据是否是消息的最后一部分.</para></param>
      <param name="cancellationToken">The token that propagates the notification that operations should be canceled.<para>传播应取消操作的通知的令牌.</para></param>
      <returns>The task object representing the asynchronous operation.<para>表示异步操作的任务对象.</para></returns>
    </member>
    <member name="M:System.Net.WebSockets.WebSocket.SendAsync(System.ReadOnlyMemory{System.Byte},System.Net.WebSockets.WebSocketMessageType,System.Boolean,System.Threading.CancellationToken)">
      <summary>Sends data over the <see cref="T:System.Net.WebSockets.WebSocket" /> connection asynchronously.<para>通过 <see cref="T:System.Net.WebSockets.WebSocket" /> 连接异步发送数据.</para></summary>
      <param name="buffer">The buffer to be sent over the connection.<para>要通过连接发送的缓冲区.</para></param>
      <param name="messageType">One of the enumeration values that indicates whether the application is sending a binary or text message.<para>指示应用程序是发送二进制消息还是文本消息的枚举值之一.</para></param>
      <param name="endOfMessage">
        <see langword="true" /> to indicate the data in "buffer" is the last part of a message; otherwise, <see langword="false" />.<para><see langword="true" /> 表示"缓冲区"中的数据是消息的最后一部分;否则,<see langword="false" />.</para></param>
      <param name="cancellationToken">The cancellation token to use to cancel the send operation.<para>用于取消发送操作的取消令牌.</para></param>
      <returns>The task object representing the asynchronous operation.<para>表示异步操作的任务对象.</para></returns>
    </member>
    <member name="M:System.Net.WebSockets.WebSocket.SendAsync(System.ReadOnlyMemory{System.Byte},System.Net.WebSockets.WebSocketMessageType,System.Net.WebSockets.WebSocketMessageFlags,System.Threading.CancellationToken)">
      <summary>Sends data over the <see cref="T:System.Net.WebSockets.WebSocket" /> connection asynchronously.<para>通过 <see cref="T:System.Net.WebSockets.WebSocket" /> 连接异步发送数据.</para></summary>
      <param name="buffer">The buffer to be sent over the connection.<para>要通过连接发送的缓冲区.</para></param>
      <param name="messageType">One of the enumeration values that indicates whether the application is sending a binary or text message.<para>指示应用程序是发送二进制消息还是文本消息的枚举值之一.</para></param>
      <param name="messageFlags">Flags for controlling how the <see cref="T:System.Net.WebSockets.WebSocket" /> should send a message.<para>用于控制 <see cref="T:System.Net.WebSockets.WebSocket" /> 应如何发送消息的标志.</para></param>
      <param name="cancellationToken">The cancellation token to use to cancel the send operation.<para>用于取消发送操作的取消令牌.</para></param>
      <returns>The task object representing the asynchronous operation.<para>表示异步操作的任务对象.</para></returns>
    </member>
    <member name="M:System.Net.WebSockets.WebSocket.ThrowOnInvalidState(System.Net.WebSockets.WebSocketState,System.Net.WebSockets.WebSocketState[])">
      <summary>Verifies that the connection is in an expected state.<para>验证连接是否处于预期状态.</para></summary>
      <param name="state">The current state of the WebSocket to be tested against the list of valid states.<para>要根据有效状态列表测试的 websocket 的当前状态.</para></param>
      <param name="validStates">List of valid connection states.<para>有效连接状态的列表.</para></param>
    </member>
    <member name="P:System.Net.WebSockets.WebSocket.CloseStatus">
      <summary>Indicates the reason why the remote endpoint initiated the close handshake.<para>指示远程终结点启动关闭握手的原因.</para></summary>
      <returns>Returns <see cref="T:System.Net.WebSockets.WebSocketCloseStatus" />.<para>返回 <see cref="T:System.Net.WebSockets.WebSocketCloseStatus" />.</para></returns>
    </member>
    <member name="P:System.Net.WebSockets.WebSocket.CloseStatusDescription">
      <summary>Allows the remote endpoint to describe the reason why the connection was closed.<para>允许远程终结点描述连接关闭的原因.</para></summary>
      <returns>Returns <see cref="T:System.String" />.<para>返回 <see cref="T:System.String" />.</para></returns>
    </member>
    <member name="P:System.Net.WebSockets.WebSocket.DefaultKeepAliveInterval">
      <summary>Gets the default WebSocket protocol keep-alive interval.<para>获取默认的 websocket 协议保持活动状态间隔.</para></summary>
      <returns>The default WebSocket protocol keep-alive interval. The typical value for this interval is 30 seconds (as defined by the OS or the .NET platform). It is used to initialize <see cref="P:System.Net.WebSockets.ClientWebSocketOptions.KeepAliveInterval" /> value.<para>默认 websocket 协议保持活动状态间隔.此间隔的典型值为 30 秒（由操作系统或 .net 平台定义）.它用于初始化 <see cref="p:system.net.websockets.clientwebsocketoptions.keepaliveinterval" /> 价值.</para></returns>
    </member>
    <member name="P:System.Net.WebSockets.WebSocket.State">
      <summary>Returns the current state of the WebSocket connection.<para>返回 websocket 连接的当前状态.</para></summary>
      <returns>The current state of the WebSocket connection.<para>websocket 连接的当前状态.</para></returns>
    </member>
    <member name="P:System.Net.WebSockets.WebSocket.SubProtocol">
      <summary>Gets the subprotocol that was negotiated during the opening handshake.<para>获取在开场握手期间协商的子协议.</para></summary>
      <returns>The subprotocol that was negotiated during the opening handshake.<para>在开场握手期间协商的子协议.</para></returns>
    </member>
    <member name="T:System.Net.WebSockets.WebSocketCloseStatus">
      <summary>Represents well known WebSocket close codes as defined in section 11.7 of the WebSocket protocol spec.<para>表示 websocket 协议规范的第 11.7 节中定义的已知 websocket 关闭代码.</para></summary>
    </member>
    <member name="F:System.Net.WebSockets.WebSocketCloseStatus.Empty">
      <summary>No error specified.<para>未指定错误.</para></summary>
    </member>
    <member name="F:System.Net.WebSockets.WebSocketCloseStatus.EndpointUnavailable">
      <summary>(1001) Indicates an endpoint is being removed. Either the server or client will become unavailable.<para>（1001） 表示正在删除端点.服务器或客户端将变得不可用.</para></summary>
    </member>
    <member name="F:System.Net.WebSockets.WebSocketCloseStatus.InternalServerError">
      <summary>(1011) The connection will be closed by the server because of an error on the server.<para>（1011） 由于服务器上的错误,服务器将关闭连接.</para></summary>
    </member>
    <member name="F:System.Net.WebSockets.WebSocketCloseStatus.InvalidMessageType">
      <summary>(1003) The client or server is terminating the connection because it cannot accept the data type it received.<para>（1003） 客户端或服务器正在终止连接,因为它不能接受它收到的数据类型.</para></summary>
    </member>
    <member name="F:System.Net.WebSockets.WebSocketCloseStatus.InvalidPayloadData">
      <summary>(1007) The client or server is terminating the connection because it has received data inconsistent with the message type.<para>（1007）客户端或服务器正在终止连接,因为它接收到的数据与消息类型不一致.</para></summary>
    </member>
    <member name="F:System.Net.WebSockets.WebSocketCloseStatus.MandatoryExtension">
      <summary>(1010) The client is terminating the connection because it expected the server to negotiate an extension.<para>（1010） 客户端正在终止连接,因为它期望服务器协商扩展.</para></summary>
    </member>
    <member name="F:System.Net.WebSockets.WebSocketCloseStatus.MessageTooBig">
      <summary>(1009) The client or server is terminating the connection because it has received a message that is too big for it to process.<para>（1009） 客户端或服务器正在终止连接,因为它收到的消息太大,无法处理.</para></summary>
    </member>
    <member name="F:System.Net.WebSockets.WebSocketCloseStatus.NormalClosure">
      <summary>(1000) The connection has closed after the request was fulfilled.<para>（1000） 请求满足后连接已关闭.</para></summary>
    </member>
    <member name="F:System.Net.WebSockets.WebSocketCloseStatus.PolicyViolation">
      <summary>(1008) The connection will be closed because an endpoint has received a message that violates its policy.<para>（1008） 连接将被关闭,因为端点收到了违反其策略的消息.</para></summary>
    </member>
    <member name="F:System.Net.WebSockets.WebSocketCloseStatus.ProtocolError">
      <summary>(1002) The client or server is terminating the connection because of a protocol error.<para>（1002） 由于协议错误,客户端或服务器正在终止连接.</para></summary>
    </member>
    <member name="T:System.Net.WebSockets.WebSocketContext">
      <summary>Used for accessing the information in the WebSocket handshake.<para>用于访问 websocket 握手中的信息.</para></summary>
    </member>
    <member name="M:System.Net.WebSockets.WebSocketContext.#ctor">
      <summary>Creates an instance of the <see cref="T:System.Net.WebSockets.WebSocketContext" /> class.<para>创建 <see cref="T:System.Net.WebSockets.WebSocketContext" /> 类的实例.</para></summary>
    </member>
    <member name="P:System.Net.WebSockets.WebSocketContext.CookieCollection">
      <summary>The cookies that were passed to the server during the opening handshake.<para>在打开握手期间传递到服务器的 cookie.</para></summary>
      <returns>Returns <see cref="T:System.Net.CookieCollection" />.<para>返回 <see cref="T:System.Net.CookieCollection" />.</para></returns>
    </member>
    <member name="P:System.Net.WebSockets.WebSocketContext.Headers">
      <summary>The HTTP headers that were sent to the server during the opening handshake.<para>在首次握手期间发送到服务器的 http 标头.</para></summary>
      <returns>Returns <see cref="T:System.Collections.Specialized.NameValueCollection" />.<para>返回 <see cref="T:System.Collections.Specialized.NameValueCollection" />.</para></returns>
    </member>
    <member name="P:System.Net.WebSockets.WebSocketContext.IsAuthenticated">
      <summary>Whether the WebSocket client is authenticated.<para>websocket 客户端是否经过身份验证.</para></summary>
      <returns>Returns <see cref="T:System.Boolean" />.<para>返回 <see cref="T:System.Boolean" />.</para></returns>
    </member>
    <member name="P:System.Net.WebSockets.WebSocketContext.IsLocal">
      <summary>Whether the WebSocket client connected from the local machine.<para>websocket 客户端是否从本地计算机连接.</para></summary>
      <returns>Returns <see cref="T:System.Boolean" />.<para>返回 <see cref="T:System.Boolean" />.</para></returns>
    </member>
    <member name="P:System.Net.WebSockets.WebSocketContext.IsSecureConnection">
      <summary>Whether the WebSocket connection is secured using Secure Sockets Layer (SSL).<para>是否使用安全套接字层 （ssl） 保护 websocket 连接.</para></summary>
      <returns>Returns <see cref="T:System.Boolean" />.<para>返回 <see cref="T:System.Boolean" />.</para></returns>
    </member>
    <member name="P:System.Net.WebSockets.WebSocketContext.Origin">
      <summary>The value of the Origin HTTP header included in the opening handshake.<para>初始握手中包含的源 http 标头的值.</para></summary>
      <returns>Returns <see cref="T:System.String" />.<para>返回 <see cref="T:System.String" />.</para></returns>
    </member>
    <member name="P:System.Net.WebSockets.WebSocketContext.RequestUri">
      <summary>The URI requested by the WebSocket client.<para>websocket 客户端请求的 uri.</para></summary>
      <returns>Returns <see cref="T:System.Uri" />.<para>返回 <see cref="T:System.Uri" />.</para></returns>
    </member>
    <member name="P:System.Net.WebSockets.WebSocketContext.SecWebSocketKey">
      <summary>The value of the SecWebSocketKey HTTP header included in the opening handshake.<para>初始握手中包含的 secwebsocketkey http 标头的值.</para></summary>
      <returns>Returns <see cref="T:System.String" />.<para>返回 <see cref="T:System.String" />.</para></returns>
    </member>
    <member name="P:System.Net.WebSockets.WebSocketContext.SecWebSocketProtocols">
      <summary>The value of the SecWebSocketKey HTTP header included in the opening handshake.<para>初始握手中包含的 secwebsocketkey http 标头的值.</para></summary>
      <returns>Returns <see cref="T:System.Collections.Generic.IEnumerable`1" />.<para>返回 <see cref="T:System.Collections.Generic.IEnumerable`1" />.</para></returns>
    </member>
    <member name="P:System.Net.WebSockets.WebSocketContext.SecWebSocketVersion">
      <summary>The list of subprotocols requested by the WebSocket client.<para>websocket 客户端请求的子协议列表.</para></summary>
      <returns>Returns <see cref="T:System.String" />.<para>返回 <see cref="T:System.String" />.</para></returns>
    </member>
    <member name="P:System.Net.WebSockets.WebSocketContext.User">
      <summary>An object used to obtain identity, authentication information, and security roles for the WebSocket client.<para>用于获取 websocket 客户端的标识、身份验证信息和安全角色的对象.</para></summary>
      <returns>Returns <see cref="T:System.Security.Principal.IPrincipal" />.<para>返回 <see cref="T:System.Security.Principal.IPrincipal" />.</para></returns>
    </member>
    <member name="P:System.Net.WebSockets.WebSocketContext.WebSocket">
      <summary>The WebSocket instance used to interact (send/receive/close/etc) with the WebSocket connection.<para>用于与 websocket 连接交互（发送/接收/关闭/等）的 websocket 实例.</para></summary>
      <returns>Returns <see cref="T:System.Net.WebSockets.WebSocket" />.<para>返回 <see cref="T:System.Net.WebSockets.WebSocket" />.</para></returns>
    </member>
    <member name="T:System.Net.WebSockets.WebSocketCreationOptions">
      <summary>Options that control how a <see cref="T:System.Net.WebSockets.WebSocket" /> is created.<para>控制如何创建 <see cref="T:System.Net.WebSockets.WebSocket" /> 的选项.</para></summary>
    </member>
    <member name="M:System.Net.WebSockets.WebSocketCreationOptions.#ctor">
      <summary>Creates an instance of the <see cref="T:System.Net.WebSockets.WebSocketCreationOptions" /> class.<para>创建 <see cref="T:System.Net.WebSockets.WebSocketCreationOptions" /> 类的实例.</para></summary>
    </member>
    <member name="P:System.Net.WebSockets.WebSocketCreationOptions.DangerousDeflateOptions">
      <summary>The agreed upon options for per message deflate.<para /> Be aware that enabling compression makes the application subject to CRIME/BREACH type of attacks.
            It is strongly advised to turn off compression when sending data containing secrets by specifying <see cref="F:System.Net.WebSockets.WebSocketMessageFlags.DisableCompression" /> flag for such messages.<para>每条消息的商定选项放气.<para /> 请注意,启用压缩会使应用程序受到 crime/breach 类型的攻击. 强烈建议在发送包含机密的数据时关闭压缩,方法是为此类消息指定 {*#*} 标志.</para></summary>
    </member>
    <member name="P:System.Net.WebSockets.WebSocketCreationOptions.IsServer">
      <summary>Defines if this websocket is the server-side of the connection. The default value is <see langword="false" />.<para>定义此 websocket 是否为连接的服务器端.默认值为 <see langword="false" />.</para></summary>
    </member>
    <member name="P:System.Net.WebSockets.WebSocketCreationOptions.KeepAliveInterval">
      <summary>The keep-alive interval to use, or <see cref="F:System.TimeSpan.Zero" /> or <see cref="F:System.Threading.Timeout.InfiniteTimeSpan" /> to disable keep-alives.
            The default is <see cref="F:System.TimeSpan.Zero" />.<para>要使用的保持活动状态间隔,或 <see cref="F:System.TimeSpan.Zero" /> 或 <see cref="F:System.Threading.Timeout.InfiniteTimeSpan" /> 禁用保持活动状态. 默认值为 <see cref="F:System.TimeSpan.Zero" />.</para></summary>
    </member>
    <member name="P:System.Net.WebSockets.WebSocketCreationOptions.SubProtocol">
      <summary>The agreed upon sub-protocol that was used when creating the connection.<para>创建连接时使用的商定子协议.</para></summary>
    </member>
    <member name="T:System.Net.WebSockets.WebSocketDeflateOptions">
      <summary>Options to enable per-message deflate compression for <see cref="T:System.Net.WebSockets.WebSocket" />.<para>为 <see cref="T:System.Net.WebSockets.WebSocket" /> 启用每条消息压缩的选项.</para></summary>
    </member>
    <member name="M:System.Net.WebSockets.WebSocketDeflateOptions.#ctor">
      <summary>Creates an instance of the <see cref="T:System.Net.WebSockets.WebSocketDeflateOptions" /> class.<para>创建 <see cref="T:System.Net.WebSockets.WebSocketDeflateOptions" /> 类的实例.</para></summary>
    </member>
    <member name="P:System.Net.WebSockets.WebSocketDeflateOptions.ClientContextTakeover">
      <summary>When <see langword="true" /> the client-side of the connection indicates that it will persist the deflate context accross messages.
            The default is <see langword="true" />.<para>当 <see langword="true" /> 时,连接的客户端指示它将跨消息保留压缩上下文. 默认值为 <see langword="true" />.</para></summary>
    </member>
    <member name="P:System.Net.WebSockets.WebSocketDeflateOptions.ClientMaxWindowBits">
      <summary>This parameter indicates the base-2 logarithm for the LZ77 sliding window size used by the client to compress messages and by the server to decompress them.
            Must be a value between 9 and 15. The default is 15.<para>此参数指示客户端用于压缩消息和服务器用于解压缩消息的 lz2 滑动窗口大小的 77 底对数. 必须是介于 9 和 15 之间的值.默认值为 15.</para></summary>
    </member>
    <member name="P:System.Net.WebSockets.WebSocketDeflateOptions.ServerContextTakeover">
      <summary>When <see langword="true" /> the server-side of the connection indicates that it will persist the deflate context accross messages.
            The default is <see langword="true" />.<para>当 <see langword="true" /> 连接时,连接的服务器端指示它将跨消息保留压缩上下文. 默认值为 <see langword="true" />.</para></summary>
    </member>
    <member name="P:System.Net.WebSockets.WebSocketDeflateOptions.ServerMaxWindowBits">
      <summary>This parameter indicates the base-2 logarithm for the LZ77 sliding window size used by the server to compress messages and by the client to decompress them.
            Must be a value between 9 and 15. The default is 15.<para>此参数指示服务器用于压缩消息和客户端用于解压缩消息的 lz2 滑动窗口大小的 base-77 对数. 必须是介于 9 和 15 之间的值.默认值为 15.</para></summary>
    </member>
    <member name="T:System.Net.WebSockets.WebSocketError">
      <summary>Contains the list of possible WebSocket errors.<para>包含可能的 websocket 错误列表.</para></summary>
    </member>
    <member name="F:System.Net.WebSockets.WebSocketError.ConnectionClosedPrematurely">
      <summary>Indicates that the connection was terminated unexpectedly.<para>指示连接意外终止.</para></summary>
    </member>
    <member name="F:System.Net.WebSockets.WebSocketError.Faulted">
      <summary>Indicates a general error.<para>指示常规错误.</para></summary>
    </member>
    <member name="F:System.Net.WebSockets.WebSocketError.HeaderError">
      <summary>Indicates an error occurred when parsing the HTTP headers during the opening handshake.<para>指示在打开握手期间分析 http 标头时出错.</para></summary>
    </member>
    <member name="F:System.Net.WebSockets.WebSocketError.InvalidMessageType">
      <summary>Indicates that a WebSocket frame with an unknown opcode was received.<para>指示收到具有未知操作码的 websocket 帧.</para></summary>
    </member>
    <member name="F:System.Net.WebSockets.WebSocketError.InvalidState">
      <summary>Indicates the WebSocket is an invalid state for the given operation (such as being closed or aborted).<para>指示 websocket 是给定操作的无效状态（如已关闭或中止）.</para></summary>
    </member>
    <member name="F:System.Net.WebSockets.WebSocketError.NativeError">
      <summary>Indicates that an unknown native error occurred.<para>指示发生未知本机错误.</para></summary>
    </member>
    <member name="F:System.Net.WebSockets.WebSocketError.NotAWebSocket">
      <summary>Indicates that the incoming request was not a valid websocket request.<para>指示传入请求不是有效的 websocket 请求.</para></summary>
    </member>
    <member name="F:System.Net.WebSockets.WebSocketError.Success">
      <summary>Indicates that there was no native error information for the exception.<para>指示异常没有本机错误信息.</para></summary>
    </member>
    <member name="F:System.Net.WebSockets.WebSocketError.UnsupportedProtocol">
      <summary>Indicates that the client requested an unsupported WebSocket subprotocol.<para>指示客户端请求了不受支持的 websocket 子协议.</para></summary>
    </member>
    <member name="F:System.Net.WebSockets.WebSocketError.UnsupportedVersion">
      <summary>Indicates that the client requested an unsupported version of the WebSocket protocol.<para>指示客户端请求了不受支持的 websocket 协议版本.</para></summary>
    </member>
    <member name="T:System.Net.WebSockets.WebSocketException">
      <summary>Represents an exception that occurred when performing an operation on a WebSocket connection.<para>表示在 websocket 连接上执行操作时发生的异常.</para></summary>
    </member>
    <member name="M:System.Net.WebSockets.WebSocketException.#ctor">
      <summary>Creates an instance of the <see cref="T:System.Net.WebSockets.WebSocketException" /> class.<para>创建 <see cref="T:System.Net.WebSockets.WebSocketException" /> 类的实例.</para></summary>
    </member>
    <member name="M:System.Net.WebSockets.WebSocketException.#ctor(System.Int32)">
      <summary>Creates an instance of the <see cref="T:System.Net.WebSockets.WebSocketException" /> class.<para>创建 <see cref="T:System.Net.WebSockets.WebSocketException" /> 类的实例.</para></summary>
      <param name="nativeError">The native error code for the exception.<para>异常的本机错误代码.</para></param>
    </member>
    <member name="M:System.Net.WebSockets.WebSocketException.#ctor(System.Int32,System.Exception)">
      <summary>Creates an instance of the <see cref="T:System.Net.WebSockets.WebSocketException" /> class.<para>创建 <see cref="T:System.Net.WebSockets.WebSocketException" /> 类的实例.</para></summary>
      <param name="nativeError">The native error code for the exception.<para>异常的本机错误代码.</para></param>
      <param name="innerException">Indicates the previous exception that led to the current exception.<para>指示导致当前异常的上一个异常.</para></param>
    </member>
    <member name="M:System.Net.WebSockets.WebSocketException.#ctor(System.Int32,System.String)">
      <summary>Creates an instance of the <see cref="T:System.Net.WebSockets.WebSocketException" /> class.<para>创建 <see cref="T:System.Net.WebSockets.WebSocketException" /> 类的实例.</para></summary>
      <param name="nativeError">The native error code for the exception.<para>异常的本机错误代码.</para></param>
      <param name="message">The description of the error.<para>错误的描述.</para></param>
    </member>
    <member name="M:System.Net.WebSockets.WebSocketException.#ctor(System.Net.WebSockets.WebSocketError)">
      <summary>Creates an instance of the <see cref="T:System.Net.WebSockets.WebSocketException" /> class.<para>创建 <see cref="T:System.Net.WebSockets.WebSocketException" /> 类的实例.</para></summary>
      <param name="error">The error from the WebSocketError enumeration.<para>枚举中的错误.</para></param>
    </member>
    <member name="M:System.Net.WebSockets.WebSocketException.#ctor(System.Net.WebSockets.WebSocketError,System.Exception)">
      <summary>Creates an instance of the <see cref="T:System.Net.WebSockets.WebSocketException" /> class.<para>创建 <see cref="T:System.Net.WebSockets.WebSocketException" /> 类的实例.</para></summary>
      <param name="error">The error from the WebSocketError enumeration.<para>枚举中的错误.</para></param>
      <param name="innerException">Indicates the previous exception that led to the current exception.<para>指示导致当前异常的上一个异常.</para></param>
    </member>
    <member name="M:System.Net.WebSockets.WebSocketException.#ctor(System.Net.WebSockets.WebSocketError,System.Int32)">
      <summary>Creates an instance of the <see cref="T:System.Net.WebSockets.WebSocketException" /> class.<para>创建 <see cref="T:System.Net.WebSockets.WebSocketException" /> 类的实例.</para></summary>
      <param name="error">The error from the WebSocketError enumeration.<para>枚举中的错误.</para></param>
      <param name="nativeError">The native error code for the exception.<para>异常的本机错误代码.</para></param>
    </member>
    <member name="M:System.Net.WebSockets.WebSocketException.#ctor(System.Net.WebSockets.WebSocketError,System.Int32,System.Exception)">
      <summary>Creates an instance of the <see cref="T:System.Net.WebSockets.WebSocketException" /> class.<para>创建 <see cref="T:System.Net.WebSockets.WebSocketException" /> 类的实例.</para></summary>
      <param name="error">The error from the WebSocketError enumeration.<para>枚举中的错误.</para></param>
      <param name="nativeError">The native error code for the exception.<para>异常的本机错误代码.</para></param>
      <param name="innerException">Indicates the previous exception that led to the current exception.<para>指示导致当前异常的上一个异常.</para></param>
    </member>
    <member name="M:System.Net.WebSockets.WebSocketException.#ctor(System.Net.WebSockets.WebSocketError,System.Int32,System.String)">
      <summary>Creates an instance of the <see cref="T:System.Net.WebSockets.WebSocketException" /> class.<para>创建 <see cref="T:System.Net.WebSockets.WebSocketException" /> 类的实例.</para></summary>
      <param name="error">The error from the WebSocketError enumeration.<para>枚举中的错误.</para></param>
      <param name="nativeError">The native error code for the exception.<para>异常的本机错误代码.</para></param>
      <param name="message">The description of the error.<para>错误的描述.</para></param>
    </member>
    <member name="M:System.Net.WebSockets.WebSocketException.#ctor(System.Net.WebSockets.WebSocketError,System.Int32,System.String,System.Exception)">
      <summary>Creates an instance of the <see cref="T:System.Net.WebSockets.WebSocketException" /> class.<para>创建 <see cref="T:System.Net.WebSockets.WebSocketException" /> 类的实例.</para></summary>
      <param name="error">The error from the WebSocketError enumeration.<para>枚举中的错误.</para></param>
      <param name="nativeError">The native error code for the exception.<para>异常的本机错误代码.</para></param>
      <param name="message">The description of the error.<para>错误的描述.</para></param>
      <param name="innerException">Indicates the previous exception that led to the current exception.<para>指示导致当前异常的上一个异常.</para></param>
    </member>
    <member name="M:System.Net.WebSockets.WebSocketException.#ctor(System.Net.WebSockets.WebSocketError,System.String)">
      <summary>Creates an instance of the <see cref="T:System.Net.WebSockets.WebSocketException" /> class.<para>创建 <see cref="T:System.Net.WebSockets.WebSocketException" /> 类的实例.</para></summary>
      <param name="error">The error from the WebSocketError enumeration.<para>枚举中的错误.</para></param>
      <param name="message">The description of the error.<para>错误的描述.</para></param>
    </member>
    <member name="M:System.Net.WebSockets.WebSocketException.#ctor(System.Net.WebSockets.WebSocketError,System.String,System.Exception)">
      <summary>Creates an instance of the <see cref="T:System.Net.WebSockets.WebSocketException" /> class.<para>创建 <see cref="T:System.Net.WebSockets.WebSocketException" /> 类的实例.</para></summary>
      <param name="error">The error from the WebSocketError enumeration.<para>枚举中的错误.</para></param>
      <param name="message">The description of the error.<para>错误的描述.</para></param>
      <param name="innerException">Indicates the previous exception that led to the current exception.<para>指示导致当前异常的上一个异常.</para></param>
    </member>
    <member name="M:System.Net.WebSockets.WebSocketException.#ctor(System.String)">
      <summary>Creates an instance of the <see cref="T:System.Net.WebSockets.WebSocketException" /> class.<para>创建 <see cref="T:System.Net.WebSockets.WebSocketException" /> 类的实例.</para></summary>
      <param name="message">The description of the error.<para>错误的描述.</para></param>
    </member>
    <member name="M:System.Net.WebSockets.WebSocketException.#ctor(System.String,System.Exception)">
      <summary>Creates an instance of the <see cref="T:System.Net.WebSockets.WebSocketException" /> class.<para>创建 <see cref="T:System.Net.WebSockets.WebSocketException" /> 类的实例.</para></summary>
      <param name="message">The description of the error.<para>错误的描述.</para></param>
      <param name="innerException">Indicates the previous exception that led to the current exception.<para>指示导致当前异常的上一个异常.</para></param>
    </member>
    <member name="M:System.Net.WebSockets.WebSocketException.GetObjectData(System.Runtime.Serialization.SerializationInfo,System.Runtime.Serialization.StreamingContext)">
      <summary>Sets the SerializationInfo object with the file name and line number where the exception occurred.<para>使用发生异常的文件名和行号设置 serializationinfo 对象.</para></summary>
      <param name="info">A SerializationInfo object.<para>一个序列化信息对象.</para></param>
      <param name="context">The contextual information about the source or destination.<para>有关源或目标的上下文信息.</para></param>
    </member>
    <member name="P:System.Net.WebSockets.WebSocketException.ErrorCode">
      <summary>The native error code for the exception that occurred.<para>发生的异常的本机错误代码.</para></summary>
      <returns>Returns <see cref="T:System.Int32" />.<para>返回 <see cref="T:System.Int32" />.</para></returns>
    </member>
    <member name="P:System.Net.WebSockets.WebSocketException.WebSocketErrorCode">
      <summary>Returns a WebSocketError indicating the type of error that occurred.<para>返回一个 websocketerror ,指示发生的错误类型.</para></summary>
      <returns>Returns <see cref="T:System.Net.WebSockets.WebSocketError" />.<para>返回 <see cref="T:System.Net.WebSockets.WebSocketError" />.</para></returns>
    </member>
    <member name="T:System.Net.WebSockets.WebSocketMessageFlags">
      <summary>Flags for controlling how the <see cref="T:System.Net.WebSockets.WebSocket" /> should send a message.<para>用于控制 <see cref="T:System.Net.WebSockets.WebSocket" /> 应如何发送消息的标志.</para></summary>
    </member>
    <member name="F:System.Net.WebSockets.WebSocketMessageFlags.DisableCompression">
      <summary>Disables compression for the message if compression has been enabled for the <see cref="T:System.Net.WebSockets.WebSocket" /> instance.<para>如果已为 <see cref="T:System.Net.WebSockets.WebSocket" /> 实例启用压缩,则禁用消息的压缩.</para></summary>
    </member>
    <member name="F:System.Net.WebSockets.WebSocketMessageFlags.EndOfMessage">
      <summary>Indicates that the data in "buffer" is the last part of a message.<para>指示"缓冲区"中的数据是消息的最后一部分.</para></summary>
    </member>
    <member name="F:System.Net.WebSockets.WebSocketMessageFlags.None">
      <summary>None<para>没有</para></summary>
    </member>
    <member name="T:System.Net.WebSockets.WebSocketMessageType">
      <summary>Indicates the message type.<para>指示消息类型.</para></summary>
    </member>
    <member name="F:System.Net.WebSockets.WebSocketMessageType.Binary">
      <summary>The message is in binary format.<para>消息采用二进制格式.</para></summary>
    </member>
    <member name="F:System.Net.WebSockets.WebSocketMessageType.Close">
      <summary>A receive has completed because a close message was received.<para>接收已完成,因为收到关闭消息.</para></summary>
    </member>
    <member name="F:System.Net.WebSockets.WebSocketMessageType.Text">
      <summary>The message is clear text.<para>消息是明文.</para></summary>
    </member>
    <member name="T:System.Net.WebSockets.WebSocketReceiveResult">
      <summary>An instance of this class represents the result of performing a single ReceiveAsync operation on a WebSocket.<para>此类的实例表示在 websocket 上执行单个接收异步操作的结果.</para></summary>
    </member>
    <member name="M:System.Net.WebSockets.WebSocketReceiveResult.#ctor(System.Int32,System.Net.WebSockets.WebSocketMessageType,System.Boolean)">
      <summary>Creates an instance of the <see cref="T:System.Net.WebSockets.WebSocketReceiveResult" /> class.<para>创建 <see cref="T:System.Net.WebSockets.WebSocketReceiveResult" /> 类的实例.</para></summary>
      <param name="count">The number of bytes received.<para>接收的字节数.</para></param>
      <param name="messageType">The type of message that was received.<para>收到的消息类型.</para></param>
      <param name="endOfMessage">Indicates whether this is the final message.<para>指示这是否是最终消息.</para></param>
    </member>
    <member name="M:System.Net.WebSockets.WebSocketReceiveResult.#ctor(System.Int32,System.Net.WebSockets.WebSocketMessageType,System.Boolean,System.Nullable{System.Net.WebSockets.WebSocketCloseStatus},System.String)">
      <summary>Creates an instance of the <see cref="T:System.Net.WebSockets.WebSocketReceiveResult" /> class.<para>创建 <see cref="T:System.Net.WebSockets.WebSocketReceiveResult" /> 类的实例.</para></summary>
      <param name="count">The number of bytes received.<para>接收的字节数.</para></param>
      <param name="messageType">The type of message that was received.<para>收到的消息类型.</para></param>
      <param name="endOfMessage">Indicates whether this is the final message.<para>指示这是否是最终消息.</para></param>
      <param name="closeStatus">Indicates the <see cref="T:System.Net.WebSockets.WebSocketCloseStatus" /> of the connection.<para>指示连接的 <see cref="T:System.Net.WebSockets.WebSocketCloseStatus" />.</para></param>
      <param name="closeStatusDescription">The description of <paramref name="closeStatus" />.<para><paramref name="closeStatus" /> 的说明.</para></param>
    </member>
    <member name="P:System.Net.WebSockets.WebSocketReceiveResult.CloseStatus">
      <summary>Indicates the reason why the remote endpoint initiated the close handshake.<para>指示远程终结点启动关闭握手的原因.</para></summary>
      <returns>Returns <see cref="T:System.Net.WebSockets.WebSocketCloseStatus" />.<para>返回 <see cref="T:System.Net.WebSockets.WebSocketCloseStatus" />.</para></returns>
    </member>
    <member name="P:System.Net.WebSockets.WebSocketReceiveResult.CloseStatusDescription">
      <summary>Returns the optional description that describes why the close handshake has been initiated by the remote endpoint.<para>返回描述远程终结点启动关闭握手的原因的可选说明.</para></summary>
      <returns>Returns <see cref="T:System.String" />.<para>返回 <see cref="T:System.String" />.</para></returns>
    </member>
    <member name="P:System.Net.WebSockets.WebSocketReceiveResult.Count">
      <summary>Indicates the number of bytes that the WebSocket received.<para>指示 websocket 接收的字节数.</para></summary>
      <returns>Returns <see cref="T:System.Int32" />.<para>返回 <see cref="T:System.Int32" />.</para></returns>
    </member>
    <member name="P:System.Net.WebSockets.WebSocketReceiveResult.EndOfMessage">
      <summary>Indicates whether the message has been received completely.<para>指示是否已完全接收邮件.</para></summary>
      <returns>Returns <see cref="T:System.Boolean" />.<para>返回 <see cref="T:System.Boolean" />.</para></returns>
    </member>
    <member name="P:System.Net.WebSockets.WebSocketReceiveResult.MessageType">
      <summary>Indicates whether the current message is a UTF-8 message or a binary message.<para>指示当前消息是 utf-8 消息还是二进制消息.</para></summary>
      <returns>Returns <see cref="T:System.Net.WebSockets.WebSocketMessageType" />.<para>返回 <see cref="T:System.Net.WebSockets.WebSocketMessageType" />.</para></returns>
    </member>
    <member name="T:System.Net.WebSockets.WebSocketState">
      <summary>Defines the different states a WebSockets instance can be in.<para>定义 websockets 实例可以处于的不同状态.</para></summary>
    </member>
    <member name="F:System.Net.WebSockets.WebSocketState.Aborted">
      <summary>Indicates that the WebSocket has been aborted.<para>指示 websocket 已中止.</para></summary>
    </member>
    <member name="F:System.Net.WebSockets.WebSocketState.Closed">
      <summary>Indicates the WebSocket close handshake completed gracefully.<para>指示 websocket 关闭握手正常完成.</para></summary>
    </member>
    <member name="F:System.Net.WebSockets.WebSocketState.CloseReceived">
      <summary>A close message was received from the remote endpoint.<para>从远程终结点收到关闭消息.</para></summary>
    </member>
    <member name="F:System.Net.WebSockets.WebSocketState.CloseSent">
      <summary>A close message was sent to the remote endpoint.<para>已向远程终结点发送了关闭消息.</para></summary>
    </member>
    <member name="F:System.Net.WebSockets.WebSocketState.Connecting">
      <summary>The connection is negotiating the handshake with the remote endpoint.<para>连接正在与远程终结点协商握手.</para></summary>
    </member>
    <member name="F:System.Net.WebSockets.WebSocketState.None">
      <summary>Reserved for future use.<para>保留供将来使用.</para></summary>
    </member>
    <member name="F:System.Net.WebSockets.WebSocketState.Open">
      <summary>The initial state after the HTTP handshake has been completed.<para>http 握手完成后的初始状态.</para></summary>
    </member>
  </members>
</doc>