﻿<?xml version="1.0" encoding="utf-8"?>
<doc>
  <assembly>
    <name>System.Reflection.Emit.Lightweight</name>
  </assembly>
  <members>
    <member name="T:System.Reflection.Emit.DynamicILInfo">
      <summary>Provides support for alternative ways to generate the Microsoft intermediate language (MSIL) and metadata for a dynamic method, including methods for creating tokens and for inserting the code, exception handling, and local variable signature blobs.<para>支持为动态方法生成microsoft中间语言 （msil） 和元数据的替代方法,包括用于创建令牌和插入代码、异常处理和局部变量签名 blob 的方法.</para></summary>
    </member>
    <member name="M:System.Reflection.Emit.DynamicILInfo.GetTokenFor(System.Byte[])">
      <summary>Gets a token, valid in the scope of the current <see cref="T:System.Reflection.Emit.DynamicILInfo" />, representing the signature for the associated dynamic method.<para>获取一个令牌,该令牌在当前 <see cref="T:System.Reflection.Emit.DynamicILInfo" /> 的作用域中有效,表示关联动态方法的签名.</para></summary>
      <param name="signature">An array that contains the signature.<para>包含签名的数组.</para></param>
      <returns>A token that can be embedded in the metadata and the MSIL stream for the associated dynamic method.<para>可以嵌入到关联动态方法的元数据和 msil 流中的令牌.</para></returns>
    </member>
    <member name="M:System.Reflection.Emit.DynamicILInfo.GetTokenFor(System.Reflection.Emit.DynamicMethod)">
      <summary>Gets a token, valid in the scope of the current <see cref="T:System.Reflection.Emit.DynamicILInfo" />, representing a dynamic method to be called from the associated method.<para>获取一个令牌,该令牌在当前 <see cref="T:System.Reflection.Emit.DynamicILInfo" /> 的范围内有效,表示要从关联方法调用的动态方法.</para></summary>
      <param name="method">The dynamic method to call.<para>要调用的动态方法.</para></param>
      <returns>A token that can be embedded in the MSIL stream for the associated dynamic method, as the target of an MSIL instruction.<para>可以嵌入到关联动态方法的 msil 流中的令牌,作为 msil 指令的目标.</para></returns>
    </member>
    <member name="M:System.Reflection.Emit.DynamicILInfo.GetTokenFor(System.RuntimeFieldHandle)">
      <summary>Gets a token, valid in the scope of the current <see cref="T:System.Reflection.Emit.DynamicILInfo" />, representing a field to be accessed from the associated dynamic method.<para>获取一个令牌,该令牌在当前 <see cref="T:System.Reflection.Emit.DynamicILInfo" /> 的范围内有效,表示要从关联的动态方法访问的字段.</para></summary>
      <param name="field">The field to be accessed.<para>要访问的字段.</para></param>
      <returns>A token that can be used as the operand of an MSIL instruction that accesses fields, in the scope of the current <see cref="T:System.Reflection.Emit.DynamicILInfo" /> object.<para>可用作访问当前 <see cref="T:System.Reflection.Emit.DynamicILInfo" /> 对象范围内的字段的 msil 指令的操作数的令牌.</para></returns>
    </member>
    <member name="M:System.Reflection.Emit.DynamicILInfo.GetTokenFor(System.RuntimeFieldHandle,System.RuntimeTypeHandle)">
      <summary>Gets a token, valid in the scope of the current <see cref="T:System.Reflection.Emit.DynamicILInfo" />, representing a field to be accessed from the associated dynamic method; the field is on the specified generic type.<para>获取一个令牌,该令牌在当前 <see cref="T:System.Reflection.Emit.DynamicILInfo" /> 的范围内有效,表示要从关联的动态方法访问的字段;该字段位于指定的泛型类型上.</para></summary>
      <param name="field">The field to be accessed.<para>要访问的字段.</para></param>
      <param name="contextType">The generic type the field belongs to.<para>字段所属的泛型类型.</para></param>
      <returns>A token that can be used as the operand of an MSIL instruction that accesses fields in the scope of the current <see cref="T:System.Reflection.Emit.DynamicILInfo" /> object.<para>可用作访问当前 <see cref="T:System.Reflection.Emit.DynamicILInfo" /> 对象范围内的字段的 msil 指令的操作数的令牌.</para></returns>
    </member>
    <member name="M:System.Reflection.Emit.DynamicILInfo.GetTokenFor(System.RuntimeMethodHandle)">
      <summary>Gets a token, valid in the scope of the current <see cref="T:System.Reflection.Emit.DynamicILInfo" />, representing a method to be accessed from the associated dynamic method.<para>获取一个令牌,该令牌在当前 <see cref="T:System.Reflection.Emit.DynamicILInfo" /> 的范围内有效,表示要从关联的动态方法访问的方法.</para></summary>
      <param name="method">The method to be accessed.<para>要访问的方法.</para></param>
      <returns>A token that can be used as the operand of an MSIL instruction that accesses methods, such as <see cref="F:System.Reflection.Emit.OpCodes.Call" /> or <see cref="F:System.Reflection.Emit.OpCodes.Ldtoken" />, in the scope of the current <see cref="T:System.Reflection.Emit.DynamicILInfo" /> object.<para>可用作 msil 指令的操作数的令牌,该指令访问当前 <see cref="T:System.Reflection.Emit.DynamicILInfo" /> 对象范围内的方法,如 <see cref="F:System.Reflection.Emit.OpCodes.Call" /> 或 <see cref="F:System.Reflection.Emit.OpCodes.Ldtoken" />.</para></returns>
    </member>
    <member name="M:System.Reflection.Emit.DynamicILInfo.GetTokenFor(System.RuntimeMethodHandle,System.RuntimeTypeHandle)">
      <summary>Gets a token, valid in the scope of the current <see cref="T:System.Reflection.Emit.DynamicILInfo" />, representing a method on a generic type.<para>获取一个令牌,该令牌在当前 <see cref="T:System.Reflection.Emit.DynamicILInfo" /> 的作用域中有效,表示泛型类型的方法.</para></summary>
      <param name="method">The method.<para>方法.</para></param>
      <param name="contextType">The generic type the method belongs to.<para>方法所属的泛型类型.</para></param>
      <returns>A token that can be used as the operand of an MSIL instruction that accesses methods, such as <see cref="F:System.Reflection.Emit.OpCodes.Call" /> or <see cref="F:System.Reflection.Emit.OpCodes.Ldtoken" />, in the scope of the current <see cref="T:System.Reflection.Emit.DynamicILInfo" /> object.<para>可用作 msil 指令的操作数的令牌,该指令访问当前 <see cref="T:System.Reflection.Emit.DynamicILInfo" /> 对象范围内的方法,如 <see cref="F:System.Reflection.Emit.OpCodes.Call" /> 或 <see cref="F:System.Reflection.Emit.OpCodes.Ldtoken" />.</para></returns>
    </member>
    <member name="M:System.Reflection.Emit.DynamicILInfo.GetTokenFor(System.RuntimeTypeHandle)">
      <summary>Gets a token, valid in the scope of the current <see cref="T:System.Reflection.Emit.DynamicILInfo" />, representing a type to be used in the associated dynamic method.<para>获取一个令牌,该令牌在当前 <see cref="T:System.Reflection.Emit.DynamicILInfo" /> 的作用域中有效,表示要在关联的动态方法中使用的类型.</para></summary>
      <param name="type">The type to be used.<para>要使用的类型.</para></param>
      <returns>A token that can be used as the operand of an MSIL instruction that requires a type, in the scope of the current <see cref="T:System.Reflection.Emit.DynamicILInfo" /> object.<para>可在当前 <see cref="T:System.Reflection.Emit.DynamicILInfo" /> 对象的范围内用作需要类型的 msil 指令的操作数的标记.</para></returns>
    </member>
    <member name="M:System.Reflection.Emit.DynamicILInfo.GetTokenFor(System.String)">
      <summary>Gets a token, valid in the scope of the current <see cref="T:System.Reflection.Emit.DynamicILInfo" />, representing a string literal to be used in the associated dynamic method.<para>获取一个标记,该标记在当前 <see cref="T:System.Reflection.Emit.DynamicILInfo" /> 的作用域中有效,表示要在关联的动态方法中使用的字符串文本.</para></summary>
      <param name="literal">The string to be used.<para>要使用的字符串.</para></param>
      <returns>A token that can be used as the operand of an MSIL instruction that requires a string, in the scope of the current <see cref="T:System.Reflection.Emit.DynamicILInfo" /> object.<para>在当前 <see cref="T:System.Reflection.Emit.DynamicILInfo" /> 对象的范围内,可用作需要字符串的 msil 指令的操作数的标记.</para></returns>
    </member>
    <member name="M:System.Reflection.Emit.DynamicILInfo.SetCode(System.Byte*,System.Int32,System.Int32)">
      <summary>Sets the code body of the associated dynamic method.<para>设置关联的动态方法的代码正文.</para></summary>
      <param name="code">A pointer to a byte array containing the MSIL stream.<para>指向包含 msil 流的字节数组的指针.</para></param>
      <param name="codeSize">The number of bytes in the MSIL stream.<para>msil 流中的字节数.</para></param>
      <param name="maxStackSize">The maximum number of items on the operand stack when the method is executing.<para>执行方法时操作数堆栈上的最大项数.</para></param>
      <exception cref="T:System.ArgumentNullException">
        <paramref name="code" /> is <see langword="null" /> and <paramref name="codeSize" /> is greater than 0.<para><paramref name="code" /> 为 <see langword="null" />,<paramref name="codeSize" /> 大于 0.</para></exception>
      <exception cref="T:System.ArgumentOutOfRangeException">
        <paramref name="codeSize" /> is less than 0.<para><paramref name="codeSize" /> 小于 0.</para></exception>
    </member>
    <member name="M:System.Reflection.Emit.DynamicILInfo.SetCode(System.Byte[],System.Int32)">
      <summary>Sets the code body of the associated dynamic method.<para>设置关联的动态方法的代码正文.</para></summary>
      <param name="code">An array that contains the MSIL stream.<para>包含 msil 流的数组.</para></param>
      <param name="maxStackSize">The maximum number of items on the operand stack when the method is executing.<para>执行方法时操作数堆栈上的最大项数.</para></param>
    </member>
    <member name="M:System.Reflection.Emit.DynamicILInfo.SetExceptions(System.Byte*,System.Int32)">
      <summary>Sets the exception metadata for the associated dynamic method.<para>设置关联的动态方法的异常元数据.</para></summary>
      <param name="exceptions">A pointer to a byte array containing the exception metadata.<para>指向包含异常元数据的字节数组的指针.</para></param>
      <param name="exceptionsSize">The number of bytes of exception metadata.<para>异常元数据的字节数.</para></param>
      <exception cref="T:System.ArgumentNullException">
        <paramref name="exceptions" /> is <see langword="null" /> and <paramref name="exceptionSize" /> is greater than 0.<para><paramref name="exceptions" /> 为 <see langword="null" />,<paramref name="exceptionSize" /> 大于 0.</para></exception>
      <exception cref="T:System.ArgumentOutOfRangeException">
        <paramref name="exceptionSize" /> is less than 0.<para><paramref name="exceptionSize" /> 小于 0.</para></exception>
    </member>
    <member name="M:System.Reflection.Emit.DynamicILInfo.SetExceptions(System.Byte[])">
      <summary>Sets the exception metadata for the associated dynamic method.<para>设置关联的动态方法的异常元数据.</para></summary>
      <param name="exceptions">An array that contains the exception metadata.<para>包含异常元数据的数组.</para></param>
    </member>
    <member name="M:System.Reflection.Emit.DynamicILInfo.SetLocalSignature(System.Byte*,System.Int32)">
      <summary>Sets the local variable signature that describes the layout of local variables for the associated dynamic method.<para>设置局部变量签名,该签名描述关联动态方法的局部变量布局.</para></summary>
      <param name="localSignature">An array that contains the layout of local variables for the associated <see cref="T:System.Reflection.Emit.DynamicMethod" />.<para>一个数组,其中包含关联 <see cref="T:System.Reflection.Emit.DynamicMethod" /> 的局部变量布局.</para></param>
      <param name="signatureSize">The number of bytes in the signature.<para>签名中的字节数.</para></param>
      <exception cref="T:System.ArgumentNullException">
        <paramref name="localSignature" /> is <see langword="null" /> and <paramref name="signatureSize" /> is greater than 0.<para><paramref name="localSignature" /> 为 <see langword="null" />,<paramref name="signatureSize" /> 大于 0.</para></exception>
      <exception cref="T:System.ArgumentOutOfRangeException">
        <paramref name="signatureSize" /> is less than 0.<para><paramref name="signatureSize" /> 小于 0.</para></exception>
    </member>
    <member name="M:System.Reflection.Emit.DynamicILInfo.SetLocalSignature(System.Byte[])">
      <summary>Sets the local variable signature that describes the layout of local variables for the associated dynamic method.<para>设置局部变量签名,该签名描述关联动态方法的局部变量布局.</para></summary>
      <param name="localSignature">An array that contains the layout of local variables for the associated <see cref="T:System.Reflection.Emit.DynamicMethod" />.<para>一个数组,其中包含关联 <see cref="T:System.Reflection.Emit.DynamicMethod" /> 的局部变量布局.</para></param>
    </member>
    <member name="P:System.Reflection.Emit.DynamicILInfo.DynamicMethod">
      <summary>Gets the dynamic method whose body is generated by the current instance.<para>获取其主体由当前实例生成的动态方法.</para></summary>
      <returns>A <see cref="T:System.Reflection.Emit.DynamicMethod" /> object representing the dynamic method for which the current <see cref="T:System.Reflection.Emit.DynamicILInfo" /> object is generating code.<para>一个 <see cref="T:System.Reflection.Emit.DynamicMethod" /> 对象,表示当前 <see cref="T:System.Reflection.Emit.DynamicILInfo" /> 对象为其生成代码的动态方法.</para></returns>
    </member>
    <member name="T:System.Reflection.Emit.DynamicMethod">
      <summary>Defines and represents a dynamic method that can be compiled, executed, and discarded. Discarded methods are available for garbage collection.<para>定义并表示可编译、执行和丢弃的动态方法.丢弃的方法可用于垃圾回收.</para></summary>
    </member>
    <member name="M:System.Reflection.Emit.DynamicMethod.#ctor(System.String,System.Reflection.MethodAttributes,System.Reflection.CallingConventions,System.Type,System.Type[],System.Reflection.Module,System.Boolean)">
      <summary>Creates a dynamic method that is global to a module, specifying the method name, attributes, calling convention, return type, parameter types, module, and whether just-in-time (JIT) visibility checks should be skipped for types and members accessed by the Microsoft intermediate language (MSIL) of the dynamic method.<para>创建模块全局的动态方法,指定方法名称、属性、调用约定、返回类型、参数类型、模块,以及是否应跳过动态方法的microsoft中间语言 （msil） 访问的类型和成员的实时 （jit） 可见性检查.</para></summary>
      <param name="name">The name of the dynamic method. This can be a zero-length string, but it cannot be <see langword="null" />.<para>动态方法的名称.这可以是长度为零的字符串,但不能是 <see langword="null" />.</para></param>
      <param name="attributes">A bitwise combination of <see cref="T:System.Reflection.MethodAttributes" /> values that specifies the attributes of the dynamic method. The only combination allowed is <see cref="F:System.Reflection.MethodAttributes.Public" /> and <see cref="F:System.Reflection.MethodAttributes.Static" />.<para>的按位组合 <see cref="t:system.reflection.methodattributes" /> 指定动态方法的属性的值.唯一允许的组合是 <see cref="f:system.reflection.methodattributes.public" /> 和 <see cref="f:system.reflection.methodattributes.static" /> .</para></param>
      <param name="callingConvention">The calling convention for the dynamic method. Must be <see cref="F:System.Reflection.CallingConventions.Standard" />.<para>动态方法的调用约定.必须为 <see cref="F:System.Reflection.CallingConventions.Standard" />.</para></param>
      <param name="returnType">A <see cref="T:System.Type" /> object that specifies the return type of the dynamic method, or <see langword="null" /> if the method has no return type.<para>一个 <see cref="T:System.Type" /> 对象,它指定动态方法的返回类型,如果该方法没有返回类型,则为 <see langword="null" />.</para></param>
      <param name="parameterTypes">An array of <see cref="T:System.Type" /> objects specifying the types of the parameters of the dynamic method, or <see langword="null" /> if the method has no parameters.<para>一个 <see cref="T:System.Type" /> 对象的数组,指定动态方法的参数类型,如果该方法没有参数,则为 <see langword="null" />.</para></param>
      <param name="m">A <see cref="T:System.Reflection.Module" /> representing the module with which the dynamic method is to be logically associated.<para>一个 <see cref="T:System.Reflection.Module" />,表示要与动态方法逻辑关联的模块.</para></param>
      <param name="skipVisibility">
        <see langword="true" /> to skip JIT visibility checks on types and members accessed by the MSIL of the dynamic method; otherwise, <see langword="false" />.<para><see langword="true" /> 跳过对动态方法的 msil 访问的类型和成员的 jit 可见性检查;否则,<see langword="false" />.</para></param>
      <exception cref="T:System.ArgumentException">An element of <paramref name="parameterTypes" /> is <see langword="null" /> or <see cref="T:System.Void" />.  
  
 -or-  
  
 <paramref name="m" /> is a module that provides anonymous hosting for dynamic methods.<para><paramref name="parameterTypes" /> 的元素是 <see langword="null" /> 或 <see cref="T:System.Void" />. -或- <paramref name="m" /> 是为动态方法提供匿名托管的模块.</para></exception>
      <exception cref="T:System.ArgumentNullException">
        <paramref name="name" /> is <see langword="null" />.  
  
 -or-  
  
 <paramref name="m" /> is <see langword="null" />.<para><paramref name="name" /> 是 <see langword="null" />. -或- <paramref name="m" /> 是 <see langword="null" />.</para></exception>
      <exception cref="T:System.NotSupportedException">
        <paramref name="attributes" /> is a combination of flags other than <see cref="F:System.Reflection.MethodAttributes.Public" /> and <see cref="F:System.Reflection.MethodAttributes.Static" />.  
  
 -or-  
  
 <paramref name="callingConvention" /> is not <see cref="F:System.Reflection.CallingConventions.Standard" />.  
  
 -or-  
  
 <paramref name="returnType" /> is a type for which <see cref="P:System.Type.IsByRef" /> returns <see langword="true" />.<para><paramref name="attributes" /> 是 <see cref="f:system.reflection.methodattributes.public" /> 和 <see cref="f:system.reflection.methodattributes.static" /> . -或- <paramref name="callingConvention" /> 不是 <see cref="F:System.Reflection.CallingConventions.Standard" />. -或- <paramref name="returnType" /> 是 <see cref="P:System.Type.IsByRef" /> 返回 <see langword="true" /> 的类型.</para></exception>
    </member>
    <member name="M:System.Reflection.Emit.DynamicMethod.#ctor(System.String,System.Reflection.MethodAttributes,System.Reflection.CallingConventions,System.Type,System.Type[],System.Type,System.Boolean)">
      <summary>Creates a dynamic method, specifying the method name, attributes, calling convention, return type, parameter types, the type with which the dynamic method is logically associated, and whether just-in-time (JIT) visibility checks should be skipped for types and members accessed by the Microsoft intermediate language (MSIL) of the dynamic method.<para>创建动态方法,指定方法名称、属性、调用约定、返回类型、参数类型、与动态方法逻辑关联的类型,以及是否应跳过动态方法的microsoft中间语言 （msil） 访问的类型和成员的实时 （jit） 可见性检查.</para></summary>
      <param name="name">The name of the dynamic method. This can be a zero-length string, but it cannot be <see langword="null" />.<para>动态方法的名称.这可以是长度为零的字符串,但不能是 <see langword="null" />.</para></param>
      <param name="attributes">A bitwise combination of <see cref="T:System.Reflection.MethodAttributes" /> values that specifies the attributes of the dynamic method. The only combination allowed is <see cref="F:System.Reflection.MethodAttributes.Public" /> and <see cref="F:System.Reflection.MethodAttributes.Static" />.<para>的按位组合 <see cref="t:system.reflection.methodattributes" /> 指定动态方法的属性的值.唯一允许的组合是 <see cref="f:system.reflection.methodattributes.public" /> 和 <see cref="f:system.reflection.methodattributes.static" /> .</para></param>
      <param name="callingConvention">The calling convention for the dynamic method. Must be <see cref="F:System.Reflection.CallingConventions.Standard" />.<para>动态方法的调用约定.必须为 <see cref="F:System.Reflection.CallingConventions.Standard" />.</para></param>
      <param name="returnType">A <see cref="T:System.Type" /> object that specifies the return type of the dynamic method, or <see langword="null" /> if the method has no return type.<para>一个 <see cref="T:System.Type" /> 对象,它指定动态方法的返回类型,如果该方法没有返回类型,则为 <see langword="null" />.</para></param>
      <param name="parameterTypes">An array of <see cref="T:System.Type" /> objects specifying the types of the parameters of the dynamic method, or <see langword="null" /> if the method has no parameters.<para>一个 <see cref="T:System.Type" /> 对象的数组,指定动态方法的参数类型,如果该方法没有参数,则为 <see langword="null" />.</para></param>
      <param name="owner">A <see cref="T:System.Type" /> with which the dynamic method is logically associated. The dynamic method has access to all members of the type.<para>一个 <see cref="T:System.Type" />,动态方法与它逻辑关联.动态方法有权访问该类型的所有成员.</para></param>
      <param name="skipVisibility">
        <see langword="true" /> to skip JIT visibility checks on types and members accessed by the MSIL of the dynamic method; otherwise, <see langword="false" />.<para><see langword="true" /> 跳过对动态方法的 msil 访问的类型和成员的 jit 可见性检查;否则,<see langword="false" />.</para></param>
      <exception cref="T:System.ArgumentException">An element of <paramref name="parameterTypes" /> is <see langword="null" /> or <see cref="T:System.Void" />.  
  
 -or-  
  
 <paramref name="owner" /> is an interface, an array, an open generic type, or a type parameter of a generic type or method.<para><paramref name="parameterTypes" /> 的元素是 <see langword="null" /> 或 <see cref="T:System.Void" />. -或- <paramref name="owner" /> 是接口、数组、开放泛型类型或泛型类型或方法的类型参数.</para></exception>
      <exception cref="T:System.ArgumentNullException">
        <paramref name="name" /> is <see langword="null" />.  
  
 -or-  
  
 <paramref name="owner" /> is <see langword="null" />.<para><paramref name="name" /> 是 <see langword="null" />. -或- <paramref name="owner" /> 是 <see langword="null" />.</para></exception>
      <exception cref="T:System.NotSupportedException">
        <paramref name="attributes" /> is a combination of flags other than <see cref="F:System.Reflection.MethodAttributes.Public" /> and <see cref="F:System.Reflection.MethodAttributes.Static" />.  
  
 -or-  
  
 <paramref name="callingConvention" /> is not <see cref="F:System.Reflection.CallingConventions.Standard" />.  
  
 -or-  
  
 <paramref name="returnType" /> is a type for which <see cref="P:System.Type.IsByRef" /> returns <see langword="true" />.<para><paramref name="attributes" /> 是 <see cref="f:system.reflection.methodattributes.public" /> 和 <see cref="f:system.reflection.methodattributes.static" /> . -或- <paramref name="callingConvention" /> 不是 <see cref="F:System.Reflection.CallingConventions.Standard" />. -或- <paramref name="returnType" /> 是 <see cref="P:System.Type.IsByRef" /> 返回 <see langword="true" /> 的类型.</para></exception>
    </member>
    <member name="M:System.Reflection.Emit.DynamicMethod.#ctor(System.String,System.Type,System.Type[])">
      <summary>Initializes an anonymously hosted dynamic method, specifying the method name, return type, and parameter types.<para>初始化匿名承载的动态方法,指定方法名称、返回类型和参数类型.</para></summary>
      <param name="name">The name of the dynamic method. This can be a zero-length string, but it cannot be <see langword="null" />.<para>动态方法的名称.这可以是长度为零的字符串,但不能是 <see langword="null" />.</para></param>
      <param name="returnType">A <see cref="T:System.Type" /> object that specifies the return type of the dynamic method, or <see langword="null" /> if the method has no return type.<para>一个 <see cref="T:System.Type" /> 对象,它指定动态方法的返回类型,如果该方法没有返回类型,则为 <see langword="null" />.</para></param>
      <param name="parameterTypes">An array of <see cref="T:System.Type" /> objects specifying the types of the parameters of the dynamic method, or <see langword="null" /> if the method has no parameters.<para>一个 <see cref="T:System.Type" /> 对象的数组,指定动态方法的参数类型,如果该方法没有参数,则为 <see langword="null" />.</para></param>
      <exception cref="T:System.ArgumentException">An element of <paramref name="parameterTypes" /> is <see langword="null" /> or <see cref="T:System.Void" />.<para><paramref name="parameterTypes" /> 的元素是 <see langword="null" /> 或 <see cref="T:System.Void" />.</para></exception>
      <exception cref="T:System.ArgumentNullException">
        <paramref name="name" /> is <see langword="null" />.<para><paramref name="name" /> 是 <see langword="null" />.</para></exception>
      <exception cref="T:System.NotSupportedException">
        <paramref name="returnType" /> is a type for which <see cref="P:System.Type.IsByRef" /> returns <see langword="true" />.<para><paramref name="returnType" /> 是 <see cref="P:System.Type.IsByRef" /> 返回 <see langword="true" /> 的类型.</para></exception>
    </member>
    <member name="M:System.Reflection.Emit.DynamicMethod.#ctor(System.String,System.Type,System.Type[],System.Boolean)">
      <summary>Initializes an anonymously hosted dynamic method, specifying the method name, return type, parameter types, and whether just-in-time (JIT) visibility checks should be skipped for types and members accessed by the Microsoft intermediate language (MSIL) of the dynamic method.<para>初始化匿名承载的动态方法,指定方法名称、返回类型、参数类型,以及是否应跳过动态方法的microsoft中间语言 （msil） 访问的类型和成员的实时 （jit） 可见性检查.</para></summary>
      <param name="name">The name of the dynamic method. This can be a zero-length string, but it cannot be <see langword="null" />.<para>动态方法的名称.这可以是长度为零的字符串,但不能是 <see langword="null" />.</para></param>
      <param name="returnType">A <see cref="T:System.Type" /> object that specifies the return type of the dynamic method, or <see langword="null" /> if the method has no return type.<para>一个 <see cref="T:System.Type" /> 对象,它指定动态方法的返回类型,如果该方法没有返回类型,则为 <see langword="null" />.</para></param>
      <param name="parameterTypes">An array of <see cref="T:System.Type" /> objects specifying the types of the parameters of the dynamic method, or <see langword="null" /> if the method has no parameters.<para>一个 <see cref="T:System.Type" /> 对象的数组,指定动态方法的参数类型,如果该方法没有参数,则为 <see langword="null" />.</para></param>
      <param name="restrictedSkipVisibility">
        <see langword="true" /> to skip JIT visibility checks on types and members accessed by the MSIL of the dynamic method, with this restriction: the trust level of the assemblies that contain those types and members must be equal to or less than the trust level of the call stack that emits the dynamic method; otherwise, <see langword="false" />.<para><see langword="true" /> 跳过对动态方法的 msil 访问的类型和成员的 jit 可见性检查,但有以下限制:包含这些类型和成员的程序集的信任级别必须等于或小于发出动态方法的调用堆栈的信任级别;否则,<see langword="false" />.</para></param>
      <exception cref="T:System.ArgumentException">An element of <paramref name="parameterTypes" /> is <see langword="null" /> or <see cref="T:System.Void" />.<para><paramref name="parameterTypes" /> 的元素是 <see langword="null" /> 或 <see cref="T:System.Void" />.</para></exception>
      <exception cref="T:System.ArgumentNullException">
        <paramref name="name" /> is <see langword="null" />.<para><paramref name="name" /> 是 <see langword="null" />.</para></exception>
      <exception cref="T:System.NotSupportedException">
        <paramref name="returnType" /> is a type for which <see cref="P:System.Type.IsByRef" /> returns <see langword="true" />.<para><paramref name="returnType" /> 是 <see cref="P:System.Type.IsByRef" /> 返回 <see langword="true" /> 的类型.</para></exception>
    </member>
    <member name="M:System.Reflection.Emit.DynamicMethod.#ctor(System.String,System.Type,System.Type[],System.Reflection.Module)">
      <summary>Creates a dynamic method that is global to a module, specifying the method name, return type, parameter types, and module.<para>创建模块全局的动态方法,指定方法名称、返回类型、参数类型和模块.</para></summary>
      <param name="name">The name of the dynamic method. This can be a zero-length string, but it cannot be <see langword="null" />.<para>动态方法的名称.这可以是长度为零的字符串,但不能是 <see langword="null" />.</para></param>
      <param name="returnType">A <see cref="T:System.Type" /> object that specifies the return type of the dynamic method, or <see langword="null" /> if the method has no return type.<para>一个 <see cref="T:System.Type" /> 对象,它指定动态方法的返回类型,如果该方法没有返回类型,则为 <see langword="null" />.</para></param>
      <param name="parameterTypes">An array of <see cref="T:System.Type" /> objects specifying the types of the parameters of the dynamic method, or <see langword="null" /> if the method has no parameters.<para>一个 <see cref="T:System.Type" /> 对象的数组,指定动态方法的参数类型,如果该方法没有参数,则为 <see langword="null" />.</para></param>
      <param name="m">A <see cref="T:System.Reflection.Module" /> representing the module with which the dynamic method is to be logically associated.<para>一个 <see cref="T:System.Reflection.Module" />,表示要与动态方法逻辑关联的模块.</para></param>
      <exception cref="T:System.ArgumentException">An element of <paramref name="parameterTypes" /> is <see langword="null" /> or <see cref="T:System.Void" />.  
  
 -or-  
  
 <paramref name="m" /> is a module that provides anonymous hosting for dynamic methods.<para><paramref name="parameterTypes" /> 的元素是 <see langword="null" /> 或 <see cref="T:System.Void" />. -或- <paramref name="m" /> 是为动态方法提供匿名托管的模块.</para></exception>
      <exception cref="T:System.ArgumentNullException">
        <paramref name="name" /> is <see langword="null" />.  
  
 -or-  
  
 <paramref name="m" /> is <see langword="null" />.<para><paramref name="name" /> 是 <see langword="null" />. -或- <paramref name="m" /> 是 <see langword="null" />.</para></exception>
      <exception cref="T:System.NotSupportedException">
        <paramref name="returnType" /> is a type for which <see cref="P:System.Type.IsByRef" /> returns <see langword="true" />.<para><paramref name="returnType" /> 是 <see cref="P:System.Type.IsByRef" /> 返回 <see langword="true" /> 的类型.</para></exception>
    </member>
    <member name="M:System.Reflection.Emit.DynamicMethod.#ctor(System.String,System.Type,System.Type[],System.Reflection.Module,System.Boolean)">
      <summary>Creates a dynamic method that is global to a module, specifying the method name, return type, parameter types, module, and whether just-in-time (JIT) visibility checks should be skipped for types and members accessed by the Microsoft intermediate language (MSIL) of the dynamic method.<para>创建模块全局的动态方法,指定方法名称、返回类型、参数类型、模块,以及是否应跳过动态方法的microsoft中间语言 （msil） 访问的类型和成员的实时 （jit） 可见性检查.</para></summary>
      <param name="name">The name of the dynamic method. This can be a zero-length string, but it cannot be <see langword="null" />.<para>动态方法的名称.这可以是长度为零的字符串,但不能是 <see langword="null" />.</para></param>
      <param name="returnType">A <see cref="T:System.Type" /> object that specifies the return type of the dynamic method, or <see langword="null" /> if the method has no return type.<para>一个 <see cref="T:System.Type" /> 对象,它指定动态方法的返回类型,如果该方法没有返回类型,则为 <see langword="null" />.</para></param>
      <param name="parameterTypes">An array of <see cref="T:System.Type" /> objects specifying the types of the parameters of the dynamic method, or <see langword="null" /> if the method has no parameters.<para>一个 <see cref="T:System.Type" /> 对象的数组,指定动态方法的参数类型,如果该方法没有参数,则为 <see langword="null" />.</para></param>
      <param name="m">A <see cref="T:System.Reflection.Module" /> representing the module with which the dynamic method is to be logically associated.<para>一个 <see cref="T:System.Reflection.Module" />,表示要与动态方法逻辑关联的模块.</para></param>
      <param name="skipVisibility">
        <see langword="true" /> to skip JIT visibility checks on types and members accessed by the MSIL of the dynamic method.<para><see langword="true" /> 跳过对动态方法的 msil 访问的类型和成员的 jit 可见性检查.</para></param>
      <exception cref="T:System.ArgumentException">An element of <paramref name="parameterTypes" /> is <see langword="null" /> or <see cref="T:System.Void" />.  
  
 -or-  
  
 <paramref name="m" /> is a module that provides anonymous hosting for dynamic methods.<para><paramref name="parameterTypes" /> 的元素是 <see langword="null" /> 或 <see cref="T:System.Void" />. -或- <paramref name="m" /> 是为动态方法提供匿名托管的模块.</para></exception>
      <exception cref="T:System.ArgumentNullException">
        <paramref name="name" /> is <see langword="null" />.  
  
 -or-  
  
 <paramref name="m" /> is <see langword="null" />.<para><paramref name="name" /> 是 <see langword="null" />. -或- <paramref name="m" /> 是 <see langword="null" />.</para></exception>
      <exception cref="T:System.NotSupportedException">
        <paramref name="returnType" /> is a type for which <see cref="P:System.Type.IsByRef" /> returns <see langword="true" />.<para><paramref name="returnType" /> 是 <see cref="P:System.Type.IsByRef" /> 返回 <see langword="true" /> 的类型.</para></exception>
    </member>
    <member name="M:System.Reflection.Emit.DynamicMethod.#ctor(System.String,System.Type,System.Type[],System.Type)">
      <summary>Creates a dynamic method, specifying the method name, return type, parameter types, and the type with which the dynamic method is logically associated.<para>创建动态方法,指定方法名称、返回类型、参数类型以及与动态方法逻辑关联的类型.</para></summary>
      <param name="name">The name of the dynamic method. This can be a zero-length string, but it cannot be <see langword="null" />.<para>动态方法的名称.这可以是长度为零的字符串,但不能是 <see langword="null" />.</para></param>
      <param name="returnType">A <see cref="T:System.Type" /> object that specifies the return type of the dynamic method, or <see langword="null" /> if the method has no return type.<para>一个 <see cref="T:System.Type" /> 对象,它指定动态方法的返回类型,如果该方法没有返回类型,则为 <see langword="null" />.</para></param>
      <param name="parameterTypes">An array of <see cref="T:System.Type" /> objects specifying the types of the parameters of the dynamic method, or <see langword="null" /> if the method has no parameters.<para>一个 <see cref="T:System.Type" /> 对象的数组,指定动态方法的参数类型,如果该方法没有参数,则为 <see langword="null" />.</para></param>
      <param name="owner">A <see cref="T:System.Type" /> with which the dynamic method is logically associated. The dynamic method has access to all members of the type.<para>一个 <see cref="T:System.Type" />,动态方法与它逻辑关联.动态方法有权访问该类型的所有成员.</para></param>
      <exception cref="T:System.ArgumentException">An element of <paramref name="parameterTypes" /> is <see langword="null" /> or <see cref="T:System.Void" />.  
  
 -or-  
  
 <paramref name="owner" /> is an interface, an array, an open generic type, or a type parameter of a generic type or method.<para><paramref name="parameterTypes" /> 的元素是 <see langword="null" /> 或 <see cref="T:System.Void" />. -或- <paramref name="owner" /> 是接口、数组、开放泛型类型或泛型类型或方法的类型参数.</para></exception>
      <exception cref="T:System.ArgumentNullException">
        <paramref name="name" /> is <see langword="null" />.  
  
 -or-  
  
 <paramref name="owner" /> is <see langword="null" />.<para><paramref name="name" /> 是 <see langword="null" />. -或- <paramref name="owner" /> 是 <see langword="null" />.</para></exception>
      <exception cref="T:System.NotSupportedException">
        <paramref name="returnType" /> is <see langword="null" />, or is a type for which <see cref="P:System.Type.IsByRef" /> returns <see langword="true" />.<para><paramref name="returnType" /> 是 <see langword="null" />,或者是 <see cref="P:System.Type.IsByRef" /> 返回 <see langword="true" /> 的类型.</para></exception>
    </member>
    <member name="M:System.Reflection.Emit.DynamicMethod.#ctor(System.String,System.Type,System.Type[],System.Type,System.Boolean)">
      <summary>Creates a dynamic method, specifying the method name, return type, parameter types, the type with which the dynamic method is logically associated, and whether just-in-time (JIT) visibility checks should be skipped for types and members accessed by the Microsoft intermediate language (MSIL) of the dynamic method.<para>创建动态方法,指定方法名称、返回类型、参数类型、与动态方法逻辑关联的类型,以及是否应跳过动态方法的microsoft中间语言 （msil） 访问的类型和成员的实时 （jit） 可见性检查.</para></summary>
      <param name="name">The name of the dynamic method. This can be a zero-length string, but it cannot be <see langword="null" />.<para>动态方法的名称.这可以是长度为零的字符串,但不能是 <see langword="null" />.</para></param>
      <param name="returnType">A <see cref="T:System.Type" /> object that specifies the return type of the dynamic method, or <see langword="null" /> if the method has no return type.<para>一个 <see cref="T:System.Type" /> 对象,它指定动态方法的返回类型,如果该方法没有返回类型,则为 <see langword="null" />.</para></param>
      <param name="parameterTypes">An array of <see cref="T:System.Type" /> objects specifying the types of the parameters of the dynamic method, or <see langword="null" /> if the method has no parameters.<para>一个 <see cref="T:System.Type" /> 对象的数组,指定动态方法的参数类型,如果该方法没有参数,则为 <see langword="null" />.</para></param>
      <param name="owner">A <see cref="T:System.Type" /> with which the dynamic method is logically associated. The dynamic method has access to all members of the type.<para>一个 <see cref="T:System.Type" />,动态方法与它逻辑关联.动态方法有权访问该类型的所有成员.</para></param>
      <param name="skipVisibility">
        <see langword="true" /> to skip JIT visibility checks on types and members accessed by the MSIL of the dynamic method; otherwise, <see langword="false" />.<para><see langword="true" /> 跳过对动态方法的 msil 访问的类型和成员的 jit 可见性检查;否则,<see langword="false" />.</para></param>
      <exception cref="T:System.ArgumentException">An element of <paramref name="parameterTypes" /> is <see langword="null" /> or <see cref="T:System.Void" />.  
  
 -or-  
  
 <paramref name="owner" /> is an interface, an array, an open generic type, or a type parameter of a generic type or method.<para><paramref name="parameterTypes" /> 的元素是 <see langword="null" /> 或 <see cref="T:System.Void" />. -或- <paramref name="owner" /> 是接口、数组、开放泛型类型或泛型类型或方法的类型参数.</para></exception>
      <exception cref="T:System.ArgumentNullException">
        <paramref name="name" /> is <see langword="null" />.  
  
 -or-  
  
 <paramref name="owner" /> is <see langword="null" />.<para><paramref name="name" /> 是 <see langword="null" />. -或- <paramref name="owner" /> 是 <see langword="null" />.</para></exception>
      <exception cref="T:System.NotSupportedException">
        <paramref name="returnType" /> is <see langword="null" />, or is a type for which <see cref="P:System.Type.IsByRef" /> returns <see langword="true" />.<para><paramref name="returnType" /> 是 <see langword="null" />,或者是 <see cref="P:System.Type.IsByRef" /> 返回 <see langword="true" /> 的类型.</para></exception>
    </member>
    <member name="M:System.Reflection.Emit.DynamicMethod.CreateDelegate(System.Type)">
      <summary>Completes the dynamic method and creates a delegate that can be used to execute it.<para>完成动态方法并创建可用于执行它的委托.</para></summary>
      <param name="delegateType">A delegate type whose signature matches that of the dynamic method.<para>其签名与动态方法的签名匹配的委托类型.</para></param>
      <exception cref="T:System.InvalidOperationException">The dynamic method has no method body.<para>动态方法没有方法主体.</para></exception>
      <exception cref="T:System.ArgumentException">
        <paramref name="delegateType" /> has the wrong number of parameters or the wrong parameter types.<para><paramref name="delegateType" /> 具有错误的参数数量或错误的参数类型.</para></exception>
      <returns>A delegate of the specified type, which can be used to execute the dynamic method.<para>指定类型的委托,可用于执行动态方法.</para></returns>
    </member>
    <member name="M:System.Reflection.Emit.DynamicMethod.CreateDelegate(System.Type,System.Object)">
      <summary>Completes the dynamic method and creates a delegate that can be used to execute it, specifying the delegate type and an object the delegate is bound to.<para>完成动态方法并创建可用于执行它的委托,指定委托类型和委托绑定到的对象.</para></summary>
      <param name="delegateType">A delegate type whose signature matches that of the dynamic method, minus the first parameter.<para>签名与动态方法的签名匹配的委托类型,减去第一个参数.</para></param>
      <param name="target">An object the delegate is bound to. Must be of the same type as the first parameter of the dynamic method.<para>委托绑定到的对象.必须与动态方法的第一个参数的类型相同.</para></param>
      <exception cref="T:System.InvalidOperationException">The dynamic method has no method body.<para>动态方法没有方法主体.</para></exception>
      <exception cref="T:System.ArgumentException">
        <paramref name="target" /> is not the same type as the first parameter of the dynamic method, and is not assignable to that type.  
  
 -or-  
  
 <paramref name="delegateType" /> has the wrong number of parameters or the wrong parameter types.<para><paramref name="target" /> 与动态方法的第一个参数的类型不同,并且不可分配给该类型. -或- <paramref name="delegateType" /> 具有错误的参数数或错误的参数类型.</para></exception>
      <returns>A delegate of the specified type, which can be used to execute the dynamic method with the specified target object.<para>指定类型的委托,可用于对指定的目标对象执行动态方法.</para></returns>
    </member>
    <member name="M:System.Reflection.Emit.DynamicMethod.DefineParameter(System.Int32,System.Reflection.ParameterAttributes,System.String)">
      <summary>Defines a parameter of the dynamic method.<para>定义动态方法的参数.</para></summary>
      <param name="position">The position of the parameter in the parameter list. Parameters are indexed beginning with the number 1 for the first parameter.<para>参数在参数列表中的位置.参数的索引从第一个参数的数字 1 开始.</para></param>
      <param name="attributes">A bitwise combination of <see cref="T:System.Reflection.ParameterAttributes" /> values that specifies the attributes of the parameter.<para>的按位组合 <see cref="t:system.reflection.parameterattributes" /> 指定参数属性的值.</para></param>
      <param name="parameterName">The name of the parameter. The name can be a zero-length string.<para>参数的名称.名称可以是零长度字符串.</para></param>
      <exception cref="T:System.ArgumentOutOfRangeException">The method has no parameters.  
  
 -or-  
  
 <paramref name="position" /> is less than 0.  
  
 -or-  
  
 <paramref name="position" /> is greater than the number of the method's parameters.<para>该方法没有参数. -或- <paramref name="position" /> 小于 0. -或- <paramref name="position" /> 大于方法参数的数量.</para></exception>
      <returns>Always returns <see langword="null" />.<para>始终返回 <see langword="null" />.</para></returns>
    </member>
    <member name="M:System.Reflection.Emit.DynamicMethod.GetBaseDefinition">
      <summary>Returns the base implementation for the method.<para>返回方法的基本实现.</para></summary>
      <returns>The base implementation of the method.<para>方法的基本实现.</para></returns>
    </member>
    <member name="M:System.Reflection.Emit.DynamicMethod.GetCustomAttributes(System.Boolean)">
      <summary>Returns all the custom attributes defined for the method.<para>返回为该方法定义的所有自定义属性.</para></summary>
      <param name="inherit">
        <see langword="true" /> to search the method's inheritance chain to find the custom attributes; <see langword="false" /> to check only the current method.<para><see langword="true" /> 搜索方法的继承链以查找自定义属性;<see langword="false" /> 仅检查当前方法.</para></param>
      <returns>An array of objects representing all the custom attributes of the method.<para>表示方法的所有自定义属性的对象数组.</para></returns>
    </member>
    <member name="M:System.Reflection.Emit.DynamicMethod.GetCustomAttributes(System.Type,System.Boolean)">
      <summary>Returns the custom attributes of the specified type that have been applied to the method.<para>返回已应用于该方法的指定类型的自定义属性.</para></summary>
      <param name="attributeType">A <see cref="T:System.Type" /> representing the type of custom attribute to return.<para>一个 <see cref="T:System.Type" />,表示要返回的自定义属性的类型.</para></param>
      <param name="inherit">
        <see langword="true" /> to search the method's inheritance chain to find the custom attributes; <see langword="false" /> to check only the current method.<para><see langword="true" /> 搜索方法的继承链以查找自定义属性;<see langword="false" /> 仅检查当前方法.</para></param>
      <exception cref="T:System.ArgumentNullException">
        <paramref name="attributeType" /> is <see langword="null" />.<para><paramref name="attributeType" /> 是 <see langword="null" />.</para></exception>
      <returns>An array of objects representing the attributes of the method that are of type <paramref name="attributeType" /> or derive from type <paramref name="attributeType" />.<para>一个对象数组,表示方法的属性,这些属性的类型为 <paramref name="attributeType" /> 或派生自 <paramref name="attributeType" /> 类型.</para></returns>
    </member>
    <member name="M:System.Reflection.Emit.DynamicMethod.GetDynamicILInfo">
      <summary>Returns a <see cref="T:System.Reflection.Emit.DynamicILInfo" /> object that can be used to generate a method body from metadata tokens, scopes, and Microsoft intermediate language (MSIL) streams.<para>返回一个 <see cref="T:System.Reflection.Emit.DynamicILInfo" /> 对象,该对象可用于从元数据标记、作用域和microsoft中间语言 （msil） 流生成方法主体.</para></summary>
      <returns>A <see cref="T:System.Reflection.Emit.DynamicILInfo" /> object that can be used to generate a method body from metadata tokens, scopes, and MSIL streams.<para>一个 <see cref="T:System.Reflection.Emit.DynamicILInfo" /> 对象,可用于从元数据令牌、范围和 msil 流生成方法主体.</para></returns>
    </member>
    <member name="M:System.Reflection.Emit.DynamicMethod.GetILGenerator">
      <summary>Returns a Microsoft intermediate language (MSIL) generator for the method with a default MSIL stream size of 64 bytes.<para>返回默认 msil 流大小为 64 字节的方法的microsoft中间语言 （msil） 生成器.</para></summary>
      <returns>An <see cref="T:System.Reflection.Emit.ILGenerator" /> object for the method.<para>方法的 <see cref="T:System.Reflection.Emit.ILGenerator" /> 对象.</para></returns>
    </member>
    <member name="M:System.Reflection.Emit.DynamicMethod.GetILGenerator(System.Int32)">
      <summary>Returns a Microsoft intermediate language (MSIL) generator for the method with the specified MSIL stream size.<para>返回具有指定 msil 流大小的方法的microsoft中间语言 （msil） 生成器.</para></summary>
      <param name="streamSize">The size of the MSIL stream, in bytes.<para>msil 流的大小（以字节为单位）.</para></param>
      <returns>An <see cref="T:System.Reflection.Emit.ILGenerator" /> object for the method, with the specified MSIL stream size.<para>方法的 <see cref="T:System.Reflection.Emit.ILGenerator" /> 对象,具有指定的 msil 流大小.</para></returns>
    </member>
    <member name="M:System.Reflection.Emit.DynamicMethod.GetMethodImplementationFlags">
      <summary>Returns the implementation flags for the method.<para>返回方法的实现标志.</para></summary>
      <returns>A bitwise combination of <see cref="T:System.Reflection.MethodImplAttributes" /> values representing the implementation flags for the method.<para>的按位组合 <see cref="t:system.reflection.methodimplattributes" /> 表示方法的实现标志的值.</para></returns>
    </member>
    <member name="M:System.Reflection.Emit.DynamicMethod.GetParameters">
      <summary>Returns the parameters of the dynamic method.<para>返回动态方法的参数.</para></summary>
      <returns>An array of <see cref="T:System.Reflection.ParameterInfo" /> objects that represent the parameters of the dynamic method.<para>表示动态方法参数的 <see cref="T:System.Reflection.ParameterInfo" /> 对象的数组.</para></returns>
    </member>
    <member name="M:System.Reflection.Emit.DynamicMethod.Invoke(System.Object,System.Reflection.BindingFlags,System.Reflection.Binder,System.Object[],System.Globalization.CultureInfo)">
      <summary>Invokes the dynamic method using the specified parameters, under the constraints of the specified binder, with the specified culture information.<para>在指定的绑定程序的约束下,使用指定的参数和指定的区域性信息调用动态方法.</para></summary>
      <param name="obj">This parameter is ignored for dynamic methods, because they are static. Specify <see langword="null" />.<para>对于动态方法,将忽略此参数,因为它们是静态的.指定 <see langword="null" />.</para></param>
      <param name="invokeAttr">A bitwise combination of <see cref="T:System.Reflection.BindingFlags" /> values.<para><see cref="T:System.Reflection.BindingFlags" /> 值的按位组合.</para></param>
      <param name="binder">A <see cref="T:System.Reflection.Binder" /> object that enables the binding, coercion of argument types, invocation of members, and retrieval of <see cref="T:System.Reflection.MemberInfo" /> objects through reflection. If <paramref name="binder" /> is <see langword="null" />, the default binder is used. For more details, see <see cref="T:System.Reflection.Binder" />.<para>一个 <see cref="T:System.Reflection.Binder" /> 对象,它启用绑定、强制参数类型、调用成员以及通过反射检索 <see cref="T:System.Reflection.MemberInfo" /> 对象.如果 <paramref name="binder" /> 为 <see langword="null" />,则使用默认绑定程序.有关更多详细信息,请参阅 <see cref="T:System.Reflection.Binder" />.</para></param>
      <param name="parameters">An argument list. This is an array of arguments with the same number, order, and type as the parameters of the method to be invoked. If there are no parameters this parameter should be <see langword="null" />.<para>参数列表.这是一个参数数组,其数量、顺序和类型与要调用的方法的参数相同.如果没有参数,此参数应为 <see langword="null" />.</para></param>
      <param name="culture">An instance of <see cref="T:System.Globalization.CultureInfo" /> used to govern the coercion of types. If this is <see langword="null" />, the <see cref="T:System.Globalization.CultureInfo" /> for the current thread is used. For example, this information is needed to correctly convert a <see cref="T:System.String" /> that represents 1000 to a <see cref="T:System.Double" /> value, because 1000 is represented differently by different cultures.<para>用于控制类型强制的 <see cref="T:System.Globalization.CultureInfo" /> 实例.如果这是 <see langword="null" />,则使用当前线程的 <see cref="T:System.Globalization.CultureInfo" />.例如,需要此信息才能将表示 1000 的 <see cref="T:System.String" /> 正确转换为 <see cref="T:System.Double" /> 值,因为不同的区域性以不同的方式表示 1000.</para></param>
      <exception cref="T:System.NotSupportedException">The <see cref="F:System.Reflection.CallingConventions.VarArgs" /> calling convention is not supported.<para>这 <see cref="f:system.reflection.callingtconvention.varargs" /> 不支持调用约定.</para></exception>
      <exception cref="T:System.Reflection.TargetParameterCountException">The number of elements in <paramref name="parameters" /> does not match the number of parameters in the dynamic method.<para><paramref name="parameters" /> 中的元素数与动态方法中的参数数不匹配.</para></exception>
      <exception cref="T:System.ArgumentException">The type of one or more elements of <paramref name="parameters" /> does not match the type of the corresponding parameter of the dynamic method.<para><paramref name="parameters" /> 的一个或多个元素的类型与动态方法的相应参数的类型不匹配.</para></exception>
      <exception cref="T:System.Reflection.TargetInvocationException">The dynamic method is associated with a module, is not anonymously hosted, and was constructed with <paramref name="skipVisibility" /> set to <see langword="false" />, but the dynamic method accesses members that are not <see langword="public" /> or <see langword="internal" /> (<see langword="Friend" /> in Visual Basic).  
  
 -or-  
  
 The dynamic method is anonymously hosted and was constructed with <paramref name="skipVisibility" /> set to <see langword="false" />, but it accesses members that are not <see langword="public" />.  
  
 -or-  
  
 The dynamic method contains unverifiable code. See the "Verification" section in Remarks for <see cref="T:System.Reflection.Emit.DynamicMethod" />.<para>动态方法与模块相关联,不是匿名承载的,并且是在将 <paramref name="skipVisibility" /> 设置为 <see langword="false" /> 的情况下构造的,但动态方法访问不是 <see langword="public" /> 或 <see langword="internal" /> 的成员（在 visual basic 中为 <see langword="Friend" />）. -或- 动态方法是匿名托管的,并且是在将 <paramref name="skipVisibility" /> 设置为 <see langword="false" /> 的情况下构造的,但它访问不是 <see langword="public" /> 的成员. -或- 动态方法包含无法验证的代码.请参阅 <see cref="T:System.Reflection.Emit.DynamicMethod" /> 备注中的"验证"部分.</para></exception>
      <returns>A <see cref="T:System.Object" /> containing the return value of the invoked method.<para>一个 <see cref="T:System.Object" />,包含调用方法的返回值.</para></returns>
    </member>
    <member name="M:System.Reflection.Emit.DynamicMethod.IsDefined(System.Type,System.Boolean)">
      <summary>Indicates whether the specified custom attribute type is defined.<para>指示是否定义了指定的自定义属性类型.</para></summary>
      <param name="attributeType">A <see cref="T:System.Type" /> representing the type of custom attribute to search for.<para>一个 <see cref="T:System.Type" />,表示要搜索的自定义属性的类型.</para></param>
      <param name="inherit">
        <see langword="true" /> to search the method's inheritance chain to find the custom attributes; <see langword="false" /> to check only the current method.<para><see langword="true" /> 搜索方法的继承链以查找自定义属性;<see langword="false" /> 仅检查当前方法.</para></param>
      <returns>
        <see langword="true" /> if the specified custom attribute type is defined; otherwise, <see langword="false" />.<para><see langword="true" /> 如果定义了指定的自定义属性类型;否则,<see langword="false" />.</para></returns>
    </member>
    <member name="M:System.Reflection.Emit.DynamicMethod.ToString">
      <summary>Returns the signature of the method, represented as a string.<para>返回方法的签名,表示为字符串.</para></summary>
      <returns>A string representing the method signature.<para>表示方法签名的字符串.</para></returns>
    </member>
    <member name="P:System.Reflection.Emit.DynamicMethod.Attributes">
      <summary>Gets the attributes specified when the dynamic method was created.<para>获取创建动态方法时指定的属性.</para></summary>
      <returns>A bitwise combination of the <see cref="T:System.Reflection.MethodAttributes" /> values representing the attributes for the method.<para>的按位组合 <see cref="t:system.reflection.methodattributes" /> 表示方法属性的值.</para></returns>
    </member>
    <member name="P:System.Reflection.Emit.DynamicMethod.CallingConvention">
      <summary>Gets the calling convention specified when the dynamic method was created.<para>获取创建动态方法时指定的调用约定.</para></summary>
      <returns>One of the <see cref="T:System.Reflection.CallingConventions" /> values that indicates the calling convention of the method.<para>指示方法调用约定的 <see cref="T:System.Reflection.CallingConventions" /> 值之一.</para></returns>
    </member>
    <member name="P:System.Reflection.Emit.DynamicMethod.DeclaringType">
      <summary>Gets the type that declares the method, which is always <see langword="null" /> for dynamic methods.<para>获取声明方法的类型,对于动态方法,该类型始终为 <see langword="null" />.</para></summary>
      <returns>Always <see langword="null" />.<para>始终 <see langword="null" />.</para></returns>
    </member>
    <member name="P:System.Reflection.Emit.DynamicMethod.InitLocals">
      <summary>Gets or sets a value indicating whether the local variables in the method are zero-initialized.<para>获取或设置一个值,该值指示方法中的局部变量是否为零初始化.</para></summary>
      <returns>
        <see langword="true" /> if the local variables in the method are zero-initialized; otherwise, <see langword="false" />. The default is <see langword="true" />.<para><see langword="true" /> 如果方法中的局部变量为零初始化;否则,<see langword="false" />.默认值为 <see langword="true" />.</para></returns>
    </member>
    <member name="P:System.Reflection.Emit.DynamicMethod.IsSecurityCritical">
      <summary>Gets a value that indicates whether the current dynamic method is security-critical or security-safe-critical, and therefore can perform critical operations.<para>获取一个值,该值指示当前动态方法是安全关键还是安全安全关键,因此可以执行关键操作.</para></summary>
      <exception cref="T:System.InvalidOperationException">The dynamic method doesn't have a method body.<para>动态方法没有方法主体.</para></exception>
      <returns>
        <see langword="true" /> if the current dynamic method is security-critical or security-safe-critical; <see langword="false" /> if it is transparent.<para><see langword="true" /> 如果当前动态方法是安全关键或安全安全关键;<see langword="false" />,如果它是透明的.</para></returns>
    </member>
    <member name="P:System.Reflection.Emit.DynamicMethod.IsSecuritySafeCritical">
      <summary>Gets a value that indicates whether the current dynamic method is security-safe-critical at the current trust level; that is, whether it can perform critical operations and can be accessed by transparent code.<para>获取一个值,该值指示当前动态方法在当前信任级别是否具有安全安全关键性;即它是否可以执行关键操作,是否可以通过透明代码访问.</para></summary>
      <exception cref="T:System.InvalidOperationException">The dynamic method doesn't have a method body.<para>动态方法没有方法主体.</para></exception>
      <returns>
        <see langword="true" /> if the dynamic method is security-safe-critical at the current trust level; <see langword="false" /> if it is security-critical or transparent.<para><see langword="true" /> 如果动态方法在当前信任级别是安全安全关键;<see langword="false" />,如果它是安全关键或透明的.</para></returns>
    </member>
    <member name="P:System.Reflection.Emit.DynamicMethod.IsSecurityTransparent">
      <summary>Gets a value that indicates whether the current dynamic method is transparent at the current trust level, and therefore cannot perform critical operations.<para>获取一个值,该值指示当前动态方法在当前信任级别是否透明,因此无法执行关键操作.</para></summary>
      <exception cref="T:System.InvalidOperationException">The dynamic method doesn't have a method body.<para>动态方法没有方法主体.</para></exception>
      <returns>
        <see langword="true" /> if the dynamic method is security-transparent at the current trust level; otherwise, <see langword="false" />.<para><see langword="true" /> 如果动态方法在当前信任级别是安全的;否则,<see langword="false" />.</para></returns>
    </member>
    <member name="P:System.Reflection.Emit.DynamicMethod.MethodHandle">
      <summary>Not supported for dynamic methods.<para>不支持动态方法.</para></summary>
      <exception cref="T:System.InvalidOperationException">Not allowed for dynamic methods.<para>不允许动态方法.</para></exception>
      <returns>Not supported for dynamic methods.<para>不支持动态方法.</para></returns>
    </member>
    <member name="P:System.Reflection.Emit.DynamicMethod.Module">
      <summary>Gets the module with which the dynamic method is logically associated.<para>获取与动态方法逻辑关联的模块.</para></summary>
      <returns>The <see cref="T:System.Reflection.Module" /> with which the current dynamic method is associated.<para>与当前动态方法关联的 <see cref="T:System.Reflection.Module" />.</para></returns>
    </member>
    <member name="P:System.Reflection.Emit.DynamicMethod.Name">
      <summary>Gets the name of the dynamic method.<para>获取动态方法的名称.</para></summary>
      <returns>The simple name of the method.<para>方法的简单名称.</para></returns>
    </member>
    <member name="P:System.Reflection.Emit.DynamicMethod.ReflectedType">
      <summary>Gets the class that was used in reflection to obtain the method.<para>获取用于反射以获取方法的类.</para></summary>
      <returns>Always <see langword="null" />.<para>始终 <see langword="null" />.</para></returns>
    </member>
    <member name="P:System.Reflection.Emit.DynamicMethod.ReturnParameter">
      <summary>Gets the return parameter of the dynamic method.<para>获取动态方法的返回参数.</para></summary>
      <returns>Always <see langword="null" />.<para>始终 <see langword="null" />.</para></returns>
    </member>
    <member name="P:System.Reflection.Emit.DynamicMethod.ReturnType">
      <summary>Gets the type of return value for the dynamic method.<para>获取动态方法的返回值的类型.</para></summary>
      <returns>A <see cref="T:System.Type" /> representing the type of the return value of the current method; <see cref="T:System.Void" /> if the method has no return type.<para>a <see cref="T:System.Type" /> 表示当前方法的返回值的类型;<see cref="T:System.Void" /> 如果该方法没有返回类型.</para></returns>
    </member>
    <member name="P:System.Reflection.Emit.DynamicMethod.ReturnTypeCustomAttributes">
      <summary>Gets the custom attributes of the return type for the dynamic method.<para>获取动态方法的返回类型的自定义属性.</para></summary>
      <returns>An <see cref="T:System.Reflection.ICustomAttributeProvider" /> representing the custom attributes of the return type for the dynamic method.<para>一 <see cref="t:system.reflection.icustomattributeprovider" /> 表示动态方法的返回类型的自定义属性.</para></returns>
    </member>
  </members>
</doc>