﻿<?xml version="1.0" encoding="utf-8"?>
<doc>
  <assembly>
    <name>System.IO.Compression.Brotli</name>
  </assembly>
  <members>
    <member name="T:System.IO.Compression.BrotliDecoder">
      <summary>Provides non-allocating, performant Brotli decompression methods. The methods decompress in a single pass without using a <see cref="T:System.IO.Compression.BrotliStream" /> instance.<para>提供非分配、高性能的 brotli 解压缩方法.这些方法在单次传递中解压缩,而无需使用 <see cref="T:System.IO.Compression.BrotliStream" /> 实例.</para></summary>
    </member>
    <member name="M:System.IO.Compression.BrotliDecoder.Decompress(System.ReadOnlySpan{System.Byte},System.Span{System.Byte},System.Int32@,System.Int32@)">
      <summary>Decompresses data that was compressed using the Brotli algorithm.<para>解压缩使用 brotli 算法压缩的数据.</para></summary>
      <param name="source">A buffer containing the compressed data.<para>包含压缩数据的缓冲区.</para></param>
      <param name="destination">When this method returns, a byte span containing the decompressed data.<para>此方法返回时,包含解压缩数据的字节跨度.</para></param>
      <param name="bytesConsumed">The total number of bytes that were read from <paramref name="source" />.<para>从 <paramref name="source" /> 读取的总字节数.</para></param>
      <param name="bytesWritten">The total number of bytes that were written in the <paramref name="destination" />.<para>写入 <paramref name="destination" /> 的总字节数.</para></param>
      <returns>One of the enumeration values that indicates the status of the decompression operation.<para>指示解压缩操作状态的枚举值之一.</para></returns>
    </member>
    <member name="M:System.IO.Compression.BrotliDecoder.Dispose">
      <summary>Releases all resources used by the current Brotli decoder instance.<para>释放当前 brotli 解码器实例使用的所有资源.</para></summary>
    </member>
    <member name="M:System.IO.Compression.BrotliDecoder.TryDecompress(System.ReadOnlySpan{System.Byte},System.Span{System.Byte},System.Int32@)">
      <summary>Attempts to decompress data that was compressed with the Brotli algorithm.<para>尝试解压缩使用 brotli 算法压缩的数据.</para></summary>
      <param name="source">A buffer containing the compressed data.<para>包含压缩数据的缓冲区.</para></param>
      <param name="destination">When this method returns, a byte span containing the decompressed data.<para>此方法返回时,包含解压缩数据的字节跨度.</para></param>
      <param name="bytesWritten">The total number of bytes that were written in the <paramref name="destination" />.<para>写入 <paramref name="destination" /> 的总字节数.</para></param>
      <returns>
        <see langword="true" /> on success; <see langword="false" /> otherwise.<para><see langword="true" /> 关于成功;<see langword="false" /> 否则.</para></returns>
    </member>
    <member name="T:System.IO.Compression.BrotliEncoder">
      <summary>Provides methods and static methods to encode and decode data in a streamless, non-allocating, and performant manner using the Brotli data format specification.<para>提供方法 和静态方法,以使用 brotli 数据格式规范以无流、非分配和高性能的方式对数据进行编码和解码.</para></summary>
    </member>
    <member name="M:System.IO.Compression.BrotliEncoder.#ctor(System.Int32,System.Int32)">
      <summary>Initializes a new instance of the <see cref="T:System.IO.Compression.BrotliEncoder" /> structure using the specified quality and window.<para>使用指定的质量和窗口初始化 <see cref="T:System.IO.Compression.BrotliEncoder" /> 结构的新实例.</para></summary>
      <param name="quality">A number representing quality of the Brotli compression. 0 is the minimum (no compression), 11 is the maximum.<para>代表布罗特利压缩质量的数字.0 是最小值（无压缩）,11 是最大值.</para></param>
      <param name="window">A number representing the encoder window bits. The minimum value is 10, and the maximum value is 24.<para>表示编码器窗口位的数字.最小值为 10,最大值为 24.</para></param>
      <exception cref="T:System.ArgumentOutOfRangeException">
        <paramref name="quality" /> is not between the minimum value of 0 and the maximum value of 11.
            -or-
            <paramref name="window" /> is not between the minimum value of 10 and the maximum value of 24.<para><paramref name="quality" /> 不在最小值 0 和最大值 11 之间. -或- <paramref name="window" /> 不在最小值 10 和最大值 24 之间.</para></exception>
      <exception cref="T:System.IO.IOException">Failed to create the <see cref="T:System.IO.Compression.BrotliEncoder" /> instance.<para>无法创建 <see cref="T:System.IO.Compression.BrotliEncoder" /> 实例.</para></exception>
    </member>
    <member name="M:System.IO.Compression.BrotliEncoder.Compress(System.ReadOnlySpan{System.Byte},System.Span{System.Byte},System.Int32@,System.Int32@,System.Boolean)">
      <summary>Compresses a read-only byte span into a destination span.<para>将只读字节范围压缩为目标范围.</para></summary>
      <param name="source">A read-only span of bytes containing the source data to compress.<para>包含要压缩的源数据的只读字节范围.</para></param>
      <param name="destination">When this method returns, a byte span where the compressed is stored.<para>此方法返回时,存储压缩的字节跨度.</para></param>
      <param name="bytesConsumed">When this method returns, the total number of bytes that were read from <paramref name="source" />.<para>此方法返回时,从 <paramref name="source" /> 读取的总字节数.</para></param>
      <param name="bytesWritten">When this method returns, the total number of bytes that were written to <paramref name="destination" />.<para>此方法返回时,写入 <paramref name="destination" /> 的总字节数.</para></param>
      <param name="isFinalBlock">
        <see langword="true" /> to finalize the internal stream, which prevents adding more input data when this method returns; <see langword="false" /> to allow the encoder to postpone the production of output until it has processed enough input.<para><see langword="true" /> 完成内部流,这会阻止在此方法返回时添加更多输入数据;<see langword="false" /> 以允许编码器推迟输出的生成,直到它处理了足够的输入.</para></param>
      <returns>One of the enumeration values that describes the status with which the span-based operation finished.<para>描述基于 span 的操作完成的状态的枚举值之一.</para></returns>
    </member>
    <member name="M:System.IO.Compression.BrotliEncoder.Dispose">
      <summary>Frees and disposes unmanaged resources.<para>释放和释放非托管资源.</para></summary>
    </member>
    <member name="M:System.IO.Compression.BrotliEncoder.Flush(System.Span{System.Byte},System.Int32@)">
      <summary>Compresses an empty read-only span of bytes into its destination, which ensures that output is produced for all the processed input. An actual flush is performed when the source is depleted and there is enough space in the destination for the remaining data.<para>将空的只读字节范围压缩到其目标中,从而确保为所有已处理的输入生成输出.当源耗尽且目标中有足够的空间用于剩余数据时,将执行实际刷新.</para></summary>
      <param name="destination">When this method returns, a span of bytes where the compressed data will be stored.<para>此方法返回时,将存储压缩数据的字节范围.</para></param>
      <param name="bytesWritten">When this method returns, the total number of bytes that were written to <paramref name="destination" />.<para>此方法返回时,写入 <paramref name="destination" /> 的总字节数.</para></param>
      <returns>One of the enumeration values that describes the status with which the operation finished.<para>描述操作完成状态的枚举值之一.</para></returns>
    </member>
    <member name="M:System.IO.Compression.BrotliEncoder.GetMaxCompressedLength(System.Int32)">
      <summary>Gets the maximum expected compressed length for the provided input size.<para>获取所提供输入大小的最大预期压缩长度.</para></summary>
      <param name="inputSize">The input size to get the maximum expected compressed length from. Must be greater or equal than 0 and less or equal than <see cref="F:System.Int32.MaxValue">Int32.MaxValue</see> - 515.<para>要从中获取最大预期压缩长度的输入大小.必须大于或等于 0 且小于或等于 <see cref="F:System.Int32.MaxValue">Int32.MaxValue</see> - 515.</para></param>
      <exception cref="T:System.ArgumentOutOfRangeException">
        <paramref name="inputSize" /> is less than 0, the minimum allowed input size, or greater than <see cref="F:System.Int32.MaxValue">Int32.MaxValue</see> - 515, the maximum allowed input size.<para><paramref name="inputSize" /> 小于 0（允许的最小输入大小）或大于 <see cref="F:System.Int32.MaxValue">Int32.MaxValue</see> - 515（允许的最大输入大小）.</para></exception>
      <returns>A number representing the maximum compressed length for the provided input size.<para>一个数字,表示所提供输入大小的最大压缩长度.</para></returns>
    </member>
    <member name="M:System.IO.Compression.BrotliEncoder.TryCompress(System.ReadOnlySpan{System.Byte},System.Span{System.Byte},System.Int32@)">
      <summary>Tries to compress a source byte span into a destination span.<para>尝试将源字节范围压缩为目标范围.</para></summary>
      <param name="source">A read-only span of bytes containing the source data to compress.<para>包含要压缩的源数据的只读字节范围.</para></param>
      <param name="destination">When this method returns, a span of bytes where the compressed data is stored.<para>此方法返回时,存储压缩数据的字节范围.</para></param>
      <param name="bytesWritten">When this method returns, the total number of bytes that were written to <paramref name="destination" />.<para>此方法返回时,写入 <paramref name="destination" /> 的总字节数.</para></param>
      <returns>
        <see langword="true" /> if the compression operation was successful; <see langword="false" /> otherwise.<para><see langword="true" /> 如果压缩操作成功;<see langword="false" /> 否则.</para></returns>
    </member>
    <member name="M:System.IO.Compression.BrotliEncoder.TryCompress(System.ReadOnlySpan{System.Byte},System.Span{System.Byte},System.Int32@,System.Int32,System.Int32)">
      <summary>Tries to compress a source byte span into a destination byte span, using the provided compression quality leven and encoder window bits.<para>尝试使用提供的压缩质量 leven 和编码器窗口位将源字节范围压缩为目标字节范围.</para></summary>
      <param name="source">A read-only span of bytes containing the source data to compress.<para>包含要压缩的源数据的只读字节范围.</para></param>
      <param name="destination">When this method returns, a span of bytes where the compressed data is stored.<para>此方法返回时,存储压缩数据的字节范围.</para></param>
      <param name="bytesWritten">When this method returns, the total number of bytes that were written to <paramref name="destination" />.<para>此方法返回时,写入 <paramref name="destination" /> 的总字节数.</para></param>
      <param name="quality">A number representing quality of the Brotli compression. 0 is the minimum (no compression), 11 is the maximum.<para>一个数字,表示 brotli 压缩的质量.0 是最小值（无压缩）,11 是最大值.</para></param>
      <param name="window">A number representing the encoder window bits. The minimum value is 10, and the maximum value is 24.<para>表示编码器窗口位的数字.最小值为 10,最大值为 24.</para></param>
      <returns>
        <see langword="true" /> if the compression operation was successful; <see langword="false" /> otherwise.<para><see langword="true" /> 如果压缩操作成功;<see langword="false" /> 否则.</para></returns>
    </member>
    <member name="T:System.IO.Compression.BrotliStream">
      <summary>Provides methods and properties used to compress and decompress streams by using the Brotli data format specification.<para>提供用于使用 brotli 数据格式规范压缩和解压缩流的方法和属性.</para></summary>
    </member>
    <member name="M:System.IO.Compression.BrotliStream.#ctor(System.IO.Stream,System.IO.Compression.CompressionLevel)">
      <summary>Initializes a new instance of the <see cref="T:System.IO.Compression.BrotliStream" /> class by using the specified stream and compression level.<para>使用指定的流和压缩级别初始化 <see cref="T:System.IO.Compression.BrotliStream" /> 类的新实例.</para></summary>
      <param name="stream">The stream to which compressed data is written.<para>写入压缩数据的流.</para></param>
      <param name="compressionLevel">One of the enumeration values that indicates whether to emphasize speed or compression efficiency when compressing data to the stream.<para>指示在将数据压缩到流时是强调速度还是压缩效率的枚举值之一.</para></param>
    </member>
    <member name="M:System.IO.Compression.BrotliStream.#ctor(System.IO.Stream,System.IO.Compression.CompressionLevel,System.Boolean)">
      <summary>Initializes a new instance of the <see cref="T:System.IO.Compression.BrotliStream" /> class by using the specified stream and compression level, and optionally leaves the stream open.<para>使用指定的流和压缩级别初始化 <see cref="T:System.IO.Compression.BrotliStream" /> 类的新实例,并选择性地使流保持打开状态.</para></summary>
      <param name="stream">The stream to which compressed data is written.<para>写入压缩数据的流.</para></param>
      <param name="compressionLevel">One of the enumeration values that indicates whether to emphasize speed or compression efficiency when compressing data to the stream.<para>指示在将数据压缩到流时是强调速度还是压缩效率的枚举值之一.</para></param>
      <param name="leaveOpen">
        <see langword="true" /> to leave the stream open after disposing the <see cref="T:System.IO.Compression.BrotliStream" /> object; otherwise, <see langword="false" />.<para><see langword="true" /> 在释放 <see cref="T:System.IO.Compression.BrotliStream" /> 对象后使流保持打开状态;否则,<see langword="false" />.</para></param>
    </member>
    <member name="M:System.IO.Compression.BrotliStream.#ctor(System.IO.Stream,System.IO.Compression.CompressionMode)">
      <summary>Initializes a new instance of the <see cref="T:System.IO.Compression.BrotliStream" /> class by using the specified stream and compression mode.<para>使用指定的流和压缩模式初始化 <see cref="T:System.IO.Compression.BrotliStream" /> 类的新实例.</para></summary>
      <param name="stream">The stream to which compressed data is written or from which data to decompress is read.<para>写入压缩数据或从中读取要解压缩的数据的流.</para></param>
      <param name="mode">One of the enumeration values that indicates whether to compress data to the stream or decompress data from the stream.<para>指示是将数据压缩到流还是从流中解压缩数据的枚举值之一.</para></param>
    </member>
    <member name="M:System.IO.Compression.BrotliStream.#ctor(System.IO.Stream,System.IO.Compression.CompressionMode,System.Boolean)">
      <summary>Initializes a new instance of the <see cref="T:System.IO.Compression.BrotliStream" /> class by using the specified stream and compression mode, and optionally leaves the stream open.<para>使用指定的流和压缩模式初始化 <see cref="T:System.IO.Compression.BrotliStream" /> 类的新实例,并选择性地使流保持打开状态.</para></summary>
      <param name="stream">The stream to which compressed data is written or from which data to decompress is read.<para>写入压缩数据或从中读取要解压缩的数据的流.</para></param>
      <param name="mode">One of the enumeration values that indicates whether to compress data to the stream or decompress data from the stream.<para>指示是将数据压缩到流还是从流中解压缩数据的枚举值之一.</para></param>
      <param name="leaveOpen">
        <see langword="true" /> to leave the stream open after the <see cref="T:System.IO.Compression.BrotliStream" /> object is disposed; otherwise, <see langword="false" />.<para><see langword="true" /> 在释放 <see cref="T:System.IO.Compression.BrotliStream" /> 对象后使流保持打开状态;否则,<see langword="false" />.</para></param>
    </member>
    <member name="M:System.IO.Compression.BrotliStream.BeginRead(System.Byte[],System.Int32,System.Int32,System.AsyncCallback,System.Object)">
      <summary>Begins an asynchronous read operation. (Consider using the <see cref="M:System.IO.Stream.ReadAsync(System.Byte[],System.Int32,System.Int32)" /> method instead.)<para>开始异步读取操作.（考虑使用 <see cref="m:system.io.stream.readasync（system.byte[],system.int32,system.int32）" /> 方法代替.</para></summary>
      <param name="buffer">The buffer from which data will be read.<para>将从中读取数据的缓冲区.</para></param>
      <param name="offset">The byte offset in <paramref name="buffer" /> at which to begin reading data from the stream.<para><paramref name="buffer" /> 中的字节偏移量,从该位置开始从流中读取数据.</para></param>
      <param name="count">To maximum number of bytes to read.<para>要读取的最大字节数.</para></param>
      <param name="asyncCallback">An optional asynchronous callback, to be called when the read operation is complete.<para>可选的异步回调,在读取操作完成时调用.</para></param>
      <param name="asyncState">A user-provided object that distinguishes this particular asynchronous read request from other requests.<para>用户提供的对象,用于将此特定的异步读取请求与其他请求区分开来.</para></param>
      <exception cref="T:System.IO.IOException">The method tried to read asynchronously past the end of the stream, or a disk error occurred.<para>该方法尝试异步读取流的末尾,或者发生磁盘错误.</para></exception>
      <exception cref="T:System.ArgumentException">One or more of the arguments is invalid.<para>一个或多个参数无效.</para></exception>
      <exception cref="T:System.ObjectDisposedException">Methods were called after the stream was closed.<para>方法在流关闭后调用.</para></exception>
      <exception cref="T:System.NotSupportedException">The current <see cref="T:System.IO.Compression.BrotliStream" /> implementation does not support the read operation.<para>当前 <see cref="T:System.IO.Compression.BrotliStream" /> 实现不支持读取操作.</para></exception>
      <exception cref="T:System.InvalidOperationException">This call cannot be completed.<para>无法完成此调用.</para></exception>
      <returns>An object that represents the asynchronous read operation, which could still be pending.<para>表示异步读取操作的对象,该操作可能仍处于挂起状态.</para></returns>
    </member>
    <member name="M:System.IO.Compression.BrotliStream.BeginWrite(System.Byte[],System.Int32,System.Int32,System.AsyncCallback,System.Object)">
      <summary>Begins an asynchronous write operation. (Consider using the <see cref="M:System.IO.Stream.WriteAsync(System.Byte[],System.Int32,System.Int32)" /> method instead.)<para>开始异步写入操作.（考虑使用 <see cref="m:system.io.stream.writeasync（system.byte[],system.int32,system.int32）" /> 方法代替.</para></summary>
      <param name="buffer">The buffer from which data will be written.<para>将从中写入数据的缓冲区.</para></param>
      <param name="offset">The byte offset in <paramref name="buffer" /> at which to begin writing data from the stream.<para><paramref name="buffer" /> 中的字节偏移量,从流开始写入数据.</para></param>
      <param name="count">The maximum number of bytes to write.<para>要写入的最大字节数.</para></param>
      <param name="asyncCallback">An optional asynchronous callback, to be called when the write operation is complete.<para>一个可选的异步回调,在写入操作完成时调用.</para></param>
      <param name="asyncState">A user-provided object that distinguishes this particular asynchronous write request from other requests.<para>用户提供的对象,用于将此特定的异步写入请求与其他请求区分开来.</para></param>
      <exception cref="T:System.IO.IOException">The method tried to write asynchronously past the end of the stream, or a disk error occurred.<para>该方法尝试异步写入流的末尾,或者发生磁盘错误.</para></exception>
      <exception cref="T:System.ArgumentException">One or more of the arguments is invalid.<para>一个或多个参数无效.</para></exception>
      <exception cref="T:System.ObjectDisposedException">Methods were called after the stream was closed.<para>方法在流关闭后调用.</para></exception>
      <exception cref="T:System.NotSupportedException">The current <see cref="T:System.IO.Compression.BrotliStream" /> implementation does not support the write operation.<para>当前 <see cref="T:System.IO.Compression.BrotliStream" /> 实现不支持写入操作.</para></exception>
      <exception cref="T:System.InvalidOperationException">The write operation cannot be performed because the stream is closed.<para>无法执行写入操作,因为流已关闭.</para></exception>
      <returns>An object that represents the asynchronous write operation, which could still be pending.<para>表示异步写入操作的对象,该操作可能仍处于挂起状态.</para></returns>
    </member>
    <member name="M:System.IO.Compression.BrotliStream.DisposeAsync">
      <summary>Asynchronously releases the unmanaged resources used by the <see cref="T:System.IO.Compression.BrotliStream" />.<para>异步释放 <see cref="T:System.IO.Compression.BrotliStream" /> 使用的非托管资源.</para></summary>
      <returns>A task that represents the asynchronous dispose operation.<para>表示异步释放操作的任务.</para></returns>
    </member>
    <member name="M:System.IO.Compression.BrotliStream.EndRead(System.IAsyncResult)">
      <summary>Waits for the pending asynchronous read to complete. (Consider using the <see cref="M:System.IO.Stream.ReadAsync(System.Byte[],System.Int32,System.Int32)" /> method instead.)<para>等待挂起的异步读取完成.（考虑使用 <see cref="m:system.io.stream.readasync（system.byte[],system.int32,system.int32）" /> 方法代替.</para></summary>
      <param name="asyncResult">The reference to the pending asynchronous request to finish.<para>对要完成的挂起异步请求的引用.</para></param>
      <exception cref="T:System.ArgumentNullException">
        <paramref name="asyncResult" /> is <see langword="null" />.<para><paramref name="asyncResult" /> 是 <see langword="null" />.</para></exception>
      <exception cref="T:System.ArgumentException">
        <paramref name="asyncResult" /> did not originate from a <see cref="M:System.IO.Compression.BrotliStream.BeginRead(System.Byte[],System.Int32,System.Int32,System.AsyncCallback,System.Object)" /> method on the current stream.<para><paramref name="asyncResult" /> 并非源自 <see cref="m:system.io.compression.brotlistream.beginread（system.byte[],system.int32,system.int32,system.asynccallback,system.object）" /> 当前流上的方法.</para></exception>
      <exception cref="T:System.InvalidOperationException">The end operation cannot be performed because the stream is closed.<para>无法执行结束操作,因为流已关闭.</para></exception>
      <returns>The number of bytes read from the stream, between 0 (zero) and the number of bytes you requested. <see cref="T:System.IO.Compression.BrotliStream" /> returns 0 only at the end of the stream; otherwise, it blocks until at least one byte is available.<para>从流中读取的字节数,介于 0（零）和您请求的字节数之间.<see cref="T:System.IO.Compression.BrotliStream" /> 仅在流的末尾返回 0;否则,它会阻塞,直到至少有一个字节可用.</para></returns>
    </member>
    <member name="M:System.IO.Compression.BrotliStream.EndWrite(System.IAsyncResult)">
      <summary>Handles the end of an asynchronous write operation. (Consider using the <see cref="M:System.IO.Stream.WriteAsync(System.Byte[],System.Int32,System.Int32)" /> method instead.)<para>处理异步写入操作的结束.（考虑使用 <see cref="m:system.io.stream.writeasync（system.byte[],system.int32,system.int32）" /> 方法代替.</para></summary>
      <param name="asyncResult">The object that represents the asynchronous call.<para>表示异步调用的对象.</para></param>
      <exception cref="T:System.InvalidOperationException">The underlying stream is closed or <see langword="null" />.<para>基础流已关闭或 <see langword="null" />.</para></exception>
    </member>
    <member name="M:System.IO.Compression.BrotliStream.Flush">
      <summary>If the stream is not disposed, and the compression mode is set to compress, writes all the remaining encoder's data into this stream.<para>如果未释放流,并且压缩模式设置为压缩,则将编码器的所有剩余数据写入此流.</para></summary>
      <exception cref="T:System.IO.InvalidDataException">The encoder ran into invalid data.<para>编码器遇到无效数据.</para></exception>
      <exception cref="T:System.ObjectDisposedException">The stream is disposed.<para>流被释放.</para></exception>
    </member>
    <member name="M:System.IO.Compression.BrotliStream.FlushAsync(System.Threading.CancellationToken)">
      <summary>Asynchronously clears all buffers for this Brotli stream, causes any buffered data to be written to the underlying device, and monitors cancellation requests.<para>异步清除此 brotli 流的所有缓冲区,使任何缓冲数据写入基础设备,并监视取消请求.</para></summary>
      <param name="cancellationToken">The token to monitor for cancellation requests. The default value is <see cref="P:System.Threading.CancellationToken.None" />.<para>要监视取消请求的令牌.默认值为 <see cref="P:System.Threading.CancellationToken.None" />.</para></param>
      <returns>A task that represents the asynchronous flush operation.<para>表示异步刷新操作的任务.</para></returns>
    </member>
    <member name="M:System.IO.Compression.BrotliStream.Read(System.Byte[],System.Int32,System.Int32)">
      <summary>Reads a number of decompressed bytes into the specified byte array.<para>将多个解压缩的字节读入指定的字节数组.</para></summary>
      <param name="buffer">The array used to store decompressed bytes.<para>用于存储解压缩字节的数组.</para></param>
      <param name="offset">The byte offset in <paramref name="buffer" /> at which the read bytes will be placed.<para><paramref name="buffer" /> 中的字节偏移量,读取字节将放置在该位置.</para></param>
      <param name="count">The maximum number of decompressed bytes to read.<para>要读取的最大解压缩字节数.</para></param>
      <exception cref="T:System.ArgumentNullException">
        <paramref name="buffer" /> is <see langword="null" />.<para><paramref name="buffer" /> 是 <see langword="null" />.创建对象时,</para></exception>
      <exception cref="T:System.InvalidOperationException">The <see cref="T:System.IO.Compression.CompressionMode" /> value was <see langword="Compress" /> when the object was created, or there is already an active asynchronous operation on this stream.<para><see cref="T:System.IO.Compression.CompressionMode" /> 值为 <see langword="Compress" />,或者此流上已存在活动的异步操作.</para></exception>
      <exception cref="T:System.ArgumentOutOfRangeException">
        <paramref name="offset" /> or <paramref name="count" /> is less than zero.<para><paramref name="offset" /> 或 <paramref name="count" /> 小于零.</para></exception>
      <exception cref="T:System.ArgumentException">The <paramref name="buffer" /> length minus the index starting point is less than <paramref name="count" />.<para><paramref name="buffer" /> 长度减去索引起点小于 <paramref name="count" />.</para></exception>
      <exception cref="T:System.IO.InvalidDataException">The data is in an invalid format.<para>数据格式无效.</para></exception>
      <exception cref="T:System.ObjectDisposedException">The underlying stream is null or closed.<para>基础流为 null 或已关闭.</para></exception>
      <returns>The number of bytes that were decompressed into the byte array. If the end of the stream has been reached, zero or the number of bytes read is returned.<para>解压缩到字节数组中的字节数.如果已到达流的末尾,则返回零或读取的字节数.</para></returns>
    </member>
    <member name="M:System.IO.Compression.BrotliStream.Read(System.Span{System.Byte})">
      <summary>Reads a sequence of bytes from the current Brotli stream to a byte span and advances the position within the Brotli stream by the number of bytes read.<para>将当前 brotli 流中的字节序列读取到字节跨度,并将 brotli 流中的位置按读取的字节数前进.</para></summary>
      <param name="buffer">A region of memory. When this method returns, the contents of this region are replaced by the bytes read from the current source.<para>内存区域.此方法返回时,此区域的内容将替换为从当前源读取的字节.</para></param>
      <returns>The total number of bytes read into the buffer. This can be less than the number of bytes allocated in the buffer if that many bytes are not currently available, or zero (0) if the end of the stream has been reached.<para>读入缓冲区的总字节数.如果当前没有可用的字节数,则此值可以小于缓冲区中分配的字节数,如果已到达流的末尾,则此值可能小于零 （0）.</para></returns>
    </member>
    <member name="M:System.IO.Compression.BrotliStream.ReadAsync(System.Byte[],System.Int32,System.Int32,System.Threading.CancellationToken)">
      <summary>Asynchronously reads a sequence of bytes from the current Brotli stream, writes them to a byte array starting at a specified index, advances the position within the Brotli stream by the number of bytes read, and monitors cancellation requests.<para>从当前 brotli 流中异步读取字节序列,将它们写入从指定索引开始的字节数组,将 brotli 流中的位置推进读取的字节数,并监控取消请求.</para></summary>
      <param name="buffer">The buffer to write the data into.<para>要将数据写入的缓冲区.</para></param>
      <param name="offset">The byte offset in <paramref name="buffer" /> at which to begin writing data from the Brotli stream.<para><paramref name="buffer" /> 中的字节偏移量,从 brotli 流开始写入数据.</para></param>
      <param name="count">The maximum number of bytes to read.<para>要读取的最大字节数.</para></param>
      <param name="cancellationToken">The token to monitor for cancellation requests. The default value is <see cref="P:System.Threading.CancellationToken.None" />.<para>要监视取消请求的令牌.默认值为 <see cref="P:System.Threading.CancellationToken.None" />.</para></param>
      <returns>A task that represents the asynchronous read operation, which wraps the total number of bytes read into the <paramref name="buffer" />. The result value can be less than the number of bytes requested if the number of bytes currently available is less than the requested number, or it can be 0 (zero) if the end of the Brotli stream has been reached.<para>表示异步读取操作的任务,该操作将读取的总字节数包装到 <paramref name="buffer" /> 中.如果当前可用的字节数小于请求的数量,则结果值可以小于请求的字节数,如果已到达 brotli 流的末尾,则结果值可以为 0（零）.</para></returns>
    </member>
    <member name="M:System.IO.Compression.BrotliStream.ReadAsync(System.Memory{System.Byte},System.Threading.CancellationToken)">
      <summary>Asynchronously reads a sequence of bytes from the current Brotli stream, writes them to a byte memory range, advances the position within the Brotli stream by the number of bytes read, and monitors cancellation requests.<para>异步从当前 brotli 流中读取字节序列,将它们写入字节内存范围,按读取的字节数推进 brotli 流中的位置,并监控取消请求.</para></summary>
      <param name="buffer">The region of memory to write the data into.<para>要将数据写入的内存区域.</para></param>
      <param name="cancellationToken">The token to monitor for cancellation requests. The default value is <see cref="P:System.Threading.CancellationToken.None" />.<para>要监视取消请求的令牌.默认值为 <see cref="P:System.Threading.CancellationToken.None" />.</para></param>
      <returns>A task that represents the asynchronous read operation, which wraps the total number of bytes read into the buffer. The result value can be less than the number of bytes allocated in the buffer if that many bytes are not currently available, or it can be 0 (zero) if the end of the Brotli stream has been reached.<para>表示异步读取操作的任务,该操作将读取到缓冲区的总字节数包装在一起.如果当前没有可用的字节数,则结果值可以小于缓冲区中分配的字节数,如果已到达 brotli 流的末尾,则结果值可以为 0（零）.</para></returns>
    </member>
    <member name="M:System.IO.Compression.BrotliStream.ReadByte">
      <summary>Reads a byte from the stream and advances the position within the stream by one byte, or returns -1 if at the end of the stream.<para>从流中读取一个字节并将流中的位置前进一个字节,如果在流的末尾,则返回 -1.</para></summary>
      <exception cref="T:System.InvalidOperationException">Cannot perform read operations on a <see cref="T:System.IO.Compression.BrotliStream" /> constructed with <see cref="F:System.IO.Compression.CompressionMode.Compress" />.
            -or-
            <see cref="P:System.IO.Compression.BrotliStream.BaseStream" /> returned more bytes than requested in read.<para>无法对使用 <see cref="F:System.IO.Compression.CompressionMode.Compress" /> 构造的 <see cref="T:System.IO.Compression.BrotliStream" /> 执行读取操作. -或- <see cref="P:System.IO.Compression.BrotliStream.BaseStream" /> 返回的字节数多于读取时请求的字节数.</para></exception>
      <returns>The unsigned byte cast to an <see cref="T:System.Int32" />, or -1 if at the end of the stream.<para>无符号字节转换为 <see cref="T:System.Int32" />,如果在流末尾,则为 -1.</para></returns>
    </member>
    <member name="M:System.IO.Compression.BrotliStream.Seek(System.Int64,System.IO.SeekOrigin)">
      <summary>This property is not supported and always throws a <see cref="T:System.NotSupportedException" />.<para>此属性不受支持,并且始终引发 <see cref="T:System.NotSupportedException" />.</para></summary>
      <param name="offset">The location in the stream.<para>流中的位置.</para></param>
      <param name="origin">One of the <see cref="T:System.IO.SeekOrigin" /> values.<para><see cref="T:System.IO.SeekOrigin" /> 值之一.</para></param>
      <exception cref="T:System.NotSupportedException">This property is not supported on this stream.<para>此属性在此流上不受支持.</para></exception>
      <returns>A long value.<para>长整型值.</para></returns>
    </member>
    <member name="M:System.IO.Compression.BrotliStream.SetLength(System.Int64)">
      <summary>This property is not supported and always throws a <see cref="T:System.NotSupportedException" />.<para>此属性不受支持,并且始终引发 <see cref="T:System.NotSupportedException" />.</para></summary>
      <param name="value">The length of the stream.<para>流的长度.</para></param>
    </member>
    <member name="M:System.IO.Compression.BrotliStream.Write(System.Byte[],System.Int32,System.Int32)">
      <summary>Writes compressed bytes to the underlying stream from the specified byte array.<para>将压缩字节从指定的字节数组写入基础流.</para></summary>
      <param name="buffer">The buffer containing the data to compress.<para>包含要压缩的数据的缓冲区.</para></param>
      <param name="offset">The byte offset in <paramref name="buffer" /> from which the bytes will be read.<para><paramref name="buffer" /> 中的字节偏移量,将从中读取字节.</para></param>
      <param name="count">The maximum number of bytes to write.<para>要写入的最大字节数.</para></param>
      <exception cref="T:System.ObjectDisposedException">The write operation cannot be performed because the stream is closed.<para>无法执行写入操作,因为流已关闭.</para></exception>
    </member>
    <member name="M:System.IO.Compression.BrotliStream.Write(System.ReadOnlySpan{System.Byte})">
      <summary>Writes a sequence of bytes to the current Brotli stream from a read-only byte span and advances the current position within this Brotli stream by the number of bytes written.<para>将字节序列从只读字节范围写入当前 brotli 流,并将此 brotli 流中的当前位置推进写入的字节数.</para></summary>
      <param name="buffer">A region of memory. This method copies the contents of this region to the current Brotli stream.<para>内存区域.此方法将此区域的内容复制到当前 brotli 流.</para></param>
    </member>
    <member name="M:System.IO.Compression.BrotliStream.WriteAsync(System.Byte[],System.Int32,System.Int32,System.Threading.CancellationToken)">
      <summary>Asynchronously writes compressed bytes to the underlying Brotli stream from the specified byte array.<para>将压缩字节从指定的字节数组异步写入底层 brotli 流.</para></summary>
      <param name="buffer">The buffer that contains the data to compress.<para>包含要压缩的数据的缓冲区.</para></param>
      <param name="offset">The zero-based byte offset in <paramref name="buffer" /> from which to begin copying bytes to the Brotli stream.<para><paramref name="buffer" /> 中从零开始的字节偏移量,从中开始将字节复制到 brotli 流.</para></param>
      <param name="count">The maximum number of bytes to write.<para>要写入的最大字节数.</para></param>
      <param name="cancellationToken">The token to monitor for cancellation requests. The default value is <see cref="P:System.Threading.CancellationToken.None" />.<para>要监视取消请求的令牌.默认值为 <see cref="P:System.Threading.CancellationToken.None" />.</para></param>
      <returns>A task that represents the asynchronous write operation.<para>表示异步写入操作的任务.</para></returns>
    </member>
    <member name="M:System.IO.Compression.BrotliStream.WriteAsync(System.ReadOnlyMemory{System.Byte},System.Threading.CancellationToken)">
      <summary>Asynchronously writes compressed bytes to the underlying Brotli stream from the specified byte memory range.<para>将压缩字节从指定的字节内存范围异步写入基础 brotli 流.</para></summary>
      <param name="buffer">The memory region to write data from.<para>要从中写入数据的内存区域.</para></param>
      <param name="cancellationToken">The token to monitor for cancellation requests. The default value is <see cref="P:System.Threading.CancellationToken.None" />.<para>要监视取消请求的令牌.默认值为 <see cref="P:System.Threading.CancellationToken.None" />.</para></param>
      <returns>A task that represents the asynchronous write operation.<para>表示异步写入操作的任务.</para></returns>
    </member>
    <member name="M:System.IO.Compression.BrotliStream.WriteByte(System.Byte)">
      <summary>Writes a byte to the current position in the stream and advances the position within the stream by one byte.<para>将一个字节写入流中的当前位置,并将流中的位置前进一个字节.</para></summary>
      <param name="value">The byte to write to the stream.<para>要写入流的字节.</para></param>
      <exception cref="T:System.InvalidOperationException">Cannot perform write operations on a <see cref="T:System.IO.Compression.BrotliStream" /> constructed with <see cref="F:System.IO.Compression.CompressionMode.Decompress" />.
            -or-
            The encoder ran into invalid data.<para>无法对使用 <see cref="F:System.IO.Compression.CompressionMode.Decompress" /> 构造的 <see cref="T:System.IO.Compression.BrotliStream" /> 执行写入操作. -或- 编码器遇到无效数据.</para></exception>
    </member>
    <member name="P:System.IO.Compression.BrotliStream.BaseStream">
      <summary>Gets a reference to the underlying stream.<para>获取对基础流的引用.</para></summary>
      <exception cref="T:System.ObjectDisposedException">The underlying stream is closed.<para>基础流已关闭.</para></exception>
      <returns>A stream object that represents the underlying stream.<para>表示基础流的流对象.</para></returns>
    </member>
    <member name="P:System.IO.Compression.BrotliStream.CanRead">
      <summary>Gets a value indicating whether the stream supports reading while decompressing a file.<para>获取一个值,该值指示流是否支持在解压缩文件时读取.</para></summary>
      <returns>
        <see langword="true" /> if the <see cref="T:System.IO.Compression.CompressionMode" /> value is <see langword="Decompress," /> and the underlying stream supports reading and is not closed; otherwise, <see langword="false" />.<para><see langword="true" /> 如果 <see cref="T:System.IO.Compression.CompressionMode" /> 值为 <see langword="Decompress," /> 并且基础流支持读取且未关闭;否则,<see langword="false" />.</para></returns>
    </member>
    <member name="P:System.IO.Compression.BrotliStream.CanSeek">
      <summary>Gets a value indicating whether the stream supports seeking.<para>获取一个值,该值指示流是否支持查找.</para></summary>
      <returns>
        <see langword="false" /> in all cases.<para><see langword="false" /> 在所有情况下.</para></returns>
    </member>
    <member name="P:System.IO.Compression.BrotliStream.CanWrite">
      <summary>Gets a value indicating whether the stream supports writing.<para>获取一个值,该值指示流是否支持写入.</para></summary>
      <returns>
        <see langword="true" /> if the <see cref="T:System.IO.Compression.CompressionMode" /> value is <see langword="Compress" />, and the underlying stream supports writing and is not closed; otherwise, <see langword="false" />.<para><see langword="true" /> 如果 <see cref="T:System.IO.Compression.CompressionMode" /> 值为 <see langword="Compress" />,并且基础流支持写入且未关闭;否则,<see langword="false" />.</para></returns>
    </member>
    <member name="P:System.IO.Compression.BrotliStream.Length">
      <summary>This property is not supported and always throws a <see cref="T:System.NotSupportedException" />.<para>此属性不受支持,并且始终引发 <see cref="T:System.NotSupportedException" />.</para></summary>
      <exception cref="T:System.NotSupportedException">This property is not supported on this stream.<para>此属性在此流上不受支持.</para></exception>
      <returns>A long value.<para>长整型值.</para></returns>
    </member>
    <member name="P:System.IO.Compression.BrotliStream.Position">
      <summary>This property is not supported and always throws a <see cref="T:System.NotSupportedException" />.<para>此属性不受支持,并且始终引发 <see cref="T:System.NotSupportedException" />.</para></summary>
      <exception cref="T:System.NotSupportedException">This property is not supported on this stream.<para>此属性在此流上不受支持.</para></exception>
      <returns>A long value.<para>长整型值.</para></returns>
    </member>
  </members>
</doc>