﻿<?xml version="1.0" encoding="utf-8"?>
<doc>
  <assembly>
    <name>System.IO.Pipes.AccessControl</name>
  </assembly>
  <members>
    <member name="T:System.IO.Pipes.AnonymousPipeServerStreamAcl">
      <summary>Provides security related APIs for the <see cref="T:System.IO.Pipes.AnonymousPipeServerStream" /> class.<para>为 <see cref="t:system.io.pipes.anonymouspipeserverstream" /> .class.</para></summary>
    </member>
    <member name="M:System.IO.Pipes.AnonymousPipeServerStreamAcl.Create(System.IO.Pipes.PipeDirection,System.IO.HandleInheritability,System.Int32,System.IO.Pipes.PipeSecurity)">
      <summary>Creates a new instance of the <see cref="T:System.IO.Pipes.AnonymousPipeServerStream" /> class with the specified pipe direction, inheritability mode, buffer size, and pipe security.<para>创建 <see cref="t:system.io.pipes.anonymouspipeserverstream" /> 具有指定的管道方向、可继承性模式、缓冲区大小和管道安全性的类.</para></summary>
      <param name="direction">One of the enumeration values that determines the direction of the pipe. Anonymous pipes are unidirectional, so direction cannot be set to <see cref="F:System.IO.Pipes.PipeDirection.InOut" />.<para>确定管道方向的枚举值之一.匿名管道是单向的,因此方向不能设置为 <see cref="F:System.IO.Pipes.PipeDirection.InOut" />.</para></param>
      <param name="inheritability">One of the enumeration values that determines whether the underlying handle can be inherited by child processes.<para>确定基础句柄是否可以由子进程继承的枚举值之一.</para></param>
      <param name="bufferSize">The size of the buffer. This value must be greater than or equal to 0.<para>缓冲区的大小.此值必须大于或等于 0.</para></param>
      <param name="pipeSecurity">An object that determines the access control and audit security for the pipe.<para>一个对象,用于确定管道的访问控制和审核安全性.</para></param>
      <exception cref="T:System.NotSupportedException">
        <paramref name="direction" /> is <see cref="F:System.IO.Pipes.PipeDirection.InOut" />.<para><paramref name="direction" /> 是 <see cref="F:System.IO.Pipes.PipeDirection.InOut" />.</para></exception>
      <exception cref="T:System.ArgumentOutOfRangeException">
        <paramref name="inheritability" /> is not set to a valid <see cref="T:System.IO.HandleInheritability" /> enum value.

 -or-  
  
<paramref name="bufferSize" /> is less than 0.<para><paramref name="inheritability" /> 未设置为有效的 <see cref="T:System.IO.HandleInheritability" /> 枚举值. -或- <paramref name="bufferSize" /> 小于 0.</para></exception>
      <returns>A new anonymous pipe server stream instance.<para>新的匿名管道服务器流实例.</para></returns>
    </member>
    <member name="T:System.IO.Pipes.NamedPipeServerStreamAcl">
      <summary>Provides security related APIs for the <see. cref="T:System.IO.Pipes.NamedPipeServerStream" /> class.<para>为 <see. cref="T:System.IO.Pipes.NamedPipeServerStream" /> 类提供与安全相关的 api.</para></summary>
    </member>
    <member name="M:System.IO.Pipes.NamedPipeServerStreamAcl.Create(System.String,System.IO.Pipes.PipeDirection,System.Int32,System.IO.Pipes.PipeTransmissionMode,System.IO.Pipes.PipeOptions,System.Int32,System.Int32,System.IO.Pipes.PipeSecurity,System.IO.HandleInheritability,System.IO.Pipes.PipeAccessRights)">
      <summary>Creates a new instance of the <see cref="T:System.IO.Pipes.NamedPipeServerStream" /> class with the specified pipe name, pipe direction, maximum number of server instances, transmission mode, pipe options, recommended in and out buffer sizes, pipe security, inheritability mode, and pipe access rights.<para>创建具有指定管道名称、管道方向、最大服务器实例数、传输模式、管道选项、建议的传入和传出缓冲区大小、管道安全性、可继承性模式和管道访问权限的 <see cref="T:System.IO.Pipes.NamedPipeServerStream" /> 类的新实例.</para></summary>
      <param name="pipeName">The name of the pipe.<para>管道的名称.</para></param>
      <param name="direction">One of the enumeration values that determines the direction of the pipe.<para>确定管道方向的枚举值之一.</para></param>
      <param name="maxNumberOfServerInstances">The maximum number of server instances that share the same name. You can pass <see cref="F:System.IO.Pipes.NamedPipeServerStream.MaxAllowedServerInstances" /> for this value.<para>共享相同名称的服务器实例的最大数量.你可以通过 <see cref="f:system.io.pipes.namedpipeserverstream.maxallowserverinstances" /> 对于此值.</para></param>
      <param name="transmissionMode">One of the enumeration values that determines the transmission mode of the pipe.<para>确定管道传输模式的枚举值之一.</para></param>
      <param name="options">One of the enumeration values that determines how to open or create the pipe.<para>确定如何打开或创建管道的枚举值之一.</para></param>
      <param name="inBufferSize">The input buffer size.<para>输入缓冲区大小.</para></param>
      <param name="outBufferSize">The output buffer size.<para>输出缓冲区大小.</para></param>
      <param name="pipeSecurity">An object that determines the access control and audit security for the pipe.<para>一个对象,用于确定管道的访问控制和审核安全性.</para></param>
      <param name="inheritability">One of the enumeration values that determines whether the underlying handle can be inherited by child processes.<para>确定基础句柄是否可以由子进程继承的枚举值之一.</para></param>
      <param name="additionalAccessRights">One of the enumeration values that specifies the access rights of the pipe.<para>指定管道访问权限的枚举值之一.</para></param>
      <exception cref="T:System.ArgumentNullException">
        <paramref name="pipeName" /> is <see langword="null" />.<para><paramref name="pipeName" /> 是 <see langword="null" />.</para></exception>
      <exception cref="T:System.ArgumentException">
        <paramref name="pipeName" /> is empty.<para><paramref name="pipeName" /> 为空.</para></exception>
      <exception cref="T:System.IO.IOException">
        <paramref name="options" /> is <see cref="F:System.IO.Pipes.PipeOptions.None" />.<para><paramref name="options" /> 是 <see cref="F:System.IO.Pipes.PipeOptions.None" />.</para></exception>
      <exception cref="T:System.ArgumentOutOfRangeException">
        <paramref name="options" /> contains an invalid flag.

-or-

<paramref name="inBufferSize" /> or <paramref name="outBufferSize" /> is less than zero.

-or-

<paramref name="maxNumberOfServerInstances" /> is not a valid number: it should be greater than or equal to 1 and less than or equal to 254, or should be set to the value of <see cref="F:System.IO.Pipes.NamedPipeServerStream.MaxAllowedServerInstances" />.

-or-

<paramref name="inheritability" /> contains an invalid enum value.

-or-

<paramref name="pipeName" /> is 'anonymous', which is reserved.<para><paramref name="options" /> 包含无效标志. -或- <paramref name="inBufferSize" /> 或 <paramref name="outBufferSize" /> 小于零. -或- <paramref name="maxNumberOfServerInstances" /> 不是有效数字:它应大于或等于 1 且小于或等于 254,或者应设置为 <see cref="f:system.io.pipes.namedpipeserverstream.maxallowserverinstances" /> . -或- <paramref name="inheritability" /> 包含无效的枚举值. -或- <paramref name="pipeName" /> 是"匿名",这是保留的.</para></exception>
      <returns>A new named pipe server stream instance.<para>新的命名管道服务器流实例.</para></returns>
    </member>
    <member name="T:System.IO.Pipes.PipeAccessRights">
      <summary>Defines the access rights to use when you create access and audit rules.<para>定义创建访问和审核规则时要使用的访问权限.</para></summary>
    </member>
    <member name="F:System.IO.Pipes.PipeAccessRights.AccessSystemSecurity">
      <summary>Specifies the right to make changes to the system access control list (SACL).<para>指定对系统访问控制列表 （sacl） 进行更改的权限.</para></summary>
    </member>
    <member name="F:System.IO.Pipes.PipeAccessRights.ChangePermissions">
      <summary>Specifies the right to change the security and audit rules that are associated with a pipe.<para>指定更改与管道关联的安全和审核规则的权限.</para></summary>
    </member>
    <member name="F:System.IO.Pipes.PipeAccessRights.CreateNewInstance">
      <summary>Specifies the right to create a new pipe. Setting this right also sets the <see cref="F:System.IO.Pipes.PipeAccessRights.Synchronize" /> right.<para>指定创建新管道的权限.设置此权限还会设置 <see cref="f:system.io.pipes.pipeaccessrights.synchronize" /> 右.</para></summary>
    </member>
    <member name="F:System.IO.Pipes.PipeAccessRights.Delete">
      <summary>Specifies the right to delete a pipe.<para>指定删除管道的权限.</para></summary>
    </member>
    <member name="F:System.IO.Pipes.PipeAccessRights.FullControl">
      <summary>Specifies the right to exert full control over a pipe, and to modify access control and audit rules. This value represents the combination of all rights in this enumeration.<para>指定对管道施加完全控制以及修改访问控制和审核规则的权限.此值表示此枚举中所有权限的组合.</para></summary>
    </member>
    <member name="F:System.IO.Pipes.PipeAccessRights.Read">
      <summary>Specifies the right to read from the pipe. This right includes the <see cref="F:System.IO.Pipes.PipeAccessRights.ReadAttributes" />, <see cref="F:System.IO.Pipes.PipeAccessRights.ReadData" />, <see cref="F:System.IO.Pipes.PipeAccessRights.ReadExtendedAttributes" />, and <see cref="F:System.IO.Pipes.PipeAccessRights.ReadPermissions" /> rights.<para>指定从管道读取的权限.这项权利包括 <see cref="f:system.io.pipes.pipeaccessrights.readattributes" /> , <see cref="f:system.io.pipes.pipeaccessrights.readdata" /> , <see cref="f:system.io.pipes.pipeaccessrights.readextendedattributes" /> 和 <see cref="f:system.io.pipes.pipeaccessrights.readpermissions" /> 权利.</para></summary>
    </member>
    <member name="F:System.IO.Pipes.PipeAccessRights.ReadAttributes">
      <summary>Specifies the right to read file system attributes from a pipe. This does not include the right to read data, extended file system attributes, or access and audit rules.<para>指定从管道读取文件系统属性的权限.这不包括读取数据的权限、扩展文件系统属性或访问和审核规则.</para></summary>
    </member>
    <member name="F:System.IO.Pipes.PipeAccessRights.ReadData">
      <summary>Specifies the right to read data from the pipe. This does not include the right to read file system attributes, extended file system attributes, or access and audit rules.<para>指定从管道读取数据的权限.这不包括读取文件系统属性、扩展文件系统属性或访问和审计规则的权限.</para></summary>
    </member>
    <member name="F:System.IO.Pipes.PipeAccessRights.ReadExtendedAttributes">
      <summary>Specifies the right to read extended file system attributes from a pipe. This does not include the right to read data, file system attributes, or access and audit rules.<para>指定从管道读取扩展文件系统属性的权限.这不包括读取数据、文件系统属性或访问和审核规则的权限.</para></summary>
    </member>
    <member name="F:System.IO.Pipes.PipeAccessRights.ReadPermissions">
      <summary>Specifies the right to read access and audit rules from the pipe. This does not include the right to read data, file system attributes, or extended file system attributes.<para>指定从管道读取访问和审核规则的权限.这不包括读取数据、文件系统属性或扩展文件系统属性的权限.</para></summary>
    </member>
    <member name="F:System.IO.Pipes.PipeAccessRights.ReadWrite">
      <summary>Specifies the right to read and write from the pipe. This right includes the <see cref="F:System.IO.Pipes.PipeAccessRights.ReadAttributes" />, <see cref="F:System.IO.Pipes.PipeAccessRights.ReadData" />, <see cref="F:System.IO.Pipes.PipeAccessRights.ReadExtendedAttributes" />, <see cref="F:System.IO.Pipes.PipeAccessRights.ReadPermissions" />, <see cref="F:System.IO.Pipes.PipeAccessRights.WriteAttributes" />, <see cref="F:System.IO.Pipes.PipeAccessRights.WriteData" />, and <see cref="F:System.IO.Pipes.PipeAccessRights.WriteExtendedAttributes" /> rights.<para>指定从管道读取和写入的权限.这项权利包括 <see cref="f:system.io.pipes.pipeaccessrights.readattributes" /> , <see cref="f:system.io.pipes.pipeaccessrights.readdata" /> , <see cref="f:system.io.pipes.pipeaccessrights.readextendedattributes" /> , <see cref="f:system.io.pipes.pipeaccessrights.readpermissions" /> , <see cref="f:system.io.pipes.pipeaccessrights.writeattributes" /> , <see cref="f:system.io.pipes.pipeaccessrights.writedata" /> 和 <see cref="f:system.io.pipes.pipeaccessrights.writeextendedattributes" /> 权利.</para></summary>
    </member>
    <member name="F:System.IO.Pipes.PipeAccessRights.Synchronize">
      <summary>Specifies whether the application can wait for a pipe handle to synchronize with the completion of an I/O operation. This value is automatically set when allowing access to the pipe and automatically excluded when denying access to the pipe. The right to create a pipe requires this value. Note that if you do not explicitly set this value when you create a pipe, the value will be set automatically for you.<para>指定应用程序是否可以等待管道句柄与 i/o 操作的完成同步.允许访问管道时自动设置此值,拒绝访问管道时自动排除此值.创建管道的权限需要此值.请注意,如果在创建管道时未显式设置此值,则会自动设置该值.</para></summary>
    </member>
    <member name="F:System.IO.Pipes.PipeAccessRights.TakeOwnership">
      <summary>Specifies the right to change the owner of a pipe. Note that owners of a pipe have full access to that resource.<para>指定更改管道所有者的权限.请注意,管道的所有者对该资源具有完全访问权限.</para></summary>
    </member>
    <member name="F:System.IO.Pipes.PipeAccessRights.Write">
      <summary>Specifies the right to write to the pipe. This right includes the <see cref="F:System.IO.Pipes.PipeAccessRights.WriteAttributes" />, <see cref="F:System.IO.Pipes.PipeAccessRights.WriteData" />, and <see cref="F:System.IO.Pipes.PipeAccessRights.WriteExtendedAttributes" /> rights.<para>指定写入管道的权限.这项权利包括 <see cref="f:system.io.pipes.pipeaccessrights.writeattributes" /> , <see cref="f:system.io.pipes.pipeaccessrights.writedata" /> 和 <see cref="f:system.io.pipes.pipeaccessrights.writeextendedattributes" /> 权利.</para></summary>
    </member>
    <member name="F:System.IO.Pipes.PipeAccessRights.WriteAttributes">
      <summary>Specifies the right to write file system attributes to a pipe. This does not include the right to write data or extended file system attributes.<para>指定将文件系统属性写入管道的权限.这不包括写入数据或扩展文件系统属性的权限.</para></summary>
    </member>
    <member name="F:System.IO.Pipes.PipeAccessRights.WriteData">
      <summary>Specifies the right to write data to a pipe. This does not include the right to write file system attributes or extended file system attributes.<para>指定将数据写入管道的权限.这不包括写入文件系统属性或扩展文件系统属性的权限.</para></summary>
    </member>
    <member name="F:System.IO.Pipes.PipeAccessRights.WriteExtendedAttributes">
      <summary>Specifies the right to write extended file system attributes to a pipe. This does not include the right to write file attributes or data.<para>指定将扩展文件系统属性写入管道的权限.这不包括写入文件属性或数据的权限.</para></summary>
    </member>
    <member name="T:System.IO.Pipes.PipeAccessRule">
      <summary>Represents an abstraction of an access control entry (ACE) that defines an access rule for a pipe.<para>表示定义管道访问规则的访问控制项 （ace） 的抽象.</para></summary>
    </member>
    <member name="M:System.IO.Pipes.PipeAccessRule.#ctor(System.Security.Principal.IdentityReference,System.IO.Pipes.PipeAccessRights,System.Security.AccessControl.AccessControlType)">
      <summary>Initializes a new instance of the <see cref="T:System.IO.Pipes.PipeAccessRule" /> class with the specified identity, pipe access rights, and access control type.<para>初始化 <see cref="t:system.io.pipes.pipeaccessrule" /> 具有指定标识、管道访问权限和访问控制类型的类.</para></summary>
      <param name="identity">An <see cref="T:System.Security.Principal.IdentityReference" /> object that encapsulates a reference to a user account.<para>一个 <see cref="T:System.Security.Principal.IdentityReference" /> 对象,用于封装对用户帐户的引用.</para></param>
      <param name="rights">One of the <see cref="T:System.IO.Pipes.PipeAccessRights" /> values that specifies the type of operation associated with the access rule.<para>其中之一 <see cref="t:system.io.pipes.pipeaccessrights" /> 指定与访问规则关联的操作类型的值.</para></param>
      <param name="type">One of the <see cref="T:System.Security.AccessControl.AccessControlType" /> values that specifies whether to allow or deny the operation.<para>其中之一 <see cref="t:system.security.accesscontrol.accesscontroltype" /> 指定是允许还是拒绝操作的值.</para></param>
    </member>
    <member name="M:System.IO.Pipes.PipeAccessRule.#ctor(System.String,System.IO.Pipes.PipeAccessRights,System.Security.AccessControl.AccessControlType)">
      <summary>Initializes a new instance of the <see cref="T:System.IO.Pipes.PipeAccessRule" /> class with the specified identity, pipe access rights, and access control type.<para>初始化 <see cref="t:system.io.pipes.pipeaccessrule" /> 具有指定标识、管道访问权限和访问控制类型的类.</para></summary>
      <param name="identity">The name of the user account.<para>用户帐户的名称.</para></param>
      <param name="rights">One of the <see cref="T:System.IO.Pipes.PipeAccessRights" /> values that specifies the type of operation associated with the access rule.<para>其中之一 <see cref="t:system.io.pipes.pipeaccessrights" /> 指定与访问规则关联的操作类型的值.</para></param>
      <param name="type">One of the <see cref="T:System.Security.AccessControl.AccessControlType" /> values that specifies whether to allow or deny the operation.<para>其中之一 <see cref="t:system.security.accesscontrol.accesscontroltype" /> 指定是允许还是拒绝操作的值.</para></param>
    </member>
    <member name="P:System.IO.Pipes.PipeAccessRule.PipeAccessRights">
      <summary>Gets the <see cref="T:System.IO.Pipes.PipeAccessRights" /> flags that are associated with the current <see cref="T:System.IO.Pipes.PipeAccessRule" /> object.<para>获取 <see cref="t:system.io.pipes.pipeaccessrights" /> 与当前关联的标志 <see cref="t:system.io.pipes.pipeaccessrule" /> 对象.</para></summary>
      <returns>A bitwise combination of the <see cref="T:System.IO.Pipes.PipeAccessRights" /> values.<para>的按位组合 <see cref="t:system.io.pipes.pipeaccessrights" /> 值.</para></returns>
    </member>
    <member name="T:System.IO.Pipes.PipeAuditRule">
      <summary>Represents an abstraction of an access control entry (ACE) that defines an audit rule for a pipe.<para>表示定义管道审核规则的访问控制项 （ace） 的抽象.</para></summary>
    </member>
    <member name="M:System.IO.Pipes.PipeAuditRule.#ctor(System.Security.Principal.IdentityReference,System.IO.Pipes.PipeAccessRights,System.Security.AccessControl.AuditFlags)">
      <summary>Initializes a new instance of the <see cref="T:System.IO.Pipes.PipeAuditRule" /> class for a user account specified in a <see cref="T:System.Security.Principal.IdentityReference" /> object.<para>初始化 <see cref="t:system.io.pipes.pipeauditrule" /> 在 <see cref="T:System.Security.Principal.IdentityReference" /> 对象中指定的用户帐户的类.</para></summary>
      <param name="identity">An <see cref="T:System.Security.Principal.IdentityReference" /> object that encapsulates a reference to a user account.<para>一个 <see cref="T:System.Security.Principal.IdentityReference" /> 对象,用于封装对用户帐户的引用.</para></param>
      <param name="rights">One of the <see cref="T:System.IO.Pipes.PipeAccessRights" /> values that specifies the type of operation associated with the access rule.<para>其中之一 <see cref="t:system.io.pipes.pipeaccessrights" /> 指定与访问规则关联的操作类型的值.</para></param>
      <param name="flags">One of the <see cref="T:System.Security.AccessControl.AuditFlags" /> values that specifies when to perform auditing.<para>其中之一 <see cref="t:system.security.accesscontrol.auditflags" /> 指定何时执行审核的值.</para></param>
    </member>
    <member name="M:System.IO.Pipes.PipeAuditRule.#ctor(System.String,System.IO.Pipes.PipeAccessRights,System.Security.AccessControl.AuditFlags)">
      <summary>Initializes a new instance of the <see cref="T:System.IO.Pipes.PipeAuditRule" /> class for a named user account.<para>初始化 <see cref="t:system.io.pipes.pipeauditrule" /> 命名用户帐户的类.</para></summary>
      <param name="identity">The name of the user account.<para>用户帐户的名称.</para></param>
      <param name="rights">One of the <see cref="T:System.IO.Pipes.PipeAccessRights" /> values that specifies the type of operation associated with the access rule.<para>其中之一 <see cref="t:system.io.pipes.pipeaccessrights" /> 指定与访问规则关联的操作类型的值.</para></param>
      <param name="flags">One of the <see cref="T:System.Security.AccessControl.AuditFlags" /> values that specifies when to perform auditing.<para>其中之一 <see cref="t:system.security.accesscontrol.auditflags" /> 指定何时执行审核的值.</para></param>
    </member>
    <member name="P:System.IO.Pipes.PipeAuditRule.PipeAccessRights">
      <summary>Gets the <see cref="T:System.IO.Pipes.PipeAccessRights" /> flags that are associated with the current <see cref="T:System.IO.Pipes.PipeAuditRule" /> object.<para>获取 <see cref="t:system.io.pipes.pipeaccessrights" /> 与当前关联的标志 <see cref="t:system.io.pipes.pipeauditrule" /> 对象.</para></summary>
      <returns>A bitwise combination of the <see cref="T:System.IO.Pipes.PipeAccessRights" /> values.<para>的按位组合 <see cref="t:system.io.pipes.pipeaccessrights" /> 值.</para></returns>
    </member>
    <member name="T:System.IO.Pipes.PipesAclExtensions">
      <summary>Provides Windows-specific static extension methods for manipulating Access Control List (ACL) security attributes for pipe streams.<para>提供特定于 windows 的静态扩展方法,用于操作管道流的访问控制列表 （acl） 安全属性.</para></summary>
    </member>
    <member name="M:System.IO.Pipes.PipesAclExtensions.GetAccessControl(System.IO.Pipes.PipeStream)">
      <summary>Returns the security information of a pipe stream.<para>返回管道流的安全信息.</para></summary>
      <param name="stream">The existing pipe stream from which to obtain the security information.<para>要从中获取安全信息的现有管道流.</para></param>
      <returns>The security descriptors of all the access control sections of the pipe stream.<para>管道流的所有访问控制部分的安全描述符.</para></returns>
    </member>
    <member name="M:System.IO.Pipes.PipesAclExtensions.SetAccessControl(System.IO.Pipes.PipeStream,System.IO.Pipes.PipeSecurity)">
      <summary>Changes the security attributes of an existing pipe stream.<para>更改现有管道流的安全属性.</para></summary>
      <param name="stream">An existing pipe stream.<para>现有管道流.</para></param>
      <param name="pipeSecurity">The security information to apply to the pipe stream.<para>要应用于管道流的安全信息.</para></param>
      <exception cref="T:System.ArgumentNullException">
        <paramref name="pipeSecurity" /> is <see langword="null" />.<para><paramref name="pipeSecurity" /> 是 <see langword="null" />.</para></exception>
      <exception cref="T:System.IO.IOException">
        <paramref name="stream" /> is a disconnected <see cref="T:System.IO.Pipes.NamedPipeClientStream" /> instance.<para><paramref name="stream" /> 是一个断开连接的 <see cref="T:System.IO.Pipes.NamedPipeClientStream" /> 实例.</para></exception>
    </member>
    <member name="T:System.IO.Pipes.PipeSecurity">
      <summary>Represents the access control and audit security for a pipe.<para>表示管道的访问控制和审核安全性.</para></summary>
    </member>
    <member name="M:System.IO.Pipes.PipeSecurity.#ctor">
      <summary>Initializes a new instance of the <see cref="T:System.IO.Pipes.PipeSecurity" /> class.<para>初始化 <see cref="T:System.IO.Pipes.PipeSecurity" /> 类的新实例.</para></summary>
    </member>
    <member name="M:System.IO.Pipes.PipeSecurity.AccessRuleFactory(System.Security.Principal.IdentityReference,System.Int32,System.Boolean,System.Security.AccessControl.InheritanceFlags,System.Security.AccessControl.PropagationFlags,System.Security.AccessControl.AccessControlType)">
      <summary>Initializes a new instance of the <see cref="T:System.Security.AccessControl.AccessRule" /> class with the specified values.<para>初始化 <see cref="t:system.security.accesscontrol.accessrule" /> 具有指定值的类.</para></summary>
      <param name="identityReference">The identity that the access rule applies to. It must be an object that can be cast as a <see cref="T:System.Security.Principal.SecurityIdentifier" /> object.<para>访问规则应用到的标识.它必须是可强制转换为 <see cref="T:System.Security.Principal.SecurityIdentifier" /> 对象的对象.</para></param>
      <param name="accessMask">The access mask of this rule. The access mask is a 32-bit collection of anonymous bits, the meaning of which is defined by the individual integrators.<para>此规则的访问掩码.访问掩码是匿名位的 32 位集合,其含义由各个集成商定义.</para></param>
      <param name="isInherited">
        <see langword="true" /> if this rule is inherited from a parent container; otherwise, <see langword="false" />.<para><see langword="true" /> 如果此规则继承自父容器;否则,<see langword="false" />.</para></param>
      <param name="inheritanceFlags">One of the <see cref="T:System.Security.AccessControl.InheritanceFlags" /> values that specifies the inheritance properties of the access rule.<para>其中之一 <see cref="t:system.security.accesscontrol.inheritanceflags" /> 指定访问规则的继承属性的值.</para></param>
      <param name="propagationFlags">One of the <see cref="T:System.Security.AccessControl.PropagationFlags" /> values that specifies whether inherited access rules are automatically propagated. The propagation flags are ignored if <paramref name="inheritanceFlags" /> is set to <see cref="F:System.Security.AccessControl.InheritanceFlags.None" />.<para>其中之一 <see cref="t:system.security.accesscontrol.propagationflags" /> 指定是否自动传播继承的访问规则的值.如果 <paramref name="inheritanceFlags" /> 设置为 <see cref="f:system.security.accesscontrol.inheritanceflags.none" /> .</para></param>
      <param name="type">Specifies the valid access control type.<para>指定有效的访问控制类型.</para></param>
      <exception cref="T:System.ArgumentOutOfRangeException">
        <paramref name="accessMask" />, <paramref name="inheritanceFlags" />, <paramref name="propagationFlags" />, or <paramref name="type" /> specifies an invalid value.<para><paramref name="accessMask" />、<paramref name="inheritanceFlags" />、<paramref name="propagationFlags" /> 或 <paramref name="type" /> 指定无效值.</para></exception>
      <exception cref="T:System.ArgumentNullException">
        <paramref name="identityReference" /> is <see langword="null" />.  
  
 -or-  
  
 <paramref name="accessMask" /> is zero.<para><paramref name="identityReference" /> 是 <see langword="null" />. -或- <paramref name="accessMask" /> 为零.</para></exception>
      <exception cref="T:System.ArgumentException">
        <paramref name="identityReference" /> is neither of type <see cref="T:System.Security.Principal.SecurityIdentifier" /> nor of a type, such as <see cref="T:System.Security.Principal.NTAccount" />, that can be converted to type <see cref="T:System.Security.Principal.SecurityIdentifier" />.<para><paramref name="identityReference" /> 既不是类型 <see cref="T:System.Security.Principal.SecurityIdentifier" /> 也不是类型,例如 <see cref="t:system.security.principal.ntaccount" /> ,可以转换为类型 <see cref="T:System.Security.Principal.SecurityIdentifier" />.</para></exception>
      <returns>The <see cref="T:System.Security.AccessControl.AccessRule" /> object that this method creates.<para>这 <see cref="t:system.security.accesscontrol.accessrule" /> 此方法创建的对象.</para></returns>
    </member>
    <member name="M:System.IO.Pipes.PipeSecurity.AddAccessRule(System.IO.Pipes.PipeAccessRule)">
      <summary>Adds an access rule to the Discretionary Access Control List (DACL) that is associated with the current <see cref="T:System.IO.Pipes.PipeSecurity" /> object.<para>将访问规则添加到与当前 <see cref="T:System.IO.Pipes.PipeSecurity" /> 对象关联的自由访问控制列表 （dacl）.</para></summary>
      <param name="rule">The access rule to add.<para>要添加的访问规则.</para></param>
      <exception cref="T:System.ArgumentNullException">The <paramref name="rule" /> parameter is <see langword="null" />.<para><paramref name="rule" /> 参数是 <see langword="null" />.</para></exception>
    </member>
    <member name="M:System.IO.Pipes.PipeSecurity.AddAuditRule(System.IO.Pipes.PipeAuditRule)">
      <summary>Adds an audit rule to the System Access Control List (SACL) that is associated with the current <see cref="T:System.IO.Pipes.PipeSecurity" /> object.<para>将审核规则添加到与当前 <see cref="T:System.IO.Pipes.PipeSecurity" /> 对象关联的系统访问控制列表 （sacl）.</para></summary>
      <param name="rule">The audit rule to add.<para>要添加的审核规则.</para></param>
      <exception cref="T:System.ArgumentNullException">The <paramref name="rule" /> parameter is <see langword="null" />.<para><paramref name="rule" /> 参数是 <see langword="null" />.</para></exception>
    </member>
    <member name="M:System.IO.Pipes.PipeSecurity.AuditRuleFactory(System.Security.Principal.IdentityReference,System.Int32,System.Boolean,System.Security.AccessControl.InheritanceFlags,System.Security.AccessControl.PropagationFlags,System.Security.AccessControl.AuditFlags)">
      <summary>Initializes a new instance of the <see cref="T:System.Security.AccessControl.AuditRule" /> class with the specified values.<para>初始化 <see cref="t:system.security.accesscontrol.auditrule" /> 具有指定值的类.</para></summary>
      <param name="identityReference">The identity that the access rule applies to. It must be an object that can be cast as a <see cref="T:System.Security.Principal.SecurityIdentifier" /> object.<para>访问规则应用到的标识.它必须是可强制转换为 <see cref="T:System.Security.Principal.SecurityIdentifier" /> 对象的对象.</para></param>
      <param name="accessMask">The access mask of this rule. The access mask is a 32-bit collection of anonymous bits, the meaning of which is defined by the individual integrators.<para>此规则的访问掩码.访问掩码是匿名位的 32 位集合,其含义由各个集成商定义.</para></param>
      <param name="isInherited">
        <see langword="true" /> if this rule is inherited from a parent container; otherwise, false.<para><see langword="true" /> 如果此规则继承自父容器;否则,为假.</para></param>
      <param name="inheritanceFlags">One of the <see cref="T:System.Security.AccessControl.InheritanceFlags" /> values that specifies the inheritance properties of the access rule.<para>其中之一 <see cref="t:system.security.accesscontrol.inheritanceflags" /> 指定访问规则的继承属性的值.</para></param>
      <param name="propagationFlags">One of the <see cref="T:System.Security.AccessControl.PropagationFlags" /> values that specifies whether inherited access rules are automatically propagated. The propagation flags are ignored if <paramref name="inheritanceFlags" /> is set to <see cref="F:System.Security.AccessControl.InheritanceFlags.None" />.<para>其中之一 <see cref="t:system.security.accesscontrol.propagationflags" /> 指定是否自动传播继承的访问规则的值.如果 <paramref name="inheritanceFlags" /> 设置为 <see cref="f:system.security.accesscontrol.inheritanceflags.none" /> .</para></param>
      <param name="flags">One of the <see cref="T:System.Security.AccessControl.AuditFlags" /> values that specifies the valid access control type.<para>其中之一 <see cref="t:system.security.accesscontrol.auditflags" /> 指定有效访问控制类型的值.</para></param>
      <exception cref="T:System.ArgumentOutOfRangeException">The <paramref name="accessMask" />, <paramref name="inheritanceFlags" />, <paramref name="propagationFlags" />, or <paramref name="flags" /> properties specify an invalid value.<para><paramref name="accessMask" />、<paramref name="inheritanceFlags" />、<paramref name="propagationFlags" /> 或 <paramref name="flags" /> 属性指定无效值.</para></exception>
      <exception cref="T:System.ArgumentNullException">The <paramref name="identityReference" /> property is <see langword="null" />.  
  
 -or-  
  
 The <paramref name="accessMask" /> property is zero.<para><paramref name="identityReference" /> 属性为 <see langword="null" />. -或- <paramref name="accessMask" /> 属性为零.</para></exception>
      <exception cref="T:System.ArgumentException">The <paramref name="identityReference" /> property is neither of type <see cref="T:System.Security.Principal.SecurityIdentifier" /> nor of a type, such as <see cref="T:System.Security.Principal.NTAccount" />, that can be converted to type <see cref="T:System.Security.Principal.SecurityIdentifier" />.<para><paramref name="identityReference" /> 属性既不是 <see cref="T:System.Security.Principal.SecurityIdentifier" /> 类型也不是类型,例如 <see cref="t:system.security.principal.ntaccount" /> ,可以转换为类型 <see cref="T:System.Security.Principal.SecurityIdentifier" />.</para></exception>
      <returns>The <see cref="T:System.Security.AccessControl.AuditRule" /> object that this method creates.<para>这 <see cref="t:system.security.accesscontrol.auditrule" /> 此方法创建的对象.</para></returns>
    </member>
    <member name="M:System.IO.Pipes.PipeSecurity.Persist(System.Runtime.InteropServices.SafeHandle)">
      <summary>Saves the specified sections of the security descriptor that is associated with the current <see cref="T:System.IO.Pipes.PipeSecurity" /> object to permanent storage.<para>将与当前 <see cref="T:System.IO.Pipes.PipeSecurity" /> 对象关联的安全描述符的指定部分保存到永久存储.</para></summary>
      <param name="handle">The handle of the securable object that the current <see cref="T:System.IO.Pipes.PipeSecurity" /> object is associated with.<para>与当前 <see cref="T:System.IO.Pipes.PipeSecurity" /> 对象关联的安全对象的句柄.</para></param>
    </member>
    <member name="M:System.IO.Pipes.PipeSecurity.Persist(System.String)">
      <summary>Saves the specified sections of the security descriptor that is associated with the current <see cref="T:System.IO.Pipes.PipeSecurity" /> object to permanent storage.<para>将与当前 <see cref="T:System.IO.Pipes.PipeSecurity" /> 对象关联的安全描述符的指定部分保存到永久存储.</para></summary>
      <param name="name">The name of the securable object that the current <see cref="T:System.IO.Pipes.PipeSecurity" /> object is associated with.<para>与当前 <see cref="T:System.IO.Pipes.PipeSecurity" /> 对象关联的安全对象的名称.</para></param>
    </member>
    <member name="M:System.IO.Pipes.PipeSecurity.RemoveAccessRule(System.IO.Pipes.PipeAccessRule)">
      <summary>Removes an access rule from the Discretionary Access Control List (DACL) that is associated with the current <see cref="T:System.IO.Pipes.PipeSecurity" /> object.<para>从与当前 <see cref="T:System.IO.Pipes.PipeSecurity" /> 对象关联的自由访问控制列表 （dacl） 中删除访问规则.</para></summary>
      <param name="rule">The access rule to remove.<para>要删除的访问规则.</para></param>
      <exception cref="T:System.ArgumentNullException">The <paramref name="rule" /> parameter is <see langword="null" />.<para><paramref name="rule" /> 参数是 <see langword="null" />.</para></exception>
      <returns>
        <see langword="true" /> if the operation is successful; otherwise, <see langword="false" />.<para><see langword="true" /> 如果操作成功;否则,<see langword="false" />.</para></returns>
    </member>
    <member name="M:System.IO.Pipes.PipeSecurity.RemoveAccessRuleSpecific(System.IO.Pipes.PipeAccessRule)">
      <summary>Removes the specified access rule from the Discretionary Access Control List (DACL) that is associated with the current <see cref="T:System.IO.Pipes.PipeSecurity" /> object.<para>从与当前 <see cref="T:System.IO.Pipes.PipeSecurity" /> 对象关联的自由访问控制列表 （dacl） 中删除指定的访问规则.</para></summary>
      <param name="rule">The access rule to remove.<para>要删除的访问规则.</para></param>
      <exception cref="T:System.ArgumentNullException">The <paramref name="rule" /> parameter is <see langword="null" />.<para><paramref name="rule" /> 参数是 <see langword="null" />.</para></exception>
    </member>
    <member name="M:System.IO.Pipes.PipeSecurity.RemoveAuditRule(System.IO.Pipes.PipeAuditRule)">
      <summary>Removes an audit rule from the System Access Control List (SACL) that is associated with the current <see cref="T:System.IO.Pipes.PipeSecurity" /> object.<para>从与当前 <see cref="T:System.IO.Pipes.PipeSecurity" /> 对象关联的系统访问控制列表 （sacl） 中删除审核规则.</para></summary>
      <param name="rule">The audit rule to remove.<para>要删除的审核规则.</para></param>
      <exception cref="T:System.ArgumentNullException">The <paramref name="rule" /> parameter is <see langword="null" />.<para><paramref name="rule" /> 参数是 <see langword="null" />.</para></exception>
      <returns>
        <see langword="true" /> if the audit rule was removed; otherwise, <see langword="false" />.<para><see langword="true" /> 如果删除了审核规则;否则,<see langword="false" />.</para></returns>
    </member>
    <member name="M:System.IO.Pipes.PipeSecurity.RemoveAuditRuleAll(System.IO.Pipes.PipeAuditRule)">
      <summary>Removes all audit rules that have the same security identifier as the specified audit rule from the System Access Control List (SACL) that is associated with the current <see cref="T:System.IO.Pipes.PipeSecurity" /> object.<para>从与当前 <see cref="T:System.IO.Pipes.PipeSecurity" /> 对象关联的系统访问控制列表 （sacl） 中删除与指定审核规则具有相同安全标识符的所有审核规则.</para></summary>
      <param name="rule">The audit rule to remove.<para>要删除的审核规则.</para></param>
      <exception cref="T:System.ArgumentNullException">The <paramref name="rule" /> parameter is <see langword="null" />.<para><paramref name="rule" /> 参数是 <see langword="null" />.</para></exception>
    </member>
    <member name="M:System.IO.Pipes.PipeSecurity.RemoveAuditRuleSpecific(System.IO.Pipes.PipeAuditRule)">
      <summary>Removes the specified audit rule from the System Access Control List (SACL) that is associated with the current <see cref="T:System.IO.Pipes.PipeSecurity" /> object.<para>从与当前 <see cref="T:System.IO.Pipes.PipeSecurity" /> 对象关联的系统访问控制列表 （sacl） 中删除指定的审核规则.</para></summary>
      <param name="rule">The audit rule to remove.<para>要删除的审核规则.</para></param>
      <exception cref="T:System.ArgumentNullException">The <paramref name="rule" /> parameter is <see langword="null" />.<para><paramref name="rule" /> 参数是 <see langword="null" />.</para></exception>
    </member>
    <member name="M:System.IO.Pipes.PipeSecurity.ResetAccessRule(System.IO.Pipes.PipeAccessRule)">
      <summary>Removes all access rules in the Discretionary Access Control List (DACL) that is associated with the current <see cref="T:System.IO.Pipes.PipeSecurity" /> object and then adds the specified access rule.<para>删除自由访问控制列表 （dacl） 中与当前 <see cref="T:System.IO.Pipes.PipeSecurity" /> 对象关联的所有访问规则,然后添加指定的访问规则.</para></summary>
      <param name="rule">The access rule to add.<para>要添加的访问规则.</para></param>
      <exception cref="T:System.ArgumentNullException">The <paramref name="rule" /> parameter is <see langword="null" />.<para><paramref name="rule" /> 参数是 <see langword="null" />.</para></exception>
    </member>
    <member name="M:System.IO.Pipes.PipeSecurity.SetAccessRule(System.IO.Pipes.PipeAccessRule)">
      <summary>Sets an access rule in the Discretionary Access Control List (DACL) that is associated with the current <see cref="T:System.IO.Pipes.PipeSecurity" /> object.<para>在与当前 <see cref="T:System.IO.Pipes.PipeSecurity" /> 对象关联的自由访问控制列表 （dacl） 中设置访问规则.</para></summary>
      <param name="rule">The rule to set.<para>要设置的规则.</para></param>
      <exception cref="T:System.ArgumentNullException">The <paramref name="rule" /> parameter is <see langword="null" />.<para><paramref name="rule" /> 参数是 <see langword="null" />.</para></exception>
    </member>
    <member name="M:System.IO.Pipes.PipeSecurity.SetAuditRule(System.IO.Pipes.PipeAuditRule)">
      <summary>Sets an audit rule in the System Access Control List (SACL) that is associated with the current <see cref="T:System.IO.Pipes.PipeSecurity" /> object.<para>在系统访问控制列表 （sacl） 中设置与当前 <see cref="T:System.IO.Pipes.PipeSecurity" /> 对象关联的审核规则.</para></summary>
      <param name="rule">The rule to set.<para>要设置的规则.</para></param>
      <exception cref="T:System.ArgumentNullException">The <paramref name="rule" /> parameter is <see langword="null" />.<para><paramref name="rule" /> 参数是 <see langword="null" />.</para></exception>
    </member>
    <member name="P:System.IO.Pipes.PipeSecurity.AccessRightType">
      <summary>Gets the <see cref="T:System.Type" /> of the securable object that is associated with the current <see cref="T:System.IO.Pipes.PipeSecurity" /> object.<para>获取与当前 <see cref="T:System.IO.Pipes.PipeSecurity" /> 对象关联的安全对象的 <see cref="T:System.Type" />.</para></summary>
      <returns>The type of the securable object that is associated with the current <see cref="T:System.IO.Pipes.PipeSecurity" /> object.<para>与当前 <see cref="T:System.IO.Pipes.PipeSecurity" /> 对象关联的安全对象的类型.</para></returns>
    </member>
    <member name="P:System.IO.Pipes.PipeSecurity.AccessRuleType">
      <summary>Gets the <see cref="T:System.Type" /> of the object that is associated with the access rules of the current <see cref="T:System.IO.Pipes.PipeSecurity" /> object.<para>获取与当前 <see cref="T:System.IO.Pipes.PipeSecurity" /> 对象的访问规则关联的对象的 <see cref="T:System.Type" />.</para></summary>
      <returns>The type of the object that is associated with the access rules of the current <see cref="T:System.IO.Pipes.PipeSecurity" /> object.<para>与当前 <see cref="T:System.IO.Pipes.PipeSecurity" /> 对象的访问规则关联的对象的类型.</para></returns>
    </member>
    <member name="P:System.IO.Pipes.PipeSecurity.AuditRuleType">
      <summary>Gets the <see cref="T:System.Type" /> object associated with the audit rules of the current <see cref="T:System.IO.Pipes.PipeSecurity" /> object.<para>获取与当前 <see cref="T:System.IO.Pipes.PipeSecurity" /> 对象的审核规则关联的 <see cref="T:System.Type" /> 对象.</para></summary>
      <returns>The type of the object that is associated with the audit rules of the current <see cref="T:System.IO.Pipes.PipeSecurity" /> object.<para>与当前 <see cref="T:System.IO.Pipes.PipeSecurity" /> 对象的审核规则关联的对象的类型.</para></returns>
    </member>
  </members>
</doc>