﻿<?xml version="1.0" encoding="utf-8"?>
<doc>
  <assembly>
    <name>System.Threading.Thread</name>
  </assembly>
  <members>
    <member name="T:System.LocalDataStoreSlot">
      <summary>Encapsulates a memory slot to store local data. This class cannot be inherited.<para>封装用于存储本地数据的内存插槽.此类不能继承.</para></summary>
    </member>
    <member name="M:System.LocalDataStoreSlot.Finalize">
      <summary>Ensures that resources are freed and other cleanup operations are performed when the garbage collector reclaims the <see cref="T:System.LocalDataStoreSlot" /> object.<para>确保在垃圾回收器回收 <see cref="T:System.LocalDataStoreSlot" /> 对象时释放资源并执行其他清理操作.</para></summary>
    </member>
    <member name="T:System.Threading.ApartmentState">
      <summary>Specifies the apartment state of a <see cref="T:System.Threading.Thread" />.<para>指定 <see cref="T:System.Threading.Thread" /> 的公寓状态.</para></summary>
    </member>
    <member name="F:System.Threading.ApartmentState.MTA">
      <summary>The <see cref="T:System.Threading.Thread" /> will create and enter a multithreaded apartment.<para><see cref="T:System.Threading.Thread" /> 将创建并进入多线程单元.</para></summary>
    </member>
    <member name="F:System.Threading.ApartmentState.STA">
      <summary>The <see cref="T:System.Threading.Thread" /> will create and enter a single-threaded apartment.<para><see cref="T:System.Threading.Thread" /> 将创建并进入单线程单元.</para></summary>
    </member>
    <member name="F:System.Threading.ApartmentState.Unknown">
      <summary>The <see cref="P:System.Threading.Thread.ApartmentState" /> property has not been set.<para>这 <see cref="p:system.threading.thread.apartmentstate" /> 属性尚未设置.</para></summary>
    </member>
    <member name="T:System.Threading.CompressedStack">
      <summary>Provides methods for setting and capturing the compressed stack on the current thread. This class cannot be inherited.<para>提供用于设置和捕获当前线程上的压缩堆栈的方法.此类不能继承.</para></summary>
    </member>
    <member name="M:System.Threading.CompressedStack.Capture">
      <summary>Captures the compressed stack from the current thread.<para>从当前线程捕获压缩堆栈.</para></summary>
      <returns>A <see cref="T:System.Threading.CompressedStack" /> object.<para>一个 <see cref="T:System.Threading.CompressedStack" /> 对象.</para></returns>
    </member>
    <member name="M:System.Threading.CompressedStack.CreateCopy">
      <summary>Creates a copy of the current compressed stack.<para>创建当前压缩堆栈的副本.</para></summary>
      <returns>A <see cref="T:System.Threading.CompressedStack" /> object representing the current compressed stack.<para>一个 <see cref="T:System.Threading.CompressedStack" /> 对象,表示当前压缩堆栈.</para></returns>
    </member>
    <member name="M:System.Threading.CompressedStack.GetCompressedStack">
      <summary>Gets the compressed stack for the current thread.<para>获取当前线程的压缩堆栈.</para></summary>
      <exception cref="T:System.Security.SecurityException">A caller in the call chain does not have permission to access unmanaged code.  
  
 -or-  
  
 The request for <see cref="T:System.Security.Permissions.StrongNameIdentityPermission" /> failed.<para>调用链中的调用方无权访问非托管代码. -或- 对 <see cref="T:System.Security.Permissions.StrongNameIdentityPermission" /> 的请求失败.</para></exception>
      <returns>A <see cref="T:System.Threading.CompressedStack" /> for the current thread.<para>a <see cref="T:System.Threading.CompressedStack" /> 表示当前线程.</para></returns>
    </member>
    <member name="M:System.Threading.CompressedStack.GetObjectData(System.Runtime.Serialization.SerializationInfo,System.Runtime.Serialization.StreamingContext)">
      <summary>Sets the <see cref="T:System.Runtime.Serialization.SerializationInfo" /> object with the logical context information needed to recreate an instance of this execution context.<para>使用 <see cref="T:System.Runtime.Serialization.SerializationInfo" /> 对象设置重新创建此执行上下文的实例所需的逻辑上下文信息.</para></summary>
      <param name="info">The <see cref="T:System.Runtime.Serialization.SerializationInfo" /> object to be populated with serialization information.<para>要用序列化信息填充的 <see cref="T:System.Runtime.Serialization.SerializationInfo" /> 对象.</para></param>
      <param name="context">The <see cref="T:System.Runtime.Serialization.StreamingContext" /> structure representing the destination context of the serialization.<para>表示序列化的目标上下文的 <see cref="T:System.Runtime.Serialization.StreamingContext" /> 结构.</para></param>
      <exception cref="T:System.ArgumentNullException">
        <paramref name="info" /> is <see langword="null" />.<para><paramref name="info" /> 是 <see langword="null" />.</para></exception>
    </member>
    <member name="M:System.Threading.CompressedStack.Run(System.Threading.CompressedStack,System.Threading.ContextCallback,System.Object)">
      <summary>Runs a method in the specified compressed stack on the current thread.<para>在当前线程上的指定压缩堆栈中运行方法.</para></summary>
      <param name="compressedStack">The <see cref="T:System.Threading.CompressedStack" /> to set.<para>要设置的 <see cref="T:System.Threading.CompressedStack" />.</para></param>
      <param name="callback">A <see cref="T:System.Threading.ContextCallback" /> that represents the method to be run in the specified security context.<para>一个 <see cref="T:System.Threading.ContextCallback" />,表示要在指定的安全上下文中运行的方法.</para></param>
      <param name="state">The object to be passed to the callback method.<para>要传递给回调方法的对象.</para></param>
      <exception cref="T:System.ArgumentException">
        <paramref name="compressedStack" /> is <see langword="null" />.<para><paramref name="compressedStack" /> 是 <see langword="null" />.</para></exception>
    </member>
    <member name="T:System.Threading.ParameterizedThreadStart">
      <summary>Represents the method that executes on a <see cref="T:System.Threading.Thread" />.<para>表示在 <see cref="T:System.Threading.Thread" /> 上执行的方法.</para></summary>
      <param name="obj">An object that contains data for the thread procedure.<para>一个对象,包含线程过程的数据.</para></param>
    </member>
    <member name="T:System.Threading.Thread">
      <summary>Creates and controls a thread, sets its priority, and gets its status.<para>创建和控制线程,设置其优先级并获取其状态.</para></summary>
    </member>
    <member name="M:System.Threading.Thread.#ctor(System.Threading.ParameterizedThreadStart)">
      <summary>Initializes a new instance of the <see cref="T:System.Threading.Thread" /> class, specifying a delegate that allows an object to be passed to the thread when the thread is started.<para>初始化 <see cref="T:System.Threading.Thread" /> 类的新实例,指定一个委托,该委托允许在线程启动时将对象传递给线程.</para></summary>
      <param name="start">A delegate that represents the methods to be invoked when this thread begins executing.<para>一个委托,表示此线程开始执行时要调用的方法.</para></param>
      <exception cref="T:System.ArgumentNullException">
        <paramref name="start" /> is <see langword="null" />.<para><paramref name="start" /> 是 <see langword="null" />.</para></exception>
    </member>
    <member name="M:System.Threading.Thread.#ctor(System.Threading.ParameterizedThreadStart,System.Int32)">
      <summary>Initializes a new instance of the <see cref="T:System.Threading.Thread" /> class, specifying a delegate that allows an object to be passed to the thread when the thread is started and specifying the maximum stack size for the thread.<para>初始化 <see cref="T:System.Threading.Thread" /> 类的新实例,指定允许在线程启动时将对象传递给线程的委托,并指定线程的最大堆栈大小.</para></summary>
      <param name="start">A <see cref="T:System.Threading.ParameterizedThreadStart" /> delegate that represents the methods to be invoked when this thread begins executing.<para>一个 <see cref="T:System.Threading.ParameterizedThreadStart" /> 委托,表示此线程开始执行时要调用的方法.</para></param>
      <param name="maxStackSize">The maximum stack size, in bytes, to be used by the thread, or 0 to use the default maximum stack size specified in the header for the executable.  
  
 Important   For partially trusted code, <paramref name="maxStackSize" /> is ignored if it is greater than the default stack size. No exception is thrown.<para>线程要使用的最大堆栈大小（以字节为单位）,或 0 表示使用可执行文件标头中指定的默认最大堆栈大小. 重要提示 对于部分受信任的代码,如果 <paramref name="maxStackSize" /> 大于默认堆栈大小,则忽略它.不会引发任何异常.</para></param>
      <exception cref="T:System.ArgumentNullException">
        <paramref name="start" /> is <see langword="null" />.<para><paramref name="start" /> 是 <see langword="null" />.</para></exception>
      <exception cref="T:System.ArgumentOutOfRangeException">
        <paramref name="maxStackSize" /> is less than zero.<para><paramref name="maxStackSize" /> 小于零.</para></exception>
    </member>
    <member name="M:System.Threading.Thread.#ctor(System.Threading.ThreadStart)">
      <summary>Initializes a new instance of the <see cref="T:System.Threading.Thread" /> class.<para>初始化 <see cref="T:System.Threading.Thread" /> 类的新实例.</para></summary>
      <param name="start">A <see cref="T:System.Threading.ThreadStart" /> delegate that represents the methods to be invoked when this thread begins executing.<para>一个 <see cref="T:System.Threading.ThreadStart" /> 委托,表示此线程开始执行时要调用的方法.</para></param>
      <exception cref="T:System.ArgumentNullException">The <paramref name="start" /> parameter is <see langword="null" />.<para><paramref name="start" /> 参数是 <see langword="null" />.</para></exception>
    </member>
    <member name="M:System.Threading.Thread.#ctor(System.Threading.ThreadStart,System.Int32)">
      <summary>Initializes a new instance of the <see cref="T:System.Threading.Thread" /> class, specifying the maximum stack size for the thread.<para>初始化 <see cref="T:System.Threading.Thread" /> 类的新实例,指定线程的最大堆栈大小.</para></summary>
      <param name="start">A <see cref="T:System.Threading.ThreadStart" /> delegate that represents the methods to be invoked when this thread begins executing.<para>一个 <see cref="T:System.Threading.ThreadStart" /> 委托,表示此线程开始执行时要调用的方法.</para></param>
      <param name="maxStackSize">The maximum stack size, in bytes, to be used by the thread, or 0 to use the default maximum stack size specified in the header for the executable.  
  
 Important   For partially trusted code, <paramref name="maxStackSize" /> is ignored if it is greater than the default stack size. No exception is thrown.<para>线程要使用的最大堆栈大小（以字节为单位）,或 0 表示使用可执行文件标头中指定的默认最大堆栈大小. 重要提示 对于部分受信任的代码,如果 <paramref name="maxStackSize" /> 大于默认堆栈大小,则忽略它.不会引发任何异常.</para></param>
      <exception cref="T:System.ArgumentNullException">
        <paramref name="start" /> is <see langword="null" />.<para><paramref name="start" /> 是 <see langword="null" />.</para></exception>
      <exception cref="T:System.ArgumentOutOfRangeException">
        <paramref name="maxStackSize" /> is less than zero.<para><paramref name="maxStackSize" /> 小于零.</para></exception>
    </member>
    <member name="M:System.Threading.Thread.Abort">
      <summary>Raises a <see cref="T:System.Threading.ThreadAbortException" /> in the thread on which it is invoked, to begin the process of terminating the thread. Calling this method usually terminates the thread.<para>提高一个 <see cref="t:system.threading.threadabortexception" /> 在调用它的线程中,开始终止线程的过程.调用此方法通常会终止线程.</para></summary>
      <exception cref="T:System.PlatformNotSupportedException">.NET Core and .NET 5+ only: In all cases.<para>仅限 .net core 和 .net 5+:在所有情况下.</para></exception>
      <exception cref="T:System.Security.SecurityException">The caller does not have the required permission.<para>调用方没有所需的权限.</para></exception>
      <exception cref="T:System.Threading.ThreadStateException">The thread that is being aborted is currently suspended.<para>正在中止的线程当前已挂起.</para></exception>
    </member>
    <member name="M:System.Threading.Thread.Abort(System.Object)">
      <summary>Raises a <see cref="T:System.Threading.ThreadAbortException" /> in the thread on which it is invoked, to begin the process of terminating the thread while also providing exception information about the thread termination. Calling this method usually terminates the thread.<para>提高一个 <see cref="t:system.threading.threadabortexception" /> 在调用它的线程中,开始终止线程的过程,同时提供有关线程终止的异常信息.调用此方法通常会终止线程.</para></summary>
      <param name="stateInfo">An object that contains application-specific information, such as state, which can be used by the thread being aborted.<para>包含特定于应用程序的信息（如 state）的对象,该信息可由正在中止的线程使用.</para></param>
      <exception cref="T:System.PlatformNotSupportedException">.NET Core and .NET 5+ only: In all cases.<para>仅限 .net core 和 .net 5+:在所有情况下.</para></exception>
      <exception cref="T:System.Security.SecurityException">The caller does not have the required permission.<para>调用方没有所需的权限.</para></exception>
      <exception cref="T:System.Threading.ThreadStateException">The thread that is being aborted is currently suspended.<para>正在中止的线程当前已挂起.</para></exception>
    </member>
    <member name="M:System.Threading.Thread.AllocateDataSlot">
      <summary>Allocates an unnamed data slot on all the threads. For better performance, use fields that are marked with the <see cref="T:System.ThreadStaticAttribute" /> attribute instead.<para>在所有线程上分配一个未命名的数据槽.为了获得更好的性能,请使用标有 <see cref="t:system.threadstaticattribute" /> 属性.</para></summary>
      <returns>The allocated named data slot on all threads.<para>所有线程上分配的命名数据槽.</para></returns>
    </member>
    <member name="M:System.Threading.Thread.AllocateNamedDataSlot(System.String)">
      <summary>Allocates a named data slot on all threads. For better performance, use fields that are marked with the <see cref="T:System.ThreadStaticAttribute" /> attribute instead.<para>在所有线程上分配一个命名数据槽.为了获得更好的性能,请使用标有 <see cref="t:system.threadstaticattribute" /> 属性.</para></summary>
      <param name="name">The name of the data slot to be allocated.<para>要分配的数据槽的名称.</para></param>
      <exception cref="T:System.ArgumentException">A named data slot with the specified name already exists.<para>具有指定名称的命名数据槽已存在.</para></exception>
      <returns>The allocated named data slot on all threads.<para>所有线程上分配的命名数据槽.</para></returns>
    </member>
    <member name="M:System.Threading.Thread.BeginCriticalRegion">
      <summary>Notifies a host that execution is about to enter a region of code in which the effects of a thread abort or unhandled exception might jeopardize other tasks in the application domain.<para>通知主机执行即将进入一个代码区域,在该区域中,线程中止或未经处理的异常的影响可能会危及应用程序域中的其他任务.</para></summary>
    </member>
    <member name="M:System.Threading.Thread.BeginThreadAffinity">
      <summary>Notifies a host that managed code is about to execute instructions that depend on the identity of the current physical operating system thread.<para>通知主机托管代码即将执行依赖于当前物理操作系统线程标识的指令.</para></summary>
      <exception cref="T:System.Security.SecurityException">The caller does not have the required permission.<para>调用方没有所需的权限.</para></exception>
    </member>
    <member name="M:System.Threading.Thread.DisableComObjectEagerCleanup">
      <summary>Turns off automatic cleanup of runtime callable wrappers (RCW) for the current thread.<para>关闭当前线程的运行时可调用包装器 （rcw） 的自动清理.</para></summary>
    </member>
    <member name="M:System.Threading.Thread.EndCriticalRegion">
      <summary>Notifies a host that execution is about to enter a region of code in which the effects of a thread abort or unhandled exception are limited to the current task.<para>通知主机执行即将进入一个代码区域,在该区域中,线程中止或未处理异常的影响仅限于当前任务.</para></summary>
    </member>
    <member name="M:System.Threading.Thread.EndThreadAffinity">
      <summary>Notifies a host that managed code has finished executing instructions that depend on the identity of the current physical operating system thread.<para>通知主机托管代码已完成执行依赖于当前物理操作系统线程标识的指令.</para></summary>
      <exception cref="T:System.Security.SecurityException">The caller does not have the required permission.<para>调用方没有所需的权限.</para></exception>
    </member>
    <member name="M:System.Threading.Thread.Finalize">
      <summary>Ensures that resources are freed and other cleanup operations are performed when the garbage collector reclaims the <see cref="T:System.Threading.Thread" /> object.<para>确保在垃圾回收器回收 <see cref="T:System.Threading.Thread" /> 对象时释放资源并执行其他清理操作.</para></summary>
    </member>
    <member name="M:System.Threading.Thread.FreeNamedDataSlot(System.String)">
      <summary>Eliminates the association between a name and a slot, for all threads in the process. For better performance, use fields that are marked with the <see cref="T:System.ThreadStaticAttribute" /> attribute instead.<para>消除进程中所有线程的名称和插槽之间的关联.为了获得更好的性能,请使用标有 <see cref="t:system.threadstaticattribute" /> 属性.</para></summary>
      <param name="name">The name of the data slot to be freed.<para>要释放的数据槽的名称.</para></param>
    </member>
    <member name="M:System.Threading.Thread.GetApartmentState">
      <summary>Returns an <see cref="T:System.Threading.ApartmentState" /> value indicating the apartment state.<para>返回一个 <see cref="t:system.threading.apartmentstate" /> 指示公寓状态的值.</para></summary>
      <returns>One of the <see cref="T:System.Threading.ApartmentState" /> values indicating the apartment state of the managed thread. The default is <see cref="F:System.Threading.ApartmentState.Unknown" />.<para>其中之一 <see cref="t:system.threading.apartmentstate" /> 指示受管线程的单元状态的值.默认值为 <see cref="f:system.threading.apartmentstate.unknown" /> .</para></returns>
    </member>
    <member name="M:System.Threading.Thread.GetCompressedStack">
      <summary>Returns a <see cref="T:System.Threading.CompressedStack" /> object that can be used to capture the stack for the current thread.<para>返回可用于捕获当前线程的堆栈的 <see cref="T:System.Threading.CompressedStack" /> 对象.</para></summary>
      <exception cref="T:System.InvalidOperationException">In all cases.<para>在所有情况下.</para></exception>
    </member>
    <member name="M:System.Threading.Thread.GetCurrentProcessorId">
      <summary>Gets an ID used to indicate on which processor the current thread is executing.<para>获取用于指示当前线程正在哪个处理器上执行的 id.</para></summary>
      <returns>An integer representing the cached processor ID.<para>表示缓存的处理器 id 的整数.</para></returns>
    </member>
    <member name="M:System.Threading.Thread.GetData(System.LocalDataStoreSlot)">
      <summary>Retrieves the value from the specified slot on the current thread, within the current thread's current domain. For better performance, use fields that are marked with the <see cref="T:System.ThreadStaticAttribute" /> attribute instead.<para>从当前线程的当前域中的指定槽中检索值.为了获得更好的性能,请使用标有 <see cref="t:system.threadstaticattribute" /> 属性.</para></summary>
      <param name="slot">The <see cref="T:System.LocalDataStoreSlot" /> from which to get the value.<para>从中获取值的 <see cref="T:System.LocalDataStoreSlot" />.</para></param>
      <returns>The retrieved value.<para>检索到的值.</para></returns>
    </member>
    <member name="M:System.Threading.Thread.GetDomain">
      <summary>Returns the current domain in which the current thread is running.<para>返回运行当前线程的当前域.</para></summary>
      <returns>An <see cref="T:System.AppDomain" /> representing the current application domain of the running thread.<para>一 <see cref="t:system.appdomain" /> 表示正在运行的线程的当前应用程序域.</para></returns>
    </member>
    <member name="M:System.Threading.Thread.GetDomainID">
      <summary>Returns a unique application domain identifier.<para>返回唯一的应用程序域标识符.</para></summary>
      <returns>A 32-bit signed integer uniquely identifying the application domain.<para>唯一标识应用程序域的 32 位有符号整数.</para></returns>
    </member>
    <member name="M:System.Threading.Thread.GetHashCode">
      <summary>Returns a hash code for the current thread.<para>返回当前线程的哈希代码.</para></summary>
      <returns>An integer hash code value.<para>整数哈希代码值.</para></returns>
    </member>
    <member name="M:System.Threading.Thread.GetNamedDataSlot(System.String)">
      <summary>Looks up a named data slot. For better performance, use fields that are marked with the <see cref="T:System.ThreadStaticAttribute" /> attribute instead.<para>查找命名数据槽.为了获得更好的性能,请使用标有 <see cref="t:system.threadstaticattribute" /> 属性.</para></summary>
      <param name="name">The name of the local data slot.<para>本地数据槽的名称.</para></param>
      <returns>A <see cref="T:System.LocalDataStoreSlot" /> allocated for this thread.<para>为此线程分配的 <see cref="T:System.LocalDataStoreSlot" />.</para></returns>
    </member>
    <member name="M:System.Threading.Thread.Interrupt">
      <summary>Interrupts a thread that is in the <see cref="F:System.Threading.ThreadState.WaitSleepJoin" /> thread state.<para>中断处于 <see cref="F:System.Threading.ThreadState.WaitSleepJoin" /> 线程状态的线程.</para></summary>
      <exception cref="T:System.Security.SecurityException">The caller does not have the appropriate <see cref="T:System.Security.Permissions.SecurityPermission" />.<para>调用方没有相应的 <see cref="T:System.Security.Permissions.SecurityPermission" />.</para></exception>
    </member>
    <member name="M:System.Threading.Thread.Join">
      <summary>Blocks the calling thread until the thread represented by this instance terminates, while continuing to perform standard COM and <see langword="SendMessage" /> pumping.<para>阻止调用线程,直到此实例表示的线程终止,同时继续执行标准 com 和 <see langword="SendMessage" /> 抽取.</para></summary>
      <exception cref="T:System.Threading.ThreadStateException">The caller attempted to join a thread that is in the <see cref="F:System.Threading.ThreadState.Unstarted" /> state.<para>调用方尝试加入处于 <see cref="F:System.Threading.ThreadState.Unstarted" /> 状态的线程.</para></exception>
      <exception cref="T:System.Threading.ThreadInterruptedException">The thread is interrupted while waiting.<para>线程在等待时中断.</para></exception>
    </member>
    <member name="M:System.Threading.Thread.Join(System.Int32)">
      <summary>Blocks the calling thread until the thread represented by this instance terminates or the specified time elapses, while continuing to perform standard COM and SendMessage pumping.<para>阻止调用线程,直到此实例表示的线程终止或经过指定的时间,同时继续执行标准 com 和 sendmessage 抽取.</para></summary>
      <param name="millisecondsTimeout">The number of milliseconds to wait for the thread to terminate.<para>等待线程终止的毫秒数.</para></param>
      <exception cref="T:System.ArgumentOutOfRangeException">The value of <paramref name="millisecondsTimeout" /> is negative and is not equal to <see cref="F:System.Threading.Timeout.Infinite" /> in milliseconds.<para><paramref name="millisecondsTimeout" /> 的值为负数,不等于 <see cref="F:System.Threading.Timeout.Infinite" />（以毫秒为单位）.</para></exception>
      <exception cref="T:System.Threading.ThreadStateException">The thread has not been started.<para>线程尚未启动.</para></exception>
      <exception cref="T:System.ArgumentException">
        <paramref name="millisecondsTimeout" /> is less than -1 (Timeout.Infinite).<para><paramref name="millisecondsTimeout" /> 小于 -1 （timeout.infinite）.</para></exception>
      <exception cref="T:System.Threading.ThreadInterruptedException">The thread was interrupted while waiting.<para>线程在等待时中断.</para></exception>
      <returns>
        <see langword="true" /> if the thread has terminated; <see langword="false" /> if the thread has not terminated after the amount of time specified by the <paramref name="millisecondsTimeout" /> parameter has elapsed.<para><see langword="true" /> 如果线程已终止;<see langword="false" />,如果线程在经过 <paramref name="millisecondsTimeout" /> 参数指定的时间后仍未终止.</para></returns>
    </member>
    <member name="M:System.Threading.Thread.Join(System.TimeSpan)">
      <summary>Blocks the calling thread until the thread represented by this instance terminates or the specified time elapses, while continuing to perform standard COM and SendMessage pumping.<para>阻止调用线程,直到此实例表示的线程终止或经过指定的时间,同时继续执行标准 com 和 sendmessage 抽取.</para></summary>
      <param name="timeout">A <see cref="T:System.TimeSpan" /> set to the amount of time to wait for the thread to terminate.<para>a <see cref="T:System.TimeSpan" /> 设置为等待线程终止的时间量.</para></param>
      <exception cref="T:System.ArgumentOutOfRangeException">The value of <paramref name="timeout" /> is negative and is not equal to <see cref="F:System.Threading.Timeout.Infinite" /> in milliseconds, or is greater than <see cref="F:System.Int32.MaxValue">Int32.MaxValue</see> milliseconds.<para><paramref name="timeout" /> 的值为负数,不等于 <see cref="F:System.Threading.Timeout.Infinite" />（以毫秒为单位）,或大于 <see cref="F:System.Int32.MaxValue">Int32.MaxValue</see> 毫秒.</para></exception>
      <exception cref="T:System.Threading.ThreadStateException">The caller attempted to join a thread that is in the <see cref="F:System.Threading.ThreadState.Unstarted" /> state.<para>调用方尝试加入处于 <see cref="F:System.Threading.ThreadState.Unstarted" /> 状态的线程.</para></exception>
      <returns>
        <see langword="true" /> if the thread terminated; <see langword="false" /> if the thread has not terminated after the amount of time specified by the <paramref name="timeout" /> parameter has elapsed.<para><see langword="true" /> 如果线程终止;<see langword="false" />,如果线程在经过 <paramref name="timeout" /> 参数指定的时间后仍未终止.</para></returns>
    </member>
    <member name="M:System.Threading.Thread.MemoryBarrier">
      <summary>Synchronizes memory access as follows: The processor executing the current thread cannot reorder instructions in such a way that memory accesses prior to the call to <see cref="M:System.Threading.Thread.MemoryBarrier" /> execute after memory accesses that follow the call to <see cref="M:System.Threading.Thread.MemoryBarrier" />.<para>按如下方式同步内存访问:执行当前线程的处理器无法对指令进行重新排序,即在调用 <see cref="M:System.Threading.Thread.MemoryBarrier" /> 之后执行内存访问后,内存访问在调用 <see cref="M:System.Threading.Thread.MemoryBarrier" /> 之后执行.</para></summary>
    </member>
    <member name="M:System.Threading.Thread.ResetAbort">
      <summary>Cancels an <see cref="M:System.Threading.Thread.Abort(System.Object)" /> requested for the current thread.<para>取消 <see cref="m:system.threading.thread.abort（system.object）" /> 请求当前线程.</para></summary>
      <exception cref="T:System.PlatformNotSupportedException">.NET Core and .NET 5+ only: In all cases.<para>仅限 .net core 和 .net 5+:在所有情况下.</para></exception>
      <exception cref="T:System.Threading.ThreadStateException">
        <see langword="Abort" /> was not invoked on the current thread.<para><see langword="abort" /> 未在当前线程上调用.</para></exception>
      <exception cref="T:System.Security.SecurityException">The caller does not have the required security permission for the current thread.<para>调用方没有当前线程所需的安全权限.</para></exception>
    </member>
    <member name="M:System.Threading.Thread.Resume">
      <summary>Resumes a thread that has been suspended.<para>恢复已挂起的线程.</para></summary>
      <exception cref="T:System.PlatformNotSupportedException">.NET Core and .NET 5+ only: In all cases.<para>仅限 .net core 和 .net 5+:在所有情况下.</para></exception>
      <exception cref="T:System.Threading.ThreadStateException">The thread has not been started, is dead, or is not in the suspended state.<para>线程尚未启动、已死或未处于挂起状态.</para></exception>
      <exception cref="T:System.Security.SecurityException">The caller does not have the appropriate <see cref="T:System.Security.Permissions.SecurityPermission" />.<para>调用方没有适当的 <see cref="T:System.Security.Permissions.SecurityPermission" />.</para></exception>
    </member>
    <member name="M:System.Threading.Thread.SetApartmentState(System.Threading.ApartmentState)">
      <summary>Sets the apartment state of a thread before it is started.<para>设置线程在启动前的单元状态.</para></summary>
      <param name="state">The new apartment state.<para>新公寓状态.</para></param>
      <exception cref="T:System.PlatformNotSupportedException">.NET Core and .NET 5+ only: In all cases on macOS and Linux.<para>仅限 .net core 和 .net 5+:在 macos 和 linux 上的所有情况下.</para></exception>
      <exception cref="T:System.ArgumentException">
        <paramref name="state" /> is not a valid apartment state.<para><paramref name="state" /> 不是有效的公寓状态.</para></exception>
      <exception cref="T:System.Threading.ThreadStateException">The thread has already been started.<para>线程已启动.</para></exception>
      <exception cref="T:System.InvalidOperationException">The apartment state has already been initialized.<para>公寓状态已初始化.</para></exception>
    </member>
    <member name="M:System.Threading.Thread.SetCompressedStack(System.Threading.CompressedStack)">
      <summary>Applies a captured <see cref="T:System.Threading.CompressedStack" /> to the current thread.<para>将捕获的 <see cref="T:System.Threading.CompressedStack" /> 应用于当前线程.</para></summary>
      <param name="stack">The <see cref="T:System.Threading.CompressedStack" /> object to be applied to the current thread.<para>要应用于当前线程的 <see cref="T:System.Threading.CompressedStack" /> 对象.</para></param>
      <exception cref="T:System.InvalidOperationException">In all cases.<para>在所有情况下.</para></exception>
    </member>
    <member name="M:System.Threading.Thread.SetData(System.LocalDataStoreSlot,System.Object)">
      <summary>Sets the data in the specified slot on the currently running thread, for that thread's current domain. For better performance, use fields marked with the <see cref="T:System.ThreadStaticAttribute" /> attribute instead.<para>为当前正在运行的线程的当前域设置当前槽中的数据.为了获得更好的性能,请使用标有 <see cref="t:system.threadstaticattribute" /> 属性.</para></summary>
      <param name="slot">The <see cref="T:System.LocalDataStoreSlot" /> in which to set the value.<para>要在其中设置值的 <see cref="T:System.LocalDataStoreSlot" />.</para></param>
      <param name="data">The value to be set.<para>要设置的值.</para></param>
    </member>
    <member name="M:System.Threading.Thread.Sleep(System.Int32)">
      <summary>Suspends the current thread for the specified number of milliseconds.<para>将当前线程挂起指定的毫秒数.</para></summary>
      <param name="millisecondsTimeout">The number of milliseconds for which the thread is suspended. If the value of the <paramref name="millisecondsTimeout" /> argument is zero, the thread relinquishes the remainder of its time slice to any thread of equal priority that is ready to run. If there are no other threads of equal priority that are ready to run, execution of the current thread is not suspended.<para>线程挂起的毫秒数.如果 <paramref name="millisecondsTimeout" /> 参数的值为零,则线程将其时间片的剩余部分让给准备运行的任何具有相同优先级的线程.如果没有其他具有相同优先级的线程准备好运行,则当前线程的执行不会挂起.</para></param>
      <exception cref="T:System.ArgumentOutOfRangeException">The time-out value is negative and is not equal to <see cref="F:System.Threading.Timeout.Infinite" />.<para>超时值为负数,不等于 <see cref="F:System.Threading.Timeout.Infinite" />.</para></exception>
    </member>
    <member name="M:System.Threading.Thread.Sleep(System.TimeSpan)">
      <summary>Suspends the current thread for the specified amount of time.<para>将当前线程挂起指定的时间量.</para></summary>
      <param name="timeout">The amount of time for which the thread is suspended. If the value of the <paramref name="timeout" /> argument is <see cref="F:System.TimeSpan.Zero" />, the thread relinquishes the remainder of its time slice to any thread of equal priority that is ready to run. If there are no other threads of equal priority that are ready to run, execution of the current thread is not suspended.<para>线程挂起的时间量.如果 <paramref name="timeout" /> 参数的值为 <see cref="F:System.TimeSpan.Zero" />,则线程将其时间片的剩余部分让给准备运行的任何具有相同优先级的线程.如果没有其他具有相同优先级的线程准备好运行,则当前线程的执行不会挂起.</para></param>
      <exception cref="T:System.ArgumentOutOfRangeException">The value of <paramref name="timeout" /> is negative and is not equal to <see cref="F:System.Threading.Timeout.Infinite" /> in milliseconds, or is greater than <see cref="F:System.Int32.MaxValue">Int32.MaxValue</see> milliseconds.<para><paramref name="timeout" /> 的值为负数,不等于 <see cref="F:System.Threading.Timeout.Infinite" />（以毫秒为单位）,或大于 <see cref="F:System.Int32.MaxValue">Int32.MaxValue</see> 毫秒.</para></exception>
    </member>
    <member name="M:System.Threading.Thread.SpinWait(System.Int32)">
      <summary>Causes a thread to wait the number of times defined by the <paramref name="iterations" /> parameter.<para>使线程等待 <paramref name="iterations" /> 参数定义的次数.</para></summary>
      <param name="iterations">A 32-bit signed integer that defines how long a thread is to wait.<para>一个 32 位有符号整数,用于定义线程等待的时间.</para></param>
    </member>
    <member name="M:System.Threading.Thread.Start">
      <summary>Causes the operating system to change the state of the current instance to <see cref="F:System.Threading.ThreadState.Running" />.<para>导致操作系统将当前实例的状态更改为 <see cref="F:System.Threading.ThreadState.Running" />.</para></summary>
      <exception cref="T:System.Threading.ThreadStateException">The thread has already been started.<para>线程已启动.</para></exception>
      <exception cref="T:System.OutOfMemoryException">There is not enough memory available to start this thread.<para>没有足够的内存可用于启动此线程.</para></exception>
    </member>
    <member name="M:System.Threading.Thread.Start(System.Object)">
      <summary>Causes the operating system to change the state of the current instance to <see cref="F:System.Threading.ThreadState.Running" />, and optionally supplies an object containing data to be used by the method the thread executes.<para>使操作系统将当前实例的状态更改为 <see cref="F:System.Threading.ThreadState.Running" />,并选择性地提供一个对象,其中包含线程执行的方法要使用的数据.</para></summary>
      <param name="parameter">An object that contains data to be used by the method the thread executes.<para>一个对象,包含线程执行的方法要使用的数据.</para></param>
      <exception cref="T:System.Threading.ThreadStateException">The thread has already been started.<para>线程已启动.</para></exception>
      <exception cref="T:System.OutOfMemoryException">There is not enough memory available to start this thread.<para>没有足够的内存可用于启动此线程.</para></exception>
      <exception cref="T:System.InvalidOperationException">This thread was created using a <see cref="T:System.Threading.ThreadStart" /> delegate instead of a <see cref="T:System.Threading.ParameterizedThreadStart" /> delegate.<para>此线程是使用 <see cref="T:System.Threading.ThreadStart" /> 委托而不是 <see cref="T:System.Threading.ParameterizedThreadStart" /> 委托创建的.</para></exception>
    </member>
    <member name="M:System.Threading.Thread.Suspend">
      <summary>Either suspends the thread, or if the thread is already suspended, has no effect.<para>挂起线程,或者如果线程已挂起,则不起作用.</para></summary>
      <exception cref="T:System.PlatformNotSupportedException">.NET Core and .NET 5+ only: In all cases.<para>仅限 .net core 和 .net 5+:在所有情况下.</para></exception>
      <exception cref="T:System.Threading.ThreadStateException">The thread has not been started or is dead.<para>线程尚未启动或已死.</para></exception>
      <exception cref="T:System.Security.SecurityException">The caller does not have the appropriate <see cref="T:System.Security.Permissions.SecurityPermission" />.<para>调用方没有适当的 <see cref="T:System.Security.Permissions.SecurityPermission" />.</para></exception>
    </member>
    <member name="M:System.Threading.Thread.TrySetApartmentState(System.Threading.ApartmentState)">
      <summary>Sets the apartment state of a thread before it is started.<para>设置线程在启动前的单元状态.</para></summary>
      <param name="state">The new apartment state.<para>新公寓状态.</para></param>
      <exception cref="T:System.PlatformNotSupportedException">.NET Core and .NET 5+ only: In all cases on macOS and Linux.<para>仅限 .net core 和 .net 5+:在 macos 和 linux 上的所有情况下.</para></exception>
      <exception cref="T:System.ArgumentException">
        <paramref name="state" /> is not a valid apartment state.<para><paramref name="state" /> 不是有效的公寓状态.</para></exception>
      <exception cref="T:System.Threading.ThreadStateException">The thread was started and has terminated, or the call is not being made from the thread's context while the thread is running.<para>线程已启动并已终止,或者在线程运行时未从线程的上下文进行调用.</para></exception>
      <returns>
        <see langword="true" /> if the apartment state is set; otherwise, <see langword="false" />.<para><see langword="true" /> 如果设置了公寓状态;否则,<see langword="false" />.</para></returns>
    </member>
    <member name="M:System.Threading.Thread.UnsafeStart">
      <summary>Causes the operating system to change the state of the current instance to <see cref="F:System.Threading.ThreadState.Running" />.<para>导致操作系统将当前实例的状态更改为 <see cref="F:System.Threading.ThreadState.Running" />.</para></summary>
      <exception cref="T:System.Threading.ThreadStateException">The thread has already been started.<para>线程已启动.</para></exception>
      <exception cref="T:System.OutOfMemoryException">There is not enough memory available to start this thread.<para>没有足够的内存可用于启动此线程.</para></exception>
    </member>
    <member name="M:System.Threading.Thread.UnsafeStart(System.Object)">
      <summary>Causes the operating system to change the state of the current instance to <see cref="F:System.Threading.ThreadState.Running" />, and optionally supplies an object containing data to be used by the method the thread executes.<para>使操作系统将当前实例的状态更改为 <see cref="F:System.Threading.ThreadState.Running" />,并选择性地提供一个对象,其中包含线程执行的方法要使用的数据.</para></summary>
      <param name="parameter">An object that contains data to be used by the method the thread executes.<para>一个对象,包含线程执行的方法要使用的数据.</para></param>
      <exception cref="T:System.Threading.ThreadStateException">The thread has already been started.<para>线程已启动.</para></exception>
      <exception cref="T:System.OutOfMemoryException">There is not enough memory available to start this thread.<para>没有足够的内存可用于启动此线程.</para></exception>
      <exception cref="T:System.InvalidOperationException">This thread was created using a <see cref="T:System.Threading.ThreadStart" /> delegate instead of a <see cref="T:System.Threading.ParameterizedThreadStart" /> delegate.<para>此线程是使用 <see cref="T:System.Threading.ThreadStart" /> 委托而不是 <see cref="T:System.Threading.ParameterizedThreadStart" /> 委托创建的.</para></exception>
    </member>
    <member name="M:System.Threading.Thread.VolatileRead(System.Byte@)">
      <summary>Reads the value of a field. On systems that require it, inserts a memory barrier that prevents the processor from reordering memory operations as follows: If a read or write appears after this method in the code, the processor cannot move it before this method.<para>读取字段的值.在需要它的系统上, 插入一个内存屏障,阻止处理器按如下方式对内存操作重新排序: 如果代码中此方法之后出现读取或写入,则处理器无法在此方法之前移动它.</para></summary>
      <param name="address">The field to be read.<para>要读取的字段.</para></param>
      <returns>The value that was read.<para>已读取的值.</para></returns>
    </member>
    <member name="M:System.Threading.Thread.VolatileRead(System.Double@)">
      <summary>Reads the value of a field. On systems that require it, inserts a memory barrier that prevents the processor from reordering memory operations as follows: If a read or write appears after this method in the code, the processor cannot move it before this method.<para>读取字段的值.在需要它的系统上, 插入一个内存屏障,阻止处理器按如下方式对内存操作重新排序: 如果代码中此方法之后出现读取或写入,则处理器无法在此方法之前移动它.</para></summary>
      <param name="address">The field to be read.<para>要读取的字段.</para></param>
      <returns>The value that was read.<para>已读取的值.</para></returns>
    </member>
    <member name="M:System.Threading.Thread.VolatileRead(System.Int16@)">
      <summary>Reads the value of a field. On systems that require it, inserts a memory barrier that prevents the processor from reordering memory operations as follows: If a read or write appears after this method in the code, the processor cannot move it before this method.<para>读取字段的值.在需要它的系统上, 插入一个内存屏障,阻止处理器按如下方式对内存操作重新排序: 如果代码中此方法之后出现读取或写入,则处理器无法在此方法之前移动它.</para></summary>
      <param name="address">The field to be read.<para>要读取的字段.</para></param>
      <returns>The value that was read.<para>已读取的值.</para></returns>
    </member>
    <member name="M:System.Threading.Thread.VolatileRead(System.Int32@)">
      <summary>Reads the value of a field. On systems that require it, inserts a memory barrier that prevents the processor from reordering memory operations as follows: If a read or write appears after this method in the code, the processor cannot move it before this method.<para>读取字段的值.在需要它的系统上, 插入一个内存屏障,阻止处理器按如下方式对内存操作重新排序: 如果代码中此方法之后出现读取或写入,则处理器无法在此方法之前移动它.</para></summary>
      <param name="address">The field to be read.<para>要读取的字段.</para></param>
      <returns>The value that was read.<para>已读取的值.</para></returns>
    </member>
    <member name="M:System.Threading.Thread.VolatileRead(System.Int64@)">
      <summary>Reads the value of a field. On systems that require it, inserts a memory barrier that prevents the processor from reordering memory operations as follows: If a read or write appears after this method in the code, the processor cannot move it before this method.<para>读取字段的值.在需要它的系统上, 插入一个内存屏障,阻止处理器按如下方式对内存操作重新排序: 如果代码中此方法之后出现读取或写入,则处理器无法在此方法之前移动它.</para></summary>
      <param name="address">The field to be read.<para>要读取的字段.</para></param>
      <returns>The value that was read.<para>已读取的值.</para></returns>
    </member>
    <member name="M:System.Threading.Thread.VolatileRead(System.IntPtr@)">
      <summary>Reads the value of a field. On systems that require it, inserts a memory barrier that prevents the processor from reordering memory operations as follows: If a read or write appears after this method in the code, the processor cannot move it before this method.<para>读取字段的值.在需要它的系统上, 插入一个内存屏障,阻止处理器按如下方式对内存操作重新排序: 如果代码中此方法之后出现读取或写入,则处理器无法在此方法之前移动它.</para></summary>
      <param name="address">The field to be read.<para>要读取的字段.</para></param>
      <returns>The value that was read.<para>已读取的值.</para></returns>
    </member>
    <member name="M:System.Threading.Thread.VolatileRead(System.Object@)">
      <summary>Reads the value of a field. On systems that require it, inserts a memory barrier that prevents the processor from reordering memory operations as follows: If a read or write appears after this method in the code, the processor cannot move it before this method.<para>读取字段的值.在需要它的系统上, 插入一个内存屏障,阻止处理器按如下方式对内存操作重新排序: 如果代码中此方法之后出现读取或写入,则处理器无法在此方法之前移动它.</para></summary>
      <param name="address">The field to be read.<para>要读取的字段.</para></param>
      <returns>The value that was read.<para>已读取的值.</para></returns>
    </member>
    <member name="M:System.Threading.Thread.VolatileRead(System.SByte@)">
      <summary>Reads the value of a field. On systems that require it, inserts a memory barrier that prevents the processor from reordering memory operations as follows: If a read or write appears after this method in the code, the processor cannot move it before this method.<para>读取字段的值.在需要它的系统上, 插入一个内存屏障,阻止处理器按如下方式对内存操作重新排序: 如果代码中此方法之后出现读取或写入,则处理器无法在此方法之前移动它.</para></summary>
      <param name="address">The field to be read.<para>要读取的字段.</para></param>
      <returns>The value that was read.<para>已读取的值.</para></returns>
    </member>
    <member name="M:System.Threading.Thread.VolatileRead(System.Single@)">
      <summary>Reads the value of a field. On systems that require it, inserts a memory barrier that prevents the processor from reordering memory operations as follows: If a read or write appears after this method in the code, the processor cannot move it before this method.<para>读取字段的值.在需要它的系统上, 插入一个内存屏障,阻止处理器按如下方式对内存操作重新排序: 如果代码中此方法之后出现读取或写入,则处理器无法在此方法之前移动它.</para></summary>
      <param name="address">The field to be read.<para>要读取的字段.</para></param>
      <returns>The value that was read.<para>已读取的值.</para></returns>
    </member>
    <member name="M:System.Threading.Thread.VolatileRead(System.UInt16@)">
      <summary>Reads the value of a field. On systems that require it, inserts a memory barrier that prevents the processor from reordering memory operations as follows: If a read or write appears after this method in the code, the processor cannot move it before this method.<para>读取字段的值.在需要它的系统上, 插入一个内存屏障,阻止处理器按如下方式对内存操作重新排序: 如果代码中此方法之后出现读取或写入,则处理器无法在此方法之前移动它.</para></summary>
      <param name="address">The field to be read.<para>要读取的字段.</para></param>
      <returns>The value that was read.<para>已读取的值.</para></returns>
    </member>
    <member name="M:System.Threading.Thread.VolatileRead(System.UInt32@)">
      <summary>Reads the value of a field. On systems that require it, inserts a memory barrier that prevents the processor from reordering memory operations as follows: If a read or write appears after this method in the code, the processor cannot move it before this method.<para>读取字段的值.在需要它的系统上, 插入一个内存屏障,阻止处理器按如下方式对内存操作重新排序: 如果代码中此方法之后出现读取或写入,则处理器无法在此方法之前移动它.</para></summary>
      <param name="address">The field to be read.<para>要读取的字段.</para></param>
      <returns>The value that was read.<para>已读取的值.</para></returns>
    </member>
    <member name="M:System.Threading.Thread.VolatileRead(System.UInt64@)">
      <summary>Reads the value of a field. On systems that require it, inserts a memory barrier that prevents the processor from reordering memory operations as follows: If a read or write appears after this method in the code, the processor cannot move it before this method.<para>读取字段的值.在需要它的系统上, 插入一个内存屏障,阻止处理器按如下方式对内存操作重新排序: 如果代码中此方法之后出现读取或写入,则处理器无法在此方法之前移动它.</para></summary>
      <param name="address">The field to be read.<para>要读取的字段.</para></param>
      <returns>The value that was read.<para>已读取的值.</para></returns>
    </member>
    <member name="M:System.Threading.Thread.VolatileRead(System.UIntPtr@)">
      <summary>Reads the value of a field. On systems that require it, inserts a memory barrier that prevents the processor from reordering memory operations as follows: If a read or write appears after this method in the code, the processor cannot move it before this method.<para>读取字段的值.在需要它的系统上, 插入一个内存屏障,阻止处理器按如下方式对内存操作重新排序: 如果代码中此方法之后出现读取或写入,则处理器无法在此方法之前移动它.</para></summary>
      <param name="address">The field to be read.<para>要读取的字段.</para></param>
      <returns>The value that was read.<para>已读取的值.</para></returns>
    </member>
    <member name="M:System.Threading.Thread.VolatileWrite(System.Byte@,System.Byte)">
      <summary>Writes a value to a field. On systems that require it, inserts a memory barrier that prevents the processor from reordering memory operations as follows: If a read or write appears before this method in the code, the processor cannot move it after this method.<para>将值写入字段.在需要它的系统上, 插入一个内存屏障,阻止处理器对内存操作重新排序,如下所示: 如果代码中读取或写入出现在此方法之前,则处理器无法在此方法之后移动它.</para></summary>
      <param name="address">The field to which the value is to be written.<para>要向其写入值的字段.</para></param>
      <param name="value">The value to be written.<para>要写入的值.</para></param>
    </member>
    <member name="M:System.Threading.Thread.VolatileWrite(System.Double@,System.Double)">
      <summary>Writes a value to a field. On systems that require it, inserts a memory barrier that prevents the processor from reordering memory operations as follows: If a read or write appears before this method in the code, the processor cannot move it after this method.<para>将值写入字段.在需要它的系统上, 插入一个内存屏障,阻止处理器对内存操作重新排序,如下所示: 如果代码中读取或写入出现在此方法之前,则处理器无法在此方法之后移动它.</para></summary>
      <param name="address">The field to which the value is to be written.<para>要向其写入值的字段.</para></param>
      <param name="value">The value to be written.<para>要写入的值.</para></param>
    </member>
    <member name="M:System.Threading.Thread.VolatileWrite(System.Int16@,System.Int16)">
      <summary>Writes a value to a field. On systems that require it, inserts a memory barrier that prevents the processor from reordering memory operations as follows: If a read or write appears before this method in the code, the processor cannot move it after this method.<para>将值写入字段.在需要它的系统上, 插入一个内存屏障,阻止处理器对内存操作重新排序,如下所示: 如果代码中读取或写入出现在此方法之前,则处理器无法在此方法之后移动它.</para></summary>
      <param name="address">The field to which the value is to be written.<para>要向其写入值的字段.</para></param>
      <param name="value">The value to be written.<para>要写入的值.</para></param>
    </member>
    <member name="M:System.Threading.Thread.VolatileWrite(System.Int32@,System.Int32)">
      <summary>Writes a value to a field. On systems that require it, inserts a memory barrier that prevents the processor from reordering memory operations as follows: If a read or write appears before this method in the code, the processor cannot move it after this method.<para>将值写入字段.在需要它的系统上, 插入一个内存屏障,阻止处理器对内存操作重新排序,如下所示: 如果代码中读取或写入出现在此方法之前,则处理器无法在此方法之后移动它.</para></summary>
      <param name="address">The field to which the value is to be written.<para>要向其写入值的字段.</para></param>
      <param name="value">The value to be written.<para>要写入的值.</para></param>
    </member>
    <member name="M:System.Threading.Thread.VolatileWrite(System.Int64@,System.Int64)">
      <summary>Writes a value to a field. On systems that require it, inserts a memory barrier that prevents the processor from reordering memory operations as follows: If a read or write appears before this method in the code, the processor cannot move it after this method.<para>将值写入字段.在需要它的系统上, 插入一个内存屏障,阻止处理器对内存操作重新排序,如下所示: 如果代码中读取或写入出现在此方法之前,则处理器无法在此方法之后移动它.</para></summary>
      <param name="address">The field to which the value is to be written.<para>要向其写入值的字段.</para></param>
      <param name="value">The value to be written.<para>要写入的值.</para></param>
    </member>
    <member name="M:System.Threading.Thread.VolatileWrite(System.IntPtr@,System.IntPtr)">
      <summary>Writes a value to a field. On systems that require it, inserts a memory barrier that prevents the processor from reordering memory operations as follows: If a read or write appears before this method in the code, the processor cannot move it after this method.<para>将值写入字段.在需要它的系统上, 插入一个内存屏障,阻止处理器对内存操作重新排序,如下所示: 如果代码中读取或写入出现在此方法之前,则处理器无法在此方法之后移动它.</para></summary>
      <param name="address">The field to which the value is to be written.<para>要向其写入值的字段.</para></param>
      <param name="value">The value to be written.<para>要写入的值.</para></param>
    </member>
    <member name="M:System.Threading.Thread.VolatileWrite(System.Object@,System.Object)">
      <summary>Writes a value to a field. On systems that require it, inserts a memory barrier that prevents the processor from reordering memory operations as follows: If a read or write appears before this method in the code, the processor cannot move it after this method.<para>将值写入字段.在需要它的系统上, 插入一个内存屏障,阻止处理器对内存操作重新排序,如下所示: 如果代码中读取或写入出现在此方法之前,则处理器无法在此方法之后移动它.</para></summary>
      <param name="address">The field to which the value is to be written.<para>要向其写入值的字段.</para></param>
      <param name="value">The value to be written.<para>要写入的值.</para></param>
    </member>
    <member name="M:System.Threading.Thread.VolatileWrite(System.SByte@,System.SByte)">
      <summary>Writes a value to a field. On systems that require it, inserts a memory barrier that prevents the processor from reordering memory operations as follows: If a read or write appears before this method in the code, the processor cannot move it after this method.<para>将值写入字段.在需要它的系统上, 插入一个内存屏障,阻止处理器对内存操作重新排序,如下所示: 如果代码中读取或写入出现在此方法之前,则处理器无法在此方法之后移动它.</para></summary>
      <param name="address">The field to which the value is to be written.<para>要向其写入值的字段.</para></param>
      <param name="value">The value to be written.<para>要写入的值.</para></param>
    </member>
    <member name="M:System.Threading.Thread.VolatileWrite(System.Single@,System.Single)">
      <summary>Writes a value to a field. On systems that require it, inserts a memory barrier that prevents the processor from reordering memory operations as follows: If a read or write appears before this method in the code, the processor cannot move it after this method.<para>将值写入字段.在需要它的系统上, 插入一个内存屏障,阻止处理器对内存操作重新排序,如下所示: 如果代码中读取或写入出现在此方法之前,则处理器无法在此方法之后移动它.</para></summary>
      <param name="address">The field to which the value is to be written.<para>要向其写入值的字段.</para></param>
      <param name="value">The value to be written.<para>要写入的值.</para></param>
    </member>
    <member name="M:System.Threading.Thread.VolatileWrite(System.UInt16@,System.UInt16)">
      <summary>Writes a value to a field. On systems that require it, inserts a memory barrier that prevents the processor from reordering memory operations as follows: If a read or write appears before this method in the code, the processor cannot move it after this method.<para>将值写入字段.在需要它的系统上, 插入一个内存屏障,阻止处理器对内存操作重新排序,如下所示: 如果代码中读取或写入出现在此方法之前,则处理器无法在此方法之后移动它.</para></summary>
      <param name="address">The field to which the value is to be written.<para>要向其写入值的字段.</para></param>
      <param name="value">The value to be written.<para>要写入的值.</para></param>
    </member>
    <member name="M:System.Threading.Thread.VolatileWrite(System.UInt32@,System.UInt32)">
      <summary>Writes a value to a field. On systems that require it, inserts a memory barrier that prevents the processor from reordering memory operations as follows: If a read or write appears before this method in the code, the processor cannot move it after this method.<para>将值写入字段.在需要它的系统上, 插入一个内存屏障,阻止处理器对内存操作重新排序,如下所示: 如果代码中读取或写入出现在此方法之前,则处理器无法在此方法之后移动它.</para></summary>
      <param name="address">The field to which the value is to be written.<para>要向其写入值的字段.</para></param>
      <param name="value">The value to be written.<para>要写入的值.</para></param>
    </member>
    <member name="M:System.Threading.Thread.VolatileWrite(System.UInt64@,System.UInt64)">
      <summary>Writes a value to a field. On systems that require it, inserts a memory barrier that prevents the processor from reordering memory operations as follows: If a read or write appears before this method in the code, the processor cannot move it after this method.<para>将值写入字段.在需要它的系统上, 插入一个内存屏障,阻止处理器对内存操作重新排序,如下所示: 如果代码中读取或写入出现在此方法之前,则处理器无法在此方法之后移动它.</para></summary>
      <param name="address">The field to which the value is to be written.<para>要向其写入值的字段.</para></param>
      <param name="value">The value to be written.<para>要写入的值.</para></param>
    </member>
    <member name="M:System.Threading.Thread.VolatileWrite(System.UIntPtr@,System.UIntPtr)">
      <summary>Writes a value to a field. On systems that require it, inserts a memory barrier that prevents the processor from reordering memory operations as follows: If a read or write appears before this method in the code, the processor cannot move it after this method.<para>将值写入字段.在需要它的系统上, 插入一个内存屏障,阻止处理器对内存操作重新排序,如下所示: 如果代码中读取或写入出现在此方法之前,则处理器无法在此方法之后移动它.</para></summary>
      <param name="address">The field to which the value is to be written.<para>要向其写入值的字段.</para></param>
      <param name="value">The value to be written.<para>要写入的值.</para></param>
    </member>
    <member name="M:System.Threading.Thread.Yield">
      <summary>Causes the calling thread to yield execution to another thread that is ready to run on the current processor. The operating system selects the thread to yield to.<para>使调用线程将执行让给准备在当前处理器上运行的另一个线程.操作系统选择要屈服到的线程.</para></summary>
      <returns>
        <see langword="true" /> if the operating system switched execution to another thread; otherwise, <see langword="false" />.<para><see langword="true" /> 如果操作系统将执行切换到另一个线程;否则,<see langword="false" />.</para></returns>
    </member>
    <member name="P:System.Threading.Thread.ApartmentState">
      <summary>Gets or sets the apartment state of this thread.<para>获取或设置此线程的单元状态.</para></summary>
      <exception cref="T:System.ArgumentException">An attempt is made to set this property to a state that is not a valid apartment state (a state other than single-threaded apartment (<see langword="STA" />) or multithreaded apartment (<see langword="MTA" />)).<para>尝试将此属性设置为不是有效单元状态（单线程单元 （ <see langword="sta" /> ） 或多线程单元 （ <see langword="mta" /> )).</para></exception>
      <returns>One of the <see cref="T:System.Threading.ApartmentState" /> values. The initial value is <see langword="Unknown" />.<para>其中之一 <see cref="t:system.threading.apartmentstate" /> 值.初始值为 <see langword="Unknown" />.</para></returns>
    </member>
    <member name="P:System.Threading.Thread.CurrentCulture">
      <summary>Gets or sets the culture for the current thread.<para>获取或设置当前线程的区域性.</para></summary>
      <exception cref="T:System.ArgumentNullException">The property is set to <see langword="null" />.<para>该属性设置为 <see langword="null" />.仅限</para></exception>
      <exception cref="T:System.InvalidOperationException">.NET Core and .NET 5+ only: Reading or writing the culture of a thread from another thread is not supported.<para>.net core 和 .net 5+:不支持从另一个线程读取或写入线程的区域性.</para></exception>
      <returns>An object that represents the culture for the current thread.<para>一个对象,表示当前线程的区域性.</para></returns>
    </member>
    <member name="P:System.Threading.Thread.CurrentPrincipal">
      <summary>Gets or sets the thread's current principal (for role-based security).<para>获取或设置线程的当前主体（用于基于角色的安全性）.</para></summary>
      <exception cref="T:System.Security.SecurityException">The caller does not have the permission required to set the principal.<para>调用方没有设置主体所需的权限.</para></exception>
      <returns>An <see cref="T:System.Security.Principal.IPrincipal" /> value representing the security context.<para>表示安全上下文的 <see cref="T:System.Security.Principal.IPrincipal" /> 值.</para></returns>
    </member>
    <member name="P:System.Threading.Thread.CurrentThread">
      <summary>Gets the currently running thread.<para>获取当前正在运行的线程.</para></summary>
      <returns>A <see cref="T:System.Threading.Thread" /> that is the representation of the currently running thread.<para>一个 <see cref="T:System.Threading.Thread" />,表示当前正在运行的线程.</para></returns>
    </member>
    <member name="P:System.Threading.Thread.CurrentUICulture">
      <summary>Gets or sets the current culture used by the Resource Manager to look up culture-specific resources at run time.<para>获取或设置资源管理器用于在运行时查找特定于区域性的资源的当前区域性.</para></summary>
      <exception cref="T:System.ArgumentNullException">The property is set to <see langword="null" />.<para>该属性设置为 <see langword="null" />.</para></exception>
      <exception cref="T:System.ArgumentException">The property is set to a culture name that cannot be used to locate a resource file. Resource filenames must include only letters, numbers, hyphens or underscores.<para>该属性设置为不能用于查找资源文件的区域性名称.资源文件名只能包含字母、数字、连字符或下划线.仅限</para></exception>
      <exception cref="T:System.InvalidOperationException">.NET Core and .NET 5+ only: Reading or writing the culture of a thread from another thread is not supported.<para>.net core 和 .net 5+:不支持从另一个线程读取或写入线程的区域性.</para></exception>
      <returns>An object that represents the current culture.<para>表示当前区域性的对象.</para></returns>
    </member>
    <member name="P:System.Threading.Thread.ExecutionContext">
      <summary>Gets an <see cref="T:System.Threading.ExecutionContext" /> object that contains information about the various contexts of the current thread.<para>获取一个 <see cref="T:System.Threading.ExecutionContext" /> 对象,该对象包含有关当前线程的各种上下文的信息.</para></summary>
      <returns>An <see cref="T:System.Threading.ExecutionContext" /> object that consolidates context information for the current thread.<para>一个 <see cref="T:System.Threading.ExecutionContext" /> 对象,用于合并当前线程的上下文信息.</para></returns>
    </member>
    <member name="P:System.Threading.Thread.IsAlive">
      <summary>Gets a value indicating the execution status of the current thread.<para>获取一个值,该值指示当前线程的执行状态.</para></summary>
      <returns>
        <see langword="true" /> if this thread has been started and has not terminated normally or aborted; otherwise, <see langword="false" />.<para><see langword="true" /> 如果此线程已启动且未正常终止或中止;否则,<see langword="false" />.</para></returns>
    </member>
    <member name="P:System.Threading.Thread.IsBackground">
      <summary>Gets or sets a value indicating whether or not a thread is a background thread.<para>获取或设置一个值,该值指示线程是否为后台线程.</para></summary>
      <exception cref="T:System.Threading.ThreadStateException">The thread is dead.<para>线程已死.</para></exception>
      <returns>
        <see langword="true" /> if this thread is or is to become a background thread; otherwise, <see langword="false" />.<para><see langword="true" /> 如果此线程是或将成为后台线程;否则,<see langword="false" />.</para></returns>
    </member>
    <member name="P:System.Threading.Thread.IsThreadPoolThread">
      <summary>Gets a value indicating whether or not a thread belongs to the managed thread pool.<para>获取一个值,该值指示线程是否属于托管线程池.</para></summary>
      <returns>
        <see langword="true" /> if this thread belongs to the managed thread pool; otherwise, <see langword="false" />.<para><see langword="true" /> 如果此线程属于托管线程池;否则,<see langword="false" />.</para></returns>
    </member>
    <member name="P:System.Threading.Thread.ManagedThreadId">
      <summary>Gets a unique identifier for the current managed thread.<para>获取当前托管线程的唯一标识符.</para></summary>
      <returns>An integer that represents a unique identifier for this managed thread.<para>一个整数,表示此托管线程的唯一标识符.</para></returns>
    </member>
    <member name="P:System.Threading.Thread.Name">
      <summary>Gets or sets the name of the thread.<para>获取或设置线程的名称.</para></summary>
      <exception cref="T:System.InvalidOperationException">A set operation was requested, but the <see langword="Name" /> property has already been set.<para>请求了设置操作,但已设置 <see langword="Name" /> 属性.</para></exception>
      <returns>A string containing the name of the thread, or <see langword="null" /> if no name was set.<para>包含线程名称的字符串,如果未设置名称,则为 <see langword="null" />.</para></returns>
    </member>
    <member name="P:System.Threading.Thread.Priority">
      <summary>Gets or sets a value indicating the scheduling priority of a thread.<para>获取或设置一个值,该值指示线程的计划优先级.</para></summary>
      <exception cref="T:System.Threading.ThreadStateException">The thread has reached a final state, such as <see cref="F:System.Threading.ThreadState.Aborted" />.<para>线程已达到最终状态,例如 <see cref="f:system.threading.threadstate.aborted" /> .</para></exception>
      <exception cref="T:System.ArgumentException">The value specified for a set operation is not a valid <see cref="T:System.Threading.ThreadPriority" /> value.<para>为设置操作指定的值不是有效的 <see cref="T:System.Threading.ThreadPriority" /> 值.</para></exception>
      <returns>One of the <see cref="T:System.Threading.ThreadPriority" /> values. The default value is <see cref="F:System.Threading.ThreadPriority.Normal" />.<para><see cref="T:System.Threading.ThreadPriority" /> 值之一.默认值为 <see cref="F:System.Threading.ThreadPriority.Normal" />.</para></returns>
    </member>
    <member name="P:System.Threading.Thread.ThreadState">
      <summary>Gets a value containing the states of the current thread.<para>获取包含当前线程状态的值.</para></summary>
      <returns>One of the <see cref="T:System.Threading.ThreadState" /> values indicating the state of the current thread. The initial value is <see cref="F:System.Threading.ThreadState.Unstarted" />.<para>指示当前线程状态的 <see cref="T:System.Threading.ThreadState" /> 值之一.初始值为 <see cref="F:System.Threading.ThreadState.Unstarted" />.</para></returns>
    </member>
    <member name="T:System.Threading.ThreadAbortException">
      <summary>The exception that is thrown when a call is made to the <see cref="M:System.Threading.Thread.Abort(System.Object)" /> method. This class cannot be inherited.<para>调用 <see cref="m:system.threading.thread.abort（system.object）" /> 方法.此类不能继承.</para></summary>
    </member>
    <member name="P:System.Threading.ThreadAbortException.ExceptionState">
      <summary>Gets an object that contains application-specific information related to the thread abort.<para>获取一个对象,该对象包含与线程中止相关的特定于应用程序的信息.</para></summary>
      <returns>An object containing application-specific information.<para>包含特定于应用程序的信息的对象.</para></returns>
    </member>
    <member name="T:System.Threading.ThreadExceptionEventArgs">
      <summary>Provides data for the <see cref="E:System.Windows.Forms.Application.ThreadException" /> event.<para>为 <see cref="e:system.windows.forms.application.threadexception" /> 事件.</para></summary>
    </member>
    <member name="M:System.Threading.ThreadExceptionEventArgs.#ctor(System.Exception)">
      <summary>Initializes a new instance of the <see cref="T:System.Threading.ThreadExceptionEventArgs" /> class.<para>初始化 <see cref="t:system.threading.threadexceptioneventargs" /> .class.</para></summary>
      <param name="t">The <see cref="T:System.Exception" /> that occurred.<para>发生的 <see cref="T:System.Exception" />.</para></param>
    </member>
    <member name="P:System.Threading.ThreadExceptionEventArgs.Exception">
      <summary>Gets the <see cref="T:System.Exception" /> that occurred.<para>获取发生的 <see cref="T:System.Exception" />.</para></summary>
      <returns>The <see cref="T:System.Exception" /> that occurred.<para>发生的 <see cref="T:System.Exception" />.</para></returns>
    </member>
    <member name="T:System.Threading.ThreadExceptionEventHandler">
      <summary>Represents the method that will handle the <see cref="E:System.Windows.Forms.Application.ThreadException" /> event of an <see cref="T:System.Windows.Forms.Application" />.<para>表示将处理 <see cref="e:system.windows.forms.application.threadexception" /> 事件 <see cref="t:system.windows.forms.application" /> .</para></summary>
      <param name="sender">The source of the event.<para>事件的源.</para></param>
      <param name="e">A <see cref="T:System.Threading.ThreadExceptionEventArgs" /> that contains the event data.<para>a <see cref="t:system.threading.threadexceptioneventargs" /> 包含事件数据.</para></param>
    </member>
    <member name="T:System.Threading.ThreadInterruptedException">
      <summary>The exception that is thrown when a <see cref="T:System.Threading.Thread" /> is interrupted while it is in a waiting state.<para>当 <see cref="T:System.Threading.Thread" /> 在处于等待状态时被中断时引发的异常.</para></summary>
    </member>
    <member name="M:System.Threading.ThreadInterruptedException.#ctor">
      <summary>Initializes a new instance of the <see cref="T:System.Threading.ThreadInterruptedException" /> class with default properties.<para>使用默认属性初始化 <see cref="T:System.Threading.ThreadInterruptedException" /> 类的新实例.</para></summary>
    </member>
    <member name="M:System.Threading.ThreadInterruptedException.#ctor(System.Runtime.Serialization.SerializationInfo,System.Runtime.Serialization.StreamingContext)">
      <summary>Initializes a new instance of the <see cref="T:System.Threading.ThreadInterruptedException" /> class with serialized data.<para>使用序列化数据初始化 <see cref="T:System.Threading.ThreadInterruptedException" /> 类的新实例.</para></summary>
      <param name="info">The <see cref="T:System.Runtime.Serialization.SerializationInfo" /> that holds the serialized object data about the exception being thrown.<para>保存有关引发的异常的序列化对象数据的 <see cref="T:System.Runtime.Serialization.SerializationInfo" />.</para></param>
      <param name="context">The <see cref="T:System.Runtime.Serialization.StreamingContext" /> that contains contextual information about the source or destination.<para>包含有关源或目标的上下文信息的 <see cref="T:System.Runtime.Serialization.StreamingContext" />.</para></param>
    </member>
    <member name="M:System.Threading.ThreadInterruptedException.#ctor(System.String)">
      <summary>Initializes a new instance of the <see cref="T:System.Threading.ThreadInterruptedException" /> class with a specified error message.<para>使用指定的错误消息初始化 <see cref="T:System.Threading.ThreadInterruptedException" /> 类的新实例.</para></summary>
      <param name="message">The error message that explains the reason for the exception.<para>解释异常原因的错误消息.</para></param>
    </member>
    <member name="M:System.Threading.ThreadInterruptedException.#ctor(System.String,System.Exception)">
      <summary>Initializes a new instance of the <see cref="T:System.Threading.ThreadInterruptedException" /> class with a specified error message and a reference to the inner exception that is the cause of this exception.<para>使用指定的错误消息和对导致此异常的内部异常的引用初始化 <see cref="T:System.Threading.ThreadInterruptedException" /> 类的新实例.</para></summary>
      <param name="message">The error message that explains the reason for the exception.<para>解释异常原因的错误消息.</para></param>
      <param name="innerException">The exception that is the cause of the current exception. If the <paramref name="innerException" /> parameter is not <see langword="null" />, the current exception is raised in a <see langword="catch" /> block that handles the inner exception.<para>导致当前异常的异常.如果 <paramref name="innerException" /> 参数不是 <see langword="null" />,则会在处理内部异常的 <see langword="catch" /> 块中引发当前异常.</para></param>
    </member>
    <member name="T:System.Threading.ThreadPriority">
      <summary>Specifies the scheduling priority of a <see cref="T:System.Threading.Thread" />.<para>指定 <see cref="T:System.Threading.Thread" /> 的计划优先级.</para></summary>
    </member>
    <member name="F:System.Threading.ThreadPriority.AboveNormal">
      <summary>The <see cref="T:System.Threading.Thread" /> can be scheduled after threads with <see langword="Highest" /> priority and before those with <see langword="Normal" /> priority.<para><see cref="T:System.Threading.Thread" /> 可以在具有 <see langword="Highest" /> 优先级的线程之后和具有 <see langword="Normal" /> 优先级的线程之前调度.</para></summary>
    </member>
    <member name="F:System.Threading.ThreadPriority.BelowNormal">
      <summary>The <see cref="T:System.Threading.Thread" /> can be scheduled after threads with <see langword="Normal" /> priority and before those with <see langword="Lowest" /> priority.<para><see cref="T:System.Threading.Thread" /> 可以在具有 <see langword="Normal" /> 优先级的线程之后和具有 <see langword="Lowest" /> 优先级的线程之前调度.</para></summary>
    </member>
    <member name="F:System.Threading.ThreadPriority.Highest">
      <summary>The <see cref="T:System.Threading.Thread" /> can be scheduled before threads with any other priority.<para><see cref="T:System.Threading.Thread" /> 可以在具有任何其他优先级的线程之前调度.</para></summary>
    </member>
    <member name="F:System.Threading.ThreadPriority.Lowest">
      <summary>The <see cref="T:System.Threading.Thread" /> can be scheduled after threads with any other priority.<para><see cref="T:System.Threading.Thread" /> 可以在具有任何其他优先级的线程之后调度.</para></summary>
    </member>
    <member name="F:System.Threading.ThreadPriority.Normal">
      <summary>The <see cref="T:System.Threading.Thread" /> can be scheduled after threads with <see langword="AboveNormal" /> priority and before those with <see langword="BelowNormal" /> priority. Threads have <see langword="Normal" /> priority by default.<para><see cref="T:System.Threading.Thread" /> 可以在线程之后调度 <see langword="abovenormal" /> 优先级,并且优先于 <see langword="BelowNormal" /> 优先级.默认情况下,线程具有 <see langword="Normal" /> 优先级.</para></summary>
    </member>
    <member name="T:System.Threading.ThreadStart">
      <summary>Represents the method that executes on a <see cref="T:System.Threading.Thread" />.<para>表示在 <see cref="T:System.Threading.Thread" /> 上执行的方法.</para></summary>
    </member>
    <member name="T:System.Threading.ThreadStartException">
      <summary>The exception that is thrown when a failure occurs in a managed thread after the underlying operating system thread has been started, but before the thread is ready to execute user code.<para>在基础操作系统线程启动之后但在线程准备好执行用户代码之前,托管线程发生故障时引发的异常.</para></summary>
    </member>
    <member name="T:System.Threading.ThreadState">
      <summary>Specifies the execution states of a <see cref="T:System.Threading.Thread" />.<para>指定 <see cref="T:System.Threading.Thread" /> 的执行状态.</para></summary>
    </member>
    <member name="F:System.Threading.ThreadState.Aborted">
      <summary>The thread state includes <see cref="F:System.Threading.ThreadState.AbortRequested" /> and the thread is now dead, but its state has not yet changed to <see cref="F:System.Threading.ThreadState.Stopped" />.<para>线程状态包括 <see cref="f:system.threading.threadstate.abortrequest" /> 线程现在已死,但其状态尚未更改为 <see cref="F:System.Threading.ThreadState.Stopped" />.</para></summary>
    </member>
    <member name="F:System.Threading.ThreadState.AbortRequested">
      <summary>The <see cref="M:System.Threading.Thread.Abort(System.Object)" /> method has been invoked on the thread, but the thread has not yet received the pending <see cref="T:System.Threading.ThreadAbortException" /> that will attempt to terminate it.<para>这 <see cref="m:system.threading.thread.abort（system.object）" /> 方法已在线程上调用,但线程尚未收到挂起的 <see cref="t:system.threading.threadabortexception" /> 这将尝试终止它.</para></summary>
    </member>
    <member name="F:System.Threading.ThreadState.Background">
      <summary>The thread is being executed as a background thread, as opposed to a foreground thread. This state is controlled by setting the <see cref="P:System.Threading.Thread.IsBackground" /> property.<para>线程作为后台线程执行,而不是前台线程.此状态通过设置 <see cref="P:System.Threading.Thread.IsBackground" /> 属性来控制.</para></summary>
    </member>
    <member name="F:System.Threading.ThreadState.Running">
      <summary>The thread has been started and not yet stopped.<para>线程已启动,但尚未停止.</para></summary>
    </member>
    <member name="F:System.Threading.ThreadState.Stopped">
      <summary>The thread has stopped.<para>线程已停止.</para></summary>
    </member>
    <member name="F:System.Threading.ThreadState.StopRequested">
      <summary>The thread is being requested to stop. This is for internal use only.<para>正在请求线程停止.这仅供内部使用.</para></summary>
    </member>
    <member name="F:System.Threading.ThreadState.Suspended">
      <summary>The thread has been suspended.<para>线程已挂起.</para></summary>
    </member>
    <member name="F:System.Threading.ThreadState.SuspendRequested">
      <summary>The thread is being requested to suspend.<para>正在请求挂起线程.</para></summary>
    </member>
    <member name="F:System.Threading.ThreadState.Unstarted">
      <summary>The <see cref="M:System.Threading.Thread.Start" /> method has not been invoked on the thread.<para>尚未在线程上调用 <see cref="M:System.Threading.Thread.Start" /> 方法.</para></summary>
    </member>
    <member name="F:System.Threading.ThreadState.WaitSleepJoin">
      <summary>The thread is blocked. This could be the result of calling <see cref="M:System.Threading.Thread.Sleep(System.Int32)" /> or <see cref="M:System.Threading.Thread.Join" />, of requesting a lock - for example, by calling <see cref="M:System.Threading.Monitor.Enter(System.Object)" /> or <see cref="M:System.Threading.Monitor.Wait(System.Object,System.Int32,System.Boolean)" /> - or of waiting on a thread synchronization object such as <see cref="T:System.Threading.ManualResetEvent" />.<para>线程被阻塞.这可能是调用 <see cref="M:System.Threading.Thread.Sleep(System.Int32)" /> 或 <see cref="M:System.Threading.Thread.Join" />、请求锁（例如,通过调用 <see cref="M:System.Threading.Monitor.Enter(System.Object)" /> 或 <see cref="M:System.Threading.Monitor.Wait(System.Object,System.Int32,System.Boolean)" />）或等待线程同步对象（如 <see cref="T:System.Threading.ManualResetEvent" />）的结果.</para></summary>
    </member>
    <member name="T:System.Threading.ThreadStateException">
      <summary>The exception that is thrown when a <see cref="T:System.Threading.Thread" /> is in an invalid <see cref="P:System.Threading.Thread.ThreadState" /> for the method call.<para>当 <see cref="T:System.Threading.Thread" /> 位于方法调用的无效 <see cref="P:System.Threading.Thread.ThreadState" /> 中时引发的异常.</para></summary>
    </member>
    <member name="M:System.Threading.ThreadStateException.#ctor">
      <summary>Initializes a new instance of the <see cref="T:System.Threading.ThreadStateException" /> class with default properties.<para>使用默认属性初始化 <see cref="T:System.Threading.ThreadStateException" /> 类的新实例.</para></summary>
    </member>
    <member name="M:System.Threading.ThreadStateException.#ctor(System.Runtime.Serialization.SerializationInfo,System.Runtime.Serialization.StreamingContext)">
      <summary>Initializes a new instance of the <see cref="T:System.Threading.ThreadStateException" /> class with serialized data.<para>使用序列化数据初始化 <see cref="T:System.Threading.ThreadStateException" /> 类的新实例.</para></summary>
      <param name="info">The <see cref="T:System.Runtime.Serialization.SerializationInfo" /> that holds the serialized object data about the exception being thrown.<para>保存有关引发的异常的序列化对象数据的 <see cref="T:System.Runtime.Serialization.SerializationInfo" />.</para></param>
      <param name="context">The <see cref="T:System.Runtime.Serialization.StreamingContext" /> that contains contextual information about the source or destination.<para>包含有关源或目标的上下文信息的 <see cref="T:System.Runtime.Serialization.StreamingContext" />.</para></param>
    </member>
    <member name="M:System.Threading.ThreadStateException.#ctor(System.String)">
      <summary>Initializes a new instance of the <see cref="T:System.Threading.ThreadStateException" /> class with a specified error message.<para>使用指定的错误消息初始化 <see cref="T:System.Threading.ThreadStateException" /> 类的新实例.</para></summary>
      <param name="message">The error message that explains the reason for the exception.<para>解释异常原因的错误消息.</para></param>
    </member>
    <member name="M:System.Threading.ThreadStateException.#ctor(System.String,System.Exception)">
      <summary>Initializes a new instance of the <see cref="T:System.Threading.ThreadStateException" /> class with a specified error message and a reference to the inner exception that is the cause of this exception.<para>使用指定的错误消息和对导致此异常的内部异常的引用初始化 <see cref="T:System.Threading.ThreadStateException" /> 类的新实例.</para></summary>
      <param name="message">The error message that explains the reason for the exception.<para>解释异常原因的错误消息.</para></param>
      <param name="innerException">The exception that is the cause of the current exception. If the <paramref name="innerException" /> parameter is not <see langword="null" />, the current exception is raised in a <see langword="catch" /> block that handles the inner exception.<para>导致当前异常的异常.如果 <paramref name="innerException" /> 参数不是 <see langword="null" />,则会在处理内部异常的 <see langword="catch" /> 块中引发当前异常.</para></param>
    </member>
  </members>
</doc>