﻿<?xml version="1.0" encoding="utf-8"?>
<doc>
  <assembly>
    <name>System.Threading.Overlapped</name>
  </assembly>
  <members>
    <member name="T:System.Threading.IOCompletionCallback">
      <summary>Receives the error code, number of bytes, and overlapped value type when an I/O operation completes on the thread pool.<para>在线程池上的 i/o 操作完成时接收错误代码、字节数和重叠值类型.</para></summary>
      <param name="errorCode">The error code.<para>错误代码.</para></param>
      <param name="numBytes">The number of bytes that are transferred.<para>传输的字节数.</para></param>
      <param name="pOVERLAP">A <see cref="T:System.Threading.NativeOverlapped" /> representing an unmanaged pointer to the native overlapped value type.<para>一个 <see cref="T:System.Threading.NativeOverlapped" />,表示指向本机重叠值类型的非托管指针.</para></param>
    </member>
    <member name="T:System.Threading.NativeOverlapped">
      <summary>Provides an explicit layout that is visible from unmanaged code and that will have the same layout as the Win32 OVERLAPPED structure with additional reserved fields at the end.<para>提供在非托管代码中可见的显式布局,该布局将与 win32 overlapped 结构具有相同的布局,末尾包含其他保留字段.</para></summary>
    </member>
    <member name="F:System.Threading.NativeOverlapped.EventHandle">
      <summary>Specifies the handle to an event set to the signaled state when the operation is complete. The calling process must set this member either to zero or to a valid event handle before calling any overlapped functions.<para>指定操作完成时设置为信号状态的事件的句柄.在调用任何重叠的函数之前,调用进程必须将此成员设置为零或有效的事件句柄.</para></summary>
    </member>
    <member name="F:System.Threading.NativeOverlapped.InternalHigh">
      <summary>Specifies the length of the data transferred. Reserved for operating system use.<para>指定传输的数据的长度.保留供操作系统使用.</para></summary>
    </member>
    <member name="F:System.Threading.NativeOverlapped.InternalLow">
      <summary>Specifies a system-dependent status. Reserved for operating system use.<para>指定与系统相关的状态.保留供操作系统使用.</para></summary>
    </member>
    <member name="F:System.Threading.NativeOverlapped.OffsetHigh">
      <summary>Specifies the high word of the byte offset at which to start the transfer.<para>指定要开始传输的字节偏移量的高字.</para></summary>
    </member>
    <member name="F:System.Threading.NativeOverlapped.OffsetLow">
      <summary>Specifies a file position at which to start the transfer.<para>指定要开始传输的文件位置.</para></summary>
    </member>
    <member name="T:System.Threading.Overlapped">
      <summary>Provides a managed representation of a Win32 <c>OVERLAPPED</c> structure, including methods to transfer information from an <see cref="T:System.Threading.Overlapped" /> instance to a <see cref="T:System.Threading.NativeOverlapped" /> structure.<para>提供 win32 <c>overlapped</c> 结构的托管表示形式,包括将信息从 <see cref="T:System.Threading.Overlapped" /> 实例传输到 <see cref="T:System.Threading.NativeOverlapped" /> 结构的方法.</para></summary>
    </member>
    <member name="M:System.Threading.Overlapped.#ctor">
      <summary>Initializes a new, empty instance of the <see cref="T:System.Threading.Overlapped" /> class.<para>初始化 <see cref="T:System.Threading.Overlapped" /> 类的新空实例.</para></summary>
    </member>
    <member name="M:System.Threading.Overlapped.#ctor(System.Int32,System.Int32,System.Int32,System.IAsyncResult)">
      <summary>Initializes a new instance of the <see cref="T:System.Threading.Overlapped" /> class with the specified file position, the 32-bit integer handle to an event that is signaled when the I/O operation is complete, and an interface through which to return the results of the operation.<para>初始化具有指定文件位置的 <see cref="T:System.Threading.Overlapped" /> 类的新实例、i/o 操作完成时发出信号的事件的 32 位整数句柄,以及通过该接口返回操作结果.</para></summary>
      <param name="offsetLo">The low word of the file position at which to start the transfer.<para>要开始传输的文件位置的低字.</para></param>
      <param name="offsetHi">The high word of the file position at which to start the transfer.<para>要开始传输的文件位置的高字.</para></param>
      <param name="hEvent">The handle to an event that is signaled when the I/O operation is complete.<para>i/o 操作完成时发出信号的事件的句柄.</para></param>
      <param name="ar">An object that implements the <see cref="T:System.IAsyncResult" /> interface and provides status information on the I/O operation.<para>一个实现 <see cref="t:system.iasyncresult" /> 接口,并提供有关 i/o 操作的状态信息.</para></param>
    </member>
    <member name="M:System.Threading.Overlapped.#ctor(System.Int32,System.Int32,System.IntPtr,System.IAsyncResult)">
      <summary>Initializes a new instance of the <see cref="T:System.Threading.Overlapped" /> class with the specified file position, the handle to an event that is signaled when the I/O operation is complete, and an interface through which to return the results of the operation.<para>初始化具有指定文件位置的 <see cref="T:System.Threading.Overlapped" /> 类的新实例、i/o 操作完成时发出的事件的句柄以及用于返回操作结果的接口.</para></summary>
      <param name="offsetLo">The low word of the file position at which to start the transfer.<para>要开始传输的文件位置的低字.</para></param>
      <param name="offsetHi">The high word of the file position at which to start the transfer.<para>要开始传输的文件位置的高字.</para></param>
      <param name="hEvent">The handle to an event that is signaled when the I/O operation is complete.<para>i/o 操作完成时发出信号的事件的句柄.</para></param>
      <param name="ar">An object that implements the <see cref="T:System.IAsyncResult" /> interface and provides status information on the I/O operation.<para>一个实现 <see cref="t:system.iasyncresult" /> 接口,并提供有关 i/o 操作的状态信息.</para></param>
    </member>
    <member name="M:System.Threading.Overlapped.Free(System.Threading.NativeOverlapped*)">
      <summary>Frees the unmanaged memory associated with a native overlapped structure allocated by the <see cref="Overload:System.Threading.Overlapped.Pack" /> method.<para>释放与 <see cref="Overload:System.Threading.Overlapped.Pack" /> 方法分配的本机重叠结构关联的非托管内存.</para></summary>
      <param name="nativeOverlappedPtr">A pointer to the <see cref="T:System.Threading.NativeOverlapped" /> structure to be freed.<para>指向要释放的 <see cref="T:System.Threading.NativeOverlapped" /> 结构的指针.</para></param>
      <exception cref="T:System.ArgumentNullException">
        <paramref name="nativeOverlappedPtr" /> is <see langword="null" />.<para><paramref name="nativeOverlappedPtr" /> 是 <see langword="null" />.</para></exception>
    </member>
    <member name="M:System.Threading.Overlapped.Pack(System.Threading.IOCompletionCallback)">
      <summary>Packs the current instance into a <see cref="T:System.Threading.NativeOverlapped" /> structure, specifying the delegate to be invoked when the asynchronous I/O operation is complete.<para>将当前实例打包到 <see cref="T:System.Threading.NativeOverlapped" /> 结构中,指定异步 i/o 操作完成时要调用的委托.</para></summary>
      <param name="iocb">An <see cref="T:System.Threading.IOCompletionCallback" /> delegate that represents the callback method invoked when the asynchronous I/O operation completes.<para>一个 <see cref="T:System.Threading.IOCompletionCallback" /> 委托,表示异步 i/o 操作完成时调用的回调方法.</para></param>
      <exception cref="T:System.InvalidOperationException">The current <see cref="T:System.Threading.Overlapped" /> has already been packed.<para>当前的 <see cref="T:System.Threading.Overlapped" /> 已经打包.</para></exception>
      <returns>An unmanaged pointer to a <see cref="T:System.Threading.NativeOverlapped" /> structure.<para>指向 <see cref="T:System.Threading.NativeOverlapped" /> 结构的非托管指针.</para></returns>
    </member>
    <member name="M:System.Threading.Overlapped.Pack(System.Threading.IOCompletionCallback,System.Object)">
      <summary>Packs the current instance into a <see cref="T:System.Threading.NativeOverlapped" /> structure, specifying a delegate that is invoked when the asynchronous I/O operation is complete and a managed object that serves as a buffer.<para>将当前实例打包到 <see cref="T:System.Threading.NativeOverlapped" /> 结构中,指定异步 i/o 操作完成时调用的委托和用作缓冲区的托管对象.</para></summary>
      <param name="iocb">An <see cref="T:System.Threading.IOCompletionCallback" /> delegate that represents the callback method invoked when the asynchronous I/O operation completes.<para>一个 <see cref="T:System.Threading.IOCompletionCallback" /> 委托,表示异步 i/o 操作完成时调用的回调方法.</para></param>
      <param name="userData">An object or array of objects representing the input or output buffer for the operation. Each object represents a buffer, for example an array of bytes.<para>表示操作的输入或输出缓冲区的对象或对象数组.每个对象表示一个缓冲区,例如字节数组.</para></param>
      <exception cref="T:System.InvalidOperationException">The current <see cref="T:System.Threading.Overlapped" /> has already been packed.<para>当前的 <see cref="T:System.Threading.Overlapped" /> 已经打包.</para></exception>
      <returns>An unmanaged pointer to a <see cref="T:System.Threading.NativeOverlapped" /> structure.<para>指向 <see cref="T:System.Threading.NativeOverlapped" /> 结构的非托管指针.</para></returns>
    </member>
    <member name="M:System.Threading.Overlapped.Unpack(System.Threading.NativeOverlapped*)">
      <summary>Unpacks the specified unmanaged <see cref="T:System.Threading.NativeOverlapped" /> structure into a managed <see cref="T:System.Threading.Overlapped" /> object.<para>将指定的非托管 <see cref="T:System.Threading.NativeOverlapped" /> 结构解压缩到托管 <see cref="T:System.Threading.Overlapped" /> 对象中.</para></summary>
      <param name="nativeOverlappedPtr">An unmanaged pointer to a <see cref="T:System.Threading.NativeOverlapped" /> structure.<para>指向 <see cref="T:System.Threading.NativeOverlapped" /> 结构的非托管指针.</para></param>
      <exception cref="T:System.ArgumentNullException">
        <paramref name="nativeOverlappedPtr" /> is <see langword="null" />.<para><paramref name="nativeOverlappedPtr" /> 是 <see langword="null" />.</para></exception>
      <returns>An <see cref="T:System.Threading.Overlapped" /> object containing the information unpacked from the native structure.<para>一个 <see cref="T:System.Threading.Overlapped" /> 对象,其中包含从本机结构解压缩的信息.</para></returns>
    </member>
    <member name="M:System.Threading.Overlapped.UnsafePack(System.Threading.IOCompletionCallback)">
      <summary>Packs the current instance into a <see cref="T:System.Threading.NativeOverlapped" /> structure specifying the delegate to invoke when the asynchronous I/O operation is complete. Does not propagate the calling stack.<para>将当前实例打包到 <see cref="T:System.Threading.NativeOverlapped" /> 结构中,该结构指定异步 i/o 操作完成时要调用的委托.不传播调用堆栈.</para></summary>
      <param name="iocb">An <see cref="T:System.Threading.IOCompletionCallback" /> delegate that represents the callback method invoked when the asynchronous I/O operation completes.<para>一个 <see cref="T:System.Threading.IOCompletionCallback" /> 委托,表示异步 i/o 操作完成时调用的回调方法.</para></param>
      <exception cref="T:System.InvalidOperationException">The current <see cref="T:System.Threading.Overlapped" /> has already been packed.<para>当前的 <see cref="T:System.Threading.Overlapped" /> 已经打包.</para></exception>
      <returns>An unmanaged pointer to a <see cref="T:System.Threading.NativeOverlapped" /> structure.<para>指向 <see cref="T:System.Threading.NativeOverlapped" /> 结构的非托管指针.</para></returns>
    </member>
    <member name="M:System.Threading.Overlapped.UnsafePack(System.Threading.IOCompletionCallback,System.Object)">
      <summary>Packs the current instance into a <see cref="T:System.Threading.NativeOverlapped" /> structure, specifying the delegate to invoke when the asynchronous I/O operation is complete and the managed object that serves as a buffer. Does not propagate the calling stack.<para>将当前实例打包到 <see cref="T:System.Threading.NativeOverlapped" /> 结构中,指定异步 i/o 操作完成时要调用的委托以及用作缓冲区的托管对象.不传播调用堆栈.</para></summary>
      <param name="iocb">An <see cref="T:System.Threading.IOCompletionCallback" /> delegate that represents the callback method invoked when the asynchronous I/O operation completes.<para>一个 <see cref="T:System.Threading.IOCompletionCallback" /> 委托,表示异步 i/o 操作完成时调用的回调方法.</para></param>
      <param name="userData">An object or array of objects representing the input or output buffer for the operation. Each object represents a buffer, for example an array of bytes.<para>表示操作的输入或输出缓冲区的对象或对象数组.每个对象表示一个缓冲区,例如字节数组.</para></param>
      <exception cref="T:System.Security.SecurityException">The caller does not have the required permission.<para>调用方没有所需的权限.</para></exception>
      <exception cref="T:System.InvalidOperationException">The current <see cref="T:System.Threading.Overlapped" /> is already packed.<para>当前 <see cref="T:System.Threading.Overlapped" /> 已打包.</para></exception>
      <returns>An unmanaged pointer to a <see cref="T:System.Threading.NativeOverlapped" /> structure.<para>指向 <see cref="T:System.Threading.NativeOverlapped" /> 结构的非托管指针.</para></returns>
    </member>
    <member name="P:System.Threading.Overlapped.AsyncResult">
      <summary>Gets or sets the object that provides status information on the I/O operation.<para>获取或设置提供有关 i/o 操作的状态信息的对象.</para></summary>
      <returns>An object that implements the <see cref="T:System.IAsyncResult" /> interface.<para>实现 <see cref="t:system.iasyncresult" /> 接口.</para></returns>
    </member>
    <member name="P:System.Threading.Overlapped.EventHandle">
      <summary>Gets or sets the 32-bit integer handle to a synchronization event that is signaled when the I/O operation is complete.<para>获取或设置 32 位整数句柄,用于在 i/o 操作完成时发出信号的同步事件.</para></summary>
      <returns>An <see cref="T:System.Int32" /> value representing the handle of the synchronization event.<para>一个 <see cref="T:System.Int32" /> 值,表示同步事件的句柄.</para></returns>
    </member>
    <member name="P:System.Threading.Overlapped.EventHandleIntPtr">
      <summary>Gets or sets the handle to the synchronization event that is signaled when the I/O operation is complete.<para>获取或设置 i/o 操作完成时发出信号的同步事件的句柄.</para></summary>
      <returns>An <see cref="T:System.IntPtr" /> representing the handle of the event.<para>一个 <see cref="T:System.IntPtr" />,表示事件的句柄.</para></returns>
    </member>
    <member name="P:System.Threading.Overlapped.OffsetHigh">
      <summary>Gets or sets the high-order word of the file position at which to start the transfer. The file position is a byte offset from the start of the file.<para>获取或设置要开始传输的文件位置的高阶字.文件位置是文件开头的字节偏移量.</para></summary>
      <returns>An <see cref="T:System.Int32" /> value representing the high word of the file position.<para>一个 <see cref="T:System.Int32" /> 值,表示文件位置的高字.</para></returns>
    </member>
    <member name="P:System.Threading.Overlapped.OffsetLow">
      <summary>Gets or sets the low-order word of the file position at which to start the transfer. The file position is a byte offset from the start of the file.<para>获取或设置要开始传输的文件位置的低阶字.文件位置是文件开头的字节偏移量.</para></summary>
      <returns>An <see cref="T:System.Int32" /> value representing the low word of the file position.<para>一个 <see cref="T:System.Int32" /> 值,表示文件位置的低字.</para></returns>
    </member>
    <member name="T:System.Threading.PreAllocatedOverlapped">
      <summary>Represents pre-allocated state for native overlapped I/O operations.<para>表示本机重叠 i/o 操作的预分配状态.</para></summary>
    </member>
    <member name="M:System.Threading.PreAllocatedOverlapped.#ctor(System.Threading.IOCompletionCallback,System.Object,System.Object)">
      <summary>Initializes a new instance of the <see cref="T:System.Threading.PreAllocatedOverlapped" /> class and specifies a delegate to invoke when each asynchronous I/O operation is complete, a user-provided object that provides context, and managed objects that serve as buffers.<para>初始化 <see cref="t:system.threading.preallocationoverlapped" /> class,并指定在每个异步 i/o 操作完成时要调用的委托、提供上下文的用户提供的对象以及用作缓冲区的托管对象.</para></summary>
      <param name="callback">A delegate that represents the callback method to invoke when each asynchronous I/O operation completes.<para>一个委托,表示在每个异步 i/o 操作完成时要调用的回调方法.</para></param>
      <param name="state">A user-supplied object that distinguishes the <see cref="T:System.Threading.NativeOverlapped" /> instance produced from this object from other <see cref="T:System.Threading.NativeOverlapped" /> instances. Its value can be <see langword="null" />.<para>用户提供的对象,用于区分从此对象生成的 <see cref="T:System.Threading.NativeOverlapped" /> 实例与其他 <see cref="T:System.Threading.NativeOverlapped" /> 实例.其值可以是 <see langword="null" />.</para></param>
      <param name="pinData">An object or array of objects that represent the input or output buffer for the operations. Each object represents a buffer, such as an array of bytes. Its value can be <see langword="null" />.<para>表示操作的输入或输出缓冲区的对象或对象数组.每个对象表示一个缓冲区,例如字节数组.其值可以是 <see langword="null" />.</para></param>
      <exception cref="T:System.ArgumentNullException">
        <paramref name="callback" /> is <see langword="null" />.<para><paramref name="callback" /> 是 <see langword="null" />.</para></exception>
      <exception cref="T:System.ObjectDisposedException">This method was called after the <see cref="T:System.Threading.ThreadPoolBoundHandle" /> was disposed.<para>此方法是在释放 <see cref="T:System.Threading.ThreadPoolBoundHandle" /> 之后调用的.</para></exception>
    </member>
    <member name="M:System.Threading.PreAllocatedOverlapped.Dispose">
      <summary>Frees the resources associated with this <see cref="T:System.Threading.PreAllocatedOverlapped" /> instance.<para>释放与此关联的资源 <see cref="t:system.threading.preallocationoverlapped" /> 实例.</para></summary>
    </member>
    <member name="M:System.Threading.PreAllocatedOverlapped.Finalize">
      <summary>Frees unmanaged resources before the current instance is reclaimed by garbage collection.<para>在垃圾回收回收当前实例之前释放非托管资源.</para></summary>
    </member>
    <member name="M:System.Threading.PreAllocatedOverlapped.UnsafeCreate(System.Threading.IOCompletionCallback,System.Object,System.Object)">
      <summary>Initializes a new instance of the <see cref="T:System.Threading.PreAllocatedOverlapped" /> class, specifying a delegate that is invoked when each asynchronous I/O operation is complete, a user-provided object providing context, and managed objects that serve as buffers.<para>初始化 <see cref="t:system.threading.preallocationoverlapped" /> class,指定在每个异步 i/o 操作完成时调用的委托、提供上下文的用户提供的对象以及用作缓冲区的托管对象.</para></summary>
      <param name="callback">An <see cref="T:System.Threading.IOCompletionCallback" /> delegate that represents the callback method invoked when each asynchronous I/O operation completes.<para>一个 <see cref="T:System.Threading.IOCompletionCallback" /> 委托,表示在每个异步 i/o 操作完成时调用的回调方法.</para></param>
      <param name="state">A user-provided object that distinguishes <see cref="T:System.Threading.NativeOverlapped" /> instance produced from this object from other <see cref="T:System.Threading.NativeOverlapped" /> instances. Can be <see langword="null" />.<para>用户提供的对象,用于区分从此对象生成的 <see cref="T:System.Threading.NativeOverlapped" /> 实例与其他 <see cref="T:System.Threading.NativeOverlapped" /> 实例.可以是 <see langword="null" />.</para></param>
      <param name="pinData">An object or array of objects representing the input or output buffer for the operations. Each object represents a buffer, for example an array of bytes.  Can be <see langword="null" />.<para>表示操作的输入或输出缓冲区的对象或对象数组.每个对象表示一个缓冲区,例如字节数组.可以是 <see langword="null" />.</para></param>
      <exception cref="T:System.ArgumentNullException">
        <paramref name="callback" /> is <see langword="null" />.<para><paramref name="callback" /> 是 <see langword="null" />.</para></exception>
      <exception cref="T:System.ObjectDisposedException">This method was called after the <see cref="T:System.Threading.ThreadPoolBoundHandle" /> was disposed.<para>此方法是在释放 <see cref="T:System.Threading.ThreadPoolBoundHandle" /> 之后调用的.</para></exception>
      <returns>The new <see cref="T:System.Threading.PreAllocatedOverlapped" /> instance.<para>新的 <see cref="t:system.threading.preallocationoverlapped" /> 实例.</para></returns>
    </member>
    <member name="T:System.Threading.ThreadPoolBoundHandle">
      <summary>Represents an I/O handle that is bound to the system thread pool and enables low-level components to receive notifications for asynchronous I/O operations.<para>表示绑定到系统线程池的 i/o 句柄,并使低级别组件能够接收异步 i/o 操作的通知.</para></summary>
    </member>
    <member name="M:System.Threading.ThreadPoolBoundHandle.AllocateNativeOverlapped(System.Threading.IOCompletionCallback,System.Object,System.Object)">
      <summary>Returns an unmanaged pointer to a <see cref="T:System.Threading.NativeOverlapped" /> structure, specifying a delegate that is invoked when the asynchronous I/O operation is complete, a user-provided object that supplies context, and managed objects that serve as buffers.<para>返回指向 <see cref="T:System.Threading.NativeOverlapped" /> 结构的非托管指针,指定异步 i/o 操作完成时调用的委托、提供上下文的用户提供的对象以及用作缓冲区的托管对象.</para></summary>
      <param name="callback">A delegate that represents the callback method to invoke when the asynchronous I/O operation completes.<para>一个委托,表示异步 i/o 操作完成时要调用的回调方法.</para></param>
      <param name="state">A user-provided object that distinguishes this <see cref="T:System.Threading.NativeOverlapped" /> instance from other <see cref="T:System.Threading.NativeOverlapped" /> instances.<para>用户提供的对象,用于将此 <see cref="T:System.Threading.NativeOverlapped" /> 实例与其他 <see cref="T:System.Threading.NativeOverlapped" /> 实例区分开来.</para></param>
      <param name="pinData">An object or array of objects that represent the input or output buffer for the operation, or <see langword="null" />. Each object represents a buffer, such an array of bytes.<para>表示操作的输入或输出缓冲区的对象或对象数组,或 <see langword="null" />.每个对象表示一个缓冲区,例如字节数组.</para></param>
      <exception cref="T:System.ArgumentNullException">
        <paramref name="callback" /> is <see langword="null" />.<para><paramref name="callback" /> 是 <see langword="null" />.</para></exception>
      <exception cref="T:System.ObjectDisposedException">This method was called after the <see cref="T:System.Threading.ThreadPoolBoundHandle" /> object was disposed.<para>此方法是在释放 <see cref="T:System.Threading.ThreadPoolBoundHandle" /> 对象之后调用的.</para></exception>
      <returns>An unmanaged pointer to a <see cref="T:System.Threading.NativeOverlapped" /> structure.<para>指向 <see cref="T:System.Threading.NativeOverlapped" /> 结构的非托管指针.</para></returns>
    </member>
    <member name="M:System.Threading.ThreadPoolBoundHandle.AllocateNativeOverlapped(System.Threading.PreAllocatedOverlapped)">
      <summary>Returns an unmanaged pointer to a <see cref="T:System.Threading.NativeOverlapped" /> structure using the callback state and buffers associated with the specified <see cref="T:System.Threading.PreAllocatedOverlapped" /> object.<para>使用与指定关联的回调状态和缓冲区返回指向 <see cref="T:System.Threading.NativeOverlapped" /> 结构的非托管指针 <see cref="t:system.threading.preallocationoverlapped" /> 对象.</para></summary>
      <param name="preAllocated">An object from which to create the <see cref="T:System.Threading.NativeOverlapped" /> pointer.<para>要从中创建 <see cref="T:System.Threading.NativeOverlapped" /> 指针的对象.</para></param>
      <exception cref="T:System.ArgumentNullException">
        <paramref name="preAllocated" /> is <see langword="null" />.<para>$<paramref name="预分配" /> 是 <see langword="null" />.</para></exception>
      <exception cref="T:System.ArgumentException">
        <paramref name="preAllocated" /> is currently in use for another I/O operation.<para>$<paramref name="预分配" /> 当前正用于另一个 i/o 操作.</para></exception>
      <exception cref="T:System.ObjectDisposedException">This method was called after the <see cref="T:System.Threading.ThreadPoolBoundHandle" /> was disposed.  
  
 -or-  
  
 This method was called after <paramref name="preAllocated" /> was disposed.<para>此方法是在释放 <see cref="T:System.Threading.ThreadPoolBoundHandle" /> 之后调用的. -或- 此方法在之后调用 $<paramref name="预分配" /> 被处置了.</para></exception>
      <returns>An unmanaged pointer to a <see cref="T:System.Threading.NativeOverlapped" /> structure.<para>指向 <see cref="T:System.Threading.NativeOverlapped" /> 结构的非托管指针.</para></returns>
    </member>
    <member name="M:System.Threading.ThreadPoolBoundHandle.BindHandle(System.Runtime.InteropServices.SafeHandle)">
      <summary>Returns a <see cref="T:System.Threading.ThreadPoolBoundHandle" /> for the specified handle, which is bound to the system thread pool.<para>返回指定句柄的 <see cref="T:System.Threading.ThreadPoolBoundHandle" />,该句柄绑定到系统线程池.</para></summary>
      <param name="handle">An object that holds the operating system handle. The handle must have been opened for overlapped I/O in unmanaged code.<para>保存操作系统句柄的对象.必须已为非托管代码中的重叠 i/o 打开句柄.</para></param>
      <exception cref="T:System.ArgumentNullException">
        <paramref name="handle" /> is <see langword="null" />.<para><paramref name="handle" /> 是 <see langword="null" />.</para></exception>
      <exception cref="T:System.ArgumentException">
        <paramref name="handle" /> has been disposed.  
  
 -or-  
  
 <paramref name="handle" /> does not refer to a valid I/O handle.  
  
 -or-  
  
 <paramref name="handle" /> refers to a handle that has not been opened for overlapped I/O.  
  
 -or-  
  
 <paramref name="handle" /> refers to a handle that has already been bound.<para><paramref name="handle" /> 已被释放. -或- <paramref name="handle" /> 不引用有效的 i/o 句柄. -或- <paramref name="handle" /> 是指尚未为重叠 i/o 打开的句柄. -或- <paramref name="handle" /> 引用已绑定的句柄.</para></exception>
      <returns>A <see cref="T:System.Threading.ThreadPoolBoundHandle" /> for <paramref name="handle" />, which is bound to the system thread pool.<para>一个 <see cref="T:System.Threading.ThreadPoolBoundHandle" /> 表示 <paramref name="handle" />,它绑定到系统线程池.</para></returns>
    </member>
    <member name="M:System.Threading.ThreadPoolBoundHandle.Dispose">
      <summary>Releases all unmanaged resources used by the <see cref="T:System.Threading.ThreadPoolBoundHandle" /> instance.<para>释放 <see cref="T:System.Threading.ThreadPoolBoundHandle" /> 实例使用的所有非托管资源.</para></summary>
    </member>
    <member name="M:System.Threading.ThreadPoolBoundHandle.FreeNativeOverlapped(System.Threading.NativeOverlapped*)">
      <summary>Frees the memory associated with a <see cref="T:System.Threading.NativeOverlapped" /> structure allocated by the <see cref="Overload:System.Threading.ThreadPoolBoundHandle.AllocateNativeOverlapped" /> method.<para>释放与分配的 <see cref="T:System.Threading.NativeOverlapped" /> 结构关联的内存 <see cref="overload:system.threading.threadpoolboundhandle.allocatenativeoverlapped" /> 方法.</para></summary>
      <param name="overlapped">An unmanaged pointer to the <see cref="T:System.Threading.NativeOverlapped" /> structure to be freed.<para>指向要释放的 <see cref="T:System.Threading.NativeOverlapped" /> 结构的非托管指针.</para></param>
      <exception cref="T:System.ArgumentNullException">
        <paramref name="overlapped" /> is <see langword="null" />.<para><paramref name="overlapped" /> 是 <see langword="null" />.</para></exception>
      <exception cref="T:System.ObjectDisposedException">This method was called after the <see cref="T:System.Threading.ThreadPoolBoundHandle" /> object was disposed.<para>此方法是在释放 <see cref="T:System.Threading.ThreadPoolBoundHandle" /> 对象之后调用的.</para></exception>
    </member>
    <member name="M:System.Threading.ThreadPoolBoundHandle.GetNativeOverlappedState(System.Threading.NativeOverlapped*)">
      <summary>Returns the user-provided object that was specified when the <see cref="T:System.Threading.NativeOverlapped" /> instance was allocated by calling the <see cref="M:System.Threading.ThreadPoolBoundHandle.AllocateNativeOverlapped(System.Threading.IOCompletionCallback,System.Object,System.Object)" /> method.<para>返回在分配 <see cref="T:System.Threading.NativeOverlapped" /> 实例时通过调用 <see cref="m:system.threading.threadpoolboundhandle.allocatenativeoverlapped（system.threading.iocompletioncallback,system.object,system.object）" /> 方法.</para></summary>
      <param name="overlapped">An unmanaged pointer to the <see cref="T:System.Threading.NativeOverlapped" /> structure from which to return the associated user-provided object.<para>指向 <see cref="T:System.Threading.NativeOverlapped" /> 结构的非托管指针,从中返回关联的用户提供的对象.</para></param>
      <exception cref="T:System.ArgumentNullException">
        <paramref name="overlapped" /> is <see langword="null" />.<para><paramref name="overlapped" /> 是 <see langword="null" />.</para></exception>
      <returns>A user-provided object that distinguishes this <see cref="T:System.Threading.NativeOverlapped" /> instance from other <see cref="T:System.Threading.NativeOverlapped" /> instances, or <see langword="null" /> if one was not specified when the instance was allocated by calling the <see cref="Overload:System.Threading.ThreadPoolBoundHandle.AllocateNativeOverlapped" /> method.<para>用户提供的对象,用于将此 <see cref="T:System.Threading.NativeOverlapped" /> 实例与其他 <see cref="T:System.Threading.NativeOverlapped" /> 实例区分开来,或者 <see langword="null" />（如果在分配实例时未通过调用 <see cref="overload:system.threading.threadpoolboundhandle.allocatenativeoverlapped" /> 方法.</para></returns>
    </member>
    <member name="M:System.Threading.ThreadPoolBoundHandle.UnsafeAllocateNativeOverlapped(System.Threading.IOCompletionCallback,System.Object,System.Object)">
      <summary>Returns an unmanaged pointer to a <see cref="T:System.Threading.NativeOverlapped" /> structure, specifying a delegate that is invoked when the asynchronous I/O operation is complete, a user-provided object providing context, and managed objects that serve as buffers.<para>返回指向 <see cref="T:System.Threading.NativeOverlapped" /> 结构的非托管指针,指定异步 i/o 操作完成时调用的委托、提供上下文的用户提供的对象以及用作缓冲区的托管对象.</para></summary>
      <param name="callback">An <see cref="T:System.Threading.IOCompletionCallback" /> delegate that represents the callback method invoked when the asynchronous I/O operation completes.<para>一个 <see cref="T:System.Threading.IOCompletionCallback" /> 委托,表示异步 i/o 操作完成时调用的回调方法.</para></param>
      <param name="state">A user-provided object that distinguishes this <see cref="T:System.Threading.NativeOverlapped" /> from other <see cref="T:System.Threading.NativeOverlapped" /> instances. Can be <see langword="null" />.<para>用户提供的对象,用于将此 <see cref="T:System.Threading.NativeOverlapped" /> 与其他 <see cref="T:System.Threading.NativeOverlapped" /> 实例区分开来.可以是 <see langword="null" />.</para></param>
      <param name="pinData">An object or array of objects representing the input or output buffer for the operation. Each object represents a buffer, for example an array of bytes.  Can be <see langword="null" />.<para>表示操作的输入或输出缓冲区的对象或对象数组.每个对象表示一个缓冲区,例如字节数组.可以是 <see langword="null" />.</para></param>
      <exception cref="T:System.ArgumentNullException">
        <paramref name="callback" /> is <see langword="null" />.<para><paramref name="callback" /> 是 <see langword="null" />.</para></exception>
      <exception cref="T:System.ObjectDisposedException">This method was called after the <see cref="T:System.Threading.ThreadPoolBoundHandle" /> was disposed.<para>此方法是在释放 <see cref="T:System.Threading.ThreadPoolBoundHandle" /> 之后调用的.</para></exception>
      <returns>An unmanaged pointer to a <see cref="T:System.Threading.NativeOverlapped" /> structure.<para>指向 <see cref="T:System.Threading.NativeOverlapped" /> 结构的非托管指针.</para></returns>
    </member>
    <member name="P:System.Threading.ThreadPoolBoundHandle.Handle">
      <summary>Gets the bound operating system handle.<para>获取绑定的操作系统句柄.</para></summary>
      <returns>An object that holds the bound operating system handle.<para>保存绑定操作系统句柄的对象.</para></returns>
    </member>
  </members>
</doc>